outer_fold,evaluation_condition_id,model_id,training_condition_ids,training_physical_unit_ids,evaluation_physical_unit_ids,training_scale_g_s,execution_status,failure_class,failure_reason,optimizer_status,prediction_status,root_failure_count,domain_failure_count,nonfinite_count,fitted_parameters,rmse_g_s,normalized_loss,identifiability,fit_receipt
HYD-LOCO-1.0,WASZ-COND-1.0,HYD_B0_TRAINING_MEAN,WASZ-COND-2.0;WASZ-COND-3.5;WASZ-COND-4.0;WASZ-COND-5.0;WASZ-COND-6.0;WASZ-COND-7.0;WASZ-COND-8.0;WASZ-COND-9.0;WASZ-COND-11.0;WASZ-COND-13.0,WASZ-BREW-10-2;WASZ-BREW-10-3;WASZ-BREW-10-4;WASZ-BREW-10-5;WASZ-BREW-12-8-2;WASZ-BREW-12-8-3;WASZ-BREW-12-8-4;WASZ-BREW-12-8-5;WASZ-BREW-12-8-6;WASZ-BREW-12-8-7;WASZ-BREW-2-2;WASZ-BREW-2-3;WASZ-BREW-2-4;WASZ-BREW-2-5;WASZ-BREW-3-5-3;WASZ-BREW-3-5-4;WASZ-BREW-3-5-5;WASZ-BREW-4-1;WASZ-BREW-4-1b;WASZ-BREW-4-2;WASZ-BREW-4-2b;WASZ-BREW-4-3;WASZ-BREW-4-3b;WASZ-BREW-4-4;WASZ-BREW-4-4b;WASZ-BREW-4-5;WASZ-BREW-4-5b;WASZ-BREW-5-1;WASZ-BREW-5-2;WASZ-BREW-5-3;WASZ-BREW-5-4;WASZ-BREW-5-5;WASZ-BREW-6-1;WASZ-BREW-6-2;WASZ-BREW-6-3;WASZ-BREW-6-4;WASZ-BREW-6-5;WASZ-BREW-6-6;WASZ-BREW-7-1;WASZ-BREW-7-2;WASZ-BREW-7-3;WASZ-BREW-7-4;WASZ-BREW-8-1;WASZ-BREW-8-1b;WASZ-BREW-8-2;WASZ-BREW-8-3;WASZ-BREW-9-1;WASZ-BREW-9-2;WASZ-BREW-9-3;WASZ-BREW-9-4;WASZ-BREW-9-5,WASZ-BREW-1-1;WASZ-BREW-1-2;WASZ-BREW-1-3;WASZ-BREW-1-4;WASZ-BREW-1-5b,1.6662024999999998,PASS,,,ACCEPTED_REUSE,PASS,0,0,0,"""{\""mean\"": 1.61466705}""",1.5036816216390032,0.90246030817923,NOT_APPLICABLE,{}
HYD-LOCO-1.0,WASZ-COND-1.0,HYD_B1_PRESSURE_QUADRATIC,WASZ-COND-2.0;WASZ-COND-3.5;WASZ-COND-4.0;WASZ-COND-5.0;WASZ-COND-6.0;WASZ-COND-7.0;WASZ-COND-8.0;WASZ-COND-9.0;WASZ-COND-11.0;WASZ-COND-13.0,WASZ-BREW-10-2;WASZ-BREW-10-3;WASZ-BREW-10-4;WASZ-BREW-10-5;WASZ-BREW-12-8-2;WASZ-BREW-12-8-3;WASZ-BREW-12-8-4;WASZ-BREW-12-8-5;WASZ-BREW-12-8-6;WASZ-BREW-12-8-7;WASZ-BREW-2-2;WASZ-BREW-2-3;WASZ-BREW-2-4;WASZ-BREW-2-5;WASZ-BREW-3-5-3;WASZ-BREW-3-5-4;WASZ-BREW-3-5-5;WASZ-BREW-4-1;WASZ-BREW-4-1b;WASZ-BREW-4-2;WASZ-BREW-4-2b;WASZ-BREW-4-3;WASZ-BREW-4-3b;WASZ-BREW-4-4;WASZ-BREW-4-4b;WASZ-BREW-4-5;WASZ-BREW-4-5b;WASZ-BREW-5-1;WASZ-BREW-5-2;WASZ-BREW-5-3;WASZ-BREW-5-4;WASZ-BREW-5-5;WASZ-BREW-6-1;WASZ-BREW-6-2;WASZ-BREW-6-3;WASZ-BREW-6-4;WASZ-BREW-6-5;WASZ-BREW-6-6;WASZ-BREW-7-1;WASZ-BREW-7-2;WASZ-BREW-7-3;WASZ-BREW-7-4;WASZ-BREW-8-1;WASZ-BREW-8-1b;WASZ-BREW-8-2;WASZ-BREW-8-3;WASZ-BREW-9-1;WASZ-BREW-9-2;WASZ-BREW-9-3;WASZ-BREW-9-4;WASZ-BREW-9-5,WASZ-BREW-1-1;WASZ-BREW-1-2;WASZ-BREW-1-3;WASZ-BREW-1-4;WASZ-BREW-1-5b,1.6662024999999998,PASS,,,ACCEPTED_REUSE,PASS,0,0,0,"""{\""intercept\"": -0.33792602918431824, \""linear\"": 0.5709229122302196, \""quadratic\"": -0.03392769535518382}""",0.1424687789087536,0.08550508051017425,NOT_APPLICABLE,{}
HYD-LOCO-2.0,WASZ-COND-2.0,HYD_B0_TRAINING_MEAN,WASZ-COND-1.0;WASZ-COND-3.5;WASZ-COND-4.0;WASZ-COND-5.0;WASZ-COND-6.0;WASZ-COND-7.0;WASZ-COND-8.0;WASZ-COND-9.0;WASZ-COND-11.0;WASZ-COND-13.0,WASZ-BREW-1-1;WASZ-BREW-1-2;WASZ-BREW-1-3;WASZ-BREW-1-4;WASZ-BREW-1-5b;WASZ-BREW-10-2;WASZ-BREW-10-3;WASZ-BREW-10-4;WASZ-BREW-10-5;WASZ-BREW-12-8-2;WASZ-BREW-12-8-3;WASZ-BREW-12-8-4;WASZ-BREW-12-8-5;WASZ-BREW-12-8-6;WASZ-BREW-12-8-7;WASZ-BREW-3-5-3;WASZ-BREW-3-5-4;WASZ-BREW-3-5-5;WASZ-BREW-4-1;WASZ-BREW-4-1b;WASZ-BREW-4-2;WASZ-BREW-4-2b;WASZ-BREW-4-3;WASZ-BREW-4-3b;WASZ-BREW-4-4;WASZ-BREW-4-4b;WASZ-BREW-4-5;WASZ-BREW-4-5b;WASZ-BREW-5-1;WASZ-BREW-5-2;WASZ-BREW-5-3;WASZ-BREW-5-4;WASZ-BREW-5-5;WASZ-BREW-6-1;WASZ-BREW-6-2;WASZ-BREW-6-3;WASZ-BREW-6-4;WASZ-BREW-6-5;WASZ-BREW-6-6;WASZ-BREW-7-1;WASZ-BREW-7-2;WASZ-BREW-7-3;WASZ-BREW-7-4;WASZ-BREW-8-1;WASZ-BREW-8-1b;WASZ-BREW-8-2;WASZ-BREW-8-3;WASZ-BREW-9-1;WASZ-BREW-9-2;WASZ-BREW-9-3;WASZ-BREW-9-4;WASZ-BREW-9-5,WASZ-BREW-2-2;WASZ-BREW-2-3;WASZ-BREW-2-4;WASZ-BREW-2-5,1.9299269999999997,PASS,,,ACCEPTED_REUSE,PASS,0,0,0,"""{\""mean\"": 1.5882946}""",1.214723390463508,0.6294141646101165,NOT_APPLICABLE,{}
HYD-LOCO-2.0,WASZ-COND-2.0,HYD_B1_PRESSURE_QUADRATIC,WASZ-COND-1.0;WASZ-COND-3.5;WASZ-COND-4.0;WASZ-COND-5.0;WASZ-COND-6.0;WASZ-COND-7.0;WASZ-COND-8.0;WASZ-COND-9.0;WASZ-COND-11.0;WASZ-COND-13.0,WASZ-BREW-1-1;WASZ-BREW-1-2;WASZ-BREW-1-3;WASZ-BREW-1-4;WASZ-BREW-1-5b;WASZ-BREW-10-2;WASZ-BREW-10-3;WASZ-BREW-10-4;WASZ-BREW-10-5;WASZ-BREW-12-8-2;WASZ-BREW-12-8-3;WASZ-BREW-12-8-4;WASZ-BREW-12-8-5;WASZ-BREW-12-8-6;WASZ-BREW-12-8-7;WASZ-BREW-3-5-3;WASZ-BREW-3-5-4;WASZ-BREW-3-5-5;WASZ-BREW-4-1;WASZ-BREW-4-1b;WASZ-BREW-4-2;WASZ-BREW-4-2b;WASZ-BREW-4-3;WASZ-BREW-4-3b;WASZ-BREW-4-4;WASZ-BREW-4-4b;WASZ-BREW-4-5;WASZ-BREW-4-5b;WASZ-BREW-5-1;WASZ-BREW-5-2;WASZ-BREW-5-3;WASZ-BREW-5-4;WASZ-BREW-5-5;WASZ-BREW-6-1;WASZ-BREW-6-2;WASZ-BREW-6-3;WASZ-BREW-6-4;WASZ-BREW-6-5;WASZ-BREW-6-6;WASZ-BREW-7-1;WASZ-BREW-7-2;WASZ-BREW-7-3;WASZ-BREW-7-4;WASZ-BREW-8-1;WASZ-BREW-8-1b;WASZ-BREW-8-2;WASZ-BREW-8-3;WASZ-BREW-9-1;WASZ-BREW-9-2;WASZ-BREW-9-3;WASZ-BREW-9-4;WASZ-BREW-9-5,WASZ-BREW-2-2;WASZ-BREW-2-3;WASZ-BREW-2-4;WASZ-BREW-2-5,1.9299269999999997,PASS,,,ACCEPTED_REUSE,PASS,0,0,0,"""{\""intercept\"": -0.2935964175334205, \""linear\"": 0.5625741596043153, \""quadratic\"": -0.03356014826058609}""",0.23861712241256158,0.12364049127897668,NOT_APPLICABLE,{}
HYD-LOCO-3.5,WASZ-COND-3.5,HYD_B0_TRAINING_MEAN,WASZ-COND-1.0;WASZ-COND-2.0;WASZ-COND-4.0;WASZ-COND-5.0;WASZ-COND-6.0;WASZ-COND-7.0;WASZ-COND-8.0;WASZ-COND-9.0;WASZ-COND-11.0;WASZ-COND-13.0,WASZ-BREW-1-1;WASZ-BREW-1-2;WASZ-BREW-1-3;WASZ-BREW-1-4;WASZ-BREW-1-5b;WASZ-BREW-10-2;WASZ-BREW-10-3;WASZ-BREW-10-4;WASZ-BREW-10-5;WASZ-BREW-12-8-2;WASZ-BREW-12-8-3;WASZ-BREW-12-8-4;WASZ-BREW-12-8-5;WASZ-BREW-12-8-6;WASZ-BREW-12-8-7;WASZ-BREW-2-2;WASZ-BREW-2-3;WASZ-BREW-2-4;WASZ-BREW-2-5;WASZ-BREW-4-1;WASZ-BREW-4-1b;WASZ-BREW-4-2;WASZ-BREW-4-2b;WASZ-BREW-4-3;WASZ-BREW-4-3b;WASZ-BREW-4-4;WASZ-BREW-4-4b;WASZ-BREW-4-5;WASZ-BREW-4-5b;WASZ-BREW-5-1;WASZ-BREW-5-2;WASZ-BREW-5-3;WASZ-BREW-5-4;WASZ-BREW-5-5;WASZ-BREW-6-1;WASZ-BREW-6-2;WASZ-BREW-6-3;WASZ-BREW-6-4;WASZ-BREW-6-5;WASZ-BREW-6-6;WASZ-BREW-7-1;WASZ-BREW-7-2;WASZ-BREW-7-3;WASZ-BREW-7-4;WASZ-BREW-8-1;WASZ-BREW-8-1b;WASZ-BREW-8-2;WASZ-BREW-8-3;WASZ-BREW-9-1;WASZ-BREW-9-2;WASZ-BREW-9-3;WASZ-BREW-9-4;WASZ-BREW-9-5,WASZ-BREW-3-5-3;WASZ-BREW-3-5-4;WASZ-BREW-3-5-5,1.9299269999999997,PASS,,,ACCEPTED_REUSE,PASS,0,0,0,"""{\""mean\"": 1.5204851833333333}""",0.48572586981110627,0.2516809546739884,NOT_APPLICABLE,{}
HYD-LOCO-3.5,WASZ-COND-3.5,HYD_B1_PRESSURE_QUADRATIC,WASZ-COND-1.0;WASZ-COND-2.0;WASZ-COND-4.0;WASZ-COND-5.0;WASZ-COND-6.0;WASZ-COND-7.0;WASZ-COND-8.0;WASZ-COND-9.0;WASZ-COND-11.0;WASZ-COND-13.0,WASZ-BREW-1-1;WASZ-BREW-1-2;WASZ-BREW-1-3;WASZ-BREW-1-4;WASZ-BREW-1-5b;WASZ-BREW-10-2;WASZ-BREW-10-3;WASZ-BREW-10-4;WASZ-BREW-10-5;WASZ-BREW-12-8-2;WASZ-BREW-12-8-3;WASZ-BREW-12-8-4;WASZ-BREW-12-8-5;WASZ-BREW-12-8-6;WASZ-BREW-12-8-7;WASZ-BREW-2-2;WASZ-BREW-2-3;WASZ-BREW-2-4;WASZ-BREW-2-5;WASZ-BREW-4-1;WASZ-BREW-4-1b;WASZ-BREW-4-2;WASZ-BREW-4-2b;WASZ-BREW-4-3;WASZ-BREW-4-3b;WASZ-BREW-4-4;WASZ-BREW-4-4b;WASZ-BREW-4-5;WASZ-BREW-4-5b;WASZ-BREW-5-1;WASZ-BREW-5-2;WASZ-BREW-5-3;WASZ-BREW-5-4;WASZ-BREW-5-5;WASZ-BREW-6-1;WASZ-BREW-6-2;WASZ-BREW-6-3;WASZ-BREW-6-4;WASZ-BREW-6-5;WASZ-BREW-6-6;WASZ-BREW-7-1;WASZ-BREW-7-2;WASZ-BREW-7-3;WASZ-BREW-7-4;WASZ-BREW-8-1;WASZ-BREW-8-1b;WASZ-BREW-8-2;WASZ-BREW-8-3;WASZ-BREW-9-1;WASZ-BREW-9-2;WASZ-BREW-9-3;WASZ-BREW-9-4;WASZ-BREW-9-5,WASZ-BREW-3-5-3;WASZ-BREW-3-5-4;WASZ-BREW-3-5-5,1.9299269999999997,PASS,,,ACCEPTED_REUSE,PASS,0,0,0,"""{\""intercept\"": -0.37643414446510826, \""linear\"": 0.5890515872215958, \""quadratic\"": -0.03525349173455769}""",0.21774109338550884,0.11282348678758776,NOT_APPLICABLE,{}
HYD-LOCO-4.0,WASZ-COND-4.0,HYD_B0_TRAINING_MEAN,WASZ-COND-1.0;WASZ-COND-2.0;WASZ-COND-3.5;WASZ-COND-5.0;WASZ-COND-6.0;WASZ-COND-7.0;WASZ-COND-8.0;WASZ-COND-9.0;WASZ-COND-11.0;WASZ-COND-13.0,WASZ-BREW-1-1;WASZ-BREW-1-2;WASZ-BREW-1-3;WASZ-BREW-1-4;WASZ-BREW-1-5b;WASZ-BREW-10-2;WASZ-BREW-10-3;WASZ-BREW-10-4;WASZ-BREW-10-5;WASZ-BREW-12-8-2;WASZ-BREW-12-8-3;WASZ-BREW-12-8-4;WASZ-BREW-12-8-5;WASZ-BREW-12-8-6;WASZ-BREW-12-8-7;WASZ-BREW-2-2;WASZ-BREW-2-3;WASZ-BREW-2-4;WASZ-BREW-2-5;WASZ-BREW-3-5-3;WASZ-BREW-3-5-4;WASZ-BREW-3-5-5;WASZ-BREW-5-1;WASZ-BREW-5-2;WASZ-BREW-5-3;WASZ-BREW-5-4;WASZ-BREW-5-5;WASZ-BREW-6-1;WASZ-BREW-6-2;WASZ-BREW-6-3;WASZ-BREW-6-4;WASZ-BREW-6-5;WASZ-BREW-6-6;WASZ-BREW-7-1;WASZ-BREW-7-2;WASZ-BREW-7-3;WASZ-BREW-7-4;WASZ-BREW-8-1;WASZ-BREW-8-1b;WASZ-BREW-8-2;WASZ-BREW-8-3;WASZ-BREW-9-1;WASZ-BREW-9-2;WASZ-BREW-9-3;WASZ-BREW-9-4;WASZ-BREW-9-5,WASZ-BREW-4-1;WASZ-BREW-4-1b;WASZ-BREW-4-2;WASZ-BREW-4-2b;WASZ-BREW-4-3;WASZ-BREW-4-3b;WASZ-BREW-4-4;WASZ-BREW-4-4b;WASZ-BREW-4-5;WASZ-BREW-4-5b,1.9299269999999997,PASS,,,ACCEPTED_REUSE,PASS,0,0,0,"""{\""mean\"": 1.45833045}""",0.2905285668374153,0.15053863013337568,NOT_APPLICABLE,{}
HYD-LOCO-4.0,WASZ-COND-4.0,HYD_B1_PRESSURE_QUADRATIC,WASZ-COND-1.0;WASZ-COND-2.0;WASZ-COND-3.5;WASZ-COND-5.0;WASZ-COND-6.0;WASZ-COND-7.0;WASZ-COND-8.0;WASZ-COND-9.0;WASZ-COND-11.0;WASZ-COND-13.0,WASZ-BREW-1-1;WASZ-BREW-1-2;WASZ-BREW-1-3;WASZ-BREW-1-4;WASZ-BREW-1-5b;WASZ-BREW-10-2;WASZ-BREW-10-3;WASZ-BREW-10-4;WASZ-BREW-10-5;WASZ-BREW-12-8-2;WASZ-BREW-12-8-3;WASZ-BREW-12-8-4;WASZ-BREW-12-8-5;WASZ-BREW-12-8-6;WASZ-BREW-12-8-7;WASZ-BREW-2-2;WASZ-BREW-2-3;WASZ-BREW-2-4;WASZ-BREW-2-5;WASZ-BREW-3-5-3;WASZ-BREW-3-5-4;WASZ-BREW-3-5-5;WASZ-BREW-5-1;WASZ-BREW-5-2;WASZ-BREW-5-3;WASZ-BREW-5-4;WASZ-BREW-5-5;WASZ-BREW-6-1;WASZ-BREW-6-2;WASZ-BREW-6-3;WASZ-BREW-6-4;WASZ-BREW-6-5;WASZ-BREW-6-6;WASZ-BREW-7-1;WASZ-BREW-7-2;WASZ-BREW-7-3;WASZ-BREW-7-4;WASZ-BREW-8-1;WASZ-BREW-8-1b;WASZ-BREW-8-2;WASZ-BREW-8-3;WASZ-BREW-9-1;WASZ-BREW-9-2;WASZ-BREW-9-3;WASZ-BREW-9-4;WASZ-BREW-9-5,WASZ-BREW-4-1;WASZ-BREW-4-1b;WASZ-BREW-4-2;WASZ-BREW-4-2b;WASZ-BREW-4-3;WASZ-BREW-4-3b;WASZ-BREW-4-4;WASZ-BREW-4-4b;WASZ-BREW-4-5;WASZ-BREW-4-5b,1.9299269999999997,PASS,,,ACCEPTED_REUSE,PASS,0,0,0,"""{\""intercept\"": -0.436987745576187, \""linear\"": 0.5819233601455033, \""quadratic\"": -0.03407785640434076}""",0.3591879867957001,0.18611480475463588,NOT_APPLICABLE,{}
HYD-LOCO-5.0,WASZ-COND-5.0,HYD_B0_TRAINING_MEAN,WASZ-COND-1.0;WASZ-COND-2.0;WASZ-COND-3.5;WASZ-COND-4.0;WASZ-COND-6.0;WASZ-COND-7.0;WASZ-COND-8.0;WASZ-COND-9.0;WASZ-COND-11.0;WASZ-COND-13.0,WASZ-BREW-1-1;WASZ-BREW-1-2;WASZ-BREW-1-3;WASZ-BREW-1-4;WASZ-BREW-1-5b;WASZ-BREW-10-2;WASZ-BREW-10-3;WASZ-BREW-10-4;WASZ-BREW-10-5;WASZ-BREW-12-8-2;WASZ-BREW-12-8-3;WASZ-BREW-12-8-4;WASZ-BREW-12-8-5;WASZ-BREW-12-8-6;WASZ-BREW-12-8-7;WASZ-BREW-2-2;WASZ-BREW-2-3;WASZ-BREW-2-4;WASZ-BREW-2-5;WASZ-BREW-3-5-3;WASZ-BREW-3-5-4;WASZ-BREW-3-5-5;WASZ-BREW-4-1;WASZ-BREW-4-1b;WASZ-BREW-4-2;WASZ-BREW-4-2b;WASZ-BREW-4-3;WASZ-BREW-4-3b;WASZ-BREW-4-4;WASZ-BREW-4-4b;WASZ-BREW-4-5;WASZ-BREW-4-5b;WASZ-BREW-6-1;WASZ-BREW-6-2;WASZ-BREW-6-3;WASZ-BREW-6-4;WASZ-BREW-6-5;WASZ-BREW-6-6;WASZ-BREW-7-1;WASZ-BREW-7-2;WASZ-BREW-7-3;WASZ-BREW-7-4;WASZ-BREW-8-1;WASZ-BREW-8-1b;WASZ-BREW-8-2;WASZ-BREW-8-3;WASZ-BREW-9-1;WASZ-BREW-9-2;WASZ-BREW-9-3;WASZ-BREW-9-4;WASZ-BREW-9-5,WASZ-BREW-5-1;WASZ-BREW-5-2;WASZ-BREW-5-3;WASZ-BREW-5-4;WASZ-BREW-5-5,1.9299269999999997,PASS,,,ACCEPTED_REUSE,PASS,0,0,0,"""{\""mean\"": 1.42242325}""",0.617721424625666,0.3200750207783331,NOT_APPLICABLE,{}
HYD-LOCO-5.0,WASZ-COND-5.0,HYD_B1_PRESSURE_QUADRATIC,WASZ-COND-1.0;WASZ-COND-2.0;WASZ-COND-3.5;WASZ-COND-4.0;WASZ-COND-6.0;WASZ-COND-7.0;WASZ-COND-8.0;WASZ-COND-9.0;WASZ-COND-11.0;WASZ-COND-13.0,WASZ-BREW-1-1;WASZ-BREW-1-2;WASZ-BREW-1-3;WASZ-BREW-1-4;WASZ-BREW-1-5b;WASZ-BREW-10-2;WASZ-BREW-10-3;WASZ-BREW-10-4;WASZ-BREW-10-5;WASZ-BREW-12-8-2;WASZ-BREW-12-8-3;WASZ-BREW-12-8-4;WASZ-BREW-12-8-5;WASZ-BREW-12-8-6;WASZ-BREW-12-8-7;WASZ-BREW-2-2;WASZ-BREW-2-3;WASZ-BREW-2-4;WASZ-BREW-2-5;WASZ-BREW-3-5-3;WASZ-BREW-3-5-4;WASZ-BREW-3-5-5;WASZ-BREW-4-1;WASZ-BREW-4-1b;WASZ-BREW-4-2;WASZ-BREW-4-2b;WASZ-BREW-4-3;WASZ-BREW-4-3b;WASZ-BREW-4-4;WASZ-BREW-4-4b;WASZ-BREW-4-5;WASZ-BREW-4-5b;WASZ-BREW-6-1;WASZ-BREW-6-2;WASZ-BREW-6-3;WASZ-BREW-6-4;WASZ-BREW-6-5;WASZ-BREW-6-6;WASZ-BREW-7-1;WASZ-BREW-7-2;WASZ-BREW-7-3;WASZ-BREW-7-4;WASZ-BREW-8-1;WASZ-BREW-8-1b;WASZ-BREW-8-2;WASZ-BREW-8-3;WASZ-BREW-9-1;WASZ-BREW-9-2;WASZ-BREW-9-3;WASZ-BREW-9-4;WASZ-BREW-9-5,WASZ-BREW-5-1;WASZ-BREW-5-2;WASZ-BREW-5-3;WASZ-BREW-5-4;WASZ-BREW-5-5,1.9299269999999997,PASS,,,ACCEPTED_REUSE,PASS,0,0,0,"""{\""intercept\"": -0.39899384704421736, \""linear\"": 0.5613581664929447, \""quadratic\"": -0.03258346522957815}""",0.46302813630040063,0.23992002614627428,NOT_APPLICABLE,{}
HYD-LOCO-6.0,WASZ-COND-6.0,HYD_B0_TRAINING_MEAN,WASZ-COND-1.0;WASZ-COND-2.0;WASZ-COND-3.5;WASZ-COND-4.0;WASZ-COND-5.0;WASZ-COND-7.0;WASZ-COND-8.0;WASZ-COND-9.0;WASZ-COND-11.0;WASZ-COND-13.0,WASZ-BREW-1-1;WASZ-BREW-1-2;WASZ-BREW-1-3;WASZ-BREW-1-4;WASZ-BREW-1-5b;WASZ-BREW-10-2;WASZ-BREW-10-3;WASZ-BREW-10-4;WASZ-BREW-10-5;WASZ-BREW-12-8-2;WASZ-BREW-12-8-3;WASZ-BREW-12-8-4;WASZ-BREW-12-8-5;WASZ-BREW-12-8-6;WASZ-BREW-12-8-7;WASZ-BREW-2-2;WASZ-BREW-2-3;WASZ-BREW-2-4;WASZ-BREW-2-5;WASZ-BREW-3-5-3;WASZ-BREW-3-5-4;WASZ-BREW-3-5-5;WASZ-BREW-4-1;WASZ-BREW-4-1b;WASZ-BREW-4-2;WASZ-BREW-4-2b;WASZ-BREW-4-3;WASZ-BREW-4-3b;WASZ-BREW-4-4;WASZ-BREW-4-4b;WASZ-BREW-4-5;WASZ-BREW-4-5b;WASZ-BREW-5-1;WASZ-BREW-5-2;WASZ-BREW-5-3;WASZ-BREW-5-4;WASZ-BREW-5-5;WASZ-BREW-7-1;WASZ-BREW-7-2;WASZ-BREW-7-3;WASZ-BREW-7-4;WASZ-BREW-8-1;WASZ-BREW-8-1b;WASZ-BREW-8-2;WASZ-BREW-8-3;WASZ-BREW-9-1;WASZ-BREW-9-2;WASZ-BREW-9-3;WASZ-BREW-9-4;WASZ-BREW-9-5,WASZ-BREW-6-1;WASZ-BREW-6-2;WASZ-BREW-6-3;WASZ-BREW-6-4;WASZ-BREW-6-5;WASZ-BREW-6-6,1.9224379999999996,PASS,,,ACCEPTED_REUSE,PASS,0,0,0,"""{\""mean\"": 1.42167435}""",0.6311422562577228,0.32830304865890236,NOT_APPLICABLE,{}
HYD-LOCO-6.0,WASZ-COND-6.0,HYD_B1_PRESSURE_QUADRATIC,WASZ-COND-1.0;WASZ-COND-2.0;WASZ-COND-3.5;WASZ-COND-4.0;WASZ-COND-5.0;WASZ-COND-7.0;WASZ-COND-8.0;WASZ-COND-9.0;WASZ-COND-11.0;WASZ-COND-13.0,WASZ-BREW-1-1;WASZ-BREW-1-2;WASZ-BREW-1-3;WASZ-BREW-1-4;WASZ-BREW-1-5b;WASZ-BREW-10-2;WASZ-BREW-10-3;WASZ-BREW-10-4;WASZ-BREW-10-5;WASZ-BREW-12-8-2;WASZ-BREW-12-8-3;WASZ-BREW-12-8-4;WASZ-BREW-12-8-5;WASZ-BREW-12-8-6;WASZ-BREW-12-8-7;WASZ-BREW-2-2;WASZ-BREW-2-3;WASZ-BREW-2-4;WASZ-BREW-2-5;WASZ-BREW-3-5-3;WASZ-BREW-3-5-4;WASZ-BREW-3-5-5;WASZ-BREW-4-1;WASZ-BREW-4-1b;WASZ-BREW-4-2;WASZ-BREW-4-2b;WASZ-BREW-4-3;WASZ-BREW-4-3b;WASZ-BREW-4-4;WASZ-BREW-4-4b;WASZ-BREW-4-5;WASZ-BREW-4-5b;WASZ-BREW-5-1;WASZ-BREW-5-2;WASZ-BREW-5-3;WASZ-BREW-5-4;WASZ-BREW-5-5;WASZ-BREW-7-1;WASZ-BREW-7-2;WASZ-BREW-7-3;WASZ-BREW-7-4;WASZ-BREW-8-1;WASZ-BREW-8-1b;WASZ-BREW-8-2;WASZ-BREW-8-3;WASZ-BREW-9-1;WASZ-BREW-9-2;WASZ-BREW-9-3;WASZ-BREW-9-4;WASZ-BREW-9-5,WASZ-BREW-6-1;WASZ-BREW-6-2;WASZ-BREW-6-3;WASZ-BREW-6-4;WASZ-BREW-6-5;WASZ-BREW-6-6,1.9224379999999996,PASS,,,ACCEPTED_REUSE,PASS,0,0,0,"""{\""intercept\"": -0.3845269151780568, \""linear\"": 0.571121958693528, \""quadratic\"": -0.03361049757993344}""",0.2383511911466737,0.12398381177789543,NOT_APPLICABLE,{}
HYD-LOCO-7.0,WASZ-COND-7.0,HYD_B0_TRAINING_MEAN,WASZ-COND-1.0;WASZ-COND-2.0;WASZ-COND-3.5;WASZ-COND-4.0;WASZ-COND-5.0;WASZ-COND-6.0;WASZ-COND-8.0;WASZ-COND-9.0;WASZ-COND-11.0;WASZ-COND-13.0,WASZ-BREW-1-1;WASZ-BREW-1-2;WASZ-BREW-1-3;WASZ-BREW-1-4;WASZ-BREW-1-5b;WASZ-BREW-10-2;WASZ-BREW-10-3;WASZ-BREW-10-4;WASZ-BREW-10-5;WASZ-BREW-12-8-2;WASZ-BREW-12-8-3;WASZ-BREW-12-8-4;WASZ-BREW-12-8-5;WASZ-BREW-12-8-6;WASZ-BREW-12-8-7;WASZ-BREW-2-2;WASZ-BREW-2-3;WASZ-BREW-2-4;WASZ-BREW-2-5;WASZ-BREW-3-5-3;WASZ-BREW-3-5-4;WASZ-BREW-3-5-5;WASZ-BREW-4-1;WASZ-BREW-4-1b;WASZ-BREW-4-2;WASZ-BREW-4-2b;WASZ-BREW-4-3;WASZ-BREW-4-3b;WASZ-BREW-4-4;WASZ-BREW-4-4b;WASZ-BREW-4-5;WASZ-BREW-4-5b;WASZ-BREW-5-1;WASZ-BREW-5-2;WASZ-BREW-5-3;WASZ-BREW-5-4;WASZ-BREW-5-5;WASZ-BREW-6-1;WASZ-BREW-6-2;WASZ-BREW-6-3;WASZ-BREW-6-4;WASZ-BREW-6-5;WASZ-BREW-6-6;WASZ-BREW-8-1;WASZ-BREW-8-1b;WASZ-BREW-8-2;WASZ-BREW-8-3;WASZ-BREW-9-1;WASZ-BREW-9-2;WASZ-BREW-9-3;WASZ-BREW-9-4;WASZ-BREW-9-5,WASZ-BREW-7-1;WASZ-BREW-7-2;WASZ-BREW-7-3;WASZ-BREW-7-4,1.9299269999999997,PASS,,,ACCEPTED_REUSE,PASS,0,0,0,"""{\""mean\"": 1.43215285}""",0.5072336107772457,0.2628252834315732,NOT_APPLICABLE,{}
HYD-LOCO-7.0,WASZ-COND-7.0,HYD_B1_PRESSURE_QUADRATIC,WASZ-COND-1.0;WASZ-COND-2.0;WASZ-COND-3.5;WASZ-COND-4.0;WASZ-COND-5.0;WASZ-COND-6.0;WASZ-COND-8.0;WASZ-COND-9.0;WASZ-COND-11.0;WASZ-COND-13.0,WASZ-BREW-1-1;WASZ-BREW-1-2;WASZ-BREW-1-3;WASZ-BREW-1-4;WASZ-BREW-1-5b;WASZ-BREW-10-2;WASZ-BREW-10-3;WASZ-BREW-10-4;WASZ-BREW-10-5;WASZ-BREW-12-8-2;WASZ-BREW-12-8-3;WASZ-BREW-12-8-4;WASZ-BREW-12-8-5;WASZ-BREW-12-8-6;WASZ-BREW-12-8-7;WASZ-BREW-2-2;WASZ-BREW-2-3;WASZ-BREW-2-4;WASZ-BREW-2-5;WASZ-BREW-3-5-3;WASZ-BREW-3-5-4;WASZ-BREW-3-5-5;WASZ-BREW-4-1;WASZ-BREW-4-1b;WASZ-BREW-4-2;WASZ-BREW-4-2b;WASZ-BREW-4-3;WASZ-BREW-4-3b;WASZ-BREW-4-4;WASZ-BREW-4-4b;WASZ-BREW-4-5;WASZ-BREW-4-5b;WASZ-BREW-5-1;WASZ-BREW-5-2;WASZ-BREW-5-3;WASZ-BREW-5-4;WASZ-BREW-5-5;WASZ-BREW-6-1;WASZ-BREW-6-2;WASZ-BREW-6-3;WASZ-BREW-6-4;WASZ-BREW-6-5;WASZ-BREW-6-6;WASZ-BREW-8-1;WASZ-BREW-8-1b;WASZ-BREW-8-2;WASZ-BREW-8-3;WASZ-BREW-9-1;WASZ-BREW-9-2;WASZ-BREW-9-3;WASZ-BREW-9-4;WASZ-BREW-9-5,WASZ-BREW-7-1;WASZ-BREW-7-2;WASZ-BREW-7-3;WASZ-BREW-7-4,1.9299269999999997,PASS,,,ACCEPTED_REUSE,PASS,0,0,0,"""{\""intercept\"": -0.42986086742330776, \""linear\"": 0.6009814521908566, \""quadratic\"": -0.03580916884900369}""",0.11558352138601755,0.05989010018825456,NOT_APPLICABLE,{}
HYD-LOCO-8.0,WASZ-COND-8.0,HYD_B0_TRAINING_MEAN,WASZ-COND-1.0;WASZ-COND-2.0;WASZ-COND-3.5;WASZ-COND-4.0;WASZ-COND-5.0;WASZ-COND-6.0;WASZ-COND-7.0;WASZ-COND-9.0;WASZ-COND-11.0;WASZ-COND-13.0,WASZ-BREW-1-1;WASZ-BREW-1-2;WASZ-BREW-1-3;WASZ-BREW-1-4;WASZ-BREW-1-5b;WASZ-BREW-10-2;WASZ-BREW-10-3;WASZ-BREW-10-4;WASZ-BREW-10-5;WASZ-BREW-12-8-2;WASZ-BREW-12-8-3;WASZ-BREW-12-8-4;WASZ-BREW-12-8-5;WASZ-BREW-12-8-6;WASZ-BREW-12-8-7;WASZ-BREW-2-2;WASZ-BREW-2-3;WASZ-BREW-2-4;WASZ-BREW-2-5;WASZ-BREW-3-5-3;WASZ-BREW-3-5-4;WASZ-BREW-3-5-5;WASZ-BREW-4-1;WASZ-BREW-4-1b;WASZ-BREW-4-2;WASZ-BREW-4-2b;WASZ-BREW-4-3;WASZ-BREW-4-3b;WASZ-BREW-4-4;WASZ-BREW-4-4b;WASZ-BREW-4-5;WASZ-BREW-4-5b;WASZ-BREW-5-1;WASZ-BREW-5-2;WASZ-BREW-5-3;WASZ-BREW-5-4;WASZ-BREW-5-5;WASZ-BREW-6-1;WASZ-BREW-6-2;WASZ-BREW-6-3;WASZ-BREW-6-4;WASZ-BREW-6-5;WASZ-BREW-6-6;WASZ-BREW-7-1;WASZ-BREW-7-2;WASZ-BREW-7-3;WASZ-BREW-7-4;WASZ-BREW-9-1;WASZ-BREW-9-2;WASZ-BREW-9-3;WASZ-BREW-9-4;WASZ-BREW-9-5,WASZ-BREW-8-1;WASZ-BREW-8-1b;WASZ-BREW-8-2;WASZ-BREW-8-3,1.9299269999999997,PASS,,,ACCEPTED_REUSE,PASS,0,0,0,"""{\""mean\"": 1.44394985}""",0.3800349335824569,0.19691674015776603,NOT_APPLICABLE,{}
HYD-LOCO-8.0,WASZ-COND-8.0,HYD_B1_PRESSURE_QUADRATIC,WASZ-COND-1.0;WASZ-COND-2.0;WASZ-COND-3.5;WASZ-COND-4.0;WASZ-COND-5.0;WASZ-COND-6.0;WASZ-COND-7.0;WASZ-COND-9.0;WASZ-COND-11.0;WASZ-COND-13.0,WASZ-BREW-1-1;WASZ-BREW-1-2;WASZ-BREW-1-3;WASZ-BREW-1-4;WASZ-BREW-1-5b;WASZ-BREW-10-2;WASZ-BREW-10-3;WASZ-BREW-10-4;WASZ-BREW-10-5;WASZ-BREW-12-8-2;WASZ-BREW-12-8-3;WASZ-BREW-12-8-4;WASZ-BREW-12-8-5;WASZ-BREW-12-8-6;WASZ-BREW-12-8-7;WASZ-BREW-2-2;WASZ-BREW-2-3;WASZ-BREW-2-4;WASZ-BREW-2-5;WASZ-BREW-3-5-3;WASZ-BREW-3-5-4;WASZ-BREW-3-5-5;WASZ-BREW-4-1;WASZ-BREW-4-1b;WASZ-BREW-4-2;WASZ-BREW-4-2b;WASZ-BREW-4-3;WASZ-BREW-4-3b;WASZ-BREW-4-4;WASZ-BREW-4-4b;WASZ-BREW-4-5;WASZ-BREW-4-5b;WASZ-BREW-5-1;WASZ-BREW-5-2;WASZ-BREW-5-3;WASZ-BREW-5-4;WASZ-BREW-5-5;WASZ-BREW-6-1;WASZ-BREW-6-2;WASZ-BREW-6-3;WASZ-BREW-6-4;WASZ-BREW-6-5;WASZ-BREW-6-6;WASZ-BREW-7-1;WASZ-BREW-7-2;WASZ-BREW-7-3;WASZ-BREW-7-4;WASZ-BREW-9-1;WASZ-BREW-9-2;WASZ-BREW-9-3;WASZ-BREW-9-4;WASZ-BREW-9-5,WASZ-BREW-8-1;WASZ-BREW-8-1b;WASZ-BREW-8-2;WASZ-BREW-8-3,1.9299269999999997,PASS,,,ACCEPTED_REUSE,PASS,0,0,0,"""{\""intercept\"": -0.47094252272165815, \""linear\"": 0.6206637091543026, \""quadratic\"": -0.037046179580564914}""",0.3101574600850685,0.16070942584101292,NOT_APPLICABLE,{}
HYD-LOCO-9.0,WASZ-COND-9.0,HYD_B0_TRAINING_MEAN,WASZ-COND-1.0;WASZ-COND-2.0;WASZ-COND-3.5;WASZ-COND-4.0;WASZ-COND-5.0;WASZ-COND-6.0;WASZ-COND-7.0;WASZ-COND-8.0;WASZ-COND-11.0;WASZ-COND-13.0,WASZ-BREW-1-1;WASZ-BREW-1-2;WASZ-BREW-1-3;WASZ-BREW-1-4;WASZ-BREW-1-5b;WASZ-BREW-10-2;WASZ-BREW-10-3;WASZ-BREW-10-4;WASZ-BREW-10-5;WASZ-BREW-12-8-2;WASZ-BREW-12-8-3;WASZ-BREW-12-8-4;WASZ-BREW-12-8-5;WASZ-BREW-12-8-6;WASZ-BREW-12-8-7;WASZ-BREW-2-2;WASZ-BREW-2-3;WASZ-BREW-2-4;WASZ-BREW-2-5;WASZ-BREW-3-5-3;WASZ-BREW-3-5-4;WASZ-BREW-3-5-5;WASZ-BREW-4-1;WASZ-BREW-4-1b;WASZ-BREW-4-2;WASZ-BREW-4-2b;WASZ-BREW-4-3;WASZ-BREW-4-3b;WASZ-BREW-4-4;WASZ-BREW-4-4b;WASZ-BREW-4-5;WASZ-BREW-4-5b;WASZ-BREW-5-1;WASZ-BREW-5-2;WASZ-BREW-5-3;WASZ-BREW-5-4;WASZ-BREW-5-5;WASZ-BREW-6-1;WASZ-BREW-6-2;WASZ-BREW-6-3;WASZ-BREW-6-4;WASZ-BREW-6-5;WASZ-BREW-6-6;WASZ-BREW-7-1;WASZ-BREW-7-2;WASZ-BREW-7-3;WASZ-BREW-7-4;WASZ-BREW-8-1;WASZ-BREW-8-1b;WASZ-BREW-8-2;WASZ-BREW-8-3,WASZ-BREW-9-1;WASZ-BREW-9-2;WASZ-BREW-9-3;WASZ-BREW-9-4;WASZ-BREW-9-5,1.9299269999999997,PASS,,,ACCEPTED_REUSE,PASS,0,0,0,"""{\""mean\"": 1.44161505}""",0.41187573881657863,0.21341519073860238,NOT_APPLICABLE,{}
HYD-LOCO-9.0,WASZ-COND-9.0,HYD_B1_PRESSURE_QUADRATIC,WASZ-COND-1.0;WASZ-COND-2.0;WASZ-COND-3.5;WASZ-COND-4.0;WASZ-COND-5.0;WASZ-COND-6.0;WASZ-COND-7.0;WASZ-COND-8.0;WASZ-COND-11.0;WASZ-COND-13.0,WASZ-BREW-1-1;WASZ-BREW-1-2;WASZ-BREW-1-3;WASZ-BREW-1-4;WASZ-BREW-1-5b;WASZ-BREW-10-2;WASZ-BREW-10-3;WASZ-BREW-10-4;WASZ-BREW-10-5;WASZ-BREW-12-8-2;WASZ-BREW-12-8-3;WASZ-BREW-12-8-4;WASZ-BREW-12-8-5;WASZ-BREW-12-8-6;WASZ-BREW-12-8-7;WASZ-BREW-2-2;WASZ-BREW-2-3;WASZ-BREW-2-4;WASZ-BREW-2-5;WASZ-BREW-3-5-3;WASZ-BREW-3-5-4;WASZ-BREW-3-5-5;WASZ-BREW-4-1;WASZ-BREW-4-1b;WASZ-BREW-4-2;WASZ-BREW-4-2b;WASZ-BREW-4-3;WASZ-BREW-4-3b;WASZ-BREW-4-4;WASZ-BREW-4-4b;WASZ-BREW-4-5;WASZ-BREW-4-5b;WASZ-BREW-5-1;WASZ-BREW-5-2;WASZ-BREW-5-3;WASZ-BREW-5-4;WASZ-BREW-5-5;WASZ-BREW-6-1;WASZ-BREW-6-2;WASZ-BREW-6-3;WASZ-BREW-6-4;WASZ-BREW-6-5;WASZ-BREW-6-6;WASZ-BREW-7-1;WASZ-BREW-7-2;WASZ-BREW-7-3;WASZ-BREW-7-4;WASZ-BREW-8-1;WASZ-BREW-8-1b;WASZ-BREW-8-2;WASZ-BREW-8-3,WASZ-BREW-9-1;WASZ-BREW-9-2;WASZ-BREW-9-3;WASZ-BREW-9-4;WASZ-BREW-9-5,1.9299269999999997,PASS,,,ACCEPTED_REUSE,PASS,0,0,0,"""{\""intercept\"": -0.45562455200648344, \""linear\"": 0.6099733170275946, \""quadratic\"": -0.03612148997452155}""",0.27862767432678087,0.14437213134319635,NOT_APPLICABLE,{}
HYD-LOCO-11.0,WASZ-COND-11.0,HYD_B0_TRAINING_MEAN,WASZ-COND-1.0;WASZ-COND-2.0;WASZ-COND-3.5;WASZ-COND-4.0;WASZ-COND-5.0;WASZ-COND-6.0;WASZ-COND-7.0;WASZ-COND-8.0;WASZ-COND-9.0;WASZ-COND-13.0,WASZ-BREW-1-1;WASZ-BREW-1-2;WASZ-BREW-1-3;WASZ-BREW-1-4;WASZ-BREW-1-5b;WASZ-BREW-12-8-2;WASZ-BREW-12-8-3;WASZ-BREW-12-8-4;WASZ-BREW-12-8-5;WASZ-BREW-12-8-6;WASZ-BREW-12-8-7;WASZ-BREW-2-2;WASZ-BREW-2-3;WASZ-BREW-2-4;WASZ-BREW-2-5;WASZ-BREW-3-5-3;WASZ-BREW-3-5-4;WASZ-BREW-3-5-5;WASZ-BREW-4-1;WASZ-BREW-4-1b;WASZ-BREW-4-2;WASZ-BREW-4-2b;WASZ-BREW-4-3;WASZ-BREW-4-3b;WASZ-BREW-4-4;WASZ-BREW-4-4b;WASZ-BREW-4-5;WASZ-BREW-4-5b;WASZ-BREW-5-1;WASZ-BREW-5-2;WASZ-BREW-5-3;WASZ-BREW-5-4;WASZ-BREW-5-5;WASZ-BREW-6-1;WASZ-BREW-6-2;WASZ-BREW-6-3;WASZ-BREW-6-4;WASZ-BREW-6-5;WASZ-BREW-6-6;WASZ-BREW-7-1;WASZ-BREW-7-2;WASZ-BREW-7-3;WASZ-BREW-7-4;WASZ-BREW-8-1;WASZ-BREW-8-1b;WASZ-BREW-8-2;WASZ-BREW-8-3;WASZ-BREW-9-1;WASZ-BREW-9-2;WASZ-BREW-9-3;WASZ-BREW-9-4;WASZ-BREW-9-5,WASZ-BREW-10-2;WASZ-BREW-10-3;WASZ-BREW-10-4;WASZ-BREW-10-5,1.9299269999999997,PASS,,,ACCEPTED_REUSE,PASS,0,0,0,"""{\""mean\"": 1.44882785}""",0.3222357061990842,0.16696782116581832,NOT_APPLICABLE,{}
HYD-LOCO-11.0,WASZ-COND-11.0,HYD_B1_PRESSURE_QUADRATIC,WASZ-COND-1.0;WASZ-COND-2.0;WASZ-COND-3.5;WASZ-COND-4.0;WASZ-COND-5.0;WASZ-COND-6.0;WASZ-COND-7.0;WASZ-COND-8.0;WASZ-COND-9.0;WASZ-COND-13.0,WASZ-BREW-1-1;WASZ-BREW-1-2;WASZ-BREW-1-3;WASZ-BREW-1-4;WASZ-BREW-1-5b;WASZ-BREW-12-8-2;WASZ-BREW-12-8-3;WASZ-BREW-12-8-4;WASZ-BREW-12-8-5;WASZ-BREW-12-8-6;WASZ-BREW-12-8-7;WASZ-BREW-2-2;WASZ-BREW-2-3;WASZ-BREW-2-4;WASZ-BREW-2-5;WASZ-BREW-3-5-3;WASZ-BREW-3-5-4;WASZ-BREW-3-5-5;WASZ-BREW-4-1;WASZ-BREW-4-1b;WASZ-BREW-4-2;WASZ-BREW-4-2b;WASZ-BREW-4-3;WASZ-BREW-4-3b;WASZ-BREW-4-4;WASZ-BREW-4-4b;WASZ-BREW-4-5;WASZ-BREW-4-5b;WASZ-BREW-5-1;WASZ-BREW-5-2;WASZ-BREW-5-3;WASZ-BREW-5-4;WASZ-BREW-5-5;WASZ-BREW-6-1;WASZ-BREW-6-2;WASZ-BREW-6-3;WASZ-BREW-6-4;WASZ-BREW-6-5;WASZ-BREW-6-6;WASZ-BREW-7-1;WASZ-BREW-7-2;WASZ-BREW-7-3;WASZ-BREW-7-4;WASZ-BREW-8-1;WASZ-BREW-8-1b;WASZ-BREW-8-2;WASZ-BREW-8-3;WASZ-BREW-9-1;WASZ-BREW-9-2;WASZ-BREW-9-3;WASZ-BREW-9-4;WASZ-BREW-9-5,WASZ-BREW-10-2;WASZ-BREW-10-3;WASZ-BREW-10-4;WASZ-BREW-10-5,1.9299269999999997,PASS,,,ACCEPTED_REUSE,PASS,0,0,0,"""{\""intercept\"": -0.41647878875122557, \""linear\"": 0.5906408690327419, \""quadratic\"": -0.03475569508334876}""",0.13897494840334412,0.07201046899874666,NOT_APPLICABLE,{}
HYD-LOCO-13.0,WASZ-COND-13.0,HYD_B0_TRAINING_MEAN,WASZ-COND-1.0;WASZ-COND-2.0;WASZ-COND-3.5;WASZ-COND-4.0;WASZ-COND-5.0;WASZ-COND-6.0;WASZ-COND-7.0;WASZ-COND-8.0;WASZ-COND-9.0;WASZ-COND-11.0,WASZ-BREW-1-1;WASZ-BREW-1-2;WASZ-BREW-1-3;WASZ-BREW-1-4;WASZ-BREW-1-5b;WASZ-BREW-10-2;WASZ-BREW-10-3;WASZ-BREW-10-4;WASZ-BREW-10-5;WASZ-BREW-2-2;WASZ-BREW-2-3;WASZ-BREW-2-4;WASZ-BREW-2-5;WASZ-BREW-3-5-3;WASZ-BREW-3-5-4;WASZ-BREW-3-5-5;WASZ-BREW-4-1;WASZ-BREW-4-1b;WASZ-BREW-4-2;WASZ-BREW-4-2b;WASZ-BREW-4-3;WASZ-BREW-4-3b;WASZ-BREW-4-4;WASZ-BREW-4-4b;WASZ-BREW-4-5;WASZ-BREW-4-5b;WASZ-BREW-5-1;WASZ-BREW-5-2;WASZ-BREW-5-3;WASZ-BREW-5-4;WASZ-BREW-5-5;WASZ-BREW-6-1;WASZ-BREW-6-2;WASZ-BREW-6-3;WASZ-BREW-6-4;WASZ-BREW-6-5;WASZ-BREW-6-6;WASZ-BREW-7-1;WASZ-BREW-7-2;WASZ-BREW-7-3;WASZ-BREW-7-4;WASZ-BREW-8-1;WASZ-BREW-8-1b;WASZ-BREW-8-2;WASZ-BREW-8-3;WASZ-BREW-9-1;WASZ-BREW-9-2;WASZ-BREW-9-3;WASZ-BREW-9-4;WASZ-BREW-9-5,WASZ-BREW-12-8-2;WASZ-BREW-12-8-3;WASZ-BREW-12-8-4;WASZ-BREW-12-8-5;WASZ-BREW-12-8-6;WASZ-BREW-12-8-7,1.9299269999999997,PASS,,,ACCEPTED_REUSE,PASS,0,0,0,"""{\""mean\"": 1.4653380166666667}""",0.14271942301589208,0.07395068467143684,NOT_APPLICABLE,{}
HYD-LOCO-13.0,WASZ-COND-13.0,HYD_B1_PRESSURE_QUADRATIC,WASZ-COND-1.0;WASZ-COND-2.0;WASZ-COND-3.5;WASZ-COND-4.0;WASZ-COND-5.0;WASZ-COND-6.0;WASZ-COND-7.0;WASZ-COND-8.0;WASZ-COND-9.0;WASZ-COND-11.0,WASZ-BREW-1-1;WASZ-BREW-1-2;WASZ-BREW-1-3;WASZ-BREW-1-4;WASZ-BREW-1-5b;WASZ-BREW-10-2;WASZ-BREW-10-3;WASZ-BREW-10-4;WASZ-BREW-10-5;WASZ-BREW-2-2;WASZ-BREW-2-3;WASZ-BREW-2-4;WASZ-BREW-2-5;WASZ-BREW-3-5-3;WASZ-BREW-3-5-4;WASZ-BREW-3-5-5;WASZ-BREW-4-1;WASZ-BREW-4-1b;WASZ-BREW-4-2;WASZ-BREW-4-2b;WASZ-BREW-4-3;WASZ-BREW-4-3b;WASZ-BREW-4-4;WASZ-BREW-4-4b;WASZ-BREW-4-5;WASZ-BREW-4-5b;WASZ-BREW-5-1;WASZ-BREW-5-2;WASZ-BREW-5-3;WASZ-BREW-5-4;WASZ-BREW-5-5;WASZ-BREW-6-1;WASZ-BREW-6-2;WASZ-BREW-6-3;WASZ-BREW-6-4;WASZ-BREW-6-5;WASZ-BREW-6-6;WASZ-BREW-7-1;WASZ-BREW-7-2;WASZ-BREW-7-3;WASZ-BREW-7-4;WASZ-BREW-8-1;WASZ-BREW-8-1b;WASZ-BREW-8-2;WASZ-BREW-8-3;WASZ-BREW-9-1;WASZ-BREW-9-2;WASZ-BREW-9-3;WASZ-BREW-9-4;WASZ-BREW-9-5,WASZ-BREW-12-8-2;WASZ-BREW-12-8-3;WASZ-BREW-12-8-4;WASZ-BREW-12-8-5;WASZ-BREW-12-8-6;WASZ-BREW-12-8-7,1.9299269999999997,PASS,,,ACCEPTED_REUSE,PASS,0,0,0,"""{\""intercept\"": -0.5896564135432538, \""linear\"": 0.6915044063431829, \""quadratic\"": -0.04513296425686942}""",0.7271585992029245,0.37678036485469374,NOT_APPLICABLE,{}
HYD-LOCO-1.0,WASZ-COND-1.0,HYD_P1_POROELASTIC_UNIVERSAL_LIMIT,WASZ-COND-2.0;WASZ-COND-3.5;WASZ-COND-4.0;WASZ-COND-5.0;WASZ-COND-6.0;WASZ-COND-7.0;WASZ-COND-8.0;WASZ-COND-9.0;WASZ-COND-11.0;WASZ-COND-13.0,WASZ-BREW-10-2;WASZ-BREW-10-3;WASZ-BREW-10-4;WASZ-BREW-10-5;WASZ-BREW-12-8-2;WASZ-BREW-12-8-3;WASZ-BREW-12-8-4;WASZ-BREW-12-8-5;WASZ-BREW-12-8-6;WASZ-BREW-12-8-7;WASZ-BREW-2-2;WASZ-BREW-2-3;WASZ-BREW-2-4;WASZ-BREW-2-5;WASZ-BREW-3-5-3;WASZ-BREW-3-5-4;WASZ-BREW-3-5-5;WASZ-BREW-4-1;WASZ-BREW-4-1b;WASZ-BREW-4-2;WASZ-BREW-4-2b;WASZ-BREW-4-3;WASZ-BREW-4-3b;WASZ-BREW-4-4;WASZ-BREW-4-4b;WASZ-BREW-4-5;WASZ-BREW-4-5b;WASZ-BREW-5-1;WASZ-BREW-5-2;WASZ-BREW-5-3;WASZ-BREW-5-4;WASZ-BREW-5-5;WASZ-BREW-6-1;WASZ-BREW-6-2;WASZ-BREW-6-3;WASZ-BREW-6-4;WASZ-BREW-6-5;WASZ-BREW-6-6;WASZ-BREW-7-1;WASZ-BREW-7-2;WASZ-BREW-7-3;WASZ-BREW-7-4;WASZ-BREW-8-1;WASZ-BREW-8-1b;WASZ-BREW-8-2;WASZ-BREW-8-3;WASZ-BREW-9-1;WASZ-BREW-9-2;WASZ-BREW-9-3;WASZ-BREW-9-4;WASZ-BREW-9-5,WASZ-BREW-1-1;WASZ-BREW-1-2;WASZ-BREW-1-3;WASZ-BREW-1-4;WASZ-BREW-1-5b,1.6662024999999998,PASS,,,PASS,PASS,0,0,0,"{""Pc_bar"": 12.492604316998554, ""Qc_g_s"": 1.9191368968911475, ""log_Pc"": 2.525136814571465, ""log_Qc"": 0.6518755521003052}",0.31747233891304233,0.19053646775409494,PRACTICALLY_NONIDENTIFIABLE,"{""bound_proximity"": false, ""convergence_reason"": ""LOG_STEP_TOLERANCE"", ""domain_failure_count"": 0, ""execution_status"": ""PASS"", ""failure_class"": """", ""failure_reason"": """", ""final_step_size"": 9.060981821467974e-07, ""finite_start_count"": 11, ""fitted_parameters"": {""Pc_bar"": 12.492604316998554, ""Qc_g_s"": 1.9191368968911475, ""log_Pc"": 2.525136814571465, ""log_Qc"": 0.6518755521003052}, ""identifiability"": ""PRACTICALLY_NONIDENTIFIABLE"", ""identifiability_diagnostics"": {""hessian_condition_number"": null, ""hessian_eigenvalues"": [null, null], ""hessian_log_space"": [[null, null], [null, null]], ""minimum_relative_profile_increase"": 0.04141814274856853, ""profile_scans"": {""log_Pc"": [{""objective"": null, ""offset"": -0.05}, {""objective"": 0.07939542760418344, ""offset"": 0.05}, {""objective"": null, ""offset"": -0.1}, {""objective"": 0.08424653199688442, ""offset"": 0.1}, {""objective"": null, ""offset"": -0.25}, {""objective"": 0.10949007250039004, ""offset"": 0.25}], ""log_Qc"": [{""objective"": null, ""offset"": -0.05}, {""objective"": 0.0834495031683532, ""offset"": 0.05}, {""objective"": null, ""offset"": -0.1}, {""objective"": 0.10655263669034962, ""offset"": 0.1}, {""objective"": null, ""offset"": -0.25}, {""objective"": 0.29655847463731605, ""offset"": 0.25}]}}, ""identifiability_objective_evaluations"": 8, ""iterations"": 633, ""nonfinite_count"": 14, ""objective"": 0.07623779953999901, ""optimizer_objective_evaluations"": 329, ""optimizer_status"": ""PASS"", ""prediction_status"": ""PENDING"", ""root_failure_count"": 0, ""start_count"": 25, ""start_receipts"": [{""convergence_reason"": ""NONFINITE_START"", ""convergence_status"": ""NONFINITE_START"", ""final_log_Pc"": null, ""final_log_Qc"": null, ""final_objective"": null, ""final_step_size"": null, ""finite_start"": false, ""initial_log_Pc"": 0.0, ""initial_log_Qc"": -4.605170185988091, ""initial_objective"": null, ""iterations"": 0, ""objective_evaluations"": 1, ""start_index"": 0}, {""convergence_reason"": ""NONFINITE_START"", ""convergence_status"": ""NONFINITE_START"", ""final_log_Pc"": null, ""final_log_Qc"": null, ""final_objective"": null, ""final_step_size"": null, ""finite_start"": false, ""initial_log_Pc"": 1.151292546497023, ""initial_log_Qc"": -4.605170185988091, ""initial_objective"": null, ""iterations"": 0, ""objective_evaluations"": 1, ""start_index"": 1}, {""convergence_reason"": ""NONFINITE_START"", ""convergence_status"": ""NONFINITE_START"", ""final_log_Pc"": null, ""final_log_Qc"": null, ""final_objective"": null, ""final_step_size"": null, ""finite_start"": false, ""initial_log_Pc"": 2.302585092994046, ""initial_log_Qc"": -4.605170185988091, ""initial_objective"": null, ""iterations"": 0, ""objective_evaluations"": 1, ""start_index"": 2}, {""convergence_reason"": ""LOG_STEP_TOLERANCE"", ""convergence_status"": ""CONVERGED"", ""final_log_Pc"": 2.525136814571465, ""final_log_Qc"": 0.6518755521003057, ""final_objective"": 0.076237799539999, ""final_step_size"": 9.060981821467974e-07, ""finite_start"": true, ""initial_log_Pc"": 3.453877639491069, ""initial_log_Qc"": -4.605170185988091, ""initial_objective"": 2.8410707946461318, ""iterations"": 59, ""objective_evaluations"": 159, ""start_index"": 3}, {""convergence_reason"": ""LOG_STEP_TOLERANCE"", ""convergence_status"": ""CONVERGED"", ""final_log_Pc"": 2.525136814571465, ""final_log_Qc"": 0.6518755521003057, ""final_objective"": 0.076237799539999, ""final_step_size"": 9.060981821467974e-07, ""finite_start"": true, ""initial_log_Pc"": 4.605170185988092, ""initial_log_Qc"": -4.605170185988091, ""initial_objective"": 2.8525358995183345, ""iterations"": 59, ""objective_evaluations"": 1, ""start_index"": 4}, {""convergence_reason"": ""NONFINITE_START"", ""convergence_status"": ""NONFINITE_START"", ""final_log_Pc"": null, ""final_log_Qc"": null, ""final_objective"": null, ""final_step_size"": null, ""finite_start"": false, ""initial_log_Pc"": 0.0, ""initial_log_Qc"": -2.7049445711025704, ""initial_objective"": null, ""iterations"": 0, ""objective_evaluations"": 1, ""start_index"": 5}, {""convergence_reason"": ""NONFINITE_START"", ""convergence_status"": ""NONFINITE_START"", ""final_log_Pc"": null, ""final_log_Qc"": null, ""final_objective"": null, ""final_step_size"": null, ""finite_start"": false, ""initial_log_Pc"": 1.151292546497023, ""initial_log_Qc"": -2.7049445711025704, ""initial_objective"": null, ""iterations"": 0, ""objective_evaluations"": 1, ""start_index"": 6}, {""convergence_reason"": ""NONFINITE_START"", ""convergence_status"": ""NONFINITE_START"", ""final_log_Pc"": null, ""final_log_Qc"": null, ""final_objective"": null, ""final_step_size"": null, ""finite_start"": false, ""initial_log_Pc"": 2.302585092994046, ""initial_log_Qc"": -2.7049445711025704, ""initial_objective"": null, ""iterations"": 0, ""objective_evaluations"": 0, ""start_index"": 7}, {""convergence_reason"": ""LOG_STEP_TOLERANCE"", ""convergence_status"": ""CONVERGED"", ""final_log_Pc"": 2.525136814571465, ""final_log_Qc"": 0.6518755521003057, ""final_objective"": 0.076237799539999, ""final_step_size"": 9.060981821467974e-07, ""finite_start"": true, ""initial_log_Pc"": 3.453877639491069, ""initial_log_Qc"": -2.7049445711025704, ""initial_objective"": 2.731588383045473, ""iterations"": 58, ""objective_evaluations"": 0, ""start_index"": 8}, {""convergence_reason"": ""LOG_STEP_TOLERANCE"", ""convergence_status"": ""CONVERGED"", ""final_log_Pc"": 2.525136814571465, ""final_log_Qc"": 0.6518755521003057, ""final_objective"": 0.076237799539999, ""final_step_size"": 9.060981821467974e-07, ""finite_start"": true, ""initial_log_Pc"": 4.605170185988092, ""initial_log_Qc"": -2.7049445711025704, ""initial_objective"": 2.8071235594118376, ""iterations"": 58, ""objective_evaluations"": 0, ""start_index"": 9}, {""convergence_reason"": ""NONFINITE_START"", ""convergence_status"": ""NONFINITE_START"", ""final_log_Pc"": null, ""final_log_Qc"": null, ""final_objective"": null, ""final_step_size"": null, ""finite_start"": false, ""initial_log_Pc"": 0.0, ""initial_log_Qc"": -0.8047189562170498, ""initial_objective"": null, ""iterations"": 0, ""objective_evaluations"": 1, ""start_index"": 10}, {""convergence_reason"": ""NONFINITE_START"", ""convergence_status"": ""NONFINITE_START"", ""final_log_Pc"": null, ""final_log_Qc"": null, ""final_objective"": null, ""final_step_size"": null, ""finite_start"": false, ""initial_log_Pc"": 1.151292546497023, ""initial_log_Qc"": -0.8047189562170498, ""initial_objective"": null, ""iterations"": 0, ""objective_evaluations"": 1, ""start_index"": 11}, {""convergence_reason"": ""NONFINITE_START"", ""convergence_status"": ""NONFINITE_START"", ""final_log_Pc"": null, ""final_log_Qc"": null, ""final_objective"": null, ""final_step_size"": null, ""finite_start"": false, ""initial_log_Pc"": 2.302585092994046, ""initial_log_Qc"": -0.8047189562170498, ""initial_objective"": null, ""iterations"": 0, ""objective_evaluations"": 0, ""start_index"": 12}, {""convergence_reason"": ""LOG_STEP_TOLERANCE"", ""convergence_status"": ""CONVERGED"", ""final_log_Pc"": 2.525136814571465, ""final_log_Qc"": 0.6518755521003057, ""final_objective"": 0.076237799539999, ""final_step_size"": 9.060981821467974e-07, ""finite_start"": true, ""initial_log_Pc"": 3.453877639491069, ""initial_log_Qc"": -0.8047189562170498, ""initial_objective"": 2.0599721460741645, ""iterations"": 57, ""objective_evaluations"": 0, ""start_index"": 13}, {""convergence_reason"": ""LOG_STEP_TOLERANCE"", ""convergence_status"": ""CONVERGED"", ""final_log_Pc"": 2.525136814571465, ""final_log_Qc"": 0.6518755521003057, ""final_objective"": 0.076237799539999, ""final_step_size"": 9.060981821467974e-07, ""finite_start"": true, ""initial_log_Pc"": 4.605170185988092, ""initial_log_Qc"": -0.8047189562170498, ""initial_objective"": 2.514306656582678, ""iterations"": 57, ""objective_evaluations"": 0, ""start_index"": 14}, {""convergence_reason"": ""NONFINITE_START"", ""convergence_status"": ""NONFINITE_START"", ""final_log_Pc"": null, ""final_log_Qc"": null, ""final_objective"": null, ""final_step_size"": null, ""finite_start"": false, ""initial_log_Pc"": 0.0, ""initial_log_Qc"": 1.0955066586684703, ""initial_objective"": null, ""iterations"": 0, ""objective_evaluations"": 1, ""start_index"": 15}, {""convergence_reason"": ""NONFINITE_START"", ""convergence_status"": ""NONFINITE_START"", ""final_log_Pc"": null, ""final_log_Qc"": null, ""final_objective"": null, ""final_step_size"": null, ""finite_start"": false, ""initial_log_Pc"": 1.151292546497023, ""initial_log_Qc"": 1.0955066586684703, ""initial_objective"": null, ""iterations"": 0, ""objective_evaluations"": 1, ""start_index"": 16}, {""convergence_reason"": ""NONFINITE_START"", ""convergence_status"": ""NONFINITE_START"", ""final_log_Pc"": null, ""final_log_Qc"": null, ""final_objective"": null, ""final_step_size"": null, ""finite_start"": false, ""initial_log_Pc"": 2.302585092994046, ""initial_log_Qc"": 1.0955066586684703, ""initial_objective"": null, ""iterations"": 0, ""objective_evaluations"": 1, ""start_index"": 17}, {""convergence_reason"": ""LOG_STEP_TOLERANCE"", ""convergence_status"": ""CONVERGED"", ""final_log_Pc"": 2.525136814571465, ""final_log_Qc"": 0.6518755521003052, ""final_objective"": 0.07623779953999901, ""final_step_size"": 9.060981821467974e-07, ""finite_start"": true, ""initial_log_Pc"": 3.453877639491069, ""initial_log_Qc"": 1.0955066586684703, ""initial_objective"": 0.2396707337289177, ""iterations"": 56, ""objective_evaluations"": 150, ""start_index"": 18}, {""convergence_reason"": ""LOG_STEP_TOLERANCE"", ""convergence_status"": ""CONVERGED"", ""final_log_Pc"": 2.525136814571465, ""final_log_Qc"": 0.6518755521003052, ""final_objective"": 0.07623779953999901, ""final_step_size"": 9.060981821467974e-07, ""finite_start"": true, ""initial_log_Pc"": 4.605170185988092, ""initial_log_Qc"": 1.0955066586684703, ""initial_objective"": 1.0402611932494557, ""iterations"": 57, ""objective_evaluations"": 2, ""start_index"": 19}, {""convergence_reason"": ""NONFINITE_START"", ""convergence_status"": ""NONFINITE_START"", ""final_log_Pc"": null, ""final_log_Qc"": null, ""final_objective"": null, ""final_step_size"": null, ""finite_start"": false, ""initial_log_Pc"": 0.0, ""initial_log_Qc"": 2.9957322735539913, ""initial_objective"": null, ""iterations"": 0, ""objective_evaluations"": 1, ""start_index"": 20}, {""convergence_reason"": ""NONFINITE_START"", ""convergence_status"": ""NONFINITE_START"", ""final_log_Pc"": null, ""final_log_Qc"": null, ""final_objective"": null, ""final_step_size"": null, ""finite_start"": false, ""initial_log_Pc"": 1.151292546497023, ""initial_log_Qc"": 2.9957322735539913, ""initial_objective"": null, ""iterations"": 0, ""objective_evaluations"": 1, ""start_index"": 21}, {""convergence_reason"": ""LOG_STEP_TOLERANCE"", ""convergence_status"": ""CONVERGED"", ""final_log_Pc"": 2.525136814571465, ""final_log_Qc"": 0.6518755521003052, ""final_objective"": 0.07623779953999901, ""final_step_size"": 9.060981821467974e-07, ""finite_start"": true, ""initial_log_Pc"": 2.302585092994046, ""initial_log_Qc"": 2.9957322735539913, ""initial_objective"": 150.13392013417192, ""iterations"": 58, ""objective_evaluations"": 3, ""start_index"": 22}, {""convergence_reason"": ""LOG_STEP_TOLERANCE"", ""convergence_status"": ""CONVERGED"", ""final_log_Pc"": 2.525136814571465, ""final_log_Qc"": 0.6518755521003057, ""final_objective"": 0.076237799539999, ""final_step_size"": 9.060981821467974e-07, ""finite_start"": true, ""initial_log_Pc"": 3.453877639491069, ""initial_log_Qc"": 2.9957322735539913, ""initial_objective"": 63.48782951801468, ""iterations"": 57, ""objective_evaluations"": 1, ""start_index"": 23}, {""convergence_reason"": ""LOG_STEP_TOLERANCE"", ""convergence_status"": ""CONVERGED"", ""final_log_Pc"": 2.525136814571465, ""final_log_Qc"": 0.6518755521003057, ""final_objective"": 0.076237799539999, ""final_step_size"": 9.060981821467974e-07, ""finite_start"": true, ""initial_log_Pc"": 4.605170185988092, ""initial_log_Qc"": 2.9957322735539913, ""initial_objective"": 10.010971827744665, ""iterations"": 57, ""objective_evaluations"": 1, ""start_index"": 24}], ""total_objective_evaluations"": 337, ""winning_start_index"": 18}"
HYD-LOCO-1.0,WASZ-COND-1.0,HYD_E2C_EWP_FINITE_PHI_POROELASTIC_COMPONENT,WASZ-COND-2.0;WASZ-COND-3.5;WASZ-COND-4.0;WASZ-COND-5.0;WASZ-COND-6.0;WASZ-COND-7.0;WASZ-COND-8.0;WASZ-COND-9.0;WASZ-COND-11.0;WASZ-COND-13.0,WASZ-BREW-10-2;WASZ-BREW-10-3;WASZ-BREW-10-4;WASZ-BREW-10-5;WASZ-BREW-12-8-2;WASZ-BREW-12-8-3;WASZ-BREW-12-8-4;WASZ-BREW-12-8-5;WASZ-BREW-12-8-6;WASZ-BREW-12-8-7;WASZ-BREW-2-2;WASZ-BREW-2-3;WASZ-BREW-2-4;WASZ-BREW-2-5;WASZ-BREW-3-5-3;WASZ-BREW-3-5-4;WASZ-BREW-3-5-5;WASZ-BREW-4-1;WASZ-BREW-4-1b;WASZ-BREW-4-2;WASZ-BREW-4-2b;WASZ-BREW-4-3;WASZ-BREW-4-3b;WASZ-BREW-4-4;WASZ-BREW-4-4b;WASZ-BREW-4-5;WASZ-BREW-4-5b;WASZ-BREW-5-1;WASZ-BREW-5-2;WASZ-BREW-5-3;WASZ-BREW-5-4;WASZ-BREW-5-5;WASZ-BREW-6-1;WASZ-BREW-6-2;WASZ-BREW-6-3;WASZ-BREW-6-4;WASZ-BREW-6-5;WASZ-BREW-6-6;WASZ-BREW-7-1;WASZ-BREW-7-2;WASZ-BREW-7-3;WASZ-BREW-7-4;WASZ-BREW-8-1;WASZ-BREW-8-1b;WASZ-BREW-8-2;WASZ-BREW-8-3;WASZ-BREW-9-1;WASZ-BREW-9-2;WASZ-BREW-9-3;WASZ-BREW-9-4;WASZ-BREW-9-5,WASZ-BREW-1-1;WASZ-BREW-1-2;WASZ-BREW-1-3;WASZ-BREW-1-4;WASZ-BREW-1-5b,1.6662024999999998,PASS,,,PASS,PASS,0,0,0,"{""Pc_bar"": 12.491918517997986, ""Qc_g_s"": 1.925829494800485, ""log_Pc"": 2.5250819166648477, ""log_Qc"": 0.6553567813161132}",0.3102612227310103,0.18620859273168197,PRACTICALLY_NONIDENTIFIABLE,"{""bound_proximity"": false, ""convergence_reason"": ""LOG_STEP_TOLERANCE"", ""domain_failure_count"": 0, ""execution_status"": ""PASS"", ""failure_class"": """", ""failure_reason"": """", ""final_step_size"": 9.060981821467974e-07, ""finite_start_count"": 11, ""fitted_parameters"": {""Pc_bar"": 12.491918517997986, ""Qc_g_s"": 1.925829494800485, ""log_Pc"": 2.5250819166648477, ""log_Qc"": 0.6553567813161132}, ""identifiability"": ""PRACTICALLY_NONIDENTIFIABLE"", ""identifiability_diagnostics"": {""hessian_condition_number"": null, ""hessian_eigenvalues"": [null, null], ""hessian_log_space"": [[null, null], [null, null]], ""minimum_relative_profile_increase"": 0.04672485062439325, ""profile_scans"": {""log_Pc"": [{""objective"": null, ""offset"": -0.05}, {""objective"": 0.08025140699168493, ""offset"": 0.05}, {""objective"": null, ""offset"": -0.1}, {""objective"": 0.08556204168073034, ""offset"": 0.1}, {""objective"": null, ""offset"": -0.25}, {""objective"": 0.11236609815198338, ""offset"": 0.25}], ""log_Qc"": [{""objective"": null, ""offset"": -0.05}, {""objective"": 0.0838786853876331, ""offset"": 0.05}, {""objective"": null, ""offset"": -0.1}, {""objective"": 0.10697395072754044, ""offset"": 0.1}, {""objective"": null, ""offset"": -0.25}, {""objective"": 0.29690359381175424, ""offset"": 0.25}]}}, ""identifiability_objective_evaluations"": 8, ""iterations"": 556, ""nonfinite_count"": 14, ""objective"": 0.07666905676674561, ""optimizer_objective_evaluations"": 287, ""optimizer_status"": ""PASS"", ""prediction_status"": ""PENDING"", ""root_failure_count"": 0, ""start_count"": 25, ""start_receipts"": [{""convergence_reason"": ""NONFINITE_START"", ""convergence_status"": ""NONFINITE_START"", ""final_log_Pc"": null, ""final_log_Qc"": null, ""final_objective"": null, ""final_step_size"": null, ""finite_start"": false, ""initial_log_Pc"": 0.0, ""initial_log_Qc"": -4.605170185988091, ""initial_objective"": null, ""iterations"": 0, ""objective_evaluations"": 1, ""start_index"": 0}, {""convergence_reason"": ""NONFINITE_START"", ""convergence_status"": ""NONFINITE_START"", ""final_log_Pc"": null, ""final_log_Qc"": null, ""final_objective"": null, ""final_step_size"": null, ""finite_start"": false, ""initial_log_Pc"": 1.151292546497023, ""initial_log_Qc"": -4.605170185988091, ""initial_objective"": null, ""iterations"": 0, ""objective_evaluations"": 1, ""start_index"": 1}, {""convergence_reason"": ""NONFINITE_START"", ""convergence_status"": ""NONFINITE_START"", ""final_log_Pc"": null, ""final_log_Qc"": null, ""final_objective"": null, ""final_step_size"": null, ""finite_start"": false, ""initial_log_Pc"": 2.302585092994046, ""initial_log_Qc"": -4.605170185988091, ""initial_objective"": null, ""iterations"": 0, ""objective_evaluations"": 1, ""start_index"": 2}, {""convergence_reason"": ""LOG_STEP_TOLERANCE"", ""convergence_status"": ""CONVERGED"", ""final_log_Pc"": 2.5250819166648477, ""final_log_Qc"": 0.6553567813161136, ""final_objective"": 0.07666905676674562, ""final_step_size"": 9.060981821467974e-07, ""finite_start"": true, ""initial_log_Pc"": 3.453877639491069, ""initial_log_Qc"": -4.605170185988091, ""initial_objective"": 2.8413081243340197, ""iterations"": 52, ""objective_evaluations"": 138, ""start_index"": 3}, {""convergence_reason"": ""LOG_STEP_TOLERANCE"", ""convergence_status"": ""CONVERGED"", ""final_log_Pc"": 2.5250819166648477, ""final_log_Qc"": 0.6553567813161136, ""final_objective"": 0.07666905676674562, ""final_step_size"": 9.060981821467974e-07, ""finite_start"": true, ""initial_log_Pc"": 4.605170185988092, ""initial_log_Qc"": -4.605170185988091, ""initial_objective"": 2.85269789447566, ""iterations"": 52, ""objective_evaluations"": 1, ""start_index"": 4}, {""convergence_reason"": ""NONFINITE_START"", ""convergence_status"": ""NONFINITE_START"", ""final_log_Pc"": null, ""final_log_Qc"": null, ""final_objective"": null, ""final_step_size"": null, ""finite_start"": false, ""initial_log_Pc"": 0.0, ""initial_log_Qc"": -2.7049445711025704, ""initial_objective"": null, ""iterations"": 0, ""objective_evaluations"": 1, ""start_index"": 5}, {""convergence_reason"": ""NONFINITE_START"", ""convergence_status"": ""NONFINITE_START"", ""final_log_Pc"": null, ""final_log_Qc"": null, ""final_objective"": null, ""final_step_size"": null, ""finite_start"": false, ""initial_log_Pc"": 1.151292546497023, ""initial_log_Qc"": -2.7049445711025704, ""initial_objective"": null, ""iterations"": 0, ""objective_evaluations"": 1, ""start_index"": 6}, {""convergence_reason"": ""NONFINITE_START"", ""convergence_status"": ""NONFINITE_START"", ""final_log_Pc"": null, ""final_log_Qc"": null, ""final_objective"": null, ""final_step_size"": null, ""finite_start"": false, ""initial_log_Pc"": 2.302585092994046, ""initial_log_Qc"": -2.7049445711025704, ""initial_objective"": null, ""iterations"": 0, ""objective_evaluations"": 0, ""start_index"": 7}, {""convergence_reason"": ""LOG_STEP_TOLERANCE"", ""convergence_status"": ""CONVERGED"", ""final_log_Pc"": 2.5250819166648477, ""final_log_Qc"": 0.6553567813161136, ""final_objective"": 0.07666905676674562, ""final_step_size"": 9.060981821467974e-07, ""finite_start"": true, ""initial_log_Pc"": 3.453877639491069, ""initial_log_Qc"": -2.7049445711025704, ""initial_objective"": 2.733144700488046, ""iterations"": 51, ""objective_evaluations"": 0, ""start_index"": 8}, {""convergence_reason"": ""LOG_STEP_TOLERANCE"", ""convergence_status"": ""CONVERGED"", ""final_log_Pc"": 2.5250819166648477, ""final_log_Qc"": 0.6553567813161136, ""final_objective"": 0.07666905676674562, ""final_step_size"": 9.060981821467974e-07, ""finite_start"": true, ""initial_log_Pc"": 4.605170185988092, ""initial_log_Qc"": -2.7049445711025704, ""initial_objective"": 2.8081972144543266, ""iterations"": 51, ""objective_evaluations"": 0, ""start_index"": 9}, {""convergence_reason"": ""NONFINITE_START"", ""convergence_status"": ""NONFINITE_START"", ""final_log_Pc"": null, ""final_log_Qc"": null, ""final_objective"": null, ""final_step_size"": null, ""finite_start"": false, ""initial_log_Pc"": 0.0, ""initial_log_Qc"": -0.8047189562170498, ""initial_objective"": null, ""iterations"": 0, ""objective_evaluations"": 1, ""start_index"": 10}, {""convergence_reason"": ""NONFINITE_START"", ""convergence_status"": ""NONFINITE_START"", ""final_log_Pc"": null, ""final_log_Qc"": null, ""final_objective"": null, ""final_step_size"": null, ""finite_start"": false, ""initial_log_Pc"": 1.151292546497023, ""initial_log_Qc"": -0.8047189562170498, ""initial_objective"": null, ""iterations"": 0, ""objective_evaluations"": 1, ""start_index"": 11}, {""convergence_reason"": ""NONFINITE_START"", ""convergence_status"": ""NONFINITE_START"", ""final_log_Pc"": null, ""final_log_Qc"": null, ""final_objective"": null, ""final_step_size"": null, ""finite_start"": false, ""initial_log_Pc"": 2.302585092994046, ""initial_log_Qc"": -0.8047189562170498, ""initial_objective"": null, ""iterations"": 0, ""objective_evaluations"": 0, ""start_index"": 12}, {""convergence_reason"": ""LOG_STEP_TOLERANCE"", ""convergence_status"": ""CONVERGED"", ""final_log_Pc"": 2.5250819166648477, ""final_log_Qc"": 0.6553567813161136, ""final_objective"": 0.07666905676674562, ""final_step_size"": 9.060981821467974e-07, ""finite_start"": true, ""initial_log_Pc"": 3.453877639491069, ""initial_log_Qc"": -0.8047189562170498, ""initial_objective"": 2.0690032040907855, ""iterations"": 50, ""objective_evaluations"": 0, ""start_index"": 13}, {""convergence_reason"": ""LOG_STEP_TOLERANCE"", ""convergence_status"": ""CONVERGED"", ""final_log_Pc"": 2.5250819166648477, ""final_log_Qc"": 0.6553567813161136, ""final_objective"": 0.07666905676674562, ""final_step_size"": 9.060981821467974e-07, ""finite_start"": true, ""initial_log_Pc"": 4.605170185988092, ""initial_log_Qc"": -0.8047189562170498, ""initial_objective"": 2.5210542954991064, ""iterations"": 50, ""objective_evaluations"": 0, ""start_index"": 14}, {""convergence_reason"": ""NONFINITE_START"", ""convergence_status"": ""NONFINITE_START"", ""final_log_Pc"": null, ""final_log_Qc"": null, ""final_objective"": null, ""final_step_size"": null, ""finite_start"": false, ""initial_log_Pc"": 0.0, ""initial_log_Qc"": 1.0955066586684703, ""initial_objective"": null, ""iterations"": 0, ""objective_evaluations"": 1, ""start_index"": 15}, {""convergence_reason"": ""NONFINITE_START"", ""convergence_status"": ""NONFINITE_START"", ""final_log_Pc"": null, ""final_log_Qc"": null, ""final_objective"": null, ""final_step_size"": null, ""finite_start"": false, ""initial_log_Pc"": 1.151292546497023, ""initial_log_Qc"": 1.0955066586684703, ""initial_objective"": null, ""iterations"": 0, ""objective_evaluations"": 1, ""start_index"": 16}, {""convergence_reason"": ""NONFINITE_START"", ""convergence_status"": ""NONFINITE_START"", ""final_log_Pc"": null, ""final_log_Qc"": null, ""final_objective"": null, ""final_step_size"": null, ""finite_start"": false, ""initial_log_Pc"": 2.302585092994046, ""initial_log_Qc"": 1.0955066586684703, ""initial_objective"": null, ""iterations"": 0, ""objective_evaluations"": 1, ""start_index"": 17}, {""convergence_reason"": ""LOG_STEP_TOLERANCE"", ""convergence_status"": ""CONVERGED"", ""final_log_Pc"": 2.5250819166648477, ""final_log_Qc"": 0.6553567813161132, ""final_objective"": 0.07666905676674561, ""final_step_size"": 9.060981821467974e-07, ""finite_start"": true, ""initial_log_Pc"": 3.453877639491069, ""initial_log_Qc"": 1.0955066586684703, ""initial_objective"": 0.23947277467871855, ""iterations"": 49, ""objective_evaluations"": 129, ""start_index"": 18}, {""convergence_reason"": ""LOG_STEP_TOLERANCE"", ""convergence_status"": ""CONVERGED"", ""final_log_Pc"": 2.5250819166648477, ""final_log_Qc"": 0.6553567813161132, ""final_objective"": 0.07666905676674561, ""final_step_size"": 9.060981821467974e-07, ""finite_start"": true, ""initial_log_Pc"": 4.605170185988092, ""initial_log_Qc"": 1.0955066586684703, ""initial_objective"": 1.066190167525962, ""iterations"": 50, ""objective_evaluations"": 2, ""start_index"": 19}, {""convergence_reason"": ""NONFINITE_START"", ""convergence_status"": ""NONFINITE_START"", ""final_log_Pc"": null, ""final_log_Qc"": null, ""final_objective"": null, ""final_step_size"": null, ""finite_start"": false, ""initial_log_Pc"": 0.0, ""initial_log_Qc"": 2.9957322735539913, ""initial_objective"": null, ""iterations"": 0, ""objective_evaluations"": 1, ""start_index"": 20}, {""convergence_reason"": ""NONFINITE_START"", ""convergence_status"": ""NONFINITE_START"", ""final_log_Pc"": null, ""final_log_Qc"": null, ""final_objective"": null, ""final_step_size"": null, ""finite_start"": false, ""initial_log_Pc"": 1.151292546497023, ""initial_log_Qc"": 2.9957322735539913, ""initial_objective"": null, ""iterations"": 0, ""objective_evaluations"": 1, ""start_index"": 21}, {""convergence_reason"": ""LOG_STEP_TOLERANCE"", ""convergence_status"": ""CONVERGED"", ""final_log_Pc"": 2.5250819166648477, ""final_log_Qc"": 0.6553567813161132, ""final_objective"": 0.07666905676674561, ""final_step_size"": 9.060981821467974e-07, ""finite_start"": true, ""initial_log_Pc"": 2.302585092994046, ""initial_log_Qc"": 2.9957322735539913, ""initial_objective"": 148.92723113740257, ""iterations"": 51, ""objective_evaluations"": 3, ""start_index"": 22}, {""convergence_reason"": ""LOG_STEP_TOLERANCE"", ""convergence_status"": ""CONVERGED"", ""final_log_Pc"": 2.5250819166648477, ""final_log_Qc"": 0.6553567813161136, ""final_objective"": 0.07666905676674562, ""final_step_size"": 9.060981821467974e-07, ""finite_start"": true, ""initial_log_Pc"": 3.453877639491069, ""initial_log_Qc"": 2.9957322735539913, ""initial_objective"": 62.054847392832635, ""iterations"": 50, ""objective_evaluations"": 1, ""start_index"": 23}, {""convergence_reason"": ""LOG_STEP_TOLERANCE"", ""convergence_status"": ""CONVERGED"", ""final_log_Pc"": 2.5250819166648477, ""final_log_Qc"": 0.6553567813161136, ""final_objective"": 0.07666905676674562, ""final_step_size"": 9.060981821467974e-07, ""finite_start"": true, ""initial_log_Pc"": 4.605170185988092, ""initial_log_Qc"": 2.9957322735539913, ""initial_objective"": 9.508940037310857, ""iterations"": 50, ""objective_evaluations"": 1, ""start_index"": 24}], ""total_objective_evaluations"": 295, ""winning_start_index"": 18}"
HYD-LOCO-2.0,WASZ-COND-2.0,HYD_P1_POROELASTIC_UNIVERSAL_LIMIT,WASZ-COND-1.0;WASZ-COND-3.5;WASZ-COND-4.0;WASZ-COND-5.0;WASZ-COND-6.0;WASZ-COND-7.0;WASZ-COND-8.0;WASZ-COND-9.0;WASZ-COND-11.0;WASZ-COND-13.0,WASZ-BREW-1-1;WASZ-BREW-1-2;WASZ-BREW-1-3;WASZ-BREW-1-4;WASZ-BREW-1-5b;WASZ-BREW-10-2;WASZ-BREW-10-3;WASZ-BREW-10-4;WASZ-BREW-10-5;WASZ-BREW-12-8-2;WASZ-BREW-12-8-3;WASZ-BREW-12-8-4;WASZ-BREW-12-8-5;WASZ-BREW-12-8-6;WASZ-BREW-12-8-7;WASZ-BREW-3-5-3;WASZ-BREW-3-5-4;WASZ-BREW-3-5-5;WASZ-BREW-4-1;WASZ-BREW-4-1b;WASZ-BREW-4-2;WASZ-BREW-4-2b;WASZ-BREW-4-3;WASZ-BREW-4-3b;WASZ-BREW-4-4;WASZ-BREW-4-4b;WASZ-BREW-4-5;WASZ-BREW-4-5b;WASZ-BREW-5-1;WASZ-BREW-5-2;WASZ-BREW-5-3;WASZ-BREW-5-4;WASZ-BREW-5-5;WASZ-BREW-6-1;WASZ-BREW-6-2;WASZ-BREW-6-3;WASZ-BREW-6-4;WASZ-BREW-6-5;WASZ-BREW-6-6;WASZ-BREW-7-1;WASZ-BREW-7-2;WASZ-BREW-7-3;WASZ-BREW-7-4;WASZ-BREW-8-1;WASZ-BREW-8-1b;WASZ-BREW-8-2;WASZ-BREW-8-3;WASZ-BREW-9-1;WASZ-BREW-9-2;WASZ-BREW-9-3;WASZ-BREW-9-4;WASZ-BREW-9-5,WASZ-BREW-2-2;WASZ-BREW-2-3;WASZ-BREW-2-4;WASZ-BREW-2-5,1.9299269999999997,PASS,,,PASS,PASS,0,0,0,"{""Pc_bar"": 12.491507056668802, ""Qc_g_s"": 1.9298051915057965, ""log_Pc"": 2.52504897792088, ""log_Qc"": 0.6574190607786793}",0.38742604861633234,0.2007464782949471,PRACTICALLY_NONIDENTIFIABLE,"{""bound_proximity"": false, ""convergence_reason"": ""LOG_STEP_TOLERANCE"", ""domain_failure_count"": 0, ""execution_status"": ""PASS"", ""failure_class"": """", ""failure_reason"": """", ""final_step_size"": 9.060981821467974e-07, ""finite_start_count"": 11, ""fitted_parameters"": {""Pc_bar"": 12.491507056668802, ""Qc_g_s"": 1.9298051915057965, ""log_Pc"": 2.52504897792088, ""log_Qc"": 0.6574190607786793}, ""identifiability"": ""PRACTICALLY_NONIDENTIFIABLE"", ""identifiability_diagnostics"": {""hessian_condition_number"": null, ""hessian_eigenvalues"": [null, null], ""hessian_log_space"": [[null, null], [null, null]], ""minimum_relative_profile_increase"": 0.054421672811429816, ""profile_scans"": {""log_Pc"": [{""objective"": null, ""offset"": -0.05}, {""objective"": 0.0754296045800338, ""offset"": 0.05}, {""objective"": null, ""offset"": -0.1}, {""objective"": 0.08088201619591358, ""offset"": 0.1}, {""objective"": null, ""offset"": -0.25}, {""objective"": 0.10719582875569549, ""offset"": 0.25}], ""log_Qc"": [{""objective"": null, ""offset"": -0.05}, {""objective"": 0.07873068308546065, ""offset"": 0.05}, {""objective"": null, ""offset"": -0.1}, {""objective"": 0.10177727682210193, ""offset"": 0.1}, {""objective"": null, ""offset"": -0.25}, {""objective"": 0.2913336926179594, ""offset"": 0.25}]}}, ""identifiability_objective_evaluations"": 8, ""iterations"": 501, ""nonfinite_count"": 14, ""objective"": 0.07153647020448094, ""optimizer_objective_evaluations"": 279, ""optimizer_status"": ""PASS"", ""prediction_status"": ""PENDING"", ""root_failure_count"": 0, ""start_count"": 25, ""start_receipts"": [{""convergence_reason"": ""NONFINITE_START"", ""convergence_status"": ""NONFINITE_START"", ""final_log_Pc"": null, ""final_log_Qc"": null, ""final_objective"": null, ""final_step_size"": null, ""finite_start"": false, ""initial_log_Pc"": 0.0, ""initial_log_Qc"": -4.605170185988091, ""initial_objective"": null, ""iterations"": 0, ""objective_evaluations"": 1, ""start_index"": 0}, {""convergence_reason"": ""NONFINITE_START"", ""convergence_status"": ""NONFINITE_START"", ""final_log_Pc"": null, ""final_log_Qc"": null, ""final_objective"": null, ""final_step_size"": null, ""finite_start"": false, ""initial_log_Pc"": 1.151292546497023, ""initial_log_Qc"": -4.605170185988091, ""initial_objective"": null, ""iterations"": 0, ""objective_evaluations"": 1, ""start_index"": 1}, {""convergence_reason"": ""NONFINITE_START"", ""convergence_status"": ""NONFINITE_START"", ""final_log_Pc"": null, ""final_log_Qc"": null, ""final_objective"": null, ""final_step_size"": null, ""finite_start"": false, ""initial_log_Pc"": 2.302585092994046, ""initial_log_Qc"": -4.605170185988091, ""initial_objective"": null, ""iterations"": 0, ""objective_evaluations"": 1, ""start_index"": 2}, {""convergence_reason"": ""LOG_STEP_TOLERANCE"", ""convergence_status"": ""CONVERGED"", ""final_log_Pc"": 2.52504897792088, ""final_log_Qc"": 0.6574190607786797, ""final_objective"": 0.07153647020448094, ""final_step_size"": 9.060981821467974e-07, ""finite_start"": true, ""initial_log_Pc"": 3.453877639491069, ""initial_log_Qc"": -4.605170185988091, ""initial_objective"": 2.8280997421355822, ""iterations"": 47, ""objective_evaluations"": 134, ""start_index"": 3}, {""convergence_reason"": ""LOG_STEP_TOLERANCE"", ""convergence_status"": ""CONVERGED"", ""final_log_Pc"": 2.52504897792088, ""final_log_Qc"": 0.6574190607786797, ""final_objective"": 0.07153647020448094, ""final_step_size"": 9.060981821467974e-07, ""finite_start"": true, ""initial_log_Pc"": 4.605170185988092, ""initial_log_Qc"": -4.605170185988091, ""initial_objective"": 2.8394890633638052, ""iterations"": 47, ""objective_evaluations"": 1, ""start_index"": 4}, {""convergence_reason"": ""NONFINITE_START"", ""convergence_status"": ""NONFINITE_START"", ""final_log_Pc"": null, ""final_log_Qc"": null, ""final_objective"": null, ""final_step_size"": null, ""finite_start"": false, ""initial_log_Pc"": 0.0, ""initial_log_Qc"": -2.7049445711025704, ""initial_objective"": null, ""iterations"": 0, ""objective_evaluations"": 1, ""start_index"": 5}, {""convergence_reason"": ""NONFINITE_START"", ""convergence_status"": ""NONFINITE_START"", ""final_log_Pc"": null, ""final_log_Qc"": null, ""final_objective"": null, ""final_step_size"": null, ""finite_start"": false, ""initial_log_Pc"": 1.151292546497023, ""initial_log_Qc"": -2.7049445711025704, ""initial_objective"": null, ""iterations"": 0, ""objective_evaluations"": 1, ""start_index"": 6}, {""convergence_reason"": ""NONFINITE_START"", ""convergence_status"": ""NONFINITE_START"", ""final_log_Pc"": null, ""final_log_Qc"": null, ""final_objective"": null, ""final_step_size"": null, ""finite_start"": false, ""initial_log_Pc"": 2.302585092994046, ""initial_log_Qc"": -2.7049445711025704, ""initial_objective"": null, ""iterations"": 0, ""objective_evaluations"": 0, ""start_index"": 7}, {""convergence_reason"": ""LOG_STEP_TOLERANCE"", ""convergence_status"": ""CONVERGED"", ""final_log_Pc"": 2.52504897792088, ""final_log_Qc"": 0.6574190607786797, ""final_objective"": 0.07153647020448094, ""final_step_size"": 9.060981821467974e-07, ""finite_start"": true, ""initial_log_Pc"": 3.453877639491069, ""initial_log_Qc"": -2.7049445711025704, ""initial_objective"": 2.7192562461525025, ""iterations"": 46, ""objective_evaluations"": 0, ""start_index"": 8}, {""convergence_reason"": ""LOG_STEP_TOLERANCE"", ""convergence_status"": ""CONVERGED"", ""final_log_Pc"": 2.52504897792088, ""final_log_Qc"": 0.6574190607786797, ""final_objective"": 0.07153647020448094, ""final_step_size"": 9.060981821467974e-07, ""finite_start"": true, ""initial_log_Pc"": 4.605170185988092, ""initial_log_Qc"": -2.7049445711025704, ""initial_objective"": 2.7942924991179092, ""iterations"": 46, ""objective_evaluations"": 0, ""start_index"": 9}, {""convergence_reason"": ""NONFINITE_START"", ""convergence_status"": ""NONFINITE_START"", ""final_log_Pc"": null, ""final_log_Qc"": null, ""final_objective"": null, ""final_step_size"": null, ""finite_start"": false, ""initial_log_Pc"": 0.0, ""initial_log_Qc"": -0.8047189562170498, ""initial_objective"": null, ""iterations"": 0, ""objective_evaluations"": 1, ""start_index"": 10}, {""convergence_reason"": ""NONFINITE_START"", ""convergence_status"": ""NONFINITE_START"", ""final_log_Pc"": null, ""final_log_Qc"": null, ""final_objective"": null, ""final_step_size"": null, ""finite_start"": false, ""initial_log_Pc"": 1.151292546497023, ""initial_log_Qc"": -0.8047189562170498, ""initial_objective"": null, ""iterations"": 0, ""objective_evaluations"": 1, ""start_index"": 11}, {""convergence_reason"": ""NONFINITE_START"", ""convergence_status"": ""NONFINITE_START"", ""final_log_Pc"": null, ""final_log_Qc"": null, ""final_objective"": null, ""final_step_size"": null, ""finite_start"": false, ""initial_log_Pc"": 2.302585092994046, ""initial_log_Qc"": -0.8047189562170498, ""initial_objective"": null, ""iterations"": 0, ""objective_evaluations"": 0, ""start_index"": 12}, {""convergence_reason"": ""LOG_STEP_TOLERANCE"", ""convergence_status"": ""CONVERGED"", ""final_log_Pc"": 2.52504897792088, ""final_log_Qc"": 0.6574190607786797, ""final_objective"": 0.07153647020448094, ""final_step_size"": 9.060981821467974e-07, ""finite_start"": true, ""initial_log_Pc"": 3.453877639491069, ""initial_log_Qc"": -0.8047189562170498, ""initial_objective"": 2.0515258050710967, ""iterations"": 45, ""objective_evaluations"": 0, ""start_index"": 13}, {""convergence_reason"": ""LOG_STEP_TOLERANCE"", ""convergence_status"": ""CONVERGED"", ""final_log_Pc"": 2.52504897792088, ""final_log_Qc"": 0.6574190607786797, ""final_objective"": 0.07153647020448094, ""final_step_size"": 9.060981821467974e-07, ""finite_start"": true, ""initial_log_Pc"": 4.605170185988092, ""initial_log_Qc"": -0.8047189562170498, ""initial_objective"": 2.5028748313793967, ""iterations"": 45, ""objective_evaluations"": 0, ""start_index"": 14}, {""convergence_reason"": ""NONFINITE_START"", ""convergence_status"": ""NONFINITE_START"", ""final_log_Pc"": null, ""final_log_Qc"": null, ""final_objective"": null, ""final_step_size"": null, ""finite_start"": false, ""initial_log_Pc"": 0.0, ""initial_log_Qc"": 1.0955066586684703, ""initial_objective"": null, ""iterations"": 0, ""objective_evaluations"": 1, ""start_index"": 15}, {""convergence_reason"": ""NONFINITE_START"", ""convergence_status"": ""NONFINITE_START"", ""final_log_Pc"": null, ""final_log_Qc"": null, ""final_objective"": null, ""final_step_size"": null, ""finite_start"": false, ""initial_log_Pc"": 1.151292546497023, ""initial_log_Qc"": 1.0955066586684703, ""initial_objective"": null, ""iterations"": 0, ""objective_evaluations"": 1, ""start_index"": 16}, {""convergence_reason"": ""NONFINITE_START"", ""convergence_status"": ""NONFINITE_START"", ""final_log_Pc"": null, ""final_log_Qc"": null, ""final_objective"": null, ""final_step_size"": null, ""finite_start"": false, ""initial_log_Pc"": 2.302585092994046, ""initial_log_Qc"": 1.0955066586684703, ""initial_objective"": null, ""iterations"": 0, ""objective_evaluations"": 1, ""start_index"": 17}, {""convergence_reason"": ""LOG_STEP_TOLERANCE"", ""convergence_status"": ""CONVERGED"", ""final_log_Pc"": 2.52504897792088, ""final_log_Qc"": 0.6574190607786793, ""final_objective"": 0.07153647020448094, ""final_step_size"": 9.060981821467974e-07, ""finite_start"": true, ""initial_log_Pc"": 3.453877639491069, ""initial_log_Qc"": 1.0955066586684703, ""initial_objective"": 0.24034228360548002, ""iterations"": 44, ""objective_evaluations"": 125, ""start_index"": 18}, {""convergence_reason"": ""LOG_STEP_TOLERANCE"", ""convergence_status"": ""CONVERGED"", ""final_log_Pc"": 2.52504897792088, ""final_log_Qc"": 0.6574190607786793, ""final_objective"": 0.07153647020448094, ""final_step_size"": 9.060981821467974e-07, ""finite_start"": true, ""initial_log_Pc"": 4.605170185988092, ""initial_log_Qc"": 1.0955066586684703, ""initial_objective"": 1.0362444574512346, ""iterations"": 45, ""objective_evaluations"": 2, ""start_index"": 19}, {""convergence_reason"": ""NONFINITE_START"", ""convergence_status"": ""NONFINITE_START"", ""final_log_Pc"": null, ""final_log_Qc"": null, ""final_objective"": null, ""final_step_size"": null, ""finite_start"": false, ""initial_log_Pc"": 0.0, ""initial_log_Qc"": 2.9957322735539913, ""initial_objective"": null, ""iterations"": 0, ""objective_evaluations"": 1, ""start_index"": 20}, {""convergence_reason"": ""NONFINITE_START"", ""convergence_status"": ""NONFINITE_START"", ""final_log_Pc"": null, ""final_log_Qc"": null, ""final_objective"": null, ""final_step_size"": null, ""finite_start"": false, ""initial_log_Pc"": 1.151292546497023, ""initial_log_Qc"": 2.9957322735539913, ""initial_objective"": null, ""iterations"": 0, ""objective_evaluations"": 1, ""start_index"": 21}, {""convergence_reason"": ""LOG_STEP_TOLERANCE"", ""convergence_status"": ""CONVERGED"", ""final_log_Pc"": 2.52504897792088, ""final_log_Qc"": 0.6574190607786793, ""final_objective"": 0.07153647020448094, ""final_step_size"": 9.060981821467974e-07, ""finite_start"": true, ""initial_log_Pc"": 2.302585092994046, ""initial_log_Qc"": 2.9957322735539913, ""initial_objective"": 148.5268272507683, ""iterations"": 46, ""objective_evaluations"": 3, ""start_index"": 22}, {""convergence_reason"": ""LOG_STEP_TOLERANCE"", ""convergence_status"": ""CONVERGED"", ""final_log_Pc"": 2.52504897792088, ""final_log_Qc"": 0.6574190607786797, ""final_objective"": 0.07153647020448094, ""final_step_size"": 9.060981821467974e-07, ""finite_start"": true, ""initial_log_Pc"": 3.453877639491069, ""initial_log_Qc"": 2.9957322735539913, ""initial_objective"": 63.041881145035646, ""iterations"": 45, ""objective_evaluations"": 1, ""start_index"": 23}, {""convergence_reason"": ""LOG_STEP_TOLERANCE"", ""convergence_status"": ""CONVERGED"", ""final_log_Pc"": 2.52504897792088, ""final_log_Qc"": 0.6574190607786797, ""final_objective"": 0.07153647020448094, ""final_step_size"": 9.060981821467974e-07, ""finite_start"": true, ""initial_log_Pc"": 4.605170185988092, ""initial_log_Qc"": 2.9957322735539913, ""initial_objective"": 9.976522005646741, ""iterations"": 45, ""objective_evaluations"": 1, ""start_index"": 24}], ""total_objective_evaluations"": 287, ""winning_start_index"": 18}"
HYD-LOCO-2.0,WASZ-COND-2.0,HYD_E2C_EWP_FINITE_PHI_POROELASTIC_COMPONENT,WASZ-COND-1.0;WASZ-COND-3.5;WASZ-COND-4.0;WASZ-COND-5.0;WASZ-COND-6.0;WASZ-COND-7.0;WASZ-COND-8.0;WASZ-COND-9.0;WASZ-COND-11.0;WASZ-COND-13.0,WASZ-BREW-1-1;WASZ-BREW-1-2;WASZ-BREW-1-3;WASZ-BREW-1-4;WASZ-BREW-1-5b;WASZ-BREW-10-2;WASZ-BREW-10-3;WASZ-BREW-10-4;WASZ-BREW-10-5;WASZ-BREW-12-8-2;WASZ-BREW-12-8-3;WASZ-BREW-12-8-4;WASZ-BREW-12-8-5;WASZ-BREW-12-8-6;WASZ-BREW-12-8-7;WASZ-BREW-3-5-3;WASZ-BREW-3-5-4;WASZ-BREW-3-5-5;WASZ-BREW-4-1;WASZ-BREW-4-1b;WASZ-BREW-4-2;WASZ-BREW-4-2b;WASZ-BREW-4-3;WASZ-BREW-4-3b;WASZ-BREW-4-4;WASZ-BREW-4-4b;WASZ-BREW-4-5;WASZ-BREW-4-5b;WASZ-BREW-5-1;WASZ-BREW-5-2;WASZ-BREW-5-3;WASZ-BREW-5-4;WASZ-BREW-5-5;WASZ-BREW-6-1;WASZ-BREW-6-2;WASZ-BREW-6-3;WASZ-BREW-6-4;WASZ-BREW-6-5;WASZ-BREW-6-6;WASZ-BREW-7-1;WASZ-BREW-7-2;WASZ-BREW-7-3;WASZ-BREW-7-4;WASZ-BREW-8-1;WASZ-BREW-8-1b;WASZ-BREW-8-2;WASZ-BREW-8-3;WASZ-BREW-9-1;WASZ-BREW-9-2;WASZ-BREW-9-3;WASZ-BREW-9-4;WASZ-BREW-9-5,WASZ-BREW-2-2;WASZ-BREW-2-3;WASZ-BREW-2-4;WASZ-BREW-2-5,1.9299269999999997,PASS,,,PASS,PASS,0,0,0,"{""Pc_bar"": 12.49086246116822, ""Qc_g_s"": 1.9360577758153859, ""log_Pc"": 2.524997373888663, ""log_Qc"": 0.6606538312889435}",0.3764925563015504,0.1950812420892347,PRACTICALLY_NONIDENTIFIABLE,"{""bound_proximity"": false, ""convergence_reason"": ""LOG_STEP_TOLERANCE"", ""domain_failure_count"": 0, ""execution_status"": ""PASS"", ""failure_class"": """", ""failure_reason"": """", ""final_step_size"": 9.060981821467974e-07, ""finite_start_count"": 11, ""fitted_parameters"": {""Pc_bar"": 12.49086246116822, ""Qc_g_s"": 1.9360577758153859, ""log_Pc"": 2.524997373888663, ""log_Qc"": 0.6606538312889435}, ""identifiability"": ""PRACTICALLY_NONIDENTIFIABLE"", ""identifiability_diagnostics"": {""hessian_condition_number"": null, ""hessian_eigenvalues"": [null, null], ""hessian_log_space"": [[null, null], [null, null]], ""minimum_relative_profile_increase"": 0.0592976758903379, ""profile_scans"": {""log_Pc"": [{""objective"": null, ""offset"": -0.05}, {""objective"": 0.076619189734593, ""offset"": 0.05}, {""objective"": null, ""offset"": -0.1}, {""objective"": 0.08250318484218672, ""offset"": 0.1}, {""objective"": null, ""offset"": -0.25}, {""objective"": 0.11030237144916016, ""offset"": 0.25}], ""log_Qc"": [{""objective"": null, ""offset"": -0.05}, {""objective"": 0.07951990947882334, ""offset"": 0.05}, {""objective"": null, ""offset"": -0.1}, {""objective"": 0.1025535274041246, ""offset"": 0.1}, {""objective"": null, ""offset"": -0.25}, {""objective"": 0.2919970558420459, ""offset"": 0.25}]}}, ""identifiability_objective_evaluations"": 8, ""iterations"": 611, ""nonfinite_count"": 14, ""objective"": 0.072330178266647, ""optimizer_objective_evaluations"": 299, ""optimizer_status"": ""PASS"", ""prediction_status"": ""PENDING"", ""root_failure_count"": 0, ""start_count"": 25, ""start_receipts"": [{""convergence_reason"": ""NONFINITE_START"", ""convergence_status"": ""NONFINITE_START"", ""final_log_Pc"": null, ""final_log_Qc"": null, ""final_objective"": null, ""final_step_size"": null, ""finite_start"": false, ""initial_log_Pc"": 0.0, ""initial_log_Qc"": -4.605170185988091, ""initial_objective"": null, ""iterations"": 0, ""objective_evaluations"": 1, ""start_index"": 0}, {""convergence_reason"": ""NONFINITE_START"", ""convergence_status"": ""NONFINITE_START"", ""final_log_Pc"": null, ""final_log_Qc"": null, ""final_objective"": null, ""final_step_size"": null, ""finite_start"": false, ""initial_log_Pc"": 1.151292546497023, ""initial_log_Qc"": -4.605170185988091, ""initial_objective"": null, ""iterations"": 0, ""objective_evaluations"": 1, ""start_index"": 1}, {""convergence_reason"": ""NONFINITE_START"", ""convergence_status"": ""NONFINITE_START"", ""final_log_Pc"": null, ""final_log_Qc"": null, ""final_objective"": null, ""final_step_size"": null, ""finite_start"": false, ""initial_log_Pc"": 2.302585092994046, ""initial_log_Qc"": -4.605170185988091, ""initial_objective"": null, ""iterations"": 0, ""objective_evaluations"": 1, ""start_index"": 2}, {""convergence_reason"": ""LOG_STEP_TOLERANCE"", ""convergence_status"": ""CONVERGED"", ""final_log_Pc"": 2.524997373888663, ""final_log_Qc"": 0.660653831288944, ""final_objective"": 0.07233017826664702, ""final_step_size"": 9.060981821467974e-07, ""finite_start"": true, ""initial_log_Pc"": 3.453877639491069, ""initial_log_Qc"": -4.605170185988091, ""initial_objective"": 2.8283346046790725, ""iterations"": 57, ""objective_evaluations"": 144, ""start_index"": 3}, {""convergence_reason"": ""LOG_STEP_TOLERANCE"", ""convergence_status"": ""CONVERGED"", ""final_log_Pc"": 2.524997373888663, ""final_log_Qc"": 0.660653831288944, ""final_objective"": 0.07233017826664702, ""final_step_size"": 9.060981821467974e-07, ""finite_start"": true, ""initial_log_Pc"": 4.605170185988092, ""initial_log_Qc"": -4.605170185988091, ""initial_objective"": 2.839650151011046, ""iterations"": 57, ""objective_evaluations"": 1, ""start_index"": 4}, {""convergence_reason"": ""NONFINITE_START"", ""convergence_status"": ""NONFINITE_START"", ""final_log_Pc"": null, ""final_log_Qc"": null, ""final_objective"": null, ""final_step_size"": null, ""finite_start"": false, ""initial_log_Pc"": 0.0, ""initial_log_Qc"": -2.7049445711025704, ""initial_objective"": null, ""iterations"": 0, ""objective_evaluations"": 1, ""start_index"": 5}, {""convergence_reason"": ""NONFINITE_START"", ""convergence_status"": ""NONFINITE_START"", ""final_log_Pc"": null, ""final_log_Qc"": null, ""final_objective"": null, ""final_step_size"": null, ""finite_start"": false, ""initial_log_Pc"": 1.151292546497023, ""initial_log_Qc"": -2.7049445711025704, ""initial_objective"": null, ""iterations"": 0, ""objective_evaluations"": 1, ""start_index"": 6}, {""convergence_reason"": ""NONFINITE_START"", ""convergence_status"": ""NONFINITE_START"", ""final_log_Pc"": null, ""final_log_Qc"": null, ""final_objective"": null, ""final_step_size"": null, ""finite_start"": false, ""initial_log_Pc"": 2.302585092994046, ""initial_log_Qc"": -2.7049445711025704, ""initial_objective"": null, ""iterations"": 0, ""objective_evaluations"": 0, ""start_index"": 7}, {""convergence_reason"": ""LOG_STEP_TOLERANCE"", ""convergence_status"": ""CONVERGED"", ""final_log_Pc"": 2.524997373888663, ""final_log_Qc"": 0.660653831288944, ""final_objective"": 0.07233017826664702, ""final_step_size"": 9.060981821467974e-07, ""finite_start"": true, ""initial_log_Pc"": 3.453877639491069, ""initial_log_Qc"": -2.7049445711025704, ""initial_objective"": 2.7207964406283502, ""iterations"": 56, ""objective_evaluations"": 0, ""start_index"": 8}, {""convergence_reason"": ""LOG_STEP_TOLERANCE"", ""convergence_status"": ""CONVERGED"", ""final_log_Pc"": 2.524997373888663, ""final_log_Qc"": 0.660653831288944, ""final_objective"": 0.07233017826664702, ""final_step_size"": 9.060981821467974e-07, ""finite_start"": true, ""initial_log_Pc"": 4.605170185988092, ""initial_log_Qc"": -2.7049445711025704, ""initial_objective"": 2.7953601335803664, ""iterations"": 56, ""objective_evaluations"": 0, ""start_index"": 9}, {""convergence_reason"": ""NONFINITE_START"", ""convergence_status"": ""NONFINITE_START"", ""final_log_Pc"": null, ""final_log_Qc"": null, ""final_objective"": null, ""final_step_size"": null, ""finite_start"": false, ""initial_log_Pc"": 0.0, ""initial_log_Qc"": -0.8047189562170498, ""initial_objective"": null, ""iterations"": 0, ""objective_evaluations"": 1, ""start_index"": 10}, {""convergence_reason"": ""NONFINITE_START"", ""convergence_status"": ""NONFINITE_START"", ""final_log_Pc"": null, ""final_log_Qc"": null, ""final_objective"": null, ""final_step_size"": null, ""finite_start"": false, ""initial_log_Pc"": 1.151292546497023, ""initial_log_Qc"": -0.8047189562170498, ""initial_objective"": null, ""iterations"": 0, ""objective_evaluations"": 1, ""start_index"": 11}, {""convergence_reason"": ""NONFINITE_START"", ""convergence_status"": ""NONFINITE_START"", ""final_log_Pc"": null, ""final_log_Qc"": null, ""final_objective"": null, ""final_step_size"": null, ""finite_start"": false, ""initial_log_Pc"": 2.302585092994046, ""initial_log_Qc"": -0.8047189562170498, ""initial_objective"": null, ""iterations"": 0, ""objective_evaluations"": 0, ""start_index"": 12}, {""convergence_reason"": ""LOG_STEP_TOLERANCE"", ""convergence_status"": ""CONVERGED"", ""final_log_Pc"": 2.524997373888663, ""final_log_Qc"": 0.660653831288944, ""final_objective"": 0.07233017826664702, ""final_step_size"": 9.060981821467974e-07, ""finite_start"": true, ""initial_log_Pc"": 3.453877639491069, ""initial_log_Qc"": -0.8047189562170498, ""initial_objective"": 2.060465784148582, ""iterations"": 55, ""objective_evaluations"": 0, ""start_index"": 13}, {""convergence_reason"": ""LOG_STEP_TOLERANCE"", ""convergence_status"": ""CONVERGED"", ""final_log_Pc"": 2.524997373888663, ""final_log_Qc"": 0.660653831288944, ""final_objective"": 0.07233017826664702, ""final_step_size"": 9.060981821467974e-07, ""finite_start"": true, ""initial_log_Pc"": 4.605170185988092, ""initial_log_Qc"": -0.8047189562170498, ""initial_objective"": 2.5095843058140264, ""iterations"": 55, ""objective_evaluations"": 0, ""start_index"": 14}, {""convergence_reason"": ""NONFINITE_START"", ""convergence_status"": ""NONFINITE_START"", ""final_log_Pc"": null, ""final_log_Qc"": null, ""final_objective"": null, ""final_step_size"": null, ""finite_start"": false, ""initial_log_Pc"": 0.0, ""initial_log_Qc"": 1.0955066586684703, ""initial_objective"": null, ""iterations"": 0, ""objective_evaluations"": 1, ""start_index"": 15}, {""convergence_reason"": ""NONFINITE_START"", ""convergence_status"": ""NONFINITE_START"", ""final_log_Pc"": null, ""final_log_Qc"": null, ""final_objective"": null, ""final_step_size"": null, ""finite_start"": false, ""initial_log_Pc"": 1.151292546497023, ""initial_log_Qc"": 1.0955066586684703, ""initial_objective"": null, ""iterations"": 0, ""objective_evaluations"": 1, ""start_index"": 16}, {""convergence_reason"": ""NONFINITE_START"", ""convergence_status"": ""NONFINITE_START"", ""final_log_Pc"": null, ""final_log_Qc"": null, ""final_objective"": null, ""final_step_size"": null, ""finite_start"": false, ""initial_log_Pc"": 2.302585092994046, ""initial_log_Qc"": 1.0955066586684703, ""initial_objective"": null, ""iterations"": 0, ""objective_evaluations"": 1, ""start_index"": 17}, {""convergence_reason"": ""LOG_STEP_TOLERANCE"", ""convergence_status"": ""CONVERGED"", ""final_log_Pc"": 2.524997373888663, ""final_log_Qc"": 0.6606538312889435, ""final_objective"": 0.072330178266647, ""final_step_size"": 9.060981821467974e-07, ""finite_start"": true, ""initial_log_Pc"": 3.453877639491069, ""initial_log_Qc"": 1.0955066586684703, ""initial_objective"": 0.2402555916228497, ""iterations"": 54, ""objective_evaluations"": 135, ""start_index"": 18}, {""convergence_reason"": ""LOG_STEP_TOLERANCE"", ""convergence_status"": ""CONVERGED"", ""final_log_Pc"": 2.524997373888663, ""final_log_Qc"": 0.6606538312889435, ""final_objective"": 0.072330178266647, ""final_step_size"": 9.060981821467974e-07, ""finite_start"": true, ""initial_log_Pc"": 4.605170185988092, ""initial_log_Qc"": 1.0955066586684703, ""initial_objective"": 1.0620110047645348, ""iterations"": 55, ""objective_evaluations"": 2, ""start_index"": 19}, {""convergence_reason"": ""NONFINITE_START"", ""convergence_status"": ""NONFINITE_START"", ""final_log_Pc"": null, ""final_log_Qc"": null, ""final_objective"": null, ""final_step_size"": null, ""finite_start"": false, ""initial_log_Pc"": 0.0, ""initial_log_Qc"": 2.9957322735539913, ""initial_objective"": null, ""iterations"": 0, ""objective_evaluations"": 1, ""start_index"": 20}, {""convergence_reason"": ""NONFINITE_START"", ""convergence_status"": ""NONFINITE_START"", ""final_log_Pc"": null, ""final_log_Qc"": null, ""final_objective"": null, ""final_step_size"": null, ""finite_start"": false, ""initial_log_Pc"": 1.151292546497023, ""initial_log_Qc"": 2.9957322735539913, ""initial_objective"": null, ""iterations"": 0, ""objective_evaluations"": 1, ""start_index"": 21}, {""convergence_reason"": ""LOG_STEP_TOLERANCE"", ""convergence_status"": ""CONVERGED"", ""final_log_Pc"": 2.524997373888663, ""final_log_Qc"": 0.6606538312889435, ""final_objective"": 0.072330178266647, ""final_step_size"": 9.060981821467974e-07, ""finite_start"": true, ""initial_log_Pc"": 2.302585092994046, ""initial_log_Qc"": 2.9957322735539913, ""initial_objective"": 147.3448731383888, ""iterations"": 56, ""objective_evaluations"": 3, ""start_index"": 22}, {""convergence_reason"": ""LOG_STEP_TOLERANCE"", ""convergence_status"": ""CONVERGED"", ""final_log_Pc"": 2.524997373888663, ""final_log_Qc"": 0.660653831288944, ""final_objective"": 0.07233017826664702, ""final_step_size"": 9.060981821467974e-07, ""finite_start"": true, ""initial_log_Pc"": 3.453877639491069, ""initial_log_Qc"": 2.9957322735539913, ""initial_objective"": 61.625840677634486, ""iterations"": 55, ""objective_evaluations"": 1, ""start_index"": 23}, {""convergence_reason"": ""LOG_STEP_TOLERANCE"", ""convergence_status"": ""CONVERGED"", ""final_log_Pc"": 2.524997373888663, ""final_log_Qc"": 0.660653831288944, ""final_objective"": 0.07233017826664702, ""final_step_size"": 9.060981821467974e-07, ""finite_start"": true, ""initial_log_Pc"": 4.605170185988092, ""initial_log_Qc"": 2.9957322735539913, ""initial_objective"": 9.477026607058889, ""iterations"": 55, ""objective_evaluations"": 1, ""start_index"": 24}], ""total_objective_evaluations"": 307, ""winning_start_index"": 18}"
HYD-LOCO-3.5,WASZ-COND-3.5,HYD_P1_POROELASTIC_UNIVERSAL_LIMIT,WASZ-COND-1.0;WASZ-COND-2.0;WASZ-COND-4.0;WASZ-COND-5.0;WASZ-COND-6.0;WASZ-COND-7.0;WASZ-COND-8.0;WASZ-COND-9.0;WASZ-COND-11.0;WASZ-COND-13.0,WASZ-BREW-1-1;WASZ-BREW-1-2;WASZ-BREW-1-3;WASZ-BREW-1-4;WASZ-BREW-1-5b;WASZ-BREW-10-2;WASZ-BREW-10-3;WASZ-BREW-10-4;WASZ-BREW-10-5;WASZ-BREW-12-8-2;WASZ-BREW-12-8-3;WASZ-BREW-12-8-4;WASZ-BREW-12-8-5;WASZ-BREW-12-8-6;WASZ-BREW-12-8-7;WASZ-BREW-2-2;WASZ-BREW-2-3;WASZ-BREW-2-4;WASZ-BREW-2-5;WASZ-BREW-4-1;WASZ-BREW-4-1b;WASZ-BREW-4-2;WASZ-BREW-4-2b;WASZ-BREW-4-3;WASZ-BREW-4-3b;WASZ-BREW-4-4;WASZ-BREW-4-4b;WASZ-BREW-4-5;WASZ-BREW-4-5b;WASZ-BREW-5-1;WASZ-BREW-5-2;WASZ-BREW-5-3;WASZ-BREW-5-4;WASZ-BREW-5-5;WASZ-BREW-6-1;WASZ-BREW-6-2;WASZ-BREW-6-3;WASZ-BREW-6-4;WASZ-BREW-6-5;WASZ-BREW-6-6;WASZ-BREW-7-1;WASZ-BREW-7-2;WASZ-BREW-7-3;WASZ-BREW-7-4;WASZ-BREW-8-1;WASZ-BREW-8-1b;WASZ-BREW-8-2;WASZ-BREW-8-3;WASZ-BREW-9-1;WASZ-BREW-9-2;WASZ-BREW-9-3;WASZ-BREW-9-4;WASZ-BREW-9-5,WASZ-BREW-3-5-3;WASZ-BREW-3-5-4;WASZ-BREW-3-5-5,1.9299269999999997,PASS,,,PASS,PASS,0,0,0,"{""Pc_bar"": 12.491205326974375, ""Qc_g_s"": 1.9327800901943926, ""log_Pc"": 2.525024822841975, ""log_Qc"": 0.6589594276883288}",0.28604150355889163,0.14821363894017323,PRACTICALLY_NONIDENTIFIABLE,"{""bound_proximity"": false, ""convergence_reason"": ""LOG_STEP_TOLERANCE"", ""domain_failure_count"": 0, ""execution_status"": ""PASS"", ""failure_class"": """", ""failure_reason"": """", ""final_step_size"": 9.060981821467974e-07, ""finite_start_count"": 11, ""fitted_parameters"": {""Pc_bar"": 12.491205326974375, ""Qc_g_s"": 1.9327800901943926, ""log_Pc"": 2.525024822841975, ""log_Qc"": 0.6589594276883288}, ""identifiability"": ""PRACTICALLY_NONIDENTIFIABLE"", ""identifiability_diagnostics"": {""hessian_condition_number"": null, ""hessian_eigenvalues"": [null, null], ""hessian_log_space"": [[null, null], [null, null]], ""minimum_relative_profile_increase"": 0.04433568594240051, ""profile_scans"": {""log_Pc"": [{""objective"": null, ""offset"": -0.05}, {""objective"": 0.08193764328431885, ""offset"": 0.05}, {""objective"": null, ""offset"": -0.1}, {""objective"": 0.08688373285713463, ""offset"": 0.1}, {""objective"": null, ""offset"": -0.25}, {""objective"": 0.11100811826865968, ""offset"": 0.25}], ""log_Qc"": [{""objective"": null, ""offset"": -0.05}, {""objective"": 0.08538791253864926, ""offset"": 0.05}, {""objective"": null, ""offset"": -0.1}, {""objective"": 0.10758727516094586, ""offset"": 0.1}, {""objective"": null, ""offset"": -0.25}, {""objective"": 0.2902279727749789, ""offset"": 0.25}]}}, ""identifiability_objective_evaluations"": 8, ""iterations"": 699, ""nonfinite_count"": 14, ""objective"": 0.07845910504377618, ""optimizer_objective_evaluations"": 375, ""optimizer_status"": ""PASS"", ""prediction_status"": ""PENDING"", ""root_failure_count"": 0, ""start_count"": 25, ""start_receipts"": [{""convergence_reason"": ""NONFINITE_START"", ""convergence_status"": ""NONFINITE_START"", ""final_log_Pc"": null, ""final_log_Qc"": null, ""final_objective"": null, ""final_step_size"": null, ""finite_start"": false, ""initial_log_Pc"": 0.0, ""initial_log_Qc"": -4.605170185988091, ""initial_objective"": null, ""iterations"": 0, ""objective_evaluations"": 1, ""start_index"": 0}, {""convergence_reason"": ""NONFINITE_START"", ""convergence_status"": ""NONFINITE_START"", ""final_log_Pc"": null, ""final_log_Qc"": null, ""final_objective"": null, ""final_step_size"": null, ""finite_start"": false, ""initial_log_Pc"": 1.151292546497023, ""initial_log_Qc"": -4.605170185988091, ""initial_objective"": null, ""iterations"": 0, ""objective_evaluations"": 1, ""start_index"": 1}, {""convergence_reason"": ""NONFINITE_START"", ""convergence_status"": ""NONFINITE_START"", ""final_log_Pc"": null, ""final_log_Qc"": null, ""final_objective"": null, ""final_step_size"": null, ""finite_start"": false, ""initial_log_Pc"": 2.302585092994046, ""initial_log_Qc"": -4.605170185988091, ""initial_objective"": null, ""iterations"": 0, ""objective_evaluations"": 1, ""start_index"": 2}, {""convergence_reason"": ""LOG_STEP_TOLERANCE"", ""convergence_status"": ""CONVERGED"", ""final_log_Pc"": 2.525024822841975, ""final_log_Qc"": 0.6589594276883293, ""final_objective"": 0.07845910504377618, ""final_step_size"": 9.060981821467974e-07, ""finite_start"": true, ""initial_log_Pc"": 3.453877639491069, ""initial_log_Qc"": -4.605170185988091, ""initial_objective"": 2.730447667106841, ""iterations"": 65, ""objective_evaluations"": 182, ""start_index"": 3}, {""convergence_reason"": ""LOG_STEP_TOLERANCE"", ""convergence_status"": ""CONVERGED"", ""final_log_Pc"": 2.525024822841975, ""final_log_Qc"": 0.6589594276883293, ""final_objective"": 0.07845910504377618, ""final_step_size"": 9.060981821467974e-07, ""finite_start"": true, ""initial_log_Pc"": 4.605170185988092, ""initial_log_Qc"": -4.605170185988091, ""initial_objective"": 2.741457031068376, ""iterations"": 65, ""objective_evaluations"": 1, ""start_index"": 4}, {""convergence_reason"": ""NONFINITE_START"", ""convergence_status"": ""NONFINITE_START"", ""final_log_Pc"": null, ""final_log_Qc"": null, ""final_objective"": null, ""final_step_size"": null, ""finite_start"": false, ""initial_log_Pc"": 0.0, ""initial_log_Qc"": -2.7049445711025704, ""initial_objective"": null, ""iterations"": 0, ""objective_evaluations"": 1, ""start_index"": 5}, {""convergence_reason"": ""NONFINITE_START"", ""convergence_status"": ""NONFINITE_START"", ""final_log_Pc"": null, ""final_log_Qc"": null, ""final_objective"": null, ""final_step_size"": null, ""finite_start"": false, ""initial_log_Pc"": 1.151292546497023, ""initial_log_Qc"": -2.7049445711025704, ""initial_objective"": null, ""iterations"": 0, ""objective_evaluations"": 1, ""start_index"": 6}, {""convergence_reason"": ""NONFINITE_START"", ""convergence_status"": ""NONFINITE_START"", ""final_log_Pc"": null, ""final_log_Qc"": null, ""final_objective"": null, ""final_step_size"": null, ""finite_start"": false, ""initial_log_Pc"": 2.302585092994046, ""initial_log_Qc"": -2.7049445711025704, ""initial_objective"": null, ""iterations"": 0, ""objective_evaluations"": 0, ""start_index"": 7}, {""convergence_reason"": ""LOG_STEP_TOLERANCE"", ""convergence_status"": ""CONVERGED"", ""final_log_Pc"": 2.525024822841975, ""final_log_Qc"": 0.6589594276883293, ""final_objective"": 0.07845910504377618, ""final_step_size"": 9.060981821467974e-07, ""finite_start"": true, ""initial_log_Pc"": 3.453877639491069, ""initial_log_Qc"": -2.7049445711025704, ""initial_objective"": 2.6249222802411323, ""iterations"": 64, ""objective_evaluations"": 0, ""start_index"": 8}, {""convergence_reason"": ""LOG_STEP_TOLERANCE"", ""convergence_status"": ""CONVERGED"", ""final_log_Pc"": 2.525024822841975, ""final_log_Qc"": 0.6589594276883293, ""final_objective"": 0.07845910504377618, ""final_step_size"": 9.060981821467974e-07, ""finite_start"": true, ""initial_log_Pc"": 4.605170185988092, ""initial_log_Qc"": -2.7049445711025704, ""initial_objective"": 2.6974468652162855, ""iterations"": 64, ""objective_evaluations"": 0, ""start_index"": 9}, {""convergence_reason"": ""NONFINITE_START"", ""convergence_status"": ""NONFINITE_START"", ""final_log_Pc"": null, ""final_log_Qc"": null, ""final_objective"": null, ""final_step_size"": null, ""finite_start"": false, ""initial_log_Pc"": 0.0, ""initial_log_Qc"": -0.8047189562170498, ""initial_objective"": null, ""iterations"": 0, ""objective_evaluations"": 1, ""start_index"": 10}, {""convergence_reason"": ""NONFINITE_START"", ""convergence_status"": ""NONFINITE_START"", ""final_log_Pc"": null, ""final_log_Qc"": null, ""final_objective"": null, ""final_step_size"": null, ""finite_start"": false, ""initial_log_Pc"": 1.151292546497023, ""initial_log_Qc"": -0.8047189562170498, ""initial_objective"": null, ""iterations"": 0, ""objective_evaluations"": 1, ""start_index"": 11}, {""convergence_reason"": ""NONFINITE_START"", ""convergence_status"": ""NONFINITE_START"", ""final_log_Pc"": null, ""final_log_Qc"": null, ""final_objective"": null, ""final_step_size"": null, ""finite_start"": false, ""initial_log_Pc"": 2.302585092994046, ""initial_log_Qc"": -0.8047189562170498, ""initial_objective"": null, ""iterations"": 0, ""objective_evaluations"": 0, ""start_index"": 12}, {""convergence_reason"": ""LOG_STEP_TOLERANCE"", ""convergence_status"": ""CONVERGED"", ""final_log_Pc"": 2.525024822841975, ""final_log_Qc"": 0.6589594276883293, ""final_objective"": 0.07845910504377618, ""final_step_size"": 9.060981821467974e-07, ""finite_start"": true, ""initial_log_Pc"": 3.453877639491069, ""initial_log_Qc"": -0.8047189562170498, ""initial_objective"": 1.9779163388191536, ""iterations"": 63, ""objective_evaluations"": 0, ""start_index"": 13}, {""convergence_reason"": ""LOG_STEP_TOLERANCE"", ""convergence_status"": ""CONVERGED"", ""final_log_Pc"": 2.525024822841975, ""final_log_Qc"": 0.6589594276883293, ""final_objective"": 0.07845910504377618, ""final_step_size"": 9.060981821467974e-07, ""finite_start"": true, ""initial_log_Pc"": 4.605170185988092, ""initial_log_Qc"": -0.8047189562170498, ""initial_objective"": 2.413775530968838, ""iterations"": 63, ""objective_evaluations"": 0, ""start_index"": 14}, {""convergence_reason"": ""NONFINITE_START"", ""convergence_status"": ""NONFINITE_START"", ""final_log_Pc"": null, ""final_log_Qc"": null, ""final_objective"": null, ""final_step_size"": null, ""finite_start"": false, ""initial_log_Pc"": 0.0, ""initial_log_Qc"": 1.0955066586684703, ""initial_objective"": null, ""iterations"": 0, ""objective_evaluations"": 1, ""start_index"": 15}, {""convergence_reason"": ""NONFINITE_START"", ""convergence_status"": ""NONFINITE_START"", ""final_log_Pc"": null, ""final_log_Qc"": null, ""final_objective"": null, ""final_step_size"": null, ""finite_start"": false, ""initial_log_Pc"": 1.151292546497023, ""initial_log_Qc"": 1.0955066586684703, ""initial_objective"": null, ""iterations"": 0, ""objective_evaluations"": 1, ""start_index"": 16}, {""convergence_reason"": ""NONFINITE_START"", ""convergence_status"": ""NONFINITE_START"", ""final_log_Pc"": null, ""final_log_Qc"": null, ""final_objective"": null, ""final_step_size"": null, ""finite_start"": false, ""initial_log_Pc"": 2.302585092994046, ""initial_log_Qc"": 1.0955066586684703, ""initial_objective"": null, ""iterations"": 0, ""objective_evaluations"": 1, ""start_index"": 17}, {""convergence_reason"": ""LOG_STEP_TOLERANCE"", ""convergence_status"": ""CONVERGED"", ""final_log_Pc"": 2.525024822841975, ""final_log_Qc"": 0.6589594276883288, ""final_objective"": 0.07845910504377618, ""final_step_size"": 9.060981821467974e-07, ""finite_start"": true, ""initial_log_Pc"": 3.453877639491069, ""initial_log_Qc"": 1.0955066586684703, ""initial_objective"": 0.24106345690774691, ""iterations"": 62, ""objective_evaluations"": 173, ""start_index"": 18}, {""convergence_reason"": ""LOG_STEP_TOLERANCE"", ""convergence_status"": ""CONVERGED"", ""final_log_Pc"": 2.525024822841975, ""final_log_Qc"": 0.6589594276883288, ""final_objective"": 0.07845910504377618, ""final_step_size"": 9.060981821467974e-07, ""finite_start"": true, ""initial_log_Pc"": 4.605170185988092, ""initial_log_Qc"": 1.0955066586684703, ""initial_objective"": 0.9905997266638178, ""iterations"": 63, ""objective_evaluations"": 2, ""start_index"": 19}, {""convergence_reason"": ""NONFINITE_START"", ""convergence_status"": ""NONFINITE_START"", ""final_log_Pc"": null, ""final_log_Qc"": null, ""final_objective"": null, ""final_step_size"": null, ""finite_start"": false, ""initial_log_Pc"": 0.0, ""initial_log_Qc"": 2.9957322735539913, ""initial_objective"": null, ""iterations"": 0, ""objective_evaluations"": 1, ""start_index"": 20}, {""convergence_reason"": ""NONFINITE_START"", ""convergence_status"": ""NONFINITE_START"", ""final_log_Pc"": null, ""final_log_Qc"": null, ""final_objective"": null, ""final_step_size"": null, ""finite_start"": false, ""initial_log_Pc"": 1.151292546497023, ""initial_log_Qc"": 2.9957322735539913, ""initial_objective"": null, ""iterations"": 0, ""objective_evaluations"": 1, ""start_index"": 21}, {""convergence_reason"": ""LOG_STEP_TOLERANCE"", ""convergence_status"": ""CONVERGED"", ""final_log_Pc"": 2.525024822841975, ""final_log_Qc"": 0.6589594276883288, ""final_objective"": 0.07845910504377618, ""final_step_size"": 9.060981821467974e-07, ""finite_start"": true, ""initial_log_Pc"": 2.302585092994046, ""initial_log_Qc"": 2.9957322735539913, ""initial_objective"": 144.73045270511102, ""iterations"": 64, ""objective_evaluations"": 3, ""start_index"": 22}, {""convergence_reason"": ""LOG_STEP_TOLERANCE"", ""convergence_status"": ""CONVERGED"", ""final_log_Pc"": 2.525024822841975, ""final_log_Qc"": 0.6589594276883293, ""final_objective"": 0.07845910504377618, ""final_step_size"": 9.060981821467974e-07, ""finite_start"": true, ""initial_log_Pc"": 3.453877639491069, ""initial_log_Qc"": 2.9957322735539913, ""initial_objective"": 61.74837353095905, ""iterations"": 63, ""objective_evaluations"": 1, ""start_index"": 23}, {""convergence_reason"": ""LOG_STEP_TOLERANCE"", ""convergence_status"": ""CONVERGED"", ""final_log_Pc"": 2.525024822841975, ""final_log_Qc"": 0.6589594276883293, ""final_objective"": 0.07845910504377618, ""final_step_size"": 9.060981821467974e-07, ""finite_start"": true, ""initial_log_Pc"": 4.605170185988092, ""initial_log_Qc"": 2.9957322735539913, ""initial_objective"": 9.88172368166786, ""iterations"": 63, ""objective_evaluations"": 1, ""start_index"": 24}], ""total_objective_evaluations"": 383, ""winning_start_index"": 18}"
HYD-LOCO-3.5,WASZ-COND-3.5,HYD_E2C_EWP_FINITE_PHI_POROELASTIC_COMPONENT,WASZ-COND-1.0;WASZ-COND-2.0;WASZ-COND-4.0;WASZ-COND-5.0;WASZ-COND-6.0;WASZ-COND-7.0;WASZ-COND-8.0;WASZ-COND-9.0;WASZ-COND-11.0;WASZ-COND-13.0,WASZ-BREW-1-1;WASZ-BREW-1-2;WASZ-BREW-1-3;WASZ-BREW-1-4;WASZ-BREW-1-5b;WASZ-BREW-10-2;WASZ-BREW-10-3;WASZ-BREW-10-4;WASZ-BREW-10-5;WASZ-BREW-12-8-2;WASZ-BREW-12-8-3;WASZ-BREW-12-8-4;WASZ-BREW-12-8-5;WASZ-BREW-12-8-6;WASZ-BREW-12-8-7;WASZ-BREW-2-2;WASZ-BREW-2-3;WASZ-BREW-2-4;WASZ-BREW-2-5;WASZ-BREW-4-1;WASZ-BREW-4-1b;WASZ-BREW-4-2;WASZ-BREW-4-2b;WASZ-BREW-4-3;WASZ-BREW-4-3b;WASZ-BREW-4-4;WASZ-BREW-4-4b;WASZ-BREW-4-5;WASZ-BREW-4-5b;WASZ-BREW-5-1;WASZ-BREW-5-2;WASZ-BREW-5-3;WASZ-BREW-5-4;WASZ-BREW-5-5;WASZ-BREW-6-1;WASZ-BREW-6-2;WASZ-BREW-6-3;WASZ-BREW-6-4;WASZ-BREW-6-5;WASZ-BREW-6-6;WASZ-BREW-7-1;WASZ-BREW-7-2;WASZ-BREW-7-3;WASZ-BREW-7-4;WASZ-BREW-8-1;WASZ-BREW-8-1b;WASZ-BREW-8-2;WASZ-BREW-8-3;WASZ-BREW-9-1;WASZ-BREW-9-2;WASZ-BREW-9-3;WASZ-BREW-9-4;WASZ-BREW-9-5,WASZ-BREW-3-5-3;WASZ-BREW-3-5-4;WASZ-BREW-3-5-5,1.9299269999999997,PASS,,,PASS,PASS,0,0,0,"{""Pc_bar"": 12.490588175299411, ""Qc_g_s"": 1.9386874392087696, ""log_Pc"": 2.524975414726018, ""log_Qc"": 0.6620111663657993}",0.2757689486218503,0.14289087028776237,PRACTICALLY_NONIDENTIFIABLE,"{""bound_proximity"": false, ""convergence_reason"": ""LOG_STEP_TOLERANCE"", ""domain_failure_count"": 0, ""execution_status"": ""PASS"", ""failure_class"": """", ""failure_reason"": """", ""final_step_size"": 9.060981821467974e-07, ""finite_start_count"": 11, ""fitted_parameters"": {""Pc_bar"": 12.490588175299411, ""Qc_g_s"": 1.9386874392087696, ""log_Pc"": 2.524975414726018, ""log_Qc"": 0.6620111663657993}, ""identifiability"": ""PRACTICALLY_NONIDENTIFIABLE"", ""identifiability_diagnostics"": {""hessian_condition_number"": null, ""hessian_eigenvalues"": [null, null], ""hessian_log_space"": [[null, null], [null, null]], ""minimum_relative_profile_increase"": 0.04920507194676249, ""profile_scans"": {""log_Pc"": [{""objective"": null, ""offset"": -0.05}, {""objective"": 0.08286540281835378, ""offset"": 0.05}, {""objective"": null, ""offset"": -0.1}, {""objective"": 0.08824525087901687, ""offset"": 0.1}, {""objective"": null, ""offset"": -0.25}, {""objective"": 0.11381812026869506, ""offset"": 0.25}], ""log_Qc"": [{""objective"": null, ""offset"": -0.05}, {""objective"": 0.08590508779357627, ""offset"": 0.05}, {""objective"": null, ""offset"": -0.1}, {""objective"": 0.10809498842163585, ""offset"": 0.1}, {""objective"": null, ""offset"": -0.25}, {""objective"": 0.2906487359119142, ""offset"": 0.25}]}}, ""identifiability_objective_evaluations"": 8, ""iterations"": 567, ""nonfinite_count"": 14, ""objective"": 0.07897922439947797, ""optimizer_objective_evaluations"": 295, ""optimizer_status"": ""PASS"", ""prediction_status"": ""PENDING"", ""root_failure_count"": 0, ""start_count"": 25, ""start_receipts"": [{""convergence_reason"": ""NONFINITE_START"", ""convergence_status"": ""NONFINITE_START"", ""final_log_Pc"": null, ""final_log_Qc"": null, ""final_objective"": null, ""final_step_size"": null, ""finite_start"": false, ""initial_log_Pc"": 0.0, ""initial_log_Qc"": -4.605170185988091, ""initial_objective"": null, ""iterations"": 0, ""objective_evaluations"": 1, ""start_index"": 0}, {""convergence_reason"": ""NONFINITE_START"", ""convergence_status"": ""NONFINITE_START"", ""final_log_Pc"": null, ""final_log_Qc"": null, ""final_objective"": null, ""final_step_size"": null, ""finite_start"": false, ""initial_log_Pc"": 1.151292546497023, ""initial_log_Qc"": -4.605170185988091, ""initial_objective"": null, ""iterations"": 0, ""objective_evaluations"": 1, ""start_index"": 1}, {""convergence_reason"": ""NONFINITE_START"", ""convergence_status"": ""NONFINITE_START"", ""final_log_Pc"": null, ""final_log_Qc"": null, ""final_objective"": null, ""final_step_size"": null, ""finite_start"": false, ""initial_log_Pc"": 2.302585092994046, ""initial_log_Qc"": -4.605170185988091, ""initial_objective"": null, ""iterations"": 0, ""objective_evaluations"": 1, ""start_index"": 2}, {""convergence_reason"": ""LOG_STEP_TOLERANCE"", ""convergence_status"": ""CONVERGED"", ""final_log_Pc"": 2.524975414726018, ""final_log_Qc"": 0.6620111663657997, ""final_objective"": 0.07897922439947795, ""final_step_size"": 9.060981821467974e-07, ""finite_start"": true, ""initial_log_Pc"": 3.453877639491069, ""initial_log_Qc"": -4.605170185988091, ""initial_objective"": 2.730671651072167, ""iterations"": 53, ""objective_evaluations"": 142, ""start_index"": 3}, {""convergence_reason"": ""LOG_STEP_TOLERANCE"", ""convergence_status"": ""CONVERGED"", ""final_log_Pc"": 2.524975414726018, ""final_log_Qc"": 0.6620111663657997, ""final_objective"": 0.07897922439947795, ""final_step_size"": 9.060981821467974e-07, ""finite_start"": true, ""initial_log_Pc"": 4.605170185988092, ""initial_log_Qc"": -4.605170185988091, ""initial_objective"": 2.7416133560393487, ""iterations"": 53, ""objective_evaluations"": 1, ""start_index"": 4}, {""convergence_reason"": ""NONFINITE_START"", ""convergence_status"": ""NONFINITE_START"", ""final_log_Pc"": null, ""final_log_Qc"": null, ""final_objective"": null, ""final_step_size"": null, ""finite_start"": false, ""initial_log_Pc"": 0.0, ""initial_log_Qc"": -2.7049445711025704, ""initial_objective"": null, ""iterations"": 0, ""objective_evaluations"": 1, ""start_index"": 5}, {""convergence_reason"": ""NONFINITE_START"", ""convergence_status"": ""NONFINITE_START"", ""final_log_Pc"": null, ""final_log_Qc"": null, ""final_objective"": null, ""final_step_size"": null, ""finite_start"": false, ""initial_log_Pc"": 1.151292546497023, ""initial_log_Qc"": -2.7049445711025704, ""initial_objective"": null, ""iterations"": 0, ""objective_evaluations"": 1, ""start_index"": 6}, {""convergence_reason"": ""NONFINITE_START"", ""convergence_status"": ""NONFINITE_START"", ""final_log_Pc"": null, ""final_log_Qc"": null, ""final_objective"": null, ""final_step_size"": null, ""finite_start"": false, ""initial_log_Pc"": 2.302585092994046, ""initial_log_Qc"": -2.7049445711025704, ""initial_objective"": null, ""iterations"": 0, ""objective_evaluations"": 0, ""start_index"": 7}, {""convergence_reason"": ""LOG_STEP_TOLERANCE"", ""convergence_status"": ""CONVERGED"", ""final_log_Pc"": 2.524975414726018, ""final_log_Qc"": 0.6620111663657997, ""final_objective"": 0.07897922439947795, ""final_step_size"": 9.060981821467974e-07, ""finite_start"": true, ""initial_log_Pc"": 3.453877639491069, ""initial_log_Qc"": -2.7049445711025704, ""initial_objective"": 2.626390923915551, ""iterations"": 52, ""objective_evaluations"": 0, ""start_index"": 8}, {""convergence_reason"": ""LOG_STEP_TOLERANCE"", ""convergence_status"": ""CONVERGED"", ""final_log_Pc"": 2.524975414726018, ""final_log_Qc"": 0.6620111663657997, ""final_objective"": 0.07897922439947795, ""final_step_size"": 9.060981821467974e-07, ""finite_start"": true, ""initial_log_Pc"": 4.605170185988092, ""initial_log_Qc"": -2.7049445711025704, ""initial_objective"": 2.6984828419176567, ""iterations"": 52, ""objective_evaluations"": 0, ""start_index"": 9}, {""convergence_reason"": ""NONFINITE_START"", ""convergence_status"": ""NONFINITE_START"", ""final_log_Pc"": null, ""final_log_Qc"": null, ""final_objective"": null, ""final_step_size"": null, ""finite_start"": false, ""initial_log_Pc"": 0.0, ""initial_log_Qc"": -0.8047189562170498, ""initial_objective"": null, ""iterations"": 0, ""objective_evaluations"": 1, ""start_index"": 10}, {""convergence_reason"": ""NONFINITE_START"", ""convergence_status"": ""NONFINITE_START"", ""final_log_Pc"": null, ""final_log_Qc"": null, ""final_objective"": null, ""final_step_size"": null, ""finite_start"": false, ""initial_log_Pc"": 1.151292546497023, ""initial_log_Qc"": -0.8047189562170498, ""initial_objective"": null, ""iterations"": 0, ""objective_evaluations"": 1, ""start_index"": 11}, {""convergence_reason"": ""NONFINITE_START"", ""convergence_status"": ""NONFINITE_START"", ""final_log_Pc"": null, ""final_log_Qc"": null, ""final_objective"": null, ""final_step_size"": null, ""finite_start"": false, ""initial_log_Pc"": 2.302585092994046, ""initial_log_Qc"": -0.8047189562170498, ""initial_objective"": null, ""iterations"": 0, ""objective_evaluations"": 0, ""start_index"": 12}, {""convergence_reason"": ""LOG_STEP_TOLERANCE"", ""convergence_status"": ""CONVERGED"", ""final_log_Pc"": 2.524975414726018, ""final_log_Qc"": 0.6620111663657997, ""final_objective"": 0.07897922439947795, ""final_step_size"": 9.060981821467974e-07, ""finite_start"": true, ""initial_log_Pc"": 3.453877639491069, ""initial_log_Qc"": -0.8047189562170498, ""initial_objective"": 1.9864313493123176, ""iterations"": 51, ""objective_evaluations"": 0, ""start_index"": 13}, {""convergence_reason"": ""LOG_STEP_TOLERANCE"", ""convergence_status"": ""CONVERGED"", ""final_log_Pc"": 2.524975414726018, ""final_log_Qc"": 0.6620111663657997, ""final_objective"": 0.07897922439947795, ""final_step_size"": 9.060981821467974e-07, ""finite_start"": true, ""initial_log_Pc"": 4.605170185988092, ""initial_log_Qc"": -0.8047189562170498, ""initial_objective"": 2.4202818853044383, ""iterations"": 51, ""objective_evaluations"": 0, ""start_index"": 14}, {""convergence_reason"": ""NONFINITE_START"", ""convergence_status"": ""NONFINITE_START"", ""final_log_Pc"": null, ""final_log_Qc"": null, ""final_objective"": null, ""final_step_size"": null, ""finite_start"": false, ""initial_log_Pc"": 0.0, ""initial_log_Qc"": 1.0955066586684703, ""initial_objective"": null, ""iterations"": 0, ""objective_evaluations"": 1, ""start_index"": 15}, {""convergence_reason"": ""NONFINITE_START"", ""convergence_status"": ""NONFINITE_START"", ""final_log_Pc"": null, ""final_log_Qc"": null, ""final_objective"": null, ""final_step_size"": null, ""finite_start"": false, ""initial_log_Pc"": 1.151292546497023, ""initial_log_Qc"": 1.0955066586684703, ""initial_objective"": null, ""iterations"": 0, ""objective_evaluations"": 1, ""start_index"": 16}, {""convergence_reason"": ""NONFINITE_START"", ""convergence_status"": ""NONFINITE_START"", ""final_log_Pc"": null, ""final_log_Qc"": null, ""final_objective"": null, ""final_step_size"": null, ""finite_start"": false, ""initial_log_Pc"": 2.302585092994046, ""initial_log_Qc"": 1.0955066586684703, ""initial_objective"": null, ""iterations"": 0, ""objective_evaluations"": 1, ""start_index"": 17}, {""convergence_reason"": ""LOG_STEP_TOLERANCE"", ""convergence_status"": ""CONVERGED"", ""final_log_Pc"": 2.524975414726018, ""final_log_Qc"": 0.6620111663657993, ""final_objective"": 0.07897922439947797, ""final_step_size"": 9.060981821467974e-07, ""finite_start"": true, ""initial_log_Pc"": 3.453877639491069, ""initial_log_Qc"": 1.0955066586684703, ""initial_objective"": 0.24045844823123005, ""iterations"": 50, ""objective_evaluations"": 133, ""start_index"": 18}, {""convergence_reason"": ""LOG_STEP_TOLERANCE"", ""convergence_status"": ""CONVERGED"", ""final_log_Pc"": 2.524975414726018, ""final_log_Qc"": 0.6620111663657993, ""final_objective"": 0.07897922439947797, ""final_step_size"": 9.060981821467974e-07, ""finite_start"": true, ""initial_log_Pc"": 4.605170185988092, ""initial_log_Qc"": 1.0955066586684703, ""initial_objective"": 1.0153890721193086, ""iterations"": 51, ""objective_evaluations"": 2, ""start_index"": 19}, {""convergence_reason"": ""NONFINITE_START"", ""convergence_status"": ""NONFINITE_START"", ""final_log_Pc"": null, ""final_log_Qc"": null, ""final_objective"": null, ""final_step_size"": null, ""finite_start"": false, ""initial_log_Pc"": 0.0, ""initial_log_Qc"": 2.9957322735539913, ""initial_objective"": null, ""iterations"": 0, ""objective_evaluations"": 1, ""start_index"": 20}, {""convergence_reason"": ""NONFINITE_START"", ""convergence_status"": ""NONFINITE_START"", ""final_log_Pc"": null, ""final_log_Qc"": null, ""final_objective"": null, ""final_step_size"": null, ""finite_start"": false, ""initial_log_Pc"": 1.151292546497023, ""initial_log_Qc"": 2.9957322735539913, ""initial_objective"": null, ""iterations"": 0, ""objective_evaluations"": 1, ""start_index"": 21}, {""convergence_reason"": ""LOG_STEP_TOLERANCE"", ""convergence_status"": ""CONVERGED"", ""final_log_Pc"": 2.524975414726018, ""final_log_Qc"": 0.6620111663657993, ""final_objective"": 0.07897922439947797, ""final_step_size"": 9.060981821467974e-07, ""finite_start"": true, ""initial_log_Pc"": 2.302585092994046, ""initial_log_Qc"": 2.9957322735539913, ""initial_objective"": 143.59043527971252, ""iterations"": 52, ""objective_evaluations"": 3, ""start_index"": 22}, {""convergence_reason"": ""LOG_STEP_TOLERANCE"", ""convergence_status"": ""CONVERGED"", ""final_log_Pc"": 2.524975414726018, ""final_log_Qc"": 0.6620111663657997, ""final_objective"": 0.07897922439947795, ""final_step_size"": 9.060981821467974e-07, ""finite_start"": true, ""initial_log_Pc"": 3.453877639491069, ""initial_log_Qc"": 2.9957322735539913, ""initial_objective"": 60.374404318844945, ""iterations"": 51, ""objective_evaluations"": 1, ""start_index"": 23}, {""convergence_reason"": ""LOG_STEP_TOLERANCE"", ""convergence_status"": ""CONVERGED"", ""final_log_Pc"": 2.524975414726018, ""final_log_Qc"": 0.6620111663657997, ""final_objective"": 0.07897922439947795, ""final_step_size"": 9.060981821467974e-07, ""finite_start"": true, ""initial_log_Pc"": 4.605170185988092, ""initial_log_Qc"": 2.9957322735539913, ""initial_objective"": 9.39012455930313, ""iterations"": 51, ""objective_evaluations"": 1, ""start_index"": 24}], ""total_objective_evaluations"": 303, ""winning_start_index"": 18}"
HYD-LOCO-4.0,WASZ-COND-4.0,HYD_P1_POROELASTIC_UNIVERSAL_LIMIT,WASZ-COND-1.0;WASZ-COND-2.0;WASZ-COND-3.5;WASZ-COND-5.0;WASZ-COND-6.0;WASZ-COND-7.0;WASZ-COND-8.0;WASZ-COND-9.0;WASZ-COND-11.0;WASZ-COND-13.0,WASZ-BREW-1-1;WASZ-BREW-1-2;WASZ-BREW-1-3;WASZ-BREW-1-4;WASZ-BREW-1-5b;WASZ-BREW-10-2;WASZ-BREW-10-3;WASZ-BREW-10-4;WASZ-BREW-10-5;WASZ-BREW-12-8-2;WASZ-BREW-12-8-3;WASZ-BREW-12-8-4;WASZ-BREW-12-8-5;WASZ-BREW-12-8-6;WASZ-BREW-12-8-7;WASZ-BREW-2-2;WASZ-BREW-2-3;WASZ-BREW-2-4;WASZ-BREW-2-5;WASZ-BREW-3-5-3;WASZ-BREW-3-5-4;WASZ-BREW-3-5-5;WASZ-BREW-5-1;WASZ-BREW-5-2;WASZ-BREW-5-3;WASZ-BREW-5-4;WASZ-BREW-5-5;WASZ-BREW-6-1;WASZ-BREW-6-2;WASZ-BREW-6-3;WASZ-BREW-6-4;WASZ-BREW-6-5;WASZ-BREW-6-6;WASZ-BREW-7-1;WASZ-BREW-7-2;WASZ-BREW-7-3;WASZ-BREW-7-4;WASZ-BREW-8-1;WASZ-BREW-8-1b;WASZ-BREW-8-2;WASZ-BREW-8-3;WASZ-BREW-9-1;WASZ-BREW-9-2;WASZ-BREW-9-3;WASZ-BREW-9-4;WASZ-BREW-9-5,WASZ-BREW-4-1;WASZ-BREW-4-1b;WASZ-BREW-4-2;WASZ-BREW-4-2b;WASZ-BREW-4-3;WASZ-BREW-4-3b;WASZ-BREW-4-4;WASZ-BREW-4-4b;WASZ-BREW-4-5;WASZ-BREW-4-5b,1.9299269999999997,PASS,,,PASS,PASS,0,0,0,"{""Pc_bar"": 12.496061317066033, ""Qc_g_s"": 1.8853206372405602, ""log_Pc"": 2.525413500020793, ""log_Qc"": 0.6340979057665852}",0.3148245535831937,0.16312770046908187,PRACTICALLY_NONIDENTIFIABLE,"{""bound_proximity"": false, ""convergence_reason"": ""LOG_STEP_TOLERANCE"", ""domain_failure_count"": 0, ""execution_status"": ""PASS"", ""failure_class"": """", ""failure_reason"": """", ""final_step_size"": 9.060981821467974e-07, ""finite_start_count"": 11, ""fitted_parameters"": {""Pc_bar"": 12.496061317066033, ""Qc_g_s"": 1.8853206372405602, ""log_Pc"": 2.525413500020793, ""log_Qc"": 0.6340979057665852}, ""identifiability"": ""PRACTICALLY_NONIDENTIFIABLE"", ""identifiability_diagnostics"": {""hessian_condition_number"": null, ""hessian_eigenvalues"": [null, null], ""hessian_log_space"": [[null, null], [null, null]], ""minimum_relative_profile_increase"": 0.013911032176115062, ""profile_scans"": {""log_Pc"": [{""objective"": null, ""offset"": -0.05}, {""objective"": 0.07788221507247578, ""offset"": 0.05}, {""objective"": null, ""offset"": -0.1}, {""objective"": 0.08044625223645577, ""offset"": 0.1}, {""objective"": null, ""offset"": -0.25}, {""objective"": 0.09758375775669278, ""offset"": 0.25}], ""log_Qc"": [{""objective"": null, ""offset"": -0.05}, {""objective"": 0.08330368302862493, ""offset"": 0.05}, {""objective"": null, ""offset"": -0.1}, {""objective"": 0.10409866852787673, ""offset"": 0.1}, {""objective"": null, ""offset"": -0.25}, {""objective"": 0.27520899303724233, ""offset"": 0.25}]}}, ""identifiability_objective_evaluations"": 8, ""iterations"": 534, ""nonfinite_count"": 14, ""objective"": 0.07681365780715535, ""optimizer_objective_evaluations"": 283, ""optimizer_status"": ""PASS"", ""prediction_status"": ""PENDING"", ""root_failure_count"": 0, ""start_count"": 25, ""start_receipts"": [{""convergence_reason"": ""NONFINITE_START"", ""convergence_status"": ""NONFINITE_START"", ""final_log_Pc"": null, ""final_log_Qc"": null, ""final_objective"": null, ""final_step_size"": null, ""finite_start"": false, ""initial_log_Pc"": 0.0, ""initial_log_Qc"": -4.605170185988091, ""initial_objective"": null, ""iterations"": 0, ""objective_evaluations"": 1, ""start_index"": 0}, {""convergence_reason"": ""NONFINITE_START"", ""convergence_status"": ""NONFINITE_START"", ""final_log_Pc"": null, ""final_log_Qc"": null, ""final_objective"": null, ""final_step_size"": null, ""finite_start"": false, ""initial_log_Pc"": 1.151292546497023, ""initial_log_Qc"": -4.605170185988091, ""initial_objective"": null, ""iterations"": 0, ""objective_evaluations"": 1, ""start_index"": 1}, {""convergence_reason"": ""NONFINITE_START"", ""convergence_status"": ""NONFINITE_START"", ""final_log_Pc"": null, ""final_log_Qc"": null, ""final_objective"": null, ""final_step_size"": null, ""finite_start"": false, ""initial_log_Pc"": 2.302585092994046, ""initial_log_Qc"": -4.605170185988091, ""initial_objective"": null, ""iterations"": 0, ""objective_evaluations"": 1, ""start_index"": 2}, {""convergence_reason"": ""LOG_STEP_TOLERANCE"", ""convergence_status"": ""CONVERGED"", ""final_log_Pc"": 2.525413500020793, ""final_log_Qc"": 0.6340979057665856, ""final_objective"": 0.07681365780715536, ""final_step_size"": 9.060981821467974e-07, ""finite_start"": true, ""initial_log_Pc"": 3.453877639491069, ""initial_log_Qc"": -4.605170185988091, ""initial_objective"": 2.5595049594508077, ""iterations"": 50, ""objective_evaluations"": 136, ""start_index"": 3}, {""convergence_reason"": ""LOG_STEP_TOLERANCE"", ""convergence_status"": ""CONVERGED"", ""final_log_Pc"": 2.525413500020793, ""final_log_Qc"": 0.6340979057665856, ""final_objective"": 0.07681365780715536, ""final_step_size"": 9.060981821467974e-07, ""finite_start"": true, ""initial_log_Pc"": 4.605170185988092, ""initial_log_Qc"": -4.605170185988091, ""initial_objective"": 2.5701247675049306, ""iterations"": 50, ""objective_evaluations"": 1, ""start_index"": 4}, {""convergence_reason"": ""NONFINITE_START"", ""convergence_status"": ""NONFINITE_START"", ""final_log_Pc"": null, ""final_log_Qc"": null, ""final_objective"": null, ""final_step_size"": null, ""finite_start"": false, ""initial_log_Pc"": 0.0, ""initial_log_Qc"": -2.7049445711025704, ""initial_objective"": null, ""iterations"": 0, ""objective_evaluations"": 1, ""start_index"": 5}, {""convergence_reason"": ""NONFINITE_START"", ""convergence_status"": ""NONFINITE_START"", ""final_log_Pc"": null, ""final_log_Qc"": null, ""final_objective"": null, ""final_step_size"": null, ""finite_start"": false, ""initial_log_Pc"": 1.151292546497023, ""initial_log_Qc"": -2.7049445711025704, ""initial_objective"": null, ""iterations"": 0, ""objective_evaluations"": 1, ""start_index"": 6}, {""convergence_reason"": ""NONFINITE_START"", ""convergence_status"": ""NONFINITE_START"", ""final_log_Pc"": null, ""final_log_Qc"": null, ""final_objective"": null, ""final_step_size"": null, ""finite_start"": false, ""initial_log_Pc"": 2.302585092994046, ""initial_log_Qc"": -2.7049445711025704, ""initial_objective"": null, ""iterations"": 0, ""objective_evaluations"": 0, ""start_index"": 7}, {""convergence_reason"": ""LOG_STEP_TOLERANCE"", ""convergence_status"": ""CONVERGED"", ""final_log_Pc"": 2.525413500020793, ""final_log_Qc"": 0.6340979057665856, ""final_objective"": 0.07681365780715536, ""final_step_size"": 9.060981821467974e-07, ""finite_start"": true, ""initial_log_Pc"": 3.453877639491069, ""initial_log_Qc"": -2.7049445711025704, ""initial_objective"": 2.4574630821821826, ""iterations"": 49, ""objective_evaluations"": 0, ""start_index"": 8}, {""convergence_reason"": ""LOG_STEP_TOLERANCE"", ""convergence_status"": ""CONVERGED"", ""final_log_Pc"": 2.525413500020793, ""final_log_Qc"": 0.6340979057665856, ""final_objective"": 0.07681365780715536, ""final_step_size"": 9.060981821467974e-07, ""finite_start"": true, ""initial_log_Pc"": 4.605170185988092, ""initial_log_Qc"": -2.7049445711025704, ""initial_objective"": 2.5273967806599575, ""iterations"": 49, ""objective_evaluations"": 0, ""start_index"": 9}, {""convergence_reason"": ""NONFINITE_START"", ""convergence_status"": ""NONFINITE_START"", ""final_log_Pc"": null, ""final_log_Qc"": null, ""final_objective"": null, ""final_step_size"": null, ""finite_start"": false, ""initial_log_Pc"": 0.0, ""initial_log_Qc"": -0.8047189562170498, ""initial_objective"": null, ""iterations"": 0, ""objective_evaluations"": 1, ""start_index"": 10}, {""convergence_reason"": ""NONFINITE_START"", ""convergence_status"": ""NONFINITE_START"", ""final_log_Pc"": null, ""final_log_Qc"": null, ""final_objective"": null, ""final_step_size"": null, ""finite_start"": false, ""initial_log_Pc"": 1.151292546497023, ""initial_log_Qc"": -0.8047189562170498, ""initial_objective"": null, ""iterations"": 0, ""objective_evaluations"": 1, ""start_index"": 11}, {""convergence_reason"": ""NONFINITE_START"", ""convergence_status"": ""NONFINITE_START"", ""final_log_Pc"": null, ""final_log_Qc"": null, ""final_objective"": null, ""final_step_size"": null, ""finite_start"": false, ""initial_log_Pc"": 2.302585092994046, ""initial_log_Qc"": -0.8047189562170498, ""initial_objective"": null, ""iterations"": 0, ""objective_evaluations"": 0, ""start_index"": 12}, {""convergence_reason"": ""LOG_STEP_TOLERANCE"", ""convergence_status"": ""CONVERGED"", ""final_log_Pc"": 2.525413500020793, ""final_log_Qc"": 0.6340979057665856, ""final_objective"": 0.07681365780715536, ""final_step_size"": 9.060981821467974e-07, ""finite_start"": true, ""initial_log_Pc"": 3.453877639491069, ""initial_log_Qc"": -0.8047189562170498, ""initial_objective"": 1.8330249611413139, ""iterations"": 48, ""objective_evaluations"": 0, ""start_index"": 13}, {""convergence_reason"": ""LOG_STEP_TOLERANCE"", ""convergence_status"": ""CONVERGED"", ""final_log_Pc"": 2.525413500020793, ""final_log_Qc"": 0.6340979057665856, ""final_objective"": 0.07681365780715536, ""final_step_size"": 9.060981821467974e-07, ""finite_start"": true, ""initial_log_Pc"": 4.605170185988092, ""initial_log_Qc"": -0.8047189562170498, ""initial_objective"": 2.2521953402766086, ""iterations"": 48, ""objective_evaluations"": 0, ""start_index"": 14}, {""convergence_reason"": ""NONFINITE_START"", ""convergence_status"": ""NONFINITE_START"", ""final_log_Pc"": null, ""final_log_Qc"": null, ""final_objective"": null, ""final_step_size"": null, ""finite_start"": false, ""initial_log_Pc"": 0.0, ""initial_log_Qc"": 1.0955066586684703, ""initial_objective"": null, ""iterations"": 0, ""objective_evaluations"": 1, ""start_index"": 15}, {""convergence_reason"": ""NONFINITE_START"", ""convergence_status"": ""NONFINITE_START"", ""final_log_Pc"": null, ""final_log_Qc"": null, ""final_objective"": null, ""final_step_size"": null, ""finite_start"": false, ""initial_log_Pc"": 1.151292546497023, ""initial_log_Qc"": 1.0955066586684703, ""initial_objective"": null, ""iterations"": 0, ""objective_evaluations"": 1, ""start_index"": 16}, {""convergence_reason"": ""NONFINITE_START"", ""convergence_status"": ""NONFINITE_START"", ""final_log_Pc"": null, ""final_log_Qc"": null, ""final_objective"": null, ""final_step_size"": null, ""finite_start"": false, ""initial_log_Pc"": 2.302585092994046, ""initial_log_Qc"": 1.0955066586684703, ""initial_objective"": null, ""iterations"": 0, ""objective_evaluations"": 1, ""start_index"": 17}, {""convergence_reason"": ""LOG_STEP_TOLERANCE"", ""convergence_status"": ""CONVERGED"", ""final_log_Pc"": 2.525413500020793, ""final_log_Qc"": 0.6340979057665852, ""final_objective"": 0.07681365780715535, ""final_step_size"": 9.060981821467974e-07, ""finite_start"": true, ""initial_log_Pc"": 3.453877639491069, ""initial_log_Qc"": 1.0955066586684703, ""initial_objective"": 0.2146214704978953, ""iterations"": 47, ""objective_evaluations"": 127, ""start_index"": 18}, {""convergence_reason"": ""LOG_STEP_TOLERANCE"", ""convergence_status"": ""CONVERGED"", ""final_log_Pc"": 2.525413500020793, ""final_log_Qc"": 0.6340979057665852, ""final_objective"": 0.07681365780715535, ""final_step_size"": 9.060981821467974e-07, ""finite_start"": true, ""initial_log_Pc"": 4.605170185988092, ""initial_log_Qc"": 1.0955066586684703, ""initial_objective"": 0.8809795991741477, ""iterations"": 48, ""objective_evaluations"": 2, ""start_index"": 19}, {""convergence_reason"": ""NONFINITE_START"", ""convergence_status"": ""NONFINITE_START"", ""final_log_Pc"": null, ""final_log_Qc"": null, ""final_objective"": null, ""final_step_size"": null, ""finite_start"": false, ""initial_log_Pc"": 0.0, ""initial_log_Qc"": 2.9957322735539913, ""initial_objective"": null, ""iterations"": 0, ""objective_evaluations"": 1, ""start_index"": 20}, {""convergence_reason"": ""NONFINITE_START"", ""convergence_status"": ""NONFINITE_START"", ""final_log_Pc"": null, ""final_log_Qc"": null, ""final_objective"": null, ""final_step_size"": null, ""finite_start"": false, ""initial_log_Pc"": 1.151292546497023, ""initial_log_Qc"": 2.9957322735539913, ""initial_objective"": null, ""iterations"": 0, ""objective_evaluations"": 1, ""start_index"": 21}, {""convergence_reason"": ""LOG_STEP_TOLERANCE"", ""convergence_status"": ""CONVERGED"", ""final_log_Pc"": 2.525413500020793, ""final_log_Qc"": 0.6340979057665852, ""final_objective"": 0.07681365780715535, ""final_step_size"": 9.060981821467974e-07, ""finite_start"": true, ""initial_log_Pc"": 2.302585092994046, ""initial_log_Qc"": 2.9957322735539913, ""initial_objective"": 143.93324755592064, ""iterations"": 49, ""objective_evaluations"": 3, ""start_index"": 22}, {""convergence_reason"": ""LOG_STEP_TOLERANCE"", ""convergence_status"": ""CONVERGED"", ""final_log_Pc"": 2.525413500020793, ""final_log_Qc"": 0.6340979057665856, ""final_objective"": 0.07681365780715536, ""final_step_size"": 9.060981821467974e-07, ""finite_start"": true, ""initial_log_Pc"": 3.453877639491069, ""initial_log_Qc"": 2.9957322735539913, ""initial_objective"": 61.54994029942422, ""iterations"": 48, ""objective_evaluations"": 1, ""start_index"": 23}, {""convergence_reason"": ""LOG_STEP_TOLERANCE"", ""convergence_status"": ""CONVERGED"", ""final_log_Pc"": 2.525413500020793, ""final_log_Qc"": 0.6340979057665856, ""final_objective"": 0.07681365780715536, ""final_step_size"": 9.060981821467974e-07, ""finite_start"": true, ""initial_log_Pc"": 4.605170185988092, ""initial_log_Qc"": 2.9957322735539913, ""initial_objective"": 9.925209709591691, ""iterations"": 48, ""objective_evaluations"": 1, ""start_index"": 24}], ""total_objective_evaluations"": 291, ""winning_start_index"": 18}"
HYD-LOCO-4.0,WASZ-COND-4.0,HYD_E2C_EWP_FINITE_PHI_POROELASTIC_COMPONENT,WASZ-COND-1.0;WASZ-COND-2.0;WASZ-COND-3.5;WASZ-COND-5.0;WASZ-COND-6.0;WASZ-COND-7.0;WASZ-COND-8.0;WASZ-COND-9.0;WASZ-COND-11.0;WASZ-COND-13.0,WASZ-BREW-1-1;WASZ-BREW-1-2;WASZ-BREW-1-3;WASZ-BREW-1-4;WASZ-BREW-1-5b;WASZ-BREW-10-2;WASZ-BREW-10-3;WASZ-BREW-10-4;WASZ-BREW-10-5;WASZ-BREW-12-8-2;WASZ-BREW-12-8-3;WASZ-BREW-12-8-4;WASZ-BREW-12-8-5;WASZ-BREW-12-8-6;WASZ-BREW-12-8-7;WASZ-BREW-2-2;WASZ-BREW-2-3;WASZ-BREW-2-4;WASZ-BREW-2-5;WASZ-BREW-3-5-3;WASZ-BREW-3-5-4;WASZ-BREW-3-5-5;WASZ-BREW-5-1;WASZ-BREW-5-2;WASZ-BREW-5-3;WASZ-BREW-5-4;WASZ-BREW-5-5;WASZ-BREW-6-1;WASZ-BREW-6-2;WASZ-BREW-6-3;WASZ-BREW-6-4;WASZ-BREW-6-5;WASZ-BREW-6-6;WASZ-BREW-7-1;WASZ-BREW-7-2;WASZ-BREW-7-3;WASZ-BREW-7-4;WASZ-BREW-8-1;WASZ-BREW-8-1b;WASZ-BREW-8-2;WASZ-BREW-8-3;WASZ-BREW-9-1;WASZ-BREW-9-2;WASZ-BREW-9-3;WASZ-BREW-9-4;WASZ-BREW-9-5,WASZ-BREW-4-1;WASZ-BREW-4-1b;WASZ-BREW-4-2;WASZ-BREW-4-2b;WASZ-BREW-4-3;WASZ-BREW-4-3b;WASZ-BREW-4-4;WASZ-BREW-4-4b;WASZ-BREW-4-5;WASZ-BREW-4-5b,1.9299269999999997,PASS,,,PASS,PASS,0,0,0,"{""Pc_bar"": 12.495430206005045, ""Qc_g_s"": 1.891490789780173, ""log_Pc"": 2.525362993946713, ""log_Qc"": 0.6373652958114066}",0.322165329036262,0.16693135493532243,PRACTICALLY_NONIDENTIFIABLE,"{""bound_proximity"": false, ""convergence_reason"": ""LOG_STEP_TOLERANCE"", ""domain_failure_count"": 0, ""execution_status"": ""PASS"", ""failure_class"": """", ""failure_reason"": """", ""final_step_size"": 9.060981821467974e-07, ""finite_start_count"": 11, ""fitted_parameters"": {""Pc_bar"": 12.495430206005045, ""Qc_g_s"": 1.891490789780173, ""log_Pc"": 2.525362993946713, ""log_Qc"": 0.6373652958114066}, ""identifiability"": ""PRACTICALLY_NONIDENTIFIABLE"", ""identifiability_diagnostics"": {""hessian_condition_number"": null, ""hessian_eigenvalues"": [null, null], ""hessian_log_space"": [[null, null], [null, null]], ""minimum_relative_profile_increase"": 0.01913176963635346, ""profile_scans"": {""log_Pc"": [{""objective"": null, ""offset"": -0.05}, {""objective"": 0.07782124359479153, ""offset"": 0.05}, {""objective"": null, ""offset"": -0.1}, {""objective"": 0.0808048151175408, ""offset"": 0.1}, {""objective"": null, ""offset"": -0.25}, {""objective"": 0.09935285451336316, ""offset"": 0.25}], ""log_Qc"": [{""objective"": null, ""offset"": -0.05}, {""objective"": 0.08285053273209482, ""offset"": 0.05}, {""objective"": null, ""offset"": -0.1}, {""objective"": 0.10364555560415996, ""offset"": 0.1}, {""objective"": null, ""offset"": -0.25}, {""objective"": 0.2747477165565775, ""offset"": 0.25}]}}, ""identifiability_objective_evaluations"": 8, ""iterations"": 721, ""nonfinite_count"": 14, ""objective"": 0.0763603352514069, ""optimizer_objective_evaluations"": 387, ""optimizer_status"": ""PASS"", ""prediction_status"": ""PENDING"", ""root_failure_count"": 0, ""start_count"": 25, ""start_receipts"": [{""convergence_reason"": ""NONFINITE_START"", ""convergence_status"": ""NONFINITE_START"", ""final_log_Pc"": null, ""final_log_Qc"": null, ""final_objective"": null, ""final_step_size"": null, ""finite_start"": false, ""initial_log_Pc"": 0.0, ""initial_log_Qc"": -4.605170185988091, ""initial_objective"": null, ""iterations"": 0, ""objective_evaluations"": 1, ""start_index"": 0}, {""convergence_reason"": ""NONFINITE_START"", ""convergence_status"": ""NONFINITE_START"", ""final_log_Pc"": null, ""final_log_Qc"": null, ""final_objective"": null, ""final_step_size"": null, ""finite_start"": false, ""initial_log_Pc"": 1.151292546497023, ""initial_log_Qc"": -4.605170185988091, ""initial_objective"": null, ""iterations"": 0, ""objective_evaluations"": 1, ""start_index"": 1}, {""convergence_reason"": ""NONFINITE_START"", ""convergence_status"": ""NONFINITE_START"", ""final_log_Pc"": null, ""final_log_Qc"": null, ""final_objective"": null, ""final_step_size"": null, ""finite_start"": false, ""initial_log_Pc"": 2.302585092994046, ""initial_log_Qc"": -4.605170185988091, ""initial_objective"": null, ""iterations"": 0, ""objective_evaluations"": 1, ""start_index"": 2}, {""convergence_reason"": ""LOG_STEP_TOLERANCE"", ""convergence_status"": ""CONVERGED"", ""final_log_Pc"": 2.525362993946713, ""final_log_Qc"": 0.637365295811407, ""final_objective"": 0.0763603352514069, ""final_step_size"": 9.060981821467974e-07, ""finite_start"": true, ""initial_log_Pc"": 3.453877639491069, ""initial_log_Qc"": -4.605170185988091, ""initial_objective"": 2.5597185986164903, ""iterations"": 67, ""objective_evaluations"": 188, ""start_index"": 3}, {""convergence_reason"": ""LOG_STEP_TOLERANCE"", ""convergence_status"": ""CONVERGED"", ""final_log_Pc"": 2.525362993946713, ""final_log_Qc"": 0.637365295811407, ""final_objective"": 0.0763603352514069, ""final_step_size"": 9.060981821467974e-07, ""finite_start"": true, ""initial_log_Pc"": 4.605170185988092, ""initial_log_Qc"": -4.605170185988091, ""initial_objective"": 2.57027608198384, ""iterations"": 67, ""objective_evaluations"": 1, ""start_index"": 4}, {""convergence_reason"": ""NONFINITE_START"", ""convergence_status"": ""NONFINITE_START"", ""final_log_Pc"": null, ""final_log_Qc"": null, ""final_objective"": null, ""final_step_size"": null, ""finite_start"": false, ""initial_log_Pc"": 0.0, ""initial_log_Qc"": -2.7049445711025704, ""initial_objective"": null, ""iterations"": 0, ""objective_evaluations"": 1, ""start_index"": 5}, {""convergence_reason"": ""NONFINITE_START"", ""convergence_status"": ""NONFINITE_START"", ""final_log_Pc"": null, ""final_log_Qc"": null, ""final_objective"": null, ""final_step_size"": null, ""finite_start"": false, ""initial_log_Pc"": 1.151292546497023, ""initial_log_Qc"": -2.7049445711025704, ""initial_objective"": null, ""iterations"": 0, ""objective_evaluations"": 1, ""start_index"": 6}, {""convergence_reason"": ""NONFINITE_START"", ""convergence_status"": ""NONFINITE_START"", ""final_log_Pc"": null, ""final_log_Qc"": null, ""final_objective"": null, ""final_step_size"": null, ""finite_start"": false, ""initial_log_Pc"": 2.302585092994046, ""initial_log_Qc"": -2.7049445711025704, ""initial_objective"": null, ""iterations"": 0, ""objective_evaluations"": 0, ""start_index"": 7}, {""convergence_reason"": ""LOG_STEP_TOLERANCE"", ""convergence_status"": ""CONVERGED"", ""final_log_Pc"": 2.525362993946713, ""final_log_Qc"": 0.637365295811407, ""final_objective"": 0.0763603352514069, ""final_step_size"": 9.060981821467974e-07, ""finite_start"": true, ""initial_log_Pc"": 3.453877639491069, ""initial_log_Qc"": -2.7049445711025704, ""initial_objective"": 2.4588630389118933, ""iterations"": 66, ""objective_evaluations"": 0, ""start_index"": 8}, {""convergence_reason"": ""LOG_STEP_TOLERANCE"", ""convergence_status"": ""CONVERGED"", ""final_log_Pc"": 2.525362993946713, ""final_log_Qc"": 0.637365295811407, ""final_objective"": 0.0763603352514069, ""final_step_size"": 9.060981821467974e-07, ""finite_start"": true, ""initial_log_Pc"": 4.605170185988092, ""initial_log_Qc"": -2.7049445711025704, ""initial_objective"": 2.528399352664479, ""iterations"": 66, ""objective_evaluations"": 0, ""start_index"": 9}, {""convergence_reason"": ""NONFINITE_START"", ""convergence_status"": ""NONFINITE_START"", ""final_log_Pc"": null, ""final_log_Qc"": null, ""final_objective"": null, ""final_step_size"": null, ""finite_start"": false, ""initial_log_Pc"": 0.0, ""initial_log_Qc"": -0.8047189562170498, ""initial_objective"": null, ""iterations"": 0, ""objective_evaluations"": 1, ""start_index"": 10}, {""convergence_reason"": ""NONFINITE_START"", ""convergence_status"": ""NONFINITE_START"", ""final_log_Pc"": null, ""final_log_Qc"": null, ""final_objective"": null, ""final_step_size"": null, ""finite_start"": false, ""initial_log_Pc"": 1.151292546497023, ""initial_log_Qc"": -0.8047189562170498, ""initial_objective"": null, ""iterations"": 0, ""objective_evaluations"": 1, ""start_index"": 11}, {""convergence_reason"": ""NONFINITE_START"", ""convergence_status"": ""NONFINITE_START"", ""final_log_Pc"": null, ""final_log_Qc"": null, ""final_objective"": null, ""final_step_size"": null, ""finite_start"": false, ""initial_log_Pc"": 2.302585092994046, ""initial_log_Qc"": -0.8047189562170498, ""initial_objective"": null, ""iterations"": 0, ""objective_evaluations"": 0, ""start_index"": 12}, {""convergence_reason"": ""LOG_STEP_TOLERANCE"", ""convergence_status"": ""CONVERGED"", ""final_log_Pc"": 2.525362993946713, ""final_log_Qc"": 0.637365295811407, ""final_objective"": 0.0763603352514069, ""final_step_size"": 9.060981821467974e-07, ""finite_start"": true, ""initial_log_Pc"": 3.453877639491069, ""initial_log_Qc"": -0.8047189562170498, ""initial_objective"": 1.8411027415308083, ""iterations"": 65, ""objective_evaluations"": 0, ""start_index"": 13}, {""convergence_reason"": ""LOG_STEP_TOLERANCE"", ""convergence_status"": ""CONVERGED"", ""final_log_Pc"": 2.525362993946713, ""final_log_Qc"": 0.637365295811407, ""final_objective"": 0.0763603352514069, ""final_step_size"": 9.060981821467974e-07, ""finite_start"": true, ""initial_log_Pc"": 4.605170185988092, ""initial_log_Qc"": -0.8047189562170498, ""initial_objective"": 2.2584828905825285, ""iterations"": 65, ""objective_evaluations"": 0, ""start_index"": 14}, {""convergence_reason"": ""NONFINITE_START"", ""convergence_status"": ""NONFINITE_START"", ""final_log_Pc"": null, ""final_log_Qc"": null, ""final_objective"": null, ""final_step_size"": null, ""finite_start"": false, ""initial_log_Pc"": 0.0, ""initial_log_Qc"": 1.0955066586684703, ""initial_objective"": null, ""iterations"": 0, ""objective_evaluations"": 1, ""start_index"": 15}, {""convergence_reason"": ""NONFINITE_START"", ""convergence_status"": ""NONFINITE_START"", ""final_log_Pc"": null, ""final_log_Qc"": null, ""final_objective"": null, ""final_step_size"": null, ""finite_start"": false, ""initial_log_Pc"": 1.151292546497023, ""initial_log_Qc"": 1.0955066586684703, ""initial_objective"": null, ""iterations"": 0, ""objective_evaluations"": 1, ""start_index"": 16}, {""convergence_reason"": ""NONFINITE_START"", ""convergence_status"": ""NONFINITE_START"", ""final_log_Pc"": null, ""final_log_Qc"": null, ""final_objective"": null, ""final_step_size"": null, ""finite_start"": false, ""initial_log_Pc"": 2.302585092994046, ""initial_log_Qc"": 1.0955066586684703, ""initial_objective"": null, ""iterations"": 0, ""objective_evaluations"": 1, ""start_index"": 17}, {""convergence_reason"": ""LOG_STEP_TOLERANCE"", ""convergence_status"": ""CONVERGED"", ""final_log_Pc"": 2.525362993946713, ""final_log_Qc"": 0.6373652958114066, ""final_objective"": 0.0763603352514069, ""final_step_size"": 9.060981821467974e-07, ""finite_start"": true, ""initial_log_Pc"": 3.453877639491069, ""initial_log_Qc"": 1.0955066586684703, ""initial_objective"": 0.21207904504295877, ""iterations"": 64, ""objective_evaluations"": 179, ""start_index"": 18}, {""convergence_reason"": ""LOG_STEP_TOLERANCE"", ""convergence_status"": ""CONVERGED"", ""final_log_Pc"": 2.525362993946713, ""final_log_Qc"": 0.6373652958114066, ""final_objective"": 0.0763603352514069, ""final_step_size"": 9.060981821467974e-07, ""finite_start"": true, ""initial_log_Pc"": 4.605170185988092, ""initial_log_Qc"": 1.0955066586684703, ""initial_objective"": 0.9045110653360308, ""iterations"": 65, ""objective_evaluations"": 2, ""start_index"": 19}, {""convergence_reason"": ""NONFINITE_START"", ""convergence_status"": ""NONFINITE_START"", ""final_log_Pc"": null, ""final_log_Qc"": null, ""final_objective"": null, ""final_step_size"": null, ""finite_start"": false, ""initial_log_Pc"": 0.0, ""initial_log_Qc"": 2.9957322735539913, ""initial_objective"": null, ""iterations"": 0, ""objective_evaluations"": 1, ""start_index"": 20}, {""convergence_reason"": ""NONFINITE_START"", ""convergence_status"": ""NONFINITE_START"", ""final_log_Pc"": null, ""final_log_Qc"": null, ""final_objective"": null, ""final_step_size"": null, ""finite_start"": false, ""initial_log_Pc"": 1.151292546497023, ""initial_log_Qc"": 2.9957322735539913, ""initial_objective"": null, ""iterations"": 0, ""objective_evaluations"": 1, ""start_index"": 21}, {""convergence_reason"": ""LOG_STEP_TOLERANCE"", ""convergence_status"": ""CONVERGED"", ""final_log_Pc"": 2.525362993946713, ""final_log_Qc"": 0.6373652958114066, ""final_objective"": 0.0763603352514069, ""final_step_size"": 9.060981821467974e-07, ""finite_start"": true, ""initial_log_Pc"": 2.302585092994046, ""initial_log_Qc"": 2.9957322735539913, ""initial_objective"": 142.8013657132653, ""iterations"": 66, ""objective_evaluations"": 3, ""start_index"": 22}, {""convergence_reason"": ""LOG_STEP_TOLERANCE"", ""convergence_status"": ""CONVERGED"", ""final_log_Pc"": 2.525362993946713, ""final_log_Qc"": 0.637365295811407, ""final_objective"": 0.0763603352514069, ""final_step_size"": 9.060981821467974e-07, ""finite_start"": true, ""initial_log_Pc"": 3.453877639491069, ""initial_log_Qc"": 2.9957322735539913, ""initial_objective"": 60.18528273250581, ""iterations"": 65, ""objective_evaluations"": 1, ""start_index"": 23}, {""convergence_reason"": ""LOG_STEP_TOLERANCE"", ""convergence_status"": ""CONVERGED"", ""final_log_Pc"": 2.525362993946713, ""final_log_Qc"": 0.637365295811407, ""final_objective"": 0.0763603352514069, ""final_step_size"": 9.060981821467974e-07, ""finite_start"": true, ""initial_log_Pc"": 4.605170185988092, ""initial_log_Qc"": 2.9957322735539913, ""initial_objective"": 9.433146804478607, ""iterations"": 65, ""objective_evaluations"": 1, ""start_index"": 24}], ""total_objective_evaluations"": 395, ""winning_start_index"": 18}"
HYD-LOCO-5.0,WASZ-COND-5.0,HYD_P1_POROELASTIC_UNIVERSAL_LIMIT,WASZ-COND-1.0;WASZ-COND-2.0;WASZ-COND-3.5;WASZ-COND-4.0;WASZ-COND-6.0;WASZ-COND-7.0;WASZ-COND-8.0;WASZ-COND-9.0;WASZ-COND-11.0;WASZ-COND-13.0,WASZ-BREW-1-1;WASZ-BREW-1-2;WASZ-BREW-1-3;WASZ-BREW-1-4;WASZ-BREW-1-5b;WASZ-BREW-10-2;WASZ-BREW-10-3;WASZ-BREW-10-4;WASZ-BREW-10-5;WASZ-BREW-12-8-2;WASZ-BREW-12-8-3;WASZ-BREW-12-8-4;WASZ-BREW-12-8-5;WASZ-BREW-12-8-6;WASZ-BREW-12-8-7;WASZ-BREW-2-2;WASZ-BREW-2-3;WASZ-BREW-2-4;WASZ-BREW-2-5;WASZ-BREW-3-5-3;WASZ-BREW-3-5-4;WASZ-BREW-3-5-5;WASZ-BREW-4-1;WASZ-BREW-4-1b;WASZ-BREW-4-2;WASZ-BREW-4-2b;WASZ-BREW-4-3;WASZ-BREW-4-3b;WASZ-BREW-4-4;WASZ-BREW-4-4b;WASZ-BREW-4-5;WASZ-BREW-4-5b;WASZ-BREW-6-1;WASZ-BREW-6-2;WASZ-BREW-6-3;WASZ-BREW-6-4;WASZ-BREW-6-5;WASZ-BREW-6-6;WASZ-BREW-7-1;WASZ-BREW-7-2;WASZ-BREW-7-3;WASZ-BREW-7-4;WASZ-BREW-8-1;WASZ-BREW-8-1b;WASZ-BREW-8-2;WASZ-BREW-8-3;WASZ-BREW-9-1;WASZ-BREW-9-2;WASZ-BREW-9-3;WASZ-BREW-9-4;WASZ-BREW-9-5,WASZ-BREW-5-1;WASZ-BREW-5-2;WASZ-BREW-5-3;WASZ-BREW-5-4;WASZ-BREW-5-5,1.9299269999999997,PASS,,,PASS,PASS,0,0,0,"{""Pc_bar"": 12.608839194993852, ""Qc_g_s"": 1.8609822836890473, ""log_Pc"": 2.5343980914171147, ""log_Qc"": 0.6211044578346}",0.489939757150696,0.2538643985760581,ADEQUATELY_IDENTIFIED_FOR_PREDICTION,"{""bound_proximity"": false, ""convergence_reason"": ""LOG_STEP_TOLERANCE"", ""domain_failure_count"": 0, ""execution_status"": ""PASS"", ""failure_class"": """", ""failure_reason"": """", ""final_step_size"": 9.060981821467974e-07, ""finite_start_count"": 11, ""fitted_parameters"": {""Pc_bar"": 12.608839194993852, ""Qc_g_s"": 1.8609822836890473, ""log_Pc"": 2.5343980914171147, ""log_Qc"": 0.6211044578346}, ""identifiability"": ""ADEQUATELY_IDENTIFIED_FOR_PREDICTION"", ""identifiability_diagnostics"": {""hessian_condition_number"": 14.474296826315282, ""hessian_eigenvalues"": [0.3411888787980262, 4.93846910556034], ""hessian_log_space"": [[4.708041910952976, -1.0031159920279031], [-1.0031159920279031, 0.5716160734053899]], ""minimum_relative_profile_increase"": 0.011182051504578504, ""profile_scans"": {""log_Pc"": [{""objective"": null, ""offset"": -0.05}, {""objective"": 0.06536556257555241, ""offset"": 0.05}, {""objective"": null, ""offset"": -0.1}, {""objective"": 0.06756475081259217, ""offset"": 0.1}, {""objective"": null, ""offset"": -0.25}, {""objective"": 0.08343243927759378, ""offset"": 0.25}], ""log_Qc"": [{""objective"": 0.07024605945220012, ""offset"": -0.05}, {""objective"": 0.07082588062878377, ""offset"": 0.05}, {""objective"": 0.08599151320561287, ""offset"": -0.1}, {""objective"": 0.09063664626306493, ""offset"": 0.1}, {""objective"": 0.18020283292207362, ""offset"": -0.25}, {""objective"": 0.25364418758248897, ""offset"": 0.25}]}}, ""identifiability_objective_evaluations"": 8, ""iterations"": 798, ""nonfinite_count"": 14, ""objective"": 0.064642724303, ""optimizer_objective_evaluations"": 449, ""optimizer_status"": ""PASS"", ""prediction_status"": ""PENDING"", ""root_failure_count"": 0, ""start_count"": 25, ""start_receipts"": [{""convergence_reason"": ""NONFINITE_START"", ""convergence_status"": ""NONFINITE_START"", ""final_log_Pc"": null, ""final_log_Qc"": null, ""final_objective"": null, ""final_step_size"": null, ""finite_start"": false, ""initial_log_Pc"": 0.0, ""initial_log_Qc"": -4.605170185988091, ""initial_objective"": null, ""iterations"": 0, ""objective_evaluations"": 1, ""start_index"": 0}, {""convergence_reason"": ""NONFINITE_START"", ""convergence_status"": ""NONFINITE_START"", ""final_log_Pc"": null, ""final_log_Qc"": null, ""final_objective"": null, ""final_step_size"": null, ""finite_start"": false, ""initial_log_Pc"": 1.151292546497023, ""initial_log_Qc"": -4.605170185988091, ""initial_objective"": null, ""iterations"": 0, ""objective_evaluations"": 1, ""start_index"": 1}, {""convergence_reason"": ""NONFINITE_START"", ""convergence_status"": ""NONFINITE_START"", ""final_log_Pc"": null, ""final_log_Qc"": null, ""final_objective"": null, ""final_step_size"": null, ""finite_start"": false, ""initial_log_Pc"": 2.302585092994046, ""initial_log_Qc"": -4.605170185988091, ""initial_objective"": null, ""iterations"": 0, ""objective_evaluations"": 1, ""start_index"": 2}, {""convergence_reason"": ""LOG_STEP_TOLERANCE"", ""convergence_status"": ""CONVERGED"", ""final_log_Pc"": 2.5343980914171147, ""final_log_Qc"": 0.6211044578346004, ""final_objective"": 0.06464272430299998, ""final_step_size"": 9.060981821467974e-07, ""finite_start"": true, ""initial_log_Pc"": 3.453877639491069, ""initial_log_Qc"": -4.605170185988091, ""initial_objective"": 2.4298924507421553, ""iterations"": 74, ""objective_evaluations"": 219, ""start_index"": 3}, {""convergence_reason"": ""LOG_STEP_TOLERANCE"", ""convergence_status"": ""CONVERGED"", ""final_log_Pc"": 2.5343980914171147, ""final_log_Qc"": 0.6211044578346004, ""final_objective"": 0.06464272430299998, ""final_step_size"": 9.060981821467974e-07, ""finite_start"": true, ""initial_log_Pc"": 4.605170185988092, ""initial_log_Qc"": -4.605170185988091, ""initial_objective"": 2.4401636125829174, ""iterations"": 74, ""objective_evaluations"": 1, ""start_index"": 4}, {""convergence_reason"": ""NONFINITE_START"", ""convergence_status"": ""NONFINITE_START"", ""final_log_Pc"": null, ""final_log_Qc"": null, ""final_objective"": null, ""final_step_size"": null, ""finite_start"": false, ""initial_log_Pc"": 0.0, ""initial_log_Qc"": -2.7049445711025704, ""initial_objective"": null, ""iterations"": 0, ""objective_evaluations"": 1, ""start_index"": 5}, {""convergence_reason"": ""NONFINITE_START"", ""convergence_status"": ""NONFINITE_START"", ""final_log_Pc"": null, ""final_log_Qc"": null, ""final_objective"": null, ""final_step_size"": null, ""finite_start"": false, ""initial_log_Pc"": 1.151292546497023, ""initial_log_Qc"": -2.7049445711025704, ""initial_objective"": null, ""iterations"": 0, ""objective_evaluations"": 1, ""start_index"": 6}, {""convergence_reason"": ""NONFINITE_START"", ""convergence_status"": ""NONFINITE_START"", ""final_log_Pc"": null, ""final_log_Qc"": null, ""final_objective"": null, ""final_step_size"": null, ""finite_start"": false, ""initial_log_Pc"": 2.302585092994046, ""initial_log_Qc"": -2.7049445711025704, ""initial_objective"": null, ""iterations"": 0, ""objective_evaluations"": 0, ""start_index"": 7}, {""convergence_reason"": ""LOG_STEP_TOLERANCE"", ""convergence_status"": ""CONVERGED"", ""final_log_Pc"": 2.5343980914171147, ""final_log_Qc"": 0.6211044578346004, ""final_objective"": 0.06464272430299998, ""final_step_size"": 9.060981821467974e-07, ""finite_start"": true, ""initial_log_Pc"": 3.453877639491069, ""initial_log_Qc"": -2.7049445711025704, ""initial_objective"": 2.3310926062762976, ""iterations"": 73, ""objective_evaluations"": 0, ""start_index"": 8}, {""convergence_reason"": ""LOG_STEP_TOLERANCE"", ""convergence_status"": ""CONVERGED"", ""final_log_Pc"": 2.5343980914171147, ""final_log_Qc"": 0.6211044578346004, ""final_objective"": 0.06464272430299998, ""final_step_size"": 9.060981821467974e-07, ""finite_start"": true, ""initial_log_Pc"": 4.605170185988092, ""initial_log_Qc"": -2.7049445711025704, ""initial_objective"": 2.3987149462527246, ""iterations"": 73, ""objective_evaluations"": 0, ""start_index"": 9}, {""convergence_reason"": ""NONFINITE_START"", ""convergence_status"": ""NONFINITE_START"", ""final_log_Pc"": null, ""final_log_Qc"": null, ""final_objective"": null, ""final_step_size"": null, ""finite_start"": false, ""initial_log_Pc"": 0.0, ""initial_log_Qc"": -0.8047189562170498, ""initial_objective"": null, ""iterations"": 0, ""objective_evaluations"": 1, ""start_index"": 10}, {""convergence_reason"": ""NONFINITE_START"", ""convergence_status"": ""NONFINITE_START"", ""final_log_Pc"": null, ""final_log_Qc"": null, ""final_objective"": null, ""final_step_size"": null, ""finite_start"": false, ""initial_log_Pc"": 1.151292546497023, ""initial_log_Qc"": -0.8047189562170498, ""initial_objective"": null, ""iterations"": 0, ""objective_evaluations"": 1, ""start_index"": 11}, {""convergence_reason"": ""NONFINITE_START"", ""convergence_status"": ""NONFINITE_START"", ""final_log_Pc"": null, ""final_log_Qc"": null, ""final_objective"": null, ""final_step_size"": null, ""finite_start"": false, ""initial_log_Pc"": 2.302585092994046, ""initial_log_Qc"": -0.8047189562170498, ""initial_objective"": null, ""iterations"": 0, ""objective_evaluations"": 0, ""start_index"": 12}, {""convergence_reason"": ""LOG_STEP_TOLERANCE"", ""convergence_status"": ""CONVERGED"", ""final_log_Pc"": 2.5343980914171147, ""final_log_Qc"": 0.6211044578346004, ""final_objective"": 0.06464272430299998, ""final_step_size"": 9.060981821467974e-07, ""finite_start"": true, ""initial_log_Pc"": 3.453877639491069, ""initial_log_Qc"": -0.8047189562170498, ""initial_objective"": 1.7272885695236333, ""iterations"": 72, ""objective_evaluations"": 0, ""start_index"": 13}, {""convergence_reason"": ""LOG_STEP_TOLERANCE"", ""convergence_status"": ""CONVERGED"", ""final_log_Pc"": 2.5343980914171147, ""final_log_Qc"": 0.6211044578346004, ""final_objective"": 0.06464272430299998, ""final_step_size"": 9.060981821467974e-07, ""finite_start"": true, ""initial_log_Pc"": 4.605170185988092, ""initial_log_Qc"": -0.8047189562170498, ""initial_objective"": 2.1319051639395257, ""iterations"": 72, ""objective_evaluations"": 0, ""start_index"": 14}, {""convergence_reason"": ""NONFINITE_START"", ""convergence_status"": ""NONFINITE_START"", ""final_log_Pc"": null, ""final_log_Qc"": null, ""final_objective"": null, ""final_step_size"": null, ""finite_start"": false, ""initial_log_Pc"": 0.0, ""initial_log_Qc"": 1.0955066586684703, ""initial_objective"": null, ""iterations"": 0, ""objective_evaluations"": 1, ""start_index"": 15}, {""convergence_reason"": ""NONFINITE_START"", ""convergence_status"": ""NONFINITE_START"", ""final_log_Pc"": null, ""final_log_Qc"": null, ""final_objective"": null, ""final_step_size"": null, ""finite_start"": false, ""initial_log_Pc"": 1.151292546497023, ""initial_log_Qc"": 1.0955066586684703, ""initial_objective"": null, ""iterations"": 0, ""objective_evaluations"": 1, ""start_index"": 16}, {""convergence_reason"": ""NONFINITE_START"", ""convergence_status"": ""NONFINITE_START"", ""final_log_Pc"": null, ""final_log_Qc"": null, ""final_objective"": null, ""final_step_size"": null, ""finite_start"": false, ""initial_log_Pc"": 2.302585092994046, ""initial_log_Qc"": 1.0955066586684703, ""initial_objective"": null, ""iterations"": 0, ""objective_evaluations"": 1, ""start_index"": 17}, {""convergence_reason"": ""LOG_STEP_TOLERANCE"", ""convergence_status"": ""CONVERGED"", ""final_log_Pc"": 2.5343980914171147, ""final_log_Qc"": 0.6211044578346, ""final_objective"": 0.064642724303, ""final_step_size"": 9.060981821467974e-07, ""finite_start"": true, ""initial_log_Pc"": 3.453877639491069, ""initial_log_Qc"": 1.0955066586684703, ""initial_objective"": 0.20043028402633795, ""iterations"": 71, ""objective_evaluations"": 210, ""start_index"": 18}, {""convergence_reason"": ""LOG_STEP_TOLERANCE"", ""convergence_status"": ""CONVERGED"", ""final_log_Pc"": 2.5343980914171147, ""final_log_Qc"": 0.6211044578346, ""final_objective"": 0.064642724303, ""final_step_size"": 9.060981821467974e-07, ""finite_start"": true, ""initial_log_Pc"": 4.605170185988092, ""initial_log_Qc"": 1.0955066586684703, ""initial_objective"": 0.8094919559551607, ""iterations"": 72, ""objective_evaluations"": 2, ""start_index"": 19}, {""convergence_reason"": ""NONFINITE_START"", ""convergence_status"": ""NONFINITE_START"", ""final_log_Pc"": null, ""final_log_Qc"": null, ""final_objective"": null, ""final_step_size"": null, ""finite_start"": false, ""initial_log_Pc"": 0.0, ""initial_log_Qc"": 2.9957322735539913, ""initial_objective"": null, ""iterations"": 0, ""objective_evaluations"": 1, ""start_index"": 20}, {""convergence_reason"": ""NONFINITE_START"", ""convergence_status"": ""NONFINITE_START"", ""final_log_Pc"": null, ""final_log_Qc"": null, ""final_objective"": null, ""final_step_size"": null, ""finite_start"": false, ""initial_log_Pc"": 1.151292546497023, ""initial_log_Qc"": 2.9957322735539913, ""initial_objective"": null, ""iterations"": 0, ""objective_evaluations"": 1, ""start_index"": 21}, {""convergence_reason"": ""LOG_STEP_TOLERANCE"", ""convergence_status"": ""CONVERGED"", ""final_log_Pc"": 2.5343980914171147, ""final_log_Qc"": 0.6211044578346, ""final_objective"": 0.064642724303, ""final_step_size"": 9.060981821467974e-07, ""finite_start"": true, ""initial_log_Pc"": 2.302585092994046, ""initial_log_Qc"": 2.9957322735539913, ""initial_objective"": 142.14536836970225, ""iterations"": 73, ""objective_evaluations"": 3, ""start_index"": 22}, {""convergence_reason"": ""LOG_STEP_TOLERANCE"", ""convergence_status"": ""CONVERGED"", ""final_log_Pc"": 2.5343980914171147, ""final_log_Qc"": 0.6211044578346004, ""final_objective"": 0.06464272430299998, ""final_step_size"": 9.060981821467974e-07, ""finite_start"": true, ""initial_log_Pc"": 3.453877639491069, ""initial_log_Qc"": 2.9957322735539913, ""initial_objective"": 60.85552750976529, ""iterations"": 72, ""objective_evaluations"": 1, ""start_index"": 23}, {""convergence_reason"": ""LOG_STEP_TOLERANCE"", ""convergence_status"": ""CONVERGED"", ""final_log_Pc"": 2.5343980914171147, ""final_log_Qc"": 0.6211044578346004, ""final_objective"": 0.06464272430299998, ""final_step_size"": 9.060981821467974e-07, ""finite_start"": true, ""initial_log_Pc"": 4.605170185988092, ""initial_log_Qc"": 2.9957322735539913, ""initial_objective"": 9.883986774124729, ""iterations"": 72, ""objective_evaluations"": 1, ""start_index"": 24}], ""total_objective_evaluations"": 457, ""winning_start_index"": 18}"
HYD-LOCO-5.0,WASZ-COND-5.0,HYD_E2C_EWP_FINITE_PHI_POROELASTIC_COMPONENT,WASZ-COND-1.0;WASZ-COND-2.0;WASZ-COND-3.5;WASZ-COND-4.0;WASZ-COND-6.0;WASZ-COND-7.0;WASZ-COND-8.0;WASZ-COND-9.0;WASZ-COND-11.0;WASZ-COND-13.0,WASZ-BREW-1-1;WASZ-BREW-1-2;WASZ-BREW-1-3;WASZ-BREW-1-4;WASZ-BREW-1-5b;WASZ-BREW-10-2;WASZ-BREW-10-3;WASZ-BREW-10-4;WASZ-BREW-10-5;WASZ-BREW-12-8-2;WASZ-BREW-12-8-3;WASZ-BREW-12-8-4;WASZ-BREW-12-8-5;WASZ-BREW-12-8-6;WASZ-BREW-12-8-7;WASZ-BREW-2-2;WASZ-BREW-2-3;WASZ-BREW-2-4;WASZ-BREW-2-5;WASZ-BREW-3-5-3;WASZ-BREW-3-5-4;WASZ-BREW-3-5-5;WASZ-BREW-4-1;WASZ-BREW-4-1b;WASZ-BREW-4-2;WASZ-BREW-4-2b;WASZ-BREW-4-3;WASZ-BREW-4-3b;WASZ-BREW-4-4;WASZ-BREW-4-4b;WASZ-BREW-4-5;WASZ-BREW-4-5b;WASZ-BREW-6-1;WASZ-BREW-6-2;WASZ-BREW-6-3;WASZ-BREW-6-4;WASZ-BREW-6-5;WASZ-BREW-6-6;WASZ-BREW-7-1;WASZ-BREW-7-2;WASZ-BREW-7-3;WASZ-BREW-7-4;WASZ-BREW-8-1;WASZ-BREW-8-1b;WASZ-BREW-8-2;WASZ-BREW-8-3;WASZ-BREW-9-1;WASZ-BREW-9-2;WASZ-BREW-9-3;WASZ-BREW-9-4;WASZ-BREW-9-5,WASZ-BREW-5-1;WASZ-BREW-5-2;WASZ-BREW-5-3;WASZ-BREW-5-4;WASZ-BREW-5-5,1.9299269999999997,PASS,,,PASS,PASS,0,0,0,"{""Pc_bar"": 12.498229289146458, ""Qc_g_s"": 1.8638882428329242, ""log_Pc"": 2.5255869774056903, ""log_Qc"": 0.622664758904257}",0.4926906857849273,0.2552898041143149,PRACTICALLY_NONIDENTIFIABLE,"{""bound_proximity"": false, ""convergence_reason"": ""LOG_STEP_TOLERANCE"", ""domain_failure_count"": 0, ""execution_status"": ""PASS"", ""failure_class"": """", ""failure_reason"": """", ""final_step_size"": 9.060981821467974e-07, ""finite_start_count"": 11, ""fitted_parameters"": {""Pc_bar"": 12.498229289146458, ""Qc_g_s"": 1.8638882428329242, ""log_Pc"": 2.5255869774056903, ""log_Qc"": 0.622664758904257}, ""identifiability"": ""PRACTICALLY_NONIDENTIFIABLE"", ""identifiability_diagnostics"": {""hessian_condition_number"": null, ""hessian_eigenvalues"": [null, null], ""hessian_log_space"": [[null, null], [null, null]], ""minimum_relative_profile_increase"": 0.014640258347475647, ""profile_scans"": {""log_Pc"": [{""objective"": null, ""offset"": -0.05}, {""objective"": 0.06504320762683771, ""offset"": 0.05}, {""objective"": null, ""offset"": -0.1}, {""objective"": 0.06747733113368369, ""offset"": 0.1}, {""objective"": null, ""offset"": -0.25}, {""objective"": 0.08415704635179459, ""offset"": 0.25}], ""log_Qc"": [{""objective"": null, ""offset"": -0.05}, {""objective"": 0.07028841706026527, ""offset"": 0.05}, {""objective"": null, ""offset"": -0.1}, {""objective"": 0.09010188788456829, ""offset"": 0.1}, {""objective"": null, ""offset"": -0.25}, {""objective"": 0.2531314510848476, ""offset"": 0.25}]}}, ""identifiability_objective_evaluations"": 8, ""iterations"": 501, ""nonfinite_count"": 14, ""objective"": 0.06410469828269212, ""optimizer_objective_evaluations"": 265, ""optimizer_status"": ""PASS"", ""prediction_status"": ""PENDING"", ""root_failure_count"": 0, ""start_count"": 25, ""start_receipts"": [{""convergence_reason"": ""NONFINITE_START"", ""convergence_status"": ""NONFINITE_START"", ""final_log_Pc"": null, ""final_log_Qc"": null, ""final_objective"": null, ""final_step_size"": null, ""finite_start"": false, ""initial_log_Pc"": 0.0, ""initial_log_Qc"": -4.605170185988091, ""initial_objective"": null, ""iterations"": 0, ""objective_evaluations"": 1, ""start_index"": 0}, {""convergence_reason"": ""NONFINITE_START"", ""convergence_status"": ""NONFINITE_START"", ""final_log_Pc"": null, ""final_log_Qc"": null, ""final_objective"": null, ""final_step_size"": null, ""finite_start"": false, ""initial_log_Pc"": 1.151292546497023, ""initial_log_Qc"": -4.605170185988091, ""initial_objective"": null, ""iterations"": 0, ""objective_evaluations"": 1, ""start_index"": 1}, {""convergence_reason"": ""NONFINITE_START"", ""convergence_status"": ""NONFINITE_START"", ""final_log_Pc"": null, ""final_log_Qc"": null, ""final_objective"": null, ""final_step_size"": null, ""finite_start"": false, ""initial_log_Pc"": 2.302585092994046, ""initial_log_Qc"": -4.605170185988091, ""initial_objective"": null, ""iterations"": 0, ""objective_evaluations"": 1, ""start_index"": 2}, {""convergence_reason"": ""LOG_STEP_TOLERANCE"", ""convergence_status"": ""CONVERGED"", ""final_log_Pc"": 2.5255869774056903, ""final_log_Qc"": 0.6226647589042574, ""final_objective"": 0.06410469828269212, ""final_step_size"": 9.060981821467974e-07, ""finite_start"": true, ""initial_log_Pc"": 3.453877639491069, ""initial_log_Qc"": -4.605170185988091, ""initial_objective"": 2.430098414582533, ""iterations"": 47, ""objective_evaluations"": 127, ""start_index"": 3}, {""convergence_reason"": ""LOG_STEP_TOLERANCE"", ""convergence_status"": ""CONVERGED"", ""final_log_Pc"": 2.5255869774056903, ""final_log_Qc"": 0.6226647589042574, ""final_objective"": 0.06410469828269212, ""final_step_size"": 9.060981821467974e-07, ""finite_start"": true, ""initial_log_Pc"": 4.605170185988092, ""initial_log_Qc"": -4.605170185988091, ""initial_objective"": 2.440310177876451, ""iterations"": 47, ""objective_evaluations"": 1, ""start_index"": 4}, {""convergence_reason"": ""NONFINITE_START"", ""convergence_status"": ""NONFINITE_START"", ""final_log_Pc"": null, ""final_log_Qc"": null, ""final_objective"": null, ""final_step_size"": null, ""finite_start"": false, ""initial_log_Pc"": 0.0, ""initial_log_Qc"": -2.7049445711025704, ""initial_objective"": null, ""iterations"": 0, ""objective_evaluations"": 1, ""start_index"": 5}, {""convergence_reason"": ""NONFINITE_START"", ""convergence_status"": ""NONFINITE_START"", ""final_log_Pc"": null, ""final_log_Qc"": null, ""final_objective"": null, ""final_step_size"": null, ""finite_start"": false, ""initial_log_Pc"": 1.151292546497023, ""initial_log_Qc"": -2.7049445711025704, ""initial_objective"": null, ""iterations"": 0, ""objective_evaluations"": 1, ""start_index"": 6}, {""convergence_reason"": ""NONFINITE_START"", ""convergence_status"": ""NONFINITE_START"", ""final_log_Pc"": null, ""final_log_Qc"": null, ""final_objective"": null, ""final_step_size"": null, ""finite_start"": false, ""initial_log_Pc"": 2.302585092994046, ""initial_log_Qc"": -2.7049445711025704, ""initial_objective"": null, ""iterations"": 0, ""objective_evaluations"": 0, ""start_index"": 7}, {""convergence_reason"": ""LOG_STEP_TOLERANCE"", ""convergence_status"": ""CONVERGED"", ""final_log_Pc"": 2.5255869774056903, ""final_log_Qc"": 0.6226647589042574, ""final_objective"": 0.06410469828269212, ""final_step_size"": 9.060981821467974e-07, ""finite_start"": true, ""initial_log_Pc"": 3.453877639491069, ""initial_log_Qc"": -2.7049445711025704, ""initial_objective"": 2.33244184492043, ""iterations"": 46, ""objective_evaluations"": 0, ""start_index"": 8}, {""convergence_reason"": ""LOG_STEP_TOLERANCE"", ""convergence_status"": ""CONVERGED"", ""final_log_Pc"": 2.5255869774056903, ""final_log_Qc"": 0.6226647589042574, ""final_objective"": 0.06410469828269212, ""final_step_size"": 9.060981821467974e-07, ""finite_start"": true, ""initial_log_Pc"": 4.605170185988092, ""initial_log_Qc"": -2.7049445711025704, ""initial_objective"": 2.3996859140297233, ""iterations"": 46, ""objective_evaluations"": 0, ""start_index"": 9}, {""convergence_reason"": ""NONFINITE_START"", ""convergence_status"": ""NONFINITE_START"", ""final_log_Pc"": null, ""final_log_Qc"": null, ""final_objective"": null, ""final_step_size"": null, ""finite_start"": false, ""initial_log_Pc"": 0.0, ""initial_log_Qc"": -0.8047189562170498, ""initial_objective"": null, ""iterations"": 0, ""objective_evaluations"": 1, ""start_index"": 10}, {""convergence_reason"": ""NONFINITE_START"", ""convergence_status"": ""NONFINITE_START"", ""final_log_Pc"": null, ""final_log_Qc"": null, ""final_objective"": null, ""final_step_size"": null, ""finite_start"": false, ""initial_log_Pc"": 1.151292546497023, ""initial_log_Qc"": -0.8047189562170498, ""initial_objective"": null, ""iterations"": 0, ""objective_evaluations"": 1, ""start_index"": 11}, {""convergence_reason"": ""NONFINITE_START"", ""convergence_status"": ""NONFINITE_START"", ""final_log_Pc"": null, ""final_log_Qc"": null, ""final_objective"": null, ""final_step_size"": null, ""finite_start"": false, ""initial_log_Pc"": 2.302585092994046, ""initial_log_Qc"": -0.8047189562170498, ""initial_objective"": null, ""iterations"": 0, ""objective_evaluations"": 0, ""start_index"": 12}, {""convergence_reason"": ""LOG_STEP_TOLERANCE"", ""convergence_status"": ""CONVERGED"", ""final_log_Pc"": 2.5255869774056903, ""final_log_Qc"": 0.6226647589042574, ""final_objective"": 0.06410469828269212, ""final_step_size"": 9.060981821467974e-07, ""finite_start"": true, ""initial_log_Pc"": 3.453877639491069, ""initial_log_Qc"": -0.8047189562170498, ""initial_objective"": 1.7350544963904206, ""iterations"": 45, ""objective_evaluations"": 0, ""start_index"": 13}, {""convergence_reason"": ""LOG_STEP_TOLERANCE"", ""convergence_status"": ""CONVERGED"", ""final_log_Pc"": 2.5255869774056903, ""final_log_Qc"": 0.6226647589042574, ""final_objective"": 0.06410469828269212, ""final_step_size"": 9.060981821467974e-07, ""finite_start"": true, ""initial_log_Pc"": 4.605170185988092, ""initial_log_Qc"": -0.8047189562170498, ""initial_objective"": 2.1379883206286836, ""iterations"": 45, ""objective_evaluations"": 0, ""start_index"": 14}, {""convergence_reason"": ""NONFINITE_START"", ""convergence_status"": ""NONFINITE_START"", ""final_log_Pc"": null, ""final_log_Qc"": null, ""final_objective"": null, ""final_step_size"": null, ""finite_start"": false, ""initial_log_Pc"": 0.0, ""initial_log_Qc"": 1.0955066586684703, ""initial_objective"": null, ""iterations"": 0, ""objective_evaluations"": 1, ""start_index"": 15}, {""convergence_reason"": ""NONFINITE_START"", ""convergence_status"": ""NONFINITE_START"", ""final_log_Pc"": null, ""final_log_Qc"": null, ""final_objective"": null, ""final_step_size"": null, ""finite_start"": false, ""initial_log_Pc"": 1.151292546497023, ""initial_log_Qc"": 1.0955066586684703, ""initial_objective"": null, ""iterations"": 0, ""objective_evaluations"": 1, ""start_index"": 16}, {""convergence_reason"": ""NONFINITE_START"", ""convergence_status"": ""NONFINITE_START"", ""final_log_Pc"": null, ""final_log_Qc"": null, ""final_objective"": null, ""final_step_size"": null, ""finite_start"": false, ""initial_log_Pc"": 2.302585092994046, ""initial_log_Qc"": 1.0955066586684703, ""initial_objective"": null, ""iterations"": 0, ""objective_evaluations"": 1, ""start_index"": 17}, {""convergence_reason"": ""LOG_STEP_TOLERANCE"", ""convergence_status"": ""CONVERGED"", ""final_log_Pc"": 2.5255869774056903, ""final_log_Qc"": 0.622664758904257, ""final_objective"": 0.06410469828269212, ""final_step_size"": 9.060981821467974e-07, ""finite_start"": true, ""initial_log_Pc"": 3.453877639491069, ""initial_log_Qc"": 1.0955066586684703, ""initial_objective"": 0.19701208209771737, ""iterations"": 44, ""objective_evaluations"": 118, ""start_index"": 18}, {""convergence_reason"": ""LOG_STEP_TOLERANCE"", ""convergence_status"": ""CONVERGED"", ""final_log_Pc"": 2.5255869774056903, ""final_log_Qc"": 0.622664758904257, ""final_objective"": 0.06410469828269212, ""final_step_size"": 9.060981821467974e-07, ""finite_start"": true, ""initial_log_Pc"": 4.605170185988092, ""initial_log_Qc"": 1.0955066586684703, ""initial_objective"": 0.8319671317610584, ""iterations"": 45, ""objective_evaluations"": 2, ""start_index"": 19}, {""convergence_reason"": ""NONFINITE_START"", ""convergence_status"": ""NONFINITE_START"", ""final_log_Pc"": null, ""final_log_Qc"": null, ""final_objective"": null, ""final_step_size"": null, ""finite_start"": false, ""initial_log_Pc"": 0.0, ""initial_log_Qc"": 2.9957322735539913, ""initial_objective"": null, ""iterations"": 0, ""objective_evaluations"": 1, ""start_index"": 20}, {""convergence_reason"": ""NONFINITE_START"", ""convergence_status"": ""NONFINITE_START"", ""final_log_Pc"": null, ""final_log_Qc"": null, ""final_objective"": null, ""final_step_size"": null, ""finite_start"": false, ""initial_log_Pc"": 1.151292546497023, ""initial_log_Qc"": 2.9957322735539913, ""initial_objective"": null, ""iterations"": 0, ""objective_evaluations"": 1, ""start_index"": 21}, {""convergence_reason"": ""LOG_STEP_TOLERANCE"", ""convergence_status"": ""CONVERGED"", ""final_log_Pc"": 2.5255869774056903, ""final_log_Qc"": 0.622664758904257, ""final_objective"": 0.06410469828269212, ""final_step_size"": 9.060981821467974e-07, ""finite_start"": true, ""initial_log_Pc"": 2.302585092994046, ""initial_log_Qc"": 2.9957322735539913, ""initial_objective"": 141.0274656484063, ""iterations"": 46, ""objective_evaluations"": 3, ""start_index"": 22}, {""convergence_reason"": ""LOG_STEP_TOLERANCE"", ""convergence_status"": ""CONVERGED"", ""final_log_Pc"": 2.5255869774056903, ""final_log_Qc"": 0.6226647589042574, ""final_objective"": 0.06410469828269212, ""final_step_size"": 9.060981821467974e-07, ""finite_start"": true, ""initial_log_Pc"": 3.453877639491069, ""initial_log_Qc"": 2.9957322735539913, ""initial_objective"": 59.50986520146923, ""iterations"": 45, ""objective_evaluations"": 1, ""start_index"": 23}, {""convergence_reason"": ""LOG_STEP_TOLERANCE"", ""convergence_status"": ""CONVERGED"", ""final_log_Pc"": 2.5255869774056903, ""final_log_Qc"": 0.6226647589042574, ""final_objective"": 0.06410469828269212, ""final_step_size"": 9.060981821467974e-07, ""finite_start"": true, ""initial_log_Pc"": 4.605170185988092, ""initial_log_Qc"": 2.9957322735539913, ""initial_objective"": 9.396354910948602, ""iterations"": 45, ""objective_evaluations"": 1, ""start_index"": 24}], ""total_objective_evaluations"": 273, ""winning_start_index"": 18}"
HYD-LOCO-6.0,WASZ-COND-6.0,HYD_P1_POROELASTIC_UNIVERSAL_LIMIT,WASZ-COND-1.0;WASZ-COND-2.0;WASZ-COND-3.5;WASZ-COND-4.0;WASZ-COND-5.0;WASZ-COND-7.0;WASZ-COND-8.0;WASZ-COND-9.0;WASZ-COND-11.0;WASZ-COND-13.0,WASZ-BREW-1-1;WASZ-BREW-1-2;WASZ-BREW-1-3;WASZ-BREW-1-4;WASZ-BREW-1-5b;WASZ-BREW-10-2;WASZ-BREW-10-3;WASZ-BREW-10-4;WASZ-BREW-10-5;WASZ-BREW-12-8-2;WASZ-BREW-12-8-3;WASZ-BREW-12-8-4;WASZ-BREW-12-8-5;WASZ-BREW-12-8-6;WASZ-BREW-12-8-7;WASZ-BREW-2-2;WASZ-BREW-2-3;WASZ-BREW-2-4;WASZ-BREW-2-5;WASZ-BREW-3-5-3;WASZ-BREW-3-5-4;WASZ-BREW-3-5-5;WASZ-BREW-4-1;WASZ-BREW-4-1b;WASZ-BREW-4-2;WASZ-BREW-4-2b;WASZ-BREW-4-3;WASZ-BREW-4-3b;WASZ-BREW-4-4;WASZ-BREW-4-4b;WASZ-BREW-4-5;WASZ-BREW-4-5b;WASZ-BREW-5-1;WASZ-BREW-5-2;WASZ-BREW-5-3;WASZ-BREW-5-4;WASZ-BREW-5-5;WASZ-BREW-7-1;WASZ-BREW-7-2;WASZ-BREW-7-3;WASZ-BREW-7-4;WASZ-BREW-8-1;WASZ-BREW-8-1b;WASZ-BREW-8-2;WASZ-BREW-8-3;WASZ-BREW-9-1;WASZ-BREW-9-2;WASZ-BREW-9-3;WASZ-BREW-9-4;WASZ-BREW-9-5,WASZ-BREW-6-1;WASZ-BREW-6-2;WASZ-BREW-6-3;WASZ-BREW-6-4;WASZ-BREW-6-5;WASZ-BREW-6-6,1.9224379999999996,PASS,,,PASS,PASS,0,0,0,"{""Pc_bar"": 12.497721565757502, ""Qc_g_s"": 1.8688939952886894, ""log_Pc"": 2.5255463529547963, ""log_Qc"": 0.6253468095234114}",0.36435241467450274,0.18952622382334453,PRACTICALLY_NONIDENTIFIABLE,"{""bound_proximity"": false, ""convergence_reason"": ""LOG_STEP_TOLERANCE"", ""domain_failure_count"": 0, ""execution_status"": ""PASS"", ""failure_class"": """", ""failure_reason"": """", ""final_step_size"": 9.060981821467974e-07, ""finite_start_count"": 11, ""fitted_parameters"": {""Pc_bar"": 12.497721565757502, ""Qc_g_s"": 1.8688939952886894, ""log_Pc"": 2.5255463529547963, ""log_Qc"": 0.6253468095234114}, ""identifiability"": ""PRACTICALLY_NONIDENTIFIABLE"", ""identifiability_diagnostics"": {""hessian_condition_number"": null, ""hessian_eigenvalues"": [null, null], ""hessian_log_space"": [[null, null], [null, null]], ""minimum_relative_profile_increase"": 0.02160597072920971, ""profile_scans"": {""log_Pc"": [{""objective"": null, ""offset"": -0.05}, {""objective"": 0.07587665215720277, ""offset"": 0.05}, {""objective"": null, ""offset"": -0.1}, {""objective"": 0.07899182751505894, ""offset"": 0.1}, {""objective"": null, ""offset"": -0.25}, {""objective"": 0.09766075457132417, ""offset"": 0.25}], ""log_Qc"": [{""objective"": null, ""offset"": -0.05}, {""objective"": 0.08041529654691015, ""offset"": 0.05}, {""objective"": null, ""offset"": -0.1}, {""objective"": 0.10009819030549541, ""offset"": 0.1}, {""objective"": null, ""offset"": -0.25}, {""objective"": 0.2620257946439169, ""offset"": 0.25}]}}, ""identifiability_objective_evaluations"": 8, ""iterations"": 501, ""nonfinite_count"": 14, ""objective"": 0.07427193490562996, ""optimizer_objective_evaluations"": 265, ""optimizer_status"": ""PASS"", ""prediction_status"": ""PENDING"", ""root_failure_count"": 0, ""start_count"": 25, ""start_receipts"": [{""convergence_reason"": ""NONFINITE_START"", ""convergence_status"": ""NONFINITE_START"", ""final_log_Pc"": null, ""final_log_Qc"": null, ""final_objective"": null, ""final_step_size"": null, ""finite_start"": false, ""initial_log_Pc"": 0.0, ""initial_log_Qc"": -4.605170185988091, ""initial_objective"": null, ""iterations"": 0, ""objective_evaluations"": 1, ""start_index"": 0}, {""convergence_reason"": ""NONFINITE_START"", ""convergence_status"": ""NONFINITE_START"", ""final_log_Pc"": null, ""final_log_Qc"": null, ""final_objective"": null, ""final_step_size"": null, ""finite_start"": false, ""initial_log_Pc"": 1.151292546497023, ""initial_log_Qc"": -4.605170185988091, ""initial_objective"": null, ""iterations"": 0, ""objective_evaluations"": 1, ""start_index"": 1}, {""convergence_reason"": ""NONFINITE_START"", ""convergence_status"": ""NONFINITE_START"", ""final_log_Pc"": null, ""final_log_Qc"": null, ""final_objective"": null, ""final_step_size"": null, ""finite_start"": false, ""initial_log_Pc"": 2.302585092994046, ""initial_log_Qc"": -4.605170185988091, ""initial_objective"": null, ""iterations"": 0, ""objective_evaluations"": 1, ""start_index"": 2}, {""convergence_reason"": ""LOG_STEP_TOLERANCE"", ""convergence_status"": ""CONVERGED"", ""final_log_Pc"": 2.5255463529547963, ""final_log_Qc"": 0.6253468095234118, ""final_objective"": 0.07427193490562994, ""final_step_size"": 9.060981821467974e-07, ""finite_start"": true, ""initial_log_Pc"": 3.453877639491069, ""initial_log_Qc"": -4.605170185988091, ""initial_objective"": 2.426507321518181, ""iterations"": 47, ""objective_evaluations"": 127, ""start_index"": 3}, {""convergence_reason"": ""LOG_STEP_TOLERANCE"", ""convergence_status"": ""CONVERGED"", ""final_log_Pc"": 2.5255463529547963, ""final_log_Qc"": 0.6253468095234118, ""final_objective"": 0.07427193490562994, ""final_step_size"": 9.060981821467974e-07, ""finite_start"": true, ""initial_log_Pc"": 4.605170185988092, ""initial_log_Qc"": -4.605170185988091, ""initial_objective"": 2.436600956263797, ""iterations"": 47, ""objective_evaluations"": 1, ""start_index"": 4}, {""convergence_reason"": ""NONFINITE_START"", ""convergence_status"": ""NONFINITE_START"", ""final_log_Pc"": null, ""final_log_Qc"": null, ""final_objective"": null, ""final_step_size"": null, ""finite_start"": false, ""initial_log_Pc"": 0.0, ""initial_log_Qc"": -2.7049445711025704, ""initial_objective"": null, ""iterations"": 0, ""objective_evaluations"": 1, ""start_index"": 5}, {""convergence_reason"": ""NONFINITE_START"", ""convergence_status"": ""NONFINITE_START"", ""final_log_Pc"": null, ""final_log_Qc"": null, ""final_objective"": null, ""final_step_size"": null, ""finite_start"": false, ""initial_log_Pc"": 1.151292546497023, ""initial_log_Qc"": -2.7049445711025704, ""initial_objective"": null, ""iterations"": 0, ""objective_evaluations"": 1, ""start_index"": 6}, {""convergence_reason"": ""NONFINITE_START"", ""convergence_status"": ""NONFINITE_START"", ""final_log_Pc"": null, ""final_log_Qc"": null, ""final_objective"": null, ""final_step_size"": null, ""finite_start"": false, ""initial_log_Pc"": 2.302585092994046, ""initial_log_Qc"": -2.7049445711025704, ""initial_objective"": null, ""iterations"": 0, ""objective_evaluations"": 0, ""start_index"": 7}, {""convergence_reason"": ""LOG_STEP_TOLERANCE"", ""convergence_status"": ""CONVERGED"", ""final_log_Pc"": 2.5255463529547963, ""final_log_Qc"": 0.6253468095234118, ""final_objective"": 0.07427193490562994, ""final_step_size"": 9.060981821467974e-07, ""finite_start"": true, ""initial_log_Pc"": 3.453877639491069, ""initial_log_Qc"": -2.7049445711025704, ""initial_objective"": 2.329546445930504, ""iterations"": 46, ""objective_evaluations"": 0, ""start_index"": 8}, {""convergence_reason"": ""LOG_STEP_TOLERANCE"", ""convergence_status"": ""CONVERGED"", ""final_log_Pc"": 2.5255463529547963, ""final_log_Qc"": 0.6253468095234118, ""final_objective"": 0.07427193490562994, ""final_step_size"": 9.060981821467974e-07, ""finite_start"": true, ""initial_log_Pc"": 4.605170185988092, ""initial_log_Qc"": -2.7049445711025704, ""initial_objective"": 2.396006962850407, ""iterations"": 46, ""objective_evaluations"": 0, ""start_index"": 9}, {""convergence_reason"": ""NONFINITE_START"", ""convergence_status"": ""NONFINITE_START"", ""final_log_Pc"": null, ""final_log_Qc"": null, ""final_objective"": null, ""final_step_size"": null, ""finite_start"": false, ""initial_log_Pc"": 0.0, ""initial_log_Qc"": -0.8047189562170498, ""initial_objective"": null, ""iterations"": 0, ""objective_evaluations"": 1, ""start_index"": 10}, {""convergence_reason"": ""NONFINITE_START"", ""convergence_status"": ""NONFINITE_START"", ""final_log_Pc"": null, ""final_log_Qc"": null, ""final_objective"": null, ""final_step_size"": null, ""finite_start"": false, ""initial_log_Pc"": 1.151292546497023, ""initial_log_Qc"": -0.8047189562170498, ""initial_objective"": null, ""iterations"": 0, ""objective_evaluations"": 1, ""start_index"": 11}, {""convergence_reason"": ""NONFINITE_START"", ""convergence_status"": ""NONFINITE_START"", ""final_log_Pc"": null, ""final_log_Qc"": null, ""final_objective"": null, ""final_step_size"": null, ""finite_start"": false, ""initial_log_Pc"": 2.302585092994046, ""initial_log_Qc"": -0.8047189562170498, ""initial_objective"": null, ""iterations"": 0, ""objective_evaluations"": 0, ""start_index"": 12}, {""convergence_reason"": ""LOG_STEP_TOLERANCE"", ""convergence_status"": ""CONVERGED"", ""final_log_Pc"": 2.5255463529547963, ""final_log_Qc"": 0.6253468095234118, ""final_objective"": 0.07427193490562994, ""final_step_size"": 9.060981821467974e-07, ""finite_start"": true, ""initial_log_Pc"": 3.453877639491069, ""initial_log_Qc"": -0.8047189562170498, ""initial_objective"": 1.7366966118684246, ""iterations"": 45, ""objective_evaluations"": 0, ""start_index"": 13}, {""convergence_reason"": ""LOG_STEP_TOLERANCE"", ""convergence_status"": ""CONVERGED"", ""final_log_Pc"": 2.5255463529547963, ""final_log_Qc"": 0.6253468095234118, ""final_objective"": 0.07427193490562994, ""final_step_size"": 9.060981821467974e-07, ""finite_start"": true, ""initial_log_Pc"": 4.605170185988092, ""initial_log_Qc"": -0.8047189562170498, ""initial_objective"": 2.134677848488701, ""iterations"": 45, ""objective_evaluations"": 0, ""start_index"": 14}, {""convergence_reason"": ""NONFINITE_START"", ""convergence_status"": ""NONFINITE_START"", ""final_log_Pc"": null, ""final_log_Qc"": null, ""final_objective"": null, ""final_step_size"": null, ""finite_start"": false, ""initial_log_Pc"": 0.0, ""initial_log_Qc"": 1.0955066586684703, ""initial_objective"": null, ""iterations"": 0, ""objective_evaluations"": 1, ""start_index"": 15}, {""convergence_reason"": ""NONFINITE_START"", ""convergence_status"": ""NONFINITE_START"", ""final_log_Pc"": null, ""final_log_Qc"": null, ""final_objective"": null, ""final_step_size"": null, ""finite_start"": false, ""initial_log_Pc"": 1.151292546497023, ""initial_log_Qc"": 1.0955066586684703, ""initial_objective"": null, ""iterations"": 0, ""objective_evaluations"": 1, ""start_index"": 16}, {""convergence_reason"": ""NONFINITE_START"", ""convergence_status"": ""NONFINITE_START"", ""final_log_Pc"": null, ""final_log_Qc"": null, ""final_objective"": null, ""final_step_size"": null, ""finite_start"": false, ""initial_log_Pc"": 2.302585092994046, ""initial_log_Qc"": 1.0955066586684703, ""initial_objective"": null, ""iterations"": 0, ""objective_evaluations"": 1, ""start_index"": 17}, {""convergence_reason"": ""LOG_STEP_TOLERANCE"", ""convergence_status"": ""CONVERGED"", ""final_log_Pc"": 2.5255463529547963, ""final_log_Qc"": 0.6253468095234114, ""final_objective"": 0.07427193490562996, ""final_step_size"": 9.060981821467974e-07, ""finite_start"": true, ""initial_log_Pc"": 3.453877639491069, ""initial_log_Qc"": 1.0955066586684703, ""initial_objective"": 0.22389483311899164, ""iterations"": 44, ""objective_evaluations"": 118, ""start_index"": 18}, {""convergence_reason"": ""LOG_STEP_TOLERANCE"", ""convergence_status"": ""CONVERGED"", ""final_log_Pc"": 2.5255463529547963, ""final_log_Qc"": 0.6253468095234114, ""final_objective"": 0.07427193490562996, ""final_step_size"": 9.060981821467974e-07, ""finite_start"": true, ""initial_log_Pc"": 4.605170185988092, ""initial_log_Qc"": 1.0955066586684703, ""initial_objective"": 0.8384494918273306, ""iterations"": 45, ""objective_evaluations"": 2, ""start_index"": 19}, {""convergence_reason"": ""NONFINITE_START"", ""convergence_status"": ""NONFINITE_START"", ""final_log_Pc"": null, ""final_log_Qc"": null, ""final_objective"": null, ""final_step_size"": null, ""finite_start"": false, ""initial_log_Pc"": 0.0, ""initial_log_Qc"": 2.9957322735539913, ""initial_objective"": null, ""iterations"": 0, ""objective_evaluations"": 1, ""start_index"": 20}, {""convergence_reason"": ""NONFINITE_START"", ""convergence_status"": ""NONFINITE_START"", ""final_log_Pc"": null, ""final_log_Qc"": null, ""final_objective"": null, ""final_step_size"": null, ""finite_start"": false, ""initial_log_Pc"": 1.151292546497023, ""initial_log_Qc"": 2.9957322735539913, ""initial_objective"": null, ""iterations"": 0, ""objective_evaluations"": 1, ""start_index"": 21}, {""convergence_reason"": ""LOG_STEP_TOLERANCE"", ""convergence_status"": ""CONVERGED"", ""final_log_Pc"": 2.5255463529547963, ""final_log_Qc"": 0.6253468095234114, ""final_objective"": 0.07427193490562996, ""final_step_size"": 9.060981821467974e-07, ""finite_start"": true, ""initial_log_Pc"": 2.302585092994046, ""initial_log_Qc"": 2.9957322735539913, ""initial_objective"": 139.09673685130073, ""iterations"": 46, ""objective_evaluations"": 3, ""start_index"": 22}, {""convergence_reason"": ""LOG_STEP_TOLERANCE"", ""convergence_status"": ""CONVERGED"", ""final_log_Pc"": 2.5255463529547963, ""final_log_Qc"": 0.6253468095234118, ""final_objective"": 0.07427193490562994, ""final_step_size"": 9.060981821467974e-07, ""finite_start"": true, ""initial_log_Pc"": 3.453877639491069, ""initial_log_Qc"": 2.9957322735539913, ""initial_objective"": 59.43671582658252, ""iterations"": 45, ""objective_evaluations"": 1, ""start_index"": 23}, {""convergence_reason"": ""LOG_STEP_TOLERANCE"", ""convergence_status"": ""CONVERGED"", ""final_log_Pc"": 2.5255463529547963, ""final_log_Qc"": 0.6253468095234118, ""final_objective"": 0.07427193490562994, ""final_step_size"": 9.060981821467974e-07, ""finite_start"": true, ""initial_log_Pc"": 4.605170185988092, ""initial_log_Qc"": 2.9957322735539913, ""initial_objective"": 9.679484159927366, ""iterations"": 45, ""objective_evaluations"": 1, ""start_index"": 24}], ""total_objective_evaluations"": 273, ""winning_start_index"": 18}"
HYD-LOCO-6.0,WASZ-COND-6.0,HYD_E2C_EWP_FINITE_PHI_POROELASTIC_COMPONENT,WASZ-COND-1.0;WASZ-COND-2.0;WASZ-COND-3.5;WASZ-COND-4.0;WASZ-COND-5.0;WASZ-COND-7.0;WASZ-COND-8.0;WASZ-COND-9.0;WASZ-COND-11.0;WASZ-COND-13.0,WASZ-BREW-1-1;WASZ-BREW-1-2;WASZ-BREW-1-3;WASZ-BREW-1-4;WASZ-BREW-1-5b;WASZ-BREW-10-2;WASZ-BREW-10-3;WASZ-BREW-10-4;WASZ-BREW-10-5;WASZ-BREW-12-8-2;WASZ-BREW-12-8-3;WASZ-BREW-12-8-4;WASZ-BREW-12-8-5;WASZ-BREW-12-8-6;WASZ-BREW-12-8-7;WASZ-BREW-2-2;WASZ-BREW-2-3;WASZ-BREW-2-4;WASZ-BREW-2-5;WASZ-BREW-3-5-3;WASZ-BREW-3-5-4;WASZ-BREW-3-5-5;WASZ-BREW-4-1;WASZ-BREW-4-1b;WASZ-BREW-4-2;WASZ-BREW-4-2b;WASZ-BREW-4-3;WASZ-BREW-4-3b;WASZ-BREW-4-4;WASZ-BREW-4-4b;WASZ-BREW-4-5;WASZ-BREW-4-5b;WASZ-BREW-5-1;WASZ-BREW-5-2;WASZ-BREW-5-3;WASZ-BREW-5-4;WASZ-BREW-5-5;WASZ-BREW-7-1;WASZ-BREW-7-2;WASZ-BREW-7-3;WASZ-BREW-7-4;WASZ-BREW-8-1;WASZ-BREW-8-1b;WASZ-BREW-8-2;WASZ-BREW-8-3;WASZ-BREW-9-1;WASZ-BREW-9-2;WASZ-BREW-9-3;WASZ-BREW-9-4;WASZ-BREW-9-5,WASZ-BREW-6-1;WASZ-BREW-6-2;WASZ-BREW-6-3;WASZ-BREW-6-4;WASZ-BREW-6-5;WASZ-BREW-6-6,1.9224379999999996,PASS,,,PASS,PASS,0,0,0,"{""Pc_bar"": 12.497049207067727, ""Qc_g_s"": 1.8755711229877534, ""log_Pc"": 2.5254925530063153, ""log_Qc"": 0.6289132119683409}",0.36618577524794527,0.19047988816697617,PRACTICALLY_NONIDENTIFIABLE,"{""bound_proximity"": false, ""convergence_reason"": ""LOG_STEP_TOLERANCE"", ""domain_failure_count"": 0, ""execution_status"": ""PASS"", ""failure_class"": """", ""failure_reason"": """", ""final_step_size"": 9.060981821467974e-07, ""finite_start_count"": 11, ""fitted_parameters"": {""Pc_bar"": 12.497049207067727, ""Qc_g_s"": 1.8755711229877534, ""log_Pc"": 2.5254925530063153, ""log_Qc"": 0.6289132119683409}, ""identifiability"": ""PRACTICALLY_NONIDENTIFIABLE"", ""identifiability_diagnostics"": {""hessian_condition_number"": null, ""hessian_eigenvalues"": [null, null], ""hessian_log_space"": [[null, null], [null, null]], ""minimum_relative_profile_increase"": 0.02706092128950578, ""profile_scans"": {""log_Pc"": [{""objective"": null, ""offset"": -0.05}, {""objective"": 0.07614252741352338, ""offset"": 0.05}, {""objective"": null, ""offset"": -0.1}, {""objective"": 0.07968017450583716, ""offset"": 0.1}, {""objective"": null, ""offset"": -0.25}, {""objective"": 0.09972187024690764, ""offset"": 0.25}], ""log_Qc"": [{""objective"": null, ""offset"": -0.05}, {""objective"": 0.0802793425540235, ""offset"": 0.05}, {""objective"": null, ""offset"": -0.1}, {""objective"": 0.09996099774754418, ""offset"": 0.1}, {""objective"": null, ""offset"": -0.25}, {""objective"": 0.2618736430473661, ""offset"": 0.25}]}}, ""identifiability_objective_evaluations"": 8, ""iterations"": 479, ""nonfinite_count"": 14, ""objective"": 0.07413633002210245, ""optimizer_objective_evaluations"": 267, ""optimizer_status"": ""PASS"", ""prediction_status"": ""PENDING"", ""root_failure_count"": 0, ""start_count"": 25, ""start_receipts"": [{""convergence_reason"": ""NONFINITE_START"", ""convergence_status"": ""NONFINITE_START"", ""final_log_Pc"": null, ""final_log_Qc"": null, ""final_objective"": null, ""final_step_size"": null, ""finite_start"": false, ""initial_log_Pc"": 0.0, ""initial_log_Qc"": -4.605170185988091, ""initial_objective"": null, ""iterations"": 0, ""objective_evaluations"": 1, ""start_index"": 0}, {""convergence_reason"": ""NONFINITE_START"", ""convergence_status"": ""NONFINITE_START"", ""final_log_Pc"": null, ""final_log_Qc"": null, ""final_objective"": null, ""final_step_size"": null, ""finite_start"": false, ""initial_log_Pc"": 1.151292546497023, ""initial_log_Qc"": -4.605170185988091, ""initial_objective"": null, ""iterations"": 0, ""objective_evaluations"": 1, ""start_index"": 1}, {""convergence_reason"": ""NONFINITE_START"", ""convergence_status"": ""NONFINITE_START"", ""final_log_Pc"": null, ""final_log_Qc"": null, ""final_objective"": null, ""final_step_size"": null, ""finite_start"": false, ""initial_log_Pc"": 2.302585092994046, ""initial_log_Qc"": -4.605170185988091, ""initial_objective"": null, ""iterations"": 0, ""objective_evaluations"": 1, ""start_index"": 2}, {""convergence_reason"": ""LOG_STEP_TOLERANCE"", ""convergence_status"": ""CONVERGED"", ""final_log_Pc"": 2.5254925530063153, ""final_log_Qc"": 0.6289132119683414, ""final_objective"": 0.07413633002210243, ""final_step_size"": 9.060981821467974e-07, ""finite_start"": true, ""initial_log_Pc"": 3.453877639491069, ""initial_log_Qc"": -4.605170185988091, ""initial_objective"": 2.4267115927504124, ""iterations"": 45, ""objective_evaluations"": 128, ""start_index"": 3}, {""convergence_reason"": ""LOG_STEP_TOLERANCE"", ""convergence_status"": ""CONVERGED"", ""final_log_Pc"": 2.5254925530063153, ""final_log_Qc"": 0.6289132119683414, ""final_objective"": 0.07413633002210243, ""final_step_size"": 9.060981821467974e-07, ""finite_start"": true, ""initial_log_Pc"": 4.605170185988092, ""initial_log_Qc"": -4.605170185988091, ""initial_objective"": 2.436744701400183, ""iterations"": 45, ""objective_evaluations"": 1, ""start_index"": 4}, {""convergence_reason"": ""NONFINITE_START"", ""convergence_status"": ""NONFINITE_START"", ""final_log_Pc"": null, ""final_log_Qc"": null, ""final_objective"": null, ""final_step_size"": null, ""finite_start"": false, ""initial_log_Pc"": 0.0, ""initial_log_Qc"": -2.7049445711025704, ""initial_objective"": null, ""iterations"": 0, ""objective_evaluations"": 1, ""start_index"": 5}, {""convergence_reason"": ""NONFINITE_START"", ""convergence_status"": ""NONFINITE_START"", ""final_log_Pc"": null, ""final_log_Qc"": null, ""final_objective"": null, ""final_step_size"": null, ""finite_start"": false, ""initial_log_Pc"": 1.151292546497023, ""initial_log_Qc"": -2.7049445711025704, ""initial_objective"": null, ""iterations"": 0, ""objective_evaluations"": 1, ""start_index"": 6}, {""convergence_reason"": ""NONFINITE_START"", ""convergence_status"": ""NONFINITE_START"", ""final_log_Pc"": null, ""final_log_Qc"": null, ""final_objective"": null, ""final_step_size"": null, ""finite_start"": false, ""initial_log_Pc"": 2.302585092994046, ""initial_log_Qc"": -2.7049445711025704, ""initial_objective"": null, ""iterations"": 0, ""objective_evaluations"": 0, ""start_index"": 7}, {""convergence_reason"": ""LOG_STEP_TOLERANCE"", ""convergence_status"": ""CONVERGED"", ""final_log_Pc"": 2.5254925530063153, ""final_log_Qc"": 0.6289132119683414, ""final_objective"": 0.07413633002210243, ""final_step_size"": 9.060981821467974e-07, ""finite_start"": true, ""initial_log_Pc"": 3.453877639491069, ""initial_log_Qc"": -2.7049445711025704, ""initial_objective"": 2.3308849869173986, ""iterations"": 44, ""objective_evaluations"": 0, ""start_index"": 8}, {""convergence_reason"": ""LOG_STEP_TOLERANCE"", ""convergence_status"": ""CONVERGED"", ""final_log_Pc"": 2.5254925530063153, ""final_log_Qc"": 0.6289132119683414, ""final_objective"": 0.07413633002210243, ""final_step_size"": 9.060981821467974e-07, ""finite_start"": true, ""initial_log_Pc"": 4.605170185988092, ""initial_log_Qc"": -2.7049445711025704, ""initial_objective"": 2.39695928521402, ""iterations"": 44, ""objective_evaluations"": 0, ""start_index"": 9}, {""convergence_reason"": ""NONFINITE_START"", ""convergence_status"": ""NONFINITE_START"", ""final_log_Pc"": null, ""final_log_Qc"": null, ""final_objective"": null, ""final_step_size"": null, ""finite_start"": false, ""initial_log_Pc"": 0.0, ""initial_log_Qc"": -0.8047189562170498, ""initial_objective"": null, ""iterations"": 0, ""objective_evaluations"": 1, ""start_index"": 10}, {""convergence_reason"": ""NONFINITE_START"", ""convergence_status"": ""NONFINITE_START"", ""final_log_Pc"": null, ""final_log_Qc"": null, ""final_objective"": null, ""final_step_size"": null, ""finite_start"": false, ""initial_log_Pc"": 1.151292546497023, ""initial_log_Qc"": -0.8047189562170498, ""initial_objective"": null, ""iterations"": 0, ""objective_evaluations"": 1, ""start_index"": 11}, {""convergence_reason"": ""NONFINITE_START"", ""convergence_status"": ""NONFINITE_START"", ""final_log_Pc"": null, ""final_log_Qc"": null, ""final_objective"": null, ""final_step_size"": null, ""finite_start"": false, ""initial_log_Pc"": 2.302585092994046, ""initial_log_Qc"": -0.8047189562170498, ""initial_objective"": null, ""iterations"": 0, ""objective_evaluations"": 0, ""start_index"": 12}, {""convergence_reason"": ""LOG_STEP_TOLERANCE"", ""convergence_status"": ""CONVERGED"", ""final_log_Pc"": 2.5254925530063153, ""final_log_Qc"": 0.6289132119683414, ""final_objective"": 0.07413633002210243, ""final_step_size"": 9.060981821467974e-07, ""finite_start"": true, ""initial_log_Pc"": 3.453877639491069, ""initial_log_Qc"": -0.8047189562170498, ""initial_objective"": 1.744418785386441, ""iterations"": 43, ""objective_evaluations"": 0, ""start_index"": 13}, {""convergence_reason"": ""LOG_STEP_TOLERANCE"", ""convergence_status"": ""CONVERGED"", ""final_log_Pc"": 2.5254925530063153, ""final_log_Qc"": 0.6289132119683414, ""final_objective"": 0.07413633002210243, ""final_step_size"": 9.060981821467974e-07, ""finite_start"": true, ""initial_log_Pc"": 4.605170185988092, ""initial_log_Qc"": -0.8047189562170498, ""initial_objective"": 2.140645889441138, ""iterations"": 43, ""objective_evaluations"": 0, ""start_index"": 14}, {""convergence_reason"": ""NONFINITE_START"", ""convergence_status"": ""NONFINITE_START"", ""final_log_Pc"": null, ""final_log_Qc"": null, ""final_objective"": null, ""final_step_size"": null, ""finite_start"": false, ""initial_log_Pc"": 0.0, ""initial_log_Qc"": 1.0955066586684703, ""initial_objective"": null, ""iterations"": 0, ""objective_evaluations"": 1, ""start_index"": 15}, {""convergence_reason"": ""NONFINITE_START"", ""convergence_status"": ""NONFINITE_START"", ""final_log_Pc"": null, ""final_log_Qc"": null, ""final_objective"": null, ""final_step_size"": null, ""finite_start"": false, ""initial_log_Pc"": 1.151292546497023, ""initial_log_Qc"": 1.0955066586684703, ""initial_objective"": null, ""iterations"": 0, ""objective_evaluations"": 1, ""start_index"": 16}, {""convergence_reason"": ""NONFINITE_START"", ""convergence_status"": ""NONFINITE_START"", ""final_log_Pc"": null, ""final_log_Qc"": null, ""final_objective"": null, ""final_step_size"": null, ""finite_start"": false, ""initial_log_Pc"": 2.302585092994046, ""initial_log_Qc"": 1.0955066586684703, ""initial_objective"": null, ""iterations"": 0, ""objective_evaluations"": 1, ""start_index"": 17}, {""convergence_reason"": ""LOG_STEP_TOLERANCE"", ""convergence_status"": ""CONVERGED"", ""final_log_Pc"": 2.5254925530063153, ""final_log_Qc"": 0.6289132119683409, ""final_objective"": 0.07413633002210245, ""final_step_size"": 9.060981821467974e-07, ""finite_start"": true, ""initial_log_Pc"": 3.453877639491069, ""initial_log_Qc"": 1.0955066586684703, ""initial_objective"": 0.22140506886128658, ""iterations"": 42, ""objective_evaluations"": 119, ""start_index"": 18}, {""convergence_reason"": ""LOG_STEP_TOLERANCE"", ""convergence_status"": ""CONVERGED"", ""final_log_Pc"": 2.5254925530063153, ""final_log_Qc"": 0.6289132119683409, ""final_objective"": 0.07413633002210245, ""final_step_size"": 9.060981821467974e-07, ""finite_start"": true, ""initial_log_Pc"": 4.605170185988092, ""initial_log_Qc"": 1.0955066586684703, ""initial_objective"": 0.8605802429456286, ""iterations"": 43, ""objective_evaluations"": 2, ""start_index"": 19}, {""convergence_reason"": ""NONFINITE_START"", ""convergence_status"": ""NONFINITE_START"", ""final_log_Pc"": null, ""final_log_Qc"": null, ""final_objective"": null, ""final_step_size"": null, ""finite_start"": false, ""initial_log_Pc"": 0.0, ""initial_log_Qc"": 2.9957322735539913, ""initial_objective"": null, ""iterations"": 0, ""objective_evaluations"": 1, ""start_index"": 20}, {""convergence_reason"": ""NONFINITE_START"", ""convergence_status"": ""NONFINITE_START"", ""final_log_Pc"": null, ""final_log_Qc"": null, ""final_objective"": null, ""final_step_size"": null, ""finite_start"": false, ""initial_log_Pc"": 1.151292546497023, ""initial_log_Qc"": 2.9957322735539913, ""initial_objective"": null, ""iterations"": 0, ""objective_evaluations"": 1, ""start_index"": 21}, {""convergence_reason"": ""LOG_STEP_TOLERANCE"", ""convergence_status"": ""CONVERGED"", ""final_log_Pc"": 2.5254925530063153, ""final_log_Qc"": 0.6289132119683409, ""final_objective"": 0.07413633002210245, ""final_step_size"": 9.060981821467974e-07, ""finite_start"": true, ""initial_log_Pc"": 2.302585092994046, ""initial_log_Qc"": 2.9957322735539913, ""initial_objective"": 137.99756535579303, ""iterations"": 44, ""objective_evaluations"": 3, ""start_index"": 22}, {""convergence_reason"": ""LOG_STEP_TOLERANCE"", ""convergence_status"": ""CONVERGED"", ""final_log_Pc"": 2.5254925530063153, ""final_log_Qc"": 0.6289132119683414, ""final_objective"": 0.07413633002210243, ""final_step_size"": 9.060981821467974e-07, ""finite_start"": true, ""initial_log_Pc"": 3.453877639491069, ""initial_log_Qc"": 2.9957322735539913, ""initial_objective"": 58.120765670067925, ""iterations"": 43, ""objective_evaluations"": 1, ""start_index"": 23}, {""convergence_reason"": ""LOG_STEP_TOLERANCE"", ""convergence_status"": ""CONVERGED"", ""final_log_Pc"": 2.5254925530063153, ""final_log_Qc"": 0.6289132119683414, ""final_objective"": 0.07413633002210243, ""final_step_size"": 9.060981821467974e-07, ""finite_start"": true, ""initial_log_Pc"": 4.605170185988092, ""initial_log_Qc"": 2.9957322735539913, ""initial_objective"": 9.20435242251939, ""iterations"": 43, ""objective_evaluations"": 1, ""start_index"": 24}], ""total_objective_evaluations"": 275, ""winning_start_index"": 18}"
HYD-LOCO-7.0,WASZ-COND-7.0,HYD_P1_POROELASTIC_UNIVERSAL_LIMIT,WASZ-COND-1.0;WASZ-COND-2.0;WASZ-COND-3.5;WASZ-COND-4.0;WASZ-COND-5.0;WASZ-COND-6.0;WASZ-COND-8.0;WASZ-COND-9.0;WASZ-COND-11.0;WASZ-COND-13.0,WASZ-BREW-1-1;WASZ-BREW-1-2;WASZ-BREW-1-3;WASZ-BREW-1-4;WASZ-BREW-1-5b;WASZ-BREW-10-2;WASZ-BREW-10-3;WASZ-BREW-10-4;WASZ-BREW-10-5;WASZ-BREW-12-8-2;WASZ-BREW-12-8-3;WASZ-BREW-12-8-4;WASZ-BREW-12-8-5;WASZ-BREW-12-8-6;WASZ-BREW-12-8-7;WASZ-BREW-2-2;WASZ-BREW-2-3;WASZ-BREW-2-4;WASZ-BREW-2-5;WASZ-BREW-3-5-3;WASZ-BREW-3-5-4;WASZ-BREW-3-5-5;WASZ-BREW-4-1;WASZ-BREW-4-1b;WASZ-BREW-4-2;WASZ-BREW-4-2b;WASZ-BREW-4-3;WASZ-BREW-4-3b;WASZ-BREW-4-4;WASZ-BREW-4-4b;WASZ-BREW-4-5;WASZ-BREW-4-5b;WASZ-BREW-5-1;WASZ-BREW-5-2;WASZ-BREW-5-3;WASZ-BREW-5-4;WASZ-BREW-5-5;WASZ-BREW-6-1;WASZ-BREW-6-2;WASZ-BREW-6-3;WASZ-BREW-6-4;WASZ-BREW-6-5;WASZ-BREW-6-6;WASZ-BREW-8-1;WASZ-BREW-8-1b;WASZ-BREW-8-2;WASZ-BREW-8-3;WASZ-BREW-9-1;WASZ-BREW-9-2;WASZ-BREW-9-3;WASZ-BREW-9-4;WASZ-BREW-9-5,WASZ-BREW-7-1;WASZ-BREW-7-2;WASZ-BREW-7-3;WASZ-BREW-7-4,1.9299269999999997,PASS,,,PASS,PASS,0,0,0,"{""Pc_bar"": 12.495169538998878, ""Qc_g_s"": 1.8941114065946616, ""log_Pc"": 2.525342132742193, ""log_Qc"": 0.6387498138337269}",0.13824028007803313,0.07162979743691505,PRACTICALLY_NONIDENTIFIABLE,"{""bound_proximity"": false, ""convergence_reason"": ""LOG_STEP_TOLERANCE"", ""domain_failure_count"": 0, ""execution_status"": ""PASS"", ""failure_class"": """", ""failure_reason"": """", ""final_step_size"": 9.060981821467974e-07, ""finite_start_count"": 11, ""fitted_parameters"": {""Pc_bar"": 12.495169538998878, ""Qc_g_s"": 1.8941114065946616, ""log_Pc"": 2.525342132742193, ""log_Qc"": 0.6387498138337269}, ""identifiability"": ""PRACTICALLY_NONIDENTIFIABLE"", ""identifiability_diagnostics"": {""hessian_condition_number"": null, ""hessian_eigenvalues"": [null, null], ""hessian_log_space"": [[null, null], [null, null]], ""minimum_relative_profile_increase"": 0.027042051757489343, ""profile_scans"": {""log_Pc"": [{""objective"": null, ""offset"": -0.05}, {""objective"": 0.08682784877586065, ""offset"": 0.05}, {""objective"": null, ""offset"": -0.1}, {""objective"": 0.09075584147471338, ""offset"": 0.1}, {""objective"": null, ""offset"": -0.25}, {""objective"": 0.11254162181326505, ""offset"": 0.25}], ""log_Qc"": [{""objective"": null, ""offset"": -0.05}, {""objective"": 0.0907618775730737, ""offset"": 0.05}, {""objective"": null, ""offset"": -0.1}, {""objective"": 0.110687966263899, ""offset"": 0.1}, {""objective"": null, ""offset"": -0.25}, {""objective"": 0.27456070506026015, ""offset"": 0.25}]}}, ""identifiability_objective_evaluations"": 8, ""iterations"": 611, ""nonfinite_count"": 14, ""objective"": 0.08454166859796984, ""optimizer_objective_evaluations"": 309, ""optimizer_status"": ""PASS"", ""prediction_status"": ""PENDING"", ""root_failure_count"": 0, ""start_count"": 25, ""start_receipts"": [{""convergence_reason"": ""NONFINITE_START"", ""convergence_status"": ""NONFINITE_START"", ""final_log_Pc"": null, ""final_log_Qc"": null, ""final_objective"": null, ""final_step_size"": null, ""finite_start"": false, ""initial_log_Pc"": 0.0, ""initial_log_Qc"": -4.605170185988091, ""initial_objective"": null, ""iterations"": 0, ""objective_evaluations"": 1, ""start_index"": 0}, {""convergence_reason"": ""NONFINITE_START"", ""convergence_status"": ""NONFINITE_START"", ""final_log_Pc"": null, ""final_log_Qc"": null, ""final_objective"": null, ""final_step_size"": null, ""finite_start"": false, ""initial_log_Pc"": 1.151292546497023, ""initial_log_Qc"": -4.605170185988091, ""initial_objective"": null, ""iterations"": 0, ""objective_evaluations"": 1, ""start_index"": 1}, {""convergence_reason"": ""NONFINITE_START"", ""convergence_status"": ""NONFINITE_START"", ""final_log_Pc"": null, ""final_log_Qc"": null, ""final_objective"": null, ""final_step_size"": null, ""finite_start"": false, ""initial_log_Pc"": 2.302585092994046, ""initial_log_Qc"": -4.605170185988091, ""initial_objective"": null, ""iterations"": 0, ""objective_evaluations"": 1, ""start_index"": 2}, {""convergence_reason"": ""LOG_STEP_TOLERANCE"", ""convergence_status"": ""CONVERGED"", ""final_log_Pc"": 2.525342132742193, ""final_log_Qc"": 0.6387498138337273, ""final_objective"": 0.08454166859796983, ""final_step_size"": 9.060981821467974e-07, ""finite_start"": true, ""initial_log_Pc"": 3.453877639491069, ""initial_log_Qc"": -4.605170185988091, ""initial_objective"": 2.469514063875992, ""iterations"": 57, ""objective_evaluations"": 149, ""start_index"": 3}, {""convergence_reason"": ""LOG_STEP_TOLERANCE"", ""convergence_status"": ""CONVERGED"", ""final_log_Pc"": 2.525342132742193, ""final_log_Qc"": 0.6387498138337273, ""final_objective"": 0.08454166859796983, ""final_step_size"": 9.060981821467974e-07, ""finite_start"": true, ""initial_log_Pc"": 4.605170185988092, ""initial_log_Qc"": -4.605170185988091, ""initial_objective"": 2.4795361284303237, ""iterations"": 57, ""objective_evaluations"": 1, ""start_index"": 4}, {""convergence_reason"": ""NONFINITE_START"", ""convergence_status"": ""NONFINITE_START"", ""final_log_Pc"": null, ""final_log_Qc"": null, ""final_objective"": null, ""final_step_size"": null, ""finite_start"": false, ""initial_log_Pc"": 0.0, ""initial_log_Qc"": -2.7049445711025704, ""initial_objective"": null, ""iterations"": 0, ""objective_evaluations"": 1, ""start_index"": 5}, {""convergence_reason"": ""NONFINITE_START"", ""convergence_status"": ""NONFINITE_START"", ""final_log_Pc"": null, ""final_log_Qc"": null, ""final_objective"": null, ""final_step_size"": null, ""finite_start"": false, ""initial_log_Pc"": 1.151292546497023, ""initial_log_Qc"": -2.7049445711025704, ""initial_objective"": null, ""iterations"": 0, ""objective_evaluations"": 1, ""start_index"": 6}, {""convergence_reason"": ""NONFINITE_START"", ""convergence_status"": ""NONFINITE_START"", ""final_log_Pc"": null, ""final_log_Qc"": null, ""final_objective"": null, ""final_step_size"": null, ""finite_start"": false, ""initial_log_Pc"": 2.302585092994046, ""initial_log_Qc"": -2.7049445711025704, ""initial_objective"": null, ""iterations"": 0, ""objective_evaluations"": 0, ""start_index"": 7}, {""convergence_reason"": ""LOG_STEP_TOLERANCE"", ""convergence_status"": ""CONVERGED"", ""final_log_Pc"": 2.525342132742193, ""final_log_Qc"": 0.6387498138337273, ""final_objective"": 0.08454166859796983, ""final_step_size"": 9.060981821467974e-07, ""finite_start"": true, ""initial_log_Pc"": 3.453877639491069, ""initial_log_Qc"": -2.7049445711025704, ""initial_objective"": 2.3735128850250846, ""iterations"": 56, ""objective_evaluations"": 0, ""start_index"": 8}, {""convergence_reason"": ""LOG_STEP_TOLERANCE"", ""convergence_status"": ""CONVERGED"", ""final_log_Pc"": 2.525342132742193, ""final_log_Qc"": 0.6387498138337273, ""final_objective"": 0.08454166859796983, ""final_step_size"": 9.060981821467974e-07, ""finite_start"": true, ""initial_log_Pc"": 4.605170185988092, ""initial_log_Qc"": -2.7049445711025704, ""initial_objective"": 2.4395215923894322, ""iterations"": 56, ""objective_evaluations"": 0, ""start_index"": 9}, {""convergence_reason"": ""NONFINITE_START"", ""convergence_status"": ""NONFINITE_START"", ""final_log_Pc"": null, ""final_log_Qc"": null, ""final_objective"": null, ""final_step_size"": null, ""finite_start"": false, ""initial_log_Pc"": 0.0, ""initial_log_Qc"": -0.8047189562170498, ""initial_objective"": null, ""iterations"": 0, ""objective_evaluations"": 1, ""start_index"": 10}, {""convergence_reason"": ""NONFINITE_START"", ""convergence_status"": ""NONFINITE_START"", ""final_log_Pc"": null, ""final_log_Qc"": null, ""final_objective"": null, ""final_step_size"": null, ""finite_start"": false, ""initial_log_Pc"": 1.151292546497023, ""initial_log_Qc"": -0.8047189562170498, ""initial_objective"": null, ""iterations"": 0, ""objective_evaluations"": 1, ""start_index"": 11}, {""convergence_reason"": ""NONFINITE_START"", ""convergence_status"": ""NONFINITE_START"", ""final_log_Pc"": null, ""final_log_Qc"": null, ""final_objective"": null, ""final_step_size"": null, ""finite_start"": false, ""initial_log_Pc"": 2.302585092994046, ""initial_log_Qc"": -0.8047189562170498, ""initial_objective"": null, ""iterations"": 0, ""objective_evaluations"": 0, ""start_index"": 12}, {""convergence_reason"": ""LOG_STEP_TOLERANCE"", ""convergence_status"": ""CONVERGED"", ""final_log_Pc"": 2.525342132742193, ""final_log_Qc"": 0.6387498138337273, ""final_objective"": 0.08454166859796983, ""final_step_size"": 9.060981821467974e-07, ""finite_start"": true, ""initial_log_Pc"": 3.453877639491069, ""initial_log_Qc"": -0.8047189562170498, ""initial_objective"": 1.785618555607009, ""iterations"": 55, ""objective_evaluations"": 0, ""start_index"": 13}, {""convergence_reason"": ""LOG_STEP_TOLERANCE"", ""convergence_status"": ""CONVERGED"", ""final_log_Pc"": 2.525342132742193, ""final_log_Qc"": 0.6387498138337273, ""final_objective"": 0.08454166859796983, ""final_step_size"": 9.060981821467974e-07, ""finite_start"": true, ""initial_log_Pc"": 4.605170185988092, ""initial_log_Qc"": -0.8047189562170498, ""initial_objective"": 2.1817762854508573, ""iterations"": 55, ""objective_evaluations"": 0, ""start_index"": 14}, {""convergence_reason"": ""NONFINITE_START"", ""convergence_status"": ""NONFINITE_START"", ""final_log_Pc"": null, ""final_log_Qc"": null, ""final_objective"": null, ""final_step_size"": null, ""finite_start"": false, ""initial_log_Pc"": 0.0, ""initial_log_Qc"": 1.0955066586684703, ""initial_objective"": null, ""iterations"": 0, ""objective_evaluations"": 1, ""start_index"": 15}, {""convergence_reason"": ""NONFINITE_START"", ""convergence_status"": ""NONFINITE_START"", ""final_log_Pc"": null, ""final_log_Qc"": null, ""final_objective"": null, ""final_step_size"": null, ""finite_start"": false, ""initial_log_Pc"": 1.151292546497023, ""initial_log_Qc"": 1.0955066586684703, ""initial_objective"": null, ""iterations"": 0, ""objective_evaluations"": 1, ""start_index"": 16}, {""convergence_reason"": ""NONFINITE_START"", ""convergence_status"": ""NONFINITE_START"", ""final_log_Pc"": null, ""final_log_Qc"": null, ""final_objective"": null, ""final_step_size"": null, ""finite_start"": false, ""initial_log_Pc"": 2.302585092994046, ""initial_log_Qc"": 1.0955066586684703, ""initial_objective"": null, ""iterations"": 0, ""objective_evaluations"": 1, ""start_index"": 17}, {""convergence_reason"": ""LOG_STEP_TOLERANCE"", ""convergence_status"": ""CONVERGED"", ""final_log_Pc"": 2.525342132742193, ""final_log_Qc"": 0.6387498138337269, ""final_objective"": 0.08454166859796984, ""final_step_size"": 9.060981821467974e-07, ""finite_start"": true, ""initial_log_Pc"": 3.453877639491069, ""initial_log_Qc"": 1.0955066586684703, ""initial_objective"": 0.24161165855029554, ""iterations"": 54, ""objective_evaluations"": 140, ""start_index"": 18}, {""convergence_reason"": ""LOG_STEP_TOLERANCE"", ""convergence_status"": ""CONVERGED"", ""final_log_Pc"": 2.525342132742193, ""final_log_Qc"": 0.6387498138337269, ""final_objective"": 0.08454166859796984, ""final_step_size"": 9.060981821467974e-07, ""finite_start"": true, ""initial_log_Pc"": 4.605170185988092, ""initial_log_Qc"": 1.0955066586684703, ""initial_objective"": 0.8965571014736251, ""iterations"": 55, ""objective_evaluations"": 2, ""start_index"": 19}, {""convergence_reason"": ""NONFINITE_START"", ""convergence_status"": ""NONFINITE_START"", ""final_log_Pc"": null, ""final_log_Qc"": null, ""final_objective"": null, ""final_step_size"": null, ""finite_start"": false, ""initial_log_Pc"": 0.0, ""initial_log_Qc"": 2.9957322735539913, ""initial_objective"": null, ""iterations"": 0, ""objective_evaluations"": 1, ""start_index"": 20}, {""convergence_reason"": ""NONFINITE_START"", ""convergence_status"": ""NONFINITE_START"", ""final_log_Pc"": null, ""final_log_Qc"": null, ""final_objective"": null, ""final_step_size"": null, ""finite_start"": false, ""initial_log_Pc"": 1.151292546497023, ""initial_log_Qc"": 2.9957322735539913, ""initial_objective"": null, ""iterations"": 0, ""objective_evaluations"": 1, ""start_index"": 21}, {""convergence_reason"": ""LOG_STEP_TOLERANCE"", ""convergence_status"": ""CONVERGED"", ""final_log_Pc"": 2.525342132742193, ""final_log_Qc"": 0.6387498138337269, ""final_objective"": 0.08454166859796984, ""final_step_size"": 9.060981821467974e-07, ""finite_start"": true, ""initial_log_Pc"": 2.302585092994046, ""initial_log_Qc"": 2.9957322735539913, ""initial_objective"": 135.48682503904834, ""iterations"": 56, ""objective_evaluations"": 3, ""start_index"": 22}, {""convergence_reason"": ""LOG_STEP_TOLERANCE"", ""convergence_status"": ""CONVERGED"", ""final_log_Pc"": 2.525342132742193, ""final_log_Qc"": 0.6387498138337273, ""final_objective"": 0.08454166859796983, ""final_step_size"": 9.060981821467974e-07, ""finite_start"": true, ""initial_log_Pc"": 3.453877639491069, ""initial_log_Qc"": 2.9957322735539913, ""initial_objective"": 57.587151244028604, ""iterations"": 55, ""objective_evaluations"": 1, ""start_index"": 23}, {""convergence_reason"": ""LOG_STEP_TOLERANCE"", ""convergence_status"": ""CONVERGED"", ""final_log_Pc"": 2.525342132742193, ""final_log_Qc"": 0.6387498138337273, ""final_objective"": 0.08454166859796983, ""final_step_size"": 9.060981821467974e-07, ""finite_start"": true, ""initial_log_Pc"": 4.605170185988092, ""initial_log_Qc"": 2.9957322735539913, ""initial_objective"": 9.31859274111743, ""iterations"": 55, ""objective_evaluations"": 1, ""start_index"": 24}], ""total_objective_evaluations"": 317, ""winning_start_index"": 18}"
HYD-LOCO-7.0,WASZ-COND-7.0,HYD_E2C_EWP_FINITE_PHI_POROELASTIC_COMPONENT,WASZ-COND-1.0;WASZ-COND-2.0;WASZ-COND-3.5;WASZ-COND-4.0;WASZ-COND-5.0;WASZ-COND-6.0;WASZ-COND-8.0;WASZ-COND-9.0;WASZ-COND-11.0;WASZ-COND-13.0,WASZ-BREW-1-1;WASZ-BREW-1-2;WASZ-BREW-1-3;WASZ-BREW-1-4;WASZ-BREW-1-5b;WASZ-BREW-10-2;WASZ-BREW-10-3;WASZ-BREW-10-4;WASZ-BREW-10-5;WASZ-BREW-12-8-2;WASZ-BREW-12-8-3;WASZ-BREW-12-8-4;WASZ-BREW-12-8-5;WASZ-BREW-12-8-6;WASZ-BREW-12-8-7;WASZ-BREW-2-2;WASZ-BREW-2-3;WASZ-BREW-2-4;WASZ-BREW-2-5;WASZ-BREW-3-5-3;WASZ-BREW-3-5-4;WASZ-BREW-3-5-5;WASZ-BREW-4-1;WASZ-BREW-4-1b;WASZ-BREW-4-2;WASZ-BREW-4-2b;WASZ-BREW-4-3;WASZ-BREW-4-3b;WASZ-BREW-4-4;WASZ-BREW-4-4b;WASZ-BREW-4-5;WASZ-BREW-4-5b;WASZ-BREW-5-1;WASZ-BREW-5-2;WASZ-BREW-5-3;WASZ-BREW-5-4;WASZ-BREW-5-5;WASZ-BREW-6-1;WASZ-BREW-6-2;WASZ-BREW-6-3;WASZ-BREW-6-4;WASZ-BREW-6-5;WASZ-BREW-6-6;WASZ-BREW-8-1;WASZ-BREW-8-1b;WASZ-BREW-8-2;WASZ-BREW-8-3;WASZ-BREW-9-1;WASZ-BREW-9-2;WASZ-BREW-9-3;WASZ-BREW-9-4;WASZ-BREW-9-5,WASZ-BREW-7-1;WASZ-BREW-7-2;WASZ-BREW-7-3;WASZ-BREW-7-4,1.9299269999999997,PASS,,,PASS,PASS,0,0,0,"{""Pc_bar"": 12.494428725617967, ""Qc_g_s"": 1.9013092747366405, ""log_Pc"": 2.5252828430030556, ""log_Qc"": 0.6425427408241933}",0.13633062736358423,0.07064030264542868,PRACTICALLY_NONIDENTIFIABLE,"{""bound_proximity"": false, ""convergence_reason"": ""LOG_STEP_TOLERANCE"", ""domain_failure_count"": 0, ""execution_status"": ""PASS"", ""failure_class"": """", ""failure_reason"": """", ""final_step_size"": 9.060981821467974e-07, ""finite_start_count"": 11, ""fitted_parameters"": {""Pc_bar"": 12.494428725617967, ""Qc_g_s"": 1.9013092747366405, ""log_Pc"": 2.5252828430030556, ""log_Qc"": 0.6425427408241933}, ""identifiability"": ""PRACTICALLY_NONIDENTIFIABLE"", ""identifiability_diagnostics"": {""hessian_condition_number"": null, ""hessian_eigenvalues"": [null, null], ""hessian_log_space"": [[null, null], [null, null]], ""minimum_relative_profile_increase"": 0.0322226910517258, ""profile_scans"": {""log_Pc"": [{""objective"": null, ""offset"": -0.05}, {""objective"": 0.08729837382592502, ""offset"": 0.05}, {""objective"": null, ""offset"": -0.1}, {""objective"": 0.09168789689026308, ""offset"": 0.1}, {""objective"": null, ""offset"": -0.25}, {""objective"": 0.11495738811718953, ""offset"": 0.25}], ""log_Qc"": [{""objective"": null, ""offset"": -0.05}, {""objective"": 0.09079187941903628, ""offset"": 0.05}, {""objective"": null, ""offset"": -0.1}, {""objective"": 0.11071430938221578, ""offset"": 0.1}, {""objective"": null, ""offset"": -0.25}, {""objective"": 0.2745550923798513, ""offset"": 0.25}]}}, ""identifiability_objective_evaluations"": 8, ""iterations"": 688, ""nonfinite_count"": 14, ""objective"": 0.08457319780189797, ""optimizer_objective_evaluations"": 363, ""optimizer_status"": ""PASS"", ""prediction_status"": ""PENDING"", ""root_failure_count"": 0, ""start_count"": 25, ""start_receipts"": [{""convergence_reason"": ""NONFINITE_START"", ""convergence_status"": ""NONFINITE_START"", ""final_log_Pc"": null, ""final_log_Qc"": null, ""final_objective"": null, ""final_step_size"": null, ""finite_start"": false, ""initial_log_Pc"": 0.0, ""initial_log_Qc"": -4.605170185988091, ""initial_objective"": null, ""iterations"": 0, ""objective_evaluations"": 1, ""start_index"": 0}, {""convergence_reason"": ""NONFINITE_START"", ""convergence_status"": ""NONFINITE_START"", ""final_log_Pc"": null, ""final_log_Qc"": null, ""final_objective"": null, ""final_step_size"": null, ""finite_start"": false, ""initial_log_Pc"": 1.151292546497023, ""initial_log_Qc"": -4.605170185988091, ""initial_objective"": null, ""iterations"": 0, ""objective_evaluations"": 1, ""start_index"": 1}, {""convergence_reason"": ""NONFINITE_START"", ""convergence_status"": ""NONFINITE_START"", ""final_log_Pc"": null, ""final_log_Qc"": null, ""final_objective"": null, ""final_step_size"": null, ""finite_start"": false, ""initial_log_Pc"": 2.302585092994046, ""initial_log_Qc"": -4.605170185988091, ""initial_objective"": null, ""iterations"": 0, ""objective_evaluations"": 1, ""start_index"": 2}, {""convergence_reason"": ""LOG_STEP_TOLERANCE"", ""convergence_status"": ""CONVERGED"", ""final_log_Pc"": 2.5252828430030556, ""final_log_Qc"": 0.6425427408241937, ""final_objective"": 0.08457319780189795, ""final_step_size"": 9.060981821467974e-07, ""finite_start"": true, ""initial_log_Pc"": 3.453877639491069, ""initial_log_Qc"": -4.605170185988091, ""initial_objective"": 2.469719907116743, ""iterations"": 64, ""objective_evaluations"": 176, ""start_index"": 3}, {""convergence_reason"": ""LOG_STEP_TOLERANCE"", ""convergence_status"": ""CONVERGED"", ""final_log_Pc"": 2.5252828430030556, ""final_log_Qc"": 0.6425427408241937, ""final_objective"": 0.08457319780189795, ""final_step_size"": 9.060981821467974e-07, ""finite_start"": true, ""initial_log_Pc"": 4.605170185988092, ""initial_log_Qc"": -4.605170185988091, ""initial_objective"": 2.479678283606681, ""iterations"": 64, ""objective_evaluations"": 1, ""start_index"": 4}, {""convergence_reason"": ""NONFINITE_START"", ""convergence_status"": ""NONFINITE_START"", ""final_log_Pc"": null, ""final_log_Qc"": null, ""final_objective"": null, ""final_step_size"": null, ""finite_start"": false, ""initial_log_Pc"": 0.0, ""initial_log_Qc"": -2.7049445711025704, ""initial_objective"": null, ""iterations"": 0, ""objective_evaluations"": 1, ""start_index"": 5}, {""convergence_reason"": ""NONFINITE_START"", ""convergence_status"": ""NONFINITE_START"", ""final_log_Pc"": null, ""final_log_Qc"": null, ""final_objective"": null, ""final_step_size"": null, ""finite_start"": false, ""initial_log_Pc"": 1.151292546497023, ""initial_log_Qc"": -2.7049445711025704, ""initial_objective"": null, ""iterations"": 0, ""objective_evaluations"": 1, ""start_index"": 6}, {""convergence_reason"": ""NONFINITE_START"", ""convergence_status"": ""NONFINITE_START"", ""final_log_Pc"": null, ""final_log_Qc"": null, ""final_objective"": null, ""final_step_size"": null, ""finite_start"": false, ""initial_log_Pc"": 2.302585092994046, ""initial_log_Qc"": -2.7049445711025704, ""initial_objective"": null, ""iterations"": 0, ""objective_evaluations"": 0, ""start_index"": 7}, {""convergence_reason"": ""LOG_STEP_TOLERANCE"", ""convergence_status"": ""CONVERGED"", ""final_log_Pc"": 2.5252828430030556, ""final_log_Qc"": 0.6425427408241937, ""final_objective"": 0.08457319780189795, ""final_step_size"": 9.060981821467974e-07, ""finite_start"": true, ""initial_log_Pc"": 3.453877639491069, ""initial_log_Qc"": -2.7049445711025704, ""initial_objective"": 2.3748624152129514, ""iterations"": 63, ""objective_evaluations"": 0, ""start_index"": 8}, {""convergence_reason"": ""LOG_STEP_TOLERANCE"", ""convergence_status"": ""CONVERGED"", ""final_log_Pc"": 2.5252828430030556, ""final_log_Qc"": 0.6425427408241937, ""final_objective"": 0.08457319780189795, ""final_step_size"": 9.060981821467974e-07, ""finite_start"": true, ""initial_log_Pc"": 4.605170185988092, ""initial_log_Qc"": -2.7049445711025704, ""initial_objective"": 2.440463534802111, ""iterations"": 63, ""objective_evaluations"": 0, ""start_index"": 9}, {""convergence_reason"": ""NONFINITE_START"", ""convergence_status"": ""NONFINITE_START"", ""final_log_Pc"": null, ""final_log_Qc"": null, ""final_objective"": null, ""final_step_size"": null, ""finite_start"": false, ""initial_log_Pc"": 0.0, ""initial_log_Qc"": -0.8047189562170498, ""initial_objective"": null, ""iterations"": 0, ""objective_evaluations"": 1, ""start_index"": 10}, {""convergence_reason"": ""NONFINITE_START"", ""convergence_status"": ""NONFINITE_START"", ""final_log_Pc"": null, ""final_log_Qc"": null, ""final_objective"": null, ""final_step_size"": null, ""finite_start"": false, ""initial_log_Pc"": 1.151292546497023, ""initial_log_Qc"": -0.8047189562170498, ""initial_objective"": null, ""iterations"": 0, ""objective_evaluations"": 1, ""start_index"": 11}, {""convergence_reason"": ""NONFINITE_START"", ""convergence_status"": ""NONFINITE_START"", ""final_log_Pc"": null, ""final_log_Qc"": null, ""final_objective"": null, ""final_step_size"": null, ""finite_start"": false, ""initial_log_Pc"": 2.302585092994046, ""initial_log_Qc"": -0.8047189562170498, ""initial_objective"": null, ""iterations"": 0, ""objective_evaluations"": 0, ""start_index"": 12}, {""convergence_reason"": ""LOG_STEP_TOLERANCE"", ""convergence_status"": ""CONVERGED"", ""final_log_Pc"": 2.5252828430030556, ""final_log_Qc"": 0.6425427408241937, ""final_objective"": 0.08457319780189795, ""final_step_size"": 9.060981821467974e-07, ""finite_start"": true, ""initial_log_Pc"": 3.453877639491069, ""initial_log_Qc"": -0.8047189562170498, ""initial_objective"": 1.7934355167687874, ""iterations"": 62, ""objective_evaluations"": 0, ""start_index"": 13}, {""convergence_reason"": ""LOG_STEP_TOLERANCE"", ""convergence_status"": ""CONVERGED"", ""final_log_Pc"": 2.5252828430030556, ""final_log_Qc"": 0.6425427408241937, ""final_objective"": 0.08457319780189795, ""final_step_size"": 9.060981821467974e-07, ""finite_start"": true, ""initial_log_Pc"": 4.605170185988092, ""initial_log_Qc"": -0.8047189562170498, ""initial_objective"": 2.187686209570221, ""iterations"": 62, ""objective_evaluations"": 0, ""start_index"": 14}, {""convergence_reason"": ""NONFINITE_START"", ""convergence_status"": ""NONFINITE_START"", ""final_log_Pc"": null, ""final_log_Qc"": null, ""final_objective"": null, ""final_step_size"": null, ""finite_start"": false, ""initial_log_Pc"": 0.0, ""initial_log_Qc"": 1.0955066586684703, ""initial_objective"": null, ""iterations"": 0, ""objective_evaluations"": 1, ""start_index"": 15}, {""convergence_reason"": ""NONFINITE_START"", ""convergence_status"": ""NONFINITE_START"", ""final_log_Pc"": null, ""final_log_Qc"": null, ""final_objective"": null, ""final_step_size"": null, ""finite_start"": false, ""initial_log_Pc"": 1.151292546497023, ""initial_log_Qc"": 1.0955066586684703, ""initial_objective"": null, ""iterations"": 0, ""objective_evaluations"": 1, ""start_index"": 16}, {""convergence_reason"": ""NONFINITE_START"", ""convergence_status"": ""NONFINITE_START"", ""final_log_Pc"": null, ""final_log_Qc"": null, ""final_objective"": null, ""final_step_size"": null, ""finite_start"": false, ""initial_log_Pc"": 2.302585092994046, ""initial_log_Qc"": 1.0955066586684703, ""initial_objective"": null, ""iterations"": 0, ""objective_evaluations"": 1, ""start_index"": 17}, {""convergence_reason"": ""LOG_STEP_TOLERANCE"", ""convergence_status"": ""CONVERGED"", ""final_log_Pc"": 2.5252828430030556, ""final_log_Qc"": 0.6425427408241933, ""final_objective"": 0.08457319780189797, ""final_step_size"": 9.060981821467974e-07, ""finite_start"": true, ""initial_log_Pc"": 3.453877639491069, ""initial_log_Qc"": 1.0955066586684703, ""initial_objective"": 0.24070063804860306, ""iterations"": 61, ""objective_evaluations"": 167, ""start_index"": 18}, {""convergence_reason"": ""LOG_STEP_TOLERANCE"", ""convergence_status"": ""CONVERGED"", ""final_log_Pc"": 2.5252828430030556, ""final_log_Qc"": 0.6425427408241933, ""final_objective"": 0.08457319780189797, ""final_step_size"": 9.060981821467974e-07, ""finite_start"": true, ""initial_log_Pc"": 4.605170185988092, ""initial_log_Qc"": 1.0955066586684703, ""initial_objective"": 0.9187999221290334, ""iterations"": 62, ""objective_evaluations"": 2, ""start_index"": 19}, {""convergence_reason"": ""NONFINITE_START"", ""convergence_status"": ""NONFINITE_START"", ""final_log_Pc"": null, ""final_log_Qc"": null, ""final_objective"": null, ""final_step_size"": null, ""finite_start"": false, ""initial_log_Pc"": 0.0, ""initial_log_Qc"": 2.9957322735539913, ""initial_objective"": null, ""iterations"": 0, ""objective_evaluations"": 1, ""start_index"": 20}, {""convergence_reason"": ""NONFINITE_START"", ""convergence_status"": ""NONFINITE_START"", ""final_log_Pc"": null, ""final_log_Qc"": null, ""final_objective"": null, ""final_step_size"": null, ""finite_start"": false, ""initial_log_Pc"": 1.151292546497023, ""initial_log_Qc"": 2.9957322735539913, ""initial_objective"": null, ""iterations"": 0, ""objective_evaluations"": 1, ""start_index"": 21}, {""convergence_reason"": ""LOG_STEP_TOLERANCE"", ""convergence_status"": ""CONVERGED"", ""final_log_Pc"": 2.5252828430030556, ""final_log_Qc"": 0.6425427408241933, ""final_objective"": 0.08457319780189797, ""final_step_size"": 9.060981821467974e-07, ""finite_start"": true, ""initial_log_Pc"": 2.302585092994046, ""initial_log_Qc"": 2.9957322735539913, ""initial_objective"": 134.40434508273339, ""iterations"": 63, ""objective_evaluations"": 3, ""start_index"": 22}, {""convergence_reason"": ""LOG_STEP_TOLERANCE"", ""convergence_status"": ""CONVERGED"", ""final_log_Pc"": 2.5252828430030556, ""final_log_Qc"": 0.6425427408241937, ""final_objective"": 0.08457319780189795, ""final_step_size"": 9.060981821467974e-07, ""finite_start"": true, ""initial_log_Pc"": 3.453877639491069, ""initial_log_Qc"": 2.9957322735539913, ""initial_objective"": 56.303196907164775, ""iterations"": 62, ""objective_evaluations"": 1, ""start_index"": 23}, {""convergence_reason"": ""LOG_STEP_TOLERANCE"", ""convergence_status"": ""CONVERGED"", ""final_log_Pc"": 2.5252828430030556, ""final_log_Qc"": 0.6425427408241937, ""final_objective"": 0.08457319780189795, ""final_step_size"": 9.060981821467974e-07, ""finite_start"": true, ""initial_log_Pc"": 4.605170185988092, ""initial_log_Qc"": 2.9957322735539913, ""initial_objective"": 8.860873507382822, ""iterations"": 62, ""objective_evaluations"": 1, ""start_index"": 24}], ""total_objective_evaluations"": 371, ""winning_start_index"": 18}"
HYD-LOCO-8.0,WASZ-COND-8.0,HYD_P1_POROELASTIC_UNIVERSAL_LIMIT,WASZ-COND-1.0;WASZ-COND-2.0;WASZ-COND-3.5;WASZ-COND-4.0;WASZ-COND-5.0;WASZ-COND-6.0;WASZ-COND-7.0;WASZ-COND-9.0;WASZ-COND-11.0;WASZ-COND-13.0,WASZ-BREW-1-1;WASZ-BREW-1-2;WASZ-BREW-1-3;WASZ-BREW-1-4;WASZ-BREW-1-5b;WASZ-BREW-10-2;WASZ-BREW-10-3;WASZ-BREW-10-4;WASZ-BREW-10-5;WASZ-BREW-12-8-2;WASZ-BREW-12-8-3;WASZ-BREW-12-8-4;WASZ-BREW-12-8-5;WASZ-BREW-12-8-6;WASZ-BREW-12-8-7;WASZ-BREW-2-2;WASZ-BREW-2-3;WASZ-BREW-2-4;WASZ-BREW-2-5;WASZ-BREW-3-5-3;WASZ-BREW-3-5-4;WASZ-BREW-3-5-5;WASZ-BREW-4-1;WASZ-BREW-4-1b;WASZ-BREW-4-2;WASZ-BREW-4-2b;WASZ-BREW-4-3;WASZ-BREW-4-3b;WASZ-BREW-4-4;WASZ-BREW-4-4b;WASZ-BREW-4-5;WASZ-BREW-4-5b;WASZ-BREW-5-1;WASZ-BREW-5-2;WASZ-BREW-5-3;WASZ-BREW-5-4;WASZ-BREW-5-5;WASZ-BREW-6-1;WASZ-BREW-6-2;WASZ-BREW-6-3;WASZ-BREW-6-4;WASZ-BREW-6-5;WASZ-BREW-6-6;WASZ-BREW-7-1;WASZ-BREW-7-2;WASZ-BREW-7-3;WASZ-BREW-7-4;WASZ-BREW-9-1;WASZ-BREW-9-2;WASZ-BREW-9-3;WASZ-BREW-9-4;WASZ-BREW-9-5,WASZ-BREW-8-1;WASZ-BREW-8-1b;WASZ-BREW-8-2;WASZ-BREW-8-3,1.9299269999999997,PASS,,,PASS,PASS,0,0,0,"{""Pc_bar"": 12.492864930490404, ""Qc_g_s"": 1.9165962695918122, ""log_Pc"": 2.525157675775974, ""log_Qc"": 0.6505508365580067}",0.08206175985963182,0.04252065485359386,PRACTICALLY_NONIDENTIFIABLE,"{""bound_proximity"": false, ""convergence_reason"": ""LOG_STEP_TOLERANCE"", ""domain_failure_count"": 0, ""execution_status"": ""PASS"", ""failure_class"": """", ""failure_reason"": """", ""final_step_size"": 9.060981821467974e-07, ""finite_start_count"": 11, ""fitted_parameters"": {""Pc_bar"": 12.492864930490404, ""Qc_g_s"": 1.9165962695918122, ""log_Pc"": 2.525157675775974, ""log_Qc"": 0.6505508365580067}, ""identifiability"": ""PRACTICALLY_NONIDENTIFIABLE"", ""identifiability_diagnostics"": {""hessian_condition_number"": null, ""hessian_eigenvalues"": [null, null], ""hessian_log_space"": [[null, null], [null, null]], ""minimum_relative_profile_increase"": 0.026368406599608596, ""profile_scans"": {""log_Pc"": [{""objective"": null, ""offset"": -0.05}, {""objective"": 0.08787140577251425, ""offset"": 0.05}, {""objective"": null, ""offset"": -0.1}, {""objective"": 0.09188814000097502, ""offset"": 0.1}, {""objective"": null, ""offset"": -0.25}, {""objective"": 0.11465201339712208, ""offset"": 0.25}], ""log_Qc"": [{""objective"": null, ""offset"": -0.05}, {""objective"": 0.09193999079600954, ""offset"": 0.05}, {""objective"": null, ""offset"": -0.1}, {""objective"": 0.11220321554043698, ""offset"": 0.1}, {""objective"": null, ""offset"": -0.25}, {""objective"": 0.2788069896685644, ""offset"": 0.25}]}}, ""identifiability_objective_evaluations"": 8, ""iterations"": 501, ""nonfinite_count"": 14, ""objective"": 0.08561390355304781, ""optimizer_objective_evaluations"": 283, ""optimizer_status"": ""PASS"", ""prediction_status"": ""PENDING"", ""root_failure_count"": 0, ""start_count"": 25, ""start_receipts"": [{""convergence_reason"": ""NONFINITE_START"", ""convergence_status"": ""NONFINITE_START"", ""final_log_Pc"": null, ""final_log_Qc"": null, ""final_objective"": null, ""final_step_size"": null, ""finite_start"": false, ""initial_log_Pc"": 0.0, ""initial_log_Qc"": -4.605170185988091, ""initial_objective"": null, ""iterations"": 0, ""objective_evaluations"": 1, ""start_index"": 0}, {""convergence_reason"": ""NONFINITE_START"", ""convergence_status"": ""NONFINITE_START"", ""final_log_Pc"": null, ""final_log_Qc"": null, ""final_objective"": null, ""final_step_size"": null, ""finite_start"": false, ""initial_log_Pc"": 1.151292546497023, ""initial_log_Qc"": -4.605170185988091, ""initial_objective"": null, ""iterations"": 0, ""objective_evaluations"": 1, ""start_index"": 1}, {""convergence_reason"": ""NONFINITE_START"", ""convergence_status"": ""NONFINITE_START"", ""final_log_Pc"": null, ""final_log_Qc"": null, ""final_objective"": null, ""final_step_size"": null, ""finite_start"": false, ""initial_log_Pc"": 2.302585092994046, ""initial_log_Qc"": -4.605170185988091, ""initial_objective"": null, ""iterations"": 0, ""objective_evaluations"": 1, ""start_index"": 2}, {""convergence_reason"": ""LOG_STEP_TOLERANCE"", ""convergence_status"": ""CONVERGED"", ""final_log_Pc"": 2.525157675775974, ""final_log_Qc"": 0.6505508365580072, ""final_objective"": 0.08561390355304781, ""final_step_size"": 9.060981821467974e-07, ""finite_start"": true, ""initial_log_Pc"": 3.453877639491069, ""initial_log_Qc"": -4.605170185988091, ""initial_objective"": 2.513709716916924, ""iterations"": 47, ""objective_evaluations"": 136, ""start_index"": 3}, {""convergence_reason"": ""LOG_STEP_TOLERANCE"", ""convergence_status"": ""CONVERGED"", ""final_log_Pc"": 2.525157675775974, ""final_log_Qc"": 0.6505508365580072, ""final_objective"": 0.08561390355304781, ""final_step_size"": 9.060981821467974e-07, ""finite_start"": true, ""initial_log_Pc"": 4.605170185988092, ""initial_log_Qc"": -4.605170185988091, ""initial_objective"": 2.5237474681301806, ""iterations"": 47, ""objective_evaluations"": 1, ""start_index"": 4}, {""convergence_reason"": ""NONFINITE_START"", ""convergence_status"": ""NONFINITE_START"", ""final_log_Pc"": null, ""final_log_Qc"": null, ""final_objective"": null, ""final_step_size"": null, ""finite_start"": false, ""initial_log_Pc"": 0.0, ""initial_log_Qc"": -2.7049445711025704, ""initial_objective"": null, ""iterations"": 0, ""objective_evaluations"": 1, ""start_index"": 5}, {""convergence_reason"": ""NONFINITE_START"", ""convergence_status"": ""NONFINITE_START"", ""final_log_Pc"": null, ""final_log_Qc"": null, ""final_objective"": null, ""final_step_size"": null, ""finite_start"": false, ""initial_log_Pc"": 1.151292546497023, ""initial_log_Qc"": -2.7049445711025704, ""initial_objective"": null, ""iterations"": 0, ""objective_evaluations"": 1, ""start_index"": 6}, {""convergence_reason"": ""NONFINITE_START"", ""convergence_status"": ""NONFINITE_START"", ""final_log_Pc"": null, ""final_log_Qc"": null, ""final_objective"": null, ""final_step_size"": null, ""finite_start"": false, ""initial_log_Pc"": 2.302585092994046, ""initial_log_Qc"": -2.7049445711025704, ""initial_objective"": null, ""iterations"": 0, ""objective_evaluations"": 0, ""start_index"": 7}, {""convergence_reason"": ""LOG_STEP_TOLERANCE"", ""convergence_status"": ""CONVERGED"", ""final_log_Pc"": 2.525157675775974, ""final_log_Qc"": 0.6505508365580072, ""final_objective"": 0.08561390355304781, ""final_step_size"": 9.060981821467974e-07, ""finite_start"": true, ""initial_log_Pc"": 3.453877639491069, ""initial_log_Qc"": -2.7049445711025704, ""initial_objective"": 2.4177806347262614, ""iterations"": 46, ""objective_evaluations"": 0, ""start_index"": 8}, {""convergence_reason"": ""LOG_STEP_TOLERANCE"", ""convergence_status"": ""CONVERGED"", ""final_log_Pc"": 2.525157675775974, ""final_log_Qc"": 0.6505508365580072, ""final_objective"": 0.08561390355304781, ""final_step_size"": 9.060981821467974e-07, ""finite_start"": true, ""initial_log_Pc"": 4.605170185988092, ""initial_log_Qc"": -2.7049445711025704, ""initial_objective"": 2.4839114038455103, ""iterations"": 46, ""objective_evaluations"": 0, ""start_index"": 9}, {""convergence_reason"": ""NONFINITE_START"", ""convergence_status"": ""NONFINITE_START"", ""final_log_Pc"": null, ""final_log_Qc"": null, ""final_objective"": null, ""final_step_size"": null, ""finite_start"": false, ""initial_log_Pc"": 0.0, ""initial_log_Qc"": -0.8047189562170498, ""initial_objective"": null, ""iterations"": 0, ""objective_evaluations"": 1, ""start_index"": 10}, {""convergence_reason"": ""NONFINITE_START"", ""convergence_status"": ""NONFINITE_START"", ""final_log_Pc"": null, ""final_log_Qc"": null, ""final_objective"": null, ""final_step_size"": null, ""finite_start"": false, ""initial_log_Pc"": 1.151292546497023, ""initial_log_Qc"": -0.8047189562170498, ""initial_objective"": null, ""iterations"": 0, ""objective_evaluations"": 1, ""start_index"": 11}, {""convergence_reason"": ""NONFINITE_START"", ""convergence_status"": ""NONFINITE_START"", ""final_log_Pc"": null, ""final_log_Qc"": null, ""final_objective"": null, ""final_step_size"": null, ""finite_start"": false, ""initial_log_Pc"": 2.302585092994046, ""initial_log_Qc"": -0.8047189562170498, ""initial_objective"": null, ""iterations"": 0, ""objective_evaluations"": 0, ""start_index"": 12}, {""convergence_reason"": ""LOG_STEP_TOLERANCE"", ""convergence_status"": ""CONVERGED"", ""final_log_Pc"": 2.525157675775974, ""final_log_Qc"": 0.6505508365580072, ""final_objective"": 0.08561390355304781, ""final_step_size"": 9.060981821467974e-07, ""finite_start"": true, ""initial_log_Pc"": 3.453877639491069, ""initial_log_Qc"": -0.8047189562170498, ""initial_objective"": 1.8294026880639804, ""iterations"": 45, ""objective_evaluations"": 0, ""start_index"": 13}, {""convergence_reason"": ""LOG_STEP_TOLERANCE"", ""convergence_status"": ""CONVERGED"", ""final_log_Pc"": 2.525157675775974, ""final_log_Qc"": 0.6505508365580072, ""final_objective"": 0.08561390355304781, ""final_step_size"": 9.060981821467974e-07, ""finite_start"": true, ""initial_log_Pc"": 4.605170185988092, ""initial_log_Qc"": -0.8047189562170498, ""initial_objective"": 2.2271431477814145, ""iterations"": 45, ""objective_evaluations"": 0, ""start_index"": 14}, {""convergence_reason"": ""NONFINITE_START"", ""convergence_status"": ""NONFINITE_START"", ""final_log_Pc"": null, ""final_log_Qc"": null, ""final_objective"": null, ""final_step_size"": null, ""finite_start"": false, ""initial_log_Pc"": 0.0, ""initial_log_Qc"": 1.0955066586684703, ""initial_objective"": null, ""iterations"": 0, ""objective_evaluations"": 1, ""start_index"": 15}, {""convergence_reason"": ""NONFINITE_START"", ""convergence_status"": ""NONFINITE_START"", ""final_log_Pc"": null, ""final_log_Qc"": null, ""final_objective"": null, ""final_step_size"": null, ""finite_start"": false, ""initial_log_Pc"": 1.151292546497023, ""initial_log_Qc"": 1.0955066586684703, ""initial_objective"": null, ""iterations"": 0, ""objective_evaluations"": 1, ""start_index"": 16}, {""convergence_reason"": ""NONFINITE_START"", ""convergence_status"": ""NONFINITE_START"", ""final_log_Pc"": null, ""final_log_Qc"": null, ""final_objective"": null, ""final_step_size"": null, ""finite_start"": false, ""initial_log_Pc"": 2.302585092994046, ""initial_log_Qc"": 1.0955066586684703, ""initial_objective"": null, ""iterations"": 0, ""objective_evaluations"": 1, ""start_index"": 17}, {""convergence_reason"": ""LOG_STEP_TOLERANCE"", ""convergence_status"": ""CONVERGED"", ""final_log_Pc"": 2.525157675775974, ""final_log_Qc"": 0.6505508365580067, ""final_objective"": 0.08561390355304781, ""final_step_size"": 9.060981821467974e-07, ""finite_start"": true, ""initial_log_Pc"": 3.453877639491069, ""initial_log_Qc"": 1.0955066586684703, ""initial_objective"": 0.23967384073812673, ""iterations"": 44, ""objective_evaluations"": 127, ""start_index"": 18}, {""convergence_reason"": ""LOG_STEP_TOLERANCE"", ""convergence_status"": ""CONVERGED"", ""final_log_Pc"": 2.525157675775974, ""final_log_Qc"": 0.6505508365580067, ""final_objective"": 0.08561390355304781, ""final_step_size"": 9.060981821467974e-07, ""finite_start"": true, ""initial_log_Pc"": 4.605170185988092, ""initial_log_Qc"": 1.0955066586684703, ""initial_objective"": 0.9388430106423248, ""iterations"": 45, ""objective_evaluations"": 2, ""start_index"": 19}, {""convergence_reason"": ""NONFINITE_START"", ""convergence_status"": ""NONFINITE_START"", ""final_log_Pc"": null, ""final_log_Qc"": null, ""final_objective"": null, ""final_step_size"": null, ""finite_start"": false, ""initial_log_Pc"": 0.0, ""initial_log_Qc"": 2.9957322735539913, ""initial_objective"": null, ""iterations"": 0, ""objective_evaluations"": 1, ""start_index"": 20}, {""convergence_reason"": ""NONFINITE_START"", ""convergence_status"": ""NONFINITE_START"", ""final_log_Pc"": null, ""final_log_Qc"": null, ""final_objective"": null, ""final_step_size"": null, ""finite_start"": false, ""initial_log_Pc"": 1.151292546497023, ""initial_log_Qc"": 2.9957322735539913, ""initial_objective"": null, ""iterations"": 0, ""objective_evaluations"": 1, ""start_index"": 21}, {""convergence_reason"": ""LOG_STEP_TOLERANCE"", ""convergence_status"": ""CONVERGED"", ""final_log_Pc"": 2.525157675775974, ""final_log_Qc"": 0.6505508365580067, ""final_objective"": 0.08561390355304781, ""final_step_size"": 9.060981821467974e-07, ""finite_start"": true, ""initial_log_Pc"": 2.302585092994046, ""initial_log_Qc"": 2.9957322735539913, ""initial_objective"": 132.908313028423, ""iterations"": 46, ""objective_evaluations"": 3, ""start_index"": 22}, {""convergence_reason"": ""LOG_STEP_TOLERANCE"", ""convergence_status"": ""CONVERGED"", ""final_log_Pc"": 2.525157675775974, ""final_log_Qc"": 0.6505508365580072, ""final_objective"": 0.08561390355304781, ""final_step_size"": 9.060981821467974e-07, ""finite_start"": true, ""initial_log_Pc"": 3.453877639491069, ""initial_log_Qc"": 2.9957322735539913, ""initial_objective"": 56.16836592564984, ""iterations"": 45, ""objective_evaluations"": 1, ""start_index"": 23}, {""convergence_reason"": ""LOG_STEP_TOLERANCE"", ""convergence_status"": ""CONVERGED"", ""final_log_Pc"": 2.525157675775974, ""final_log_Qc"": 0.6505508365580072, ""final_objective"": 0.08561390355304781, ""final_step_size"": 9.060981821467974e-07, ""finite_start"": true, ""initial_log_Pc"": 4.605170185988092, ""initial_log_Qc"": 2.9957322735539913, ""initial_objective"": 8.982554672155414, ""iterations"": 45, ""objective_evaluations"": 1, ""start_index"": 24}], ""total_objective_evaluations"": 291, ""winning_start_index"": 18}"
HYD-LOCO-8.0,WASZ-COND-8.0,HYD_E2C_EWP_FINITE_PHI_POROELASTIC_COMPONENT,WASZ-COND-1.0;WASZ-COND-2.0;WASZ-COND-3.5;WASZ-COND-4.0;WASZ-COND-5.0;WASZ-COND-6.0;WASZ-COND-7.0;WASZ-COND-9.0;WASZ-COND-11.0;WASZ-COND-13.0,WASZ-BREW-1-1;WASZ-BREW-1-2;WASZ-BREW-1-3;WASZ-BREW-1-4;WASZ-BREW-1-5b;WASZ-BREW-10-2;WASZ-BREW-10-3;WASZ-BREW-10-4;WASZ-BREW-10-5;WASZ-BREW-12-8-2;WASZ-BREW-12-8-3;WASZ-BREW-12-8-4;WASZ-BREW-12-8-5;WASZ-BREW-12-8-6;WASZ-BREW-12-8-7;WASZ-BREW-2-2;WASZ-BREW-2-3;WASZ-BREW-2-4;WASZ-BREW-2-5;WASZ-BREW-3-5-3;WASZ-BREW-3-5-4;WASZ-BREW-3-5-5;WASZ-BREW-4-1;WASZ-BREW-4-1b;WASZ-BREW-4-2;WASZ-BREW-4-2b;WASZ-BREW-4-3;WASZ-BREW-4-3b;WASZ-BREW-4-4;WASZ-BREW-4-4b;WASZ-BREW-4-5;WASZ-BREW-4-5b;WASZ-BREW-5-1;WASZ-BREW-5-2;WASZ-BREW-5-3;WASZ-BREW-5-4;WASZ-BREW-5-5;WASZ-BREW-6-1;WASZ-BREW-6-2;WASZ-BREW-6-3;WASZ-BREW-6-4;WASZ-BREW-6-5;WASZ-BREW-6-6;WASZ-BREW-7-1;WASZ-BREW-7-2;WASZ-BREW-7-3;WASZ-BREW-7-4;WASZ-BREW-9-1;WASZ-BREW-9-2;WASZ-BREW-9-3;WASZ-BREW-9-4;WASZ-BREW-9-5,WASZ-BREW-8-1;WASZ-BREW-8-1b;WASZ-BREW-8-2;WASZ-BREW-8-3,1.9299269999999997,PASS,,,PASS,PASS,0,0,0,"{""Pc_bar"": 12.492083106324543, ""Qc_g_s"": 1.9242108241519913, ""log_Pc"": 2.525095092162435, ""log_Qc"": 0.654515922203081}",0.08478364875297353,0.04393101332484262,PRACTICALLY_NONIDENTIFIABLE,"{""bound_proximity"": false, ""convergence_reason"": ""LOG_STEP_TOLERANCE"", ""domain_failure_count"": 0, ""execution_status"": ""PASS"", ""failure_class"": """", ""failure_reason"": """", ""final_step_size"": 9.060981821467974e-07, ""finite_start_count"": 11, ""fitted_parameters"": {""Pc_bar"": 12.492083106324543, ""Qc_g_s"": 1.9242108241519913, ""log_Pc"": 2.525095092162435, ""log_Qc"": 0.654515922203081}, ""identifiability"": ""PRACTICALLY_NONIDENTIFIABLE"", ""identifiability_diagnostics"": {""hessian_condition_number"": null, ""hessian_eigenvalues"": [null, null], ""hessian_log_space"": [[null, null], [null, null]], ""minimum_relative_profile_increase"": 0.03170586721551949, ""profile_scans"": {""log_Pc"": [{""objective"": null, ""offset"": -0.05}, {""objective"": 0.0882703186353242, ""offset"": 0.05}, {""objective"": null, ""offset"": -0.1}, {""objective"": 0.09276994301309202, ""offset"": 0.1}, {""objective"": null, ""offset"": -0.25}, {""objective"": 0.11710265005662412, ""offset"": 0.25}], ""log_Qc"": [{""objective"": null, ""offset"": -0.05}, {""objective"": 0.09188296026646504, ""offset"": 0.05}, {""objective"": null, ""offset"": -0.1}, {""objective"": 0.11214346523274016, ""offset"": 0.1}, {""objective"": null, ""offset"": -0.25}, {""objective"": 0.2787183997327593, ""offset"": 0.25}]}}, ""identifiability_objective_evaluations"": 8, ""iterations"": 545, ""nonfinite_count"": 14, ""objective"": 0.08555763947873804, ""optimizer_objective_evaluations"": 293, ""optimizer_status"": ""PASS"", ""prediction_status"": ""PENDING"", ""root_failure_count"": 0, ""start_count"": 25, ""start_receipts"": [{""convergence_reason"": ""NONFINITE_START"", ""convergence_status"": ""NONFINITE_START"", ""final_log_Pc"": null, ""final_log_Qc"": null, ""final_objective"": null, ""final_step_size"": null, ""finite_start"": false, ""initial_log_Pc"": 0.0, ""initial_log_Qc"": -4.605170185988091, ""initial_objective"": null, ""iterations"": 0, ""objective_evaluations"": 1, ""start_index"": 0}, {""convergence_reason"": ""NONFINITE_START"", ""convergence_status"": ""NONFINITE_START"", ""final_log_Pc"": null, ""final_log_Qc"": null, ""final_objective"": null, ""final_step_size"": null, ""finite_start"": false, ""initial_log_Pc"": 1.151292546497023, ""initial_log_Qc"": -4.605170185988091, ""initial_objective"": null, ""iterations"": 0, ""objective_evaluations"": 1, ""start_index"": 1}, {""convergence_reason"": ""NONFINITE_START"", ""convergence_status"": ""NONFINITE_START"", ""final_log_Pc"": null, ""final_log_Qc"": null, ""final_objective"": null, ""final_step_size"": null, ""finite_start"": false, ""initial_log_Pc"": 2.302585092994046, ""initial_log_Qc"": -4.605170185988091, ""initial_objective"": null, ""iterations"": 0, ""objective_evaluations"": 1, ""start_index"": 2}, {""convergence_reason"": ""LOG_STEP_TOLERANCE"", ""convergence_status"": ""CONVERGED"", ""final_log_Pc"": 2.525095092162435, ""final_log_Qc"": 0.6545159222030814, ""final_objective"": 0.08555763947873804, ""final_step_size"": 9.060981821467974e-07, ""finite_start"": true, ""initial_log_Pc"": 3.453877639491069, ""initial_log_Qc"": -4.605170185988091, ""initial_objective"": 2.513918064965588, ""iterations"": 51, ""objective_evaluations"": 141, ""start_index"": 3}, {""convergence_reason"": ""LOG_STEP_TOLERANCE"", ""convergence_status"": ""CONVERGED"", ""final_log_Pc"": 2.525095092162435, ""final_log_Qc"": 0.6545159222030814, ""final_objective"": 0.08555763947873804, ""final_step_size"": 9.060981821467974e-07, ""finite_start"": true, ""initial_log_Pc"": 4.605170185988092, ""initial_log_Qc"": -4.605170185988091, ""initial_objective"": 2.5238893856885913, ""iterations"": 51, ""objective_evaluations"": 1, ""start_index"": 4}, {""convergence_reason"": ""NONFINITE_START"", ""convergence_status"": ""NONFINITE_START"", ""final_log_Pc"": null, ""final_log_Qc"": null, ""final_objective"": null, ""final_step_size"": null, ""finite_start"": false, ""initial_log_Pc"": 0.0, ""initial_log_Qc"": -2.7049445711025704, ""initial_objective"": null, ""iterations"": 0, ""objective_evaluations"": 1, ""start_index"": 5}, {""convergence_reason"": ""NONFINITE_START"", ""convergence_status"": ""NONFINITE_START"", ""final_log_Pc"": null, ""final_log_Qc"": null, ""final_objective"": null, ""final_step_size"": null, ""finite_start"": false, ""initial_log_Pc"": 1.151292546497023, ""initial_log_Qc"": -2.7049445711025704, ""initial_objective"": null, ""iterations"": 0, ""objective_evaluations"": 1, ""start_index"": 6}, {""convergence_reason"": ""NONFINITE_START"", ""convergence_status"": ""NONFINITE_START"", ""final_log_Pc"": null, ""final_log_Qc"": null, ""final_objective"": null, ""final_step_size"": null, ""finite_start"": false, ""initial_log_Pc"": 2.302585092994046, ""initial_log_Qc"": -2.7049445711025704, ""initial_objective"": null, ""iterations"": 0, ""objective_evaluations"": 0, ""start_index"": 7}, {""convergence_reason"": ""LOG_STEP_TOLERANCE"", ""convergence_status"": ""CONVERGED"", ""final_log_Pc"": 2.525095092162435, ""final_log_Qc"": 0.6545159222030814, ""final_objective"": 0.08555763947873804, ""final_step_size"": 9.060981821467974e-07, ""finite_start"": true, ""initial_log_Pc"": 3.453877639491069, ""initial_log_Qc"": -2.7049445711025704, ""initial_objective"": 2.4191471150807624, ""iterations"": 50, ""objective_evaluations"": 0, ""start_index"": 8}, {""convergence_reason"": ""LOG_STEP_TOLERANCE"", ""convergence_status"": ""CONVERGED"", ""final_log_Pc"": 2.525095092162435, ""final_log_Qc"": 0.6545159222030814, ""final_objective"": 0.08555763947873804, ""final_step_size"": 9.060981821467974e-07, ""finite_start"": true, ""initial_log_Pc"": 4.605170185988092, ""initial_log_Qc"": -2.7049445711025704, ""initial_objective"": 2.4848519368217525, ""iterations"": 50, ""objective_evaluations"": 0, ""start_index"": 9}, {""convergence_reason"": ""NONFINITE_START"", ""convergence_status"": ""NONFINITE_START"", ""final_log_Pc"": null, ""final_log_Qc"": null, ""final_objective"": null, ""final_step_size"": null, ""finite_start"": false, ""initial_log_Pc"": 0.0, ""initial_log_Qc"": -0.8047189562170498, ""initial_objective"": null, ""iterations"": 0, ""objective_evaluations"": 1, ""start_index"": 10}, {""convergence_reason"": ""NONFINITE_START"", ""convergence_status"": ""NONFINITE_START"", ""final_log_Pc"": null, ""final_log_Qc"": null, ""final_objective"": null, ""final_step_size"": null, ""finite_start"": false, ""initial_log_Pc"": 1.151292546497023, ""initial_log_Qc"": -0.8047189562170498, ""initial_objective"": null, ""iterations"": 0, ""objective_evaluations"": 1, ""start_index"": 11}, {""convergence_reason"": ""NONFINITE_START"", ""convergence_status"": ""NONFINITE_START"", ""final_log_Pc"": null, ""final_log_Qc"": null, ""final_objective"": null, ""final_step_size"": null, ""finite_start"": false, ""initial_log_Pc"": 2.302585092994046, ""initial_log_Qc"": -0.8047189562170498, ""initial_objective"": null, ""iterations"": 0, ""objective_evaluations"": 0, ""start_index"": 12}, {""convergence_reason"": ""LOG_STEP_TOLERANCE"", ""convergence_status"": ""CONVERGED"", ""final_log_Pc"": 2.525095092162435, ""final_log_Qc"": 0.6545159222030814, ""final_objective"": 0.08555763947873804, ""final_step_size"": 9.060981821467974e-07, ""finite_start"": true, ""initial_log_Pc"": 3.453877639491069, ""initial_log_Qc"": -0.8047189562170498, ""initial_objective"": 1.8373419204447874, ""iterations"": 49, ""objective_evaluations"": 0, ""start_index"": 13}, {""convergence_reason"": ""LOG_STEP_TOLERANCE"", ""convergence_status"": ""CONVERGED"", ""final_log_Pc"": 2.525095092162435, ""final_log_Qc"": 0.6545159222030814, ""final_objective"": 0.08555763947873804, ""final_step_size"": 9.060981821467974e-07, ""finite_start"": true, ""initial_log_Pc"": 4.605170185988092, ""initial_log_Qc"": -0.8047189562170498, ""initial_objective"": 2.2330516728026066, ""iterations"": 49, ""objective_evaluations"": 0, ""start_index"": 14}, {""convergence_reason"": ""NONFINITE_START"", ""convergence_status"": ""NONFINITE_START"", ""final_log_Pc"": null, ""final_log_Qc"": null, ""final_objective"": null, ""final_step_size"": null, ""finite_start"": false, ""initial_log_Pc"": 0.0, ""initial_log_Qc"": 1.0955066586684703, ""initial_objective"": null, ""iterations"": 0, ""objective_evaluations"": 1, ""start_index"": 15}, {""convergence_reason"": ""NONFINITE_START"", ""convergence_status"": ""NONFINITE_START"", ""final_log_Pc"": null, ""final_log_Qc"": null, ""final_objective"": null, ""final_step_size"": null, ""finite_start"": false, ""initial_log_Pc"": 1.151292546497023, ""initial_log_Qc"": 1.0955066586684703, ""initial_objective"": null, ""iterations"": 0, ""objective_evaluations"": 1, ""start_index"": 16}, {""convergence_reason"": ""NONFINITE_START"", ""convergence_status"": ""NONFINITE_START"", ""final_log_Pc"": null, ""final_log_Qc"": null, ""final_objective"": null, ""final_step_size"": null, ""finite_start"": false, ""initial_log_Pc"": 2.302585092994046, ""initial_log_Qc"": 1.0955066586684703, ""initial_objective"": null, ""iterations"": 0, ""objective_evaluations"": 1, ""start_index"": 17}, {""convergence_reason"": ""LOG_STEP_TOLERANCE"", ""convergence_status"": ""CONVERGED"", ""final_log_Pc"": 2.525095092162435, ""final_log_Qc"": 0.654515922203081, ""final_objective"": 0.08555763947873804, ""final_step_size"": 9.060981821467974e-07, ""finite_start"": true, ""initial_log_Pc"": 3.453877639491069, ""initial_log_Qc"": 1.0955066586684703, ""initial_objective"": 0.23998577220268272, ""iterations"": 48, ""objective_evaluations"": 132, ""start_index"": 18}, {""convergence_reason"": ""LOG_STEP_TOLERANCE"", ""convergence_status"": ""CONVERGED"", ""final_log_Pc"": 2.525095092162435, ""final_log_Qc"": 0.654515922203081, ""final_objective"": 0.08555763947873804, ""final_step_size"": 9.060981821467974e-07, ""finite_start"": true, ""initial_log_Pc"": 4.605170185988092, ""initial_log_Qc"": 1.0955066586684703, ""initial_objective"": 0.9614313802469471, ""iterations"": 49, ""objective_evaluations"": 2, ""start_index"": 19}, {""convergence_reason"": ""NONFINITE_START"", ""convergence_status"": ""NONFINITE_START"", ""final_log_Pc"": null, ""final_log_Qc"": null, ""final_objective"": null, ""final_step_size"": null, ""finite_start"": false, ""initial_log_Pc"": 0.0, ""initial_log_Qc"": 2.9957322735539913, ""initial_objective"": null, ""iterations"": 0, ""objective_evaluations"": 1, ""start_index"": 20}, {""convergence_reason"": ""NONFINITE_START"", ""convergence_status"": ""NONFINITE_START"", ""final_log_Pc"": null, ""final_log_Qc"": null, ""final_objective"": null, ""final_step_size"": null, ""finite_start"": false, ""initial_log_Pc"": 1.151292546497023, ""initial_log_Qc"": 2.9957322735539913, ""initial_objective"": null, ""iterations"": 0, ""objective_evaluations"": 1, ""start_index"": 21}, {""convergence_reason"": ""LOG_STEP_TOLERANCE"", ""convergence_status"": ""CONVERGED"", ""final_log_Pc"": 2.525095092162435, ""final_log_Qc"": 0.654515922203081, ""final_objective"": 0.08555763947873804, ""final_step_size"": 9.060981821467974e-07, ""finite_start"": true, ""initial_log_Pc"": 2.302585092994046, ""initial_log_Qc"": 2.9957322735539913, ""initial_objective"": 131.8343423347662, ""iterations"": 50, ""objective_evaluations"": 3, ""start_index"": 22}, {""convergence_reason"": ""LOG_STEP_TOLERANCE"", ""convergence_status"": ""CONVERGED"", ""final_log_Pc"": 2.525095092162435, ""final_log_Qc"": 0.6545159222030814, ""final_objective"": 0.08555763947873804, ""final_step_size"": 9.060981821467974e-07, ""finite_start"": true, ""initial_log_Pc"": 3.453877639491069, ""initial_log_Qc"": 2.9957322735539913, ""initial_objective"": 54.90533502438518, ""iterations"": 49, ""objective_evaluations"": 1, ""start_index"": 23}, {""convergence_reason"": ""LOG_STEP_TOLERANCE"", ""convergence_status"": ""CONVERGED"", ""final_log_Pc"": 2.525095092162435, ""final_log_Qc"": 0.6545159222030814, ""final_objective"": 0.08555763947873804, ""final_step_size"": 9.060981821467974e-07, ""finite_start"": true, ""initial_log_Pc"": 4.605170185988092, ""initial_log_Qc"": 2.9957322735539913, ""initial_objective"": 8.538544343870948, ""iterations"": 49, ""objective_evaluations"": 1, ""start_index"": 24}], ""total_objective_evaluations"": 301, ""winning_start_index"": 18}"
HYD-LOCO-9.0,WASZ-COND-9.0,HYD_P1_POROELASTIC_UNIVERSAL_LIMIT,WASZ-COND-1.0;WASZ-COND-2.0;WASZ-COND-3.5;WASZ-COND-4.0;WASZ-COND-5.0;WASZ-COND-6.0;WASZ-COND-7.0;WASZ-COND-8.0;WASZ-COND-11.0;WASZ-COND-13.0,WASZ-BREW-1-1;WASZ-BREW-1-2;WASZ-BREW-1-3;WASZ-BREW-1-4;WASZ-BREW-1-5b;WASZ-BREW-10-2;WASZ-BREW-10-3;WASZ-BREW-10-4;WASZ-BREW-10-5;WASZ-BREW-12-8-2;WASZ-BREW-12-8-3;WASZ-BREW-12-8-4;WASZ-BREW-12-8-5;WASZ-BREW-12-8-6;WASZ-BREW-12-8-7;WASZ-BREW-2-2;WASZ-BREW-2-3;WASZ-BREW-2-4;WASZ-BREW-2-5;WASZ-BREW-3-5-3;WASZ-BREW-3-5-4;WASZ-BREW-3-5-5;WASZ-BREW-4-1;WASZ-BREW-4-1b;WASZ-BREW-4-2;WASZ-BREW-4-2b;WASZ-BREW-4-3;WASZ-BREW-4-3b;WASZ-BREW-4-4;WASZ-BREW-4-4b;WASZ-BREW-4-5;WASZ-BREW-4-5b;WASZ-BREW-5-1;WASZ-BREW-5-2;WASZ-BREW-5-3;WASZ-BREW-5-4;WASZ-BREW-5-5;WASZ-BREW-6-1;WASZ-BREW-6-2;WASZ-BREW-6-3;WASZ-BREW-6-4;WASZ-BREW-6-5;WASZ-BREW-6-6;WASZ-BREW-7-1;WASZ-BREW-7-2;WASZ-BREW-7-3;WASZ-BREW-7-4;WASZ-BREW-8-1;WASZ-BREW-8-1b;WASZ-BREW-8-2;WASZ-BREW-8-3,WASZ-BREW-9-1;WASZ-BREW-9-2;WASZ-BREW-9-3;WASZ-BREW-9-4;WASZ-BREW-9-5,1.9299269999999997,PASS,,,PASS,PASS,0,0,0,"{""Pc_bar"": 12.492727764816962, ""Qc_g_s"": 1.9179825970025988, ""log_Pc"": 2.5251466961946516, ""log_Qc"": 0.6512739029073596}",0.11548803113489693,0.059840621502728834,PRACTICALLY_NONIDENTIFIABLE,"{""bound_proximity"": false, ""convergence_reason"": ""LOG_STEP_TOLERANCE"", ""domain_failure_count"": 0, ""execution_status"": ""PASS"", ""failure_class"": """", ""failure_reason"": """", ""final_step_size"": 9.060981821467974e-07, ""finite_start_count"": 11, ""fitted_parameters"": {""Pc_bar"": 12.492727764816962, ""Qc_g_s"": 1.9179825970025988, ""log_Pc"": 2.5251466961946516, ""log_Qc"": 0.6512739029073596}, ""identifiability"": ""PRACTICALLY_NONIDENTIFIABLE"", ""identifiability_diagnostics"": {""hessian_condition_number"": null, ""hessian_eigenvalues"": [null, null], ""hessian_log_space"": [[null, null], [null, null]], ""minimum_relative_profile_increase"": 0.0255175744874924, ""profile_scans"": {""log_Pc"": [{""objective"": null, ""offset"": -0.05}, {""objective"": 0.08713657204293601, ""offset"": 0.05}, {""objective"": null, ""offset"": -0.1}, {""objective"": 0.09110846182039206, ""offset"": 0.1}, {""objective"": null, ""offset"": -0.25}, {""objective"": 0.11412600777629904, ""offset"": 0.25}], ""log_Qc"": [{""objective"": null, ""offset"": -0.05}, {""objective"": 0.09126737872258747, ""offset"": 0.05}, {""objective"": null, ""offset"": -0.1}, {""objective"": 0.1114435248198742, ""offset"": 0.1}, {""objective"": null, ""offset"": -0.25}, {""objective"": 0.2773005378652715, ""offset"": 0.25}]}}, ""identifiability_objective_evaluations"": 8, ""iterations"": 556, ""nonfinite_count"": 14, ""objective"": 0.08496838495087025, ""optimizer_objective_evaluations"": 295, ""optimizer_status"": ""PASS"", ""prediction_status"": ""PENDING"", ""root_failure_count"": 0, ""start_count"": 25, ""start_receipts"": [{""convergence_reason"": ""NONFINITE_START"", ""convergence_status"": ""NONFINITE_START"", ""final_log_Pc"": null, ""final_log_Qc"": null, ""final_objective"": null, ""final_step_size"": null, ""finite_start"": false, ""initial_log_Pc"": 0.0, ""initial_log_Qc"": -4.605170185988091, ""initial_objective"": null, ""iterations"": 0, ""objective_evaluations"": 1, ""start_index"": 0}, {""convergence_reason"": ""NONFINITE_START"", ""convergence_status"": ""NONFINITE_START"", ""final_log_Pc"": null, ""final_log_Qc"": null, ""final_objective"": null, ""final_step_size"": null, ""finite_start"": false, ""initial_log_Pc"": 1.151292546497023, ""initial_log_Qc"": -4.605170185988091, ""initial_objective"": null, ""iterations"": 0, ""objective_evaluations"": 1, ""start_index"": 1}, {""convergence_reason"": ""NONFINITE_START"", ""convergence_status"": ""NONFINITE_START"", ""final_log_Pc"": null, ""final_log_Qc"": null, ""final_objective"": null, ""final_step_size"": null, ""finite_start"": false, ""initial_log_Pc"": 2.302585092994046, ""initial_log_Qc"": -4.605170185988091, ""initial_objective"": null, ""iterations"": 0, ""objective_evaluations"": 1, ""start_index"": 2}, {""convergence_reason"": ""LOG_STEP_TOLERANCE"", ""convergence_status"": ""CONVERGED"", ""final_log_Pc"": 2.5251466961946516, ""final_log_Qc"": 0.6512739029073601, ""final_objective"": 0.08496838495087025, ""final_step_size"": 9.060981821467974e-07, ""finite_start"": true, ""initial_log_Pc"": 3.453877639491069, ""initial_log_Qc"": -4.605170185988091, ""initial_objective"": 2.50488386356105, ""iterations"": 52, ""objective_evaluations"": 142, ""start_index"": 3}, {""convergence_reason"": ""LOG_STEP_TOLERANCE"", ""convergence_status"": ""CONVERGED"", ""final_log_Pc"": 2.5251466961946516, ""final_log_Qc"": 0.6512739029073601, ""final_objective"": 0.08496838495087025, ""final_step_size"": 9.060981821467974e-07, ""finite_start"": true, ""initial_log_Pc"": 4.605170185988092, ""initial_log_Qc"": -4.605170185988091, ""initial_objective"": 2.5148160471322454, ""iterations"": 52, ""objective_evaluations"": 1, ""start_index"": 4}, {""convergence_reason"": ""NONFINITE_START"", ""convergence_status"": ""NONFINITE_START"", ""final_log_Pc"": null, ""final_log_Qc"": null, ""final_objective"": null, ""final_step_size"": null, ""finite_start"": false, ""initial_log_Pc"": 0.0, ""initial_log_Qc"": -2.7049445711025704, ""initial_objective"": null, ""iterations"": 0, ""objective_evaluations"": 1, ""start_index"": 5}, {""convergence_reason"": ""NONFINITE_START"", ""convergence_status"": ""NONFINITE_START"", ""final_log_Pc"": null, ""final_log_Qc"": null, ""final_objective"": null, ""final_step_size"": null, ""finite_start"": false, ""initial_log_Pc"": 1.151292546497023, ""initial_log_Qc"": -2.7049445711025704, ""initial_objective"": null, ""iterations"": 0, ""objective_evaluations"": 1, ""start_index"": 6}, {""convergence_reason"": ""NONFINITE_START"", ""convergence_status"": ""NONFINITE_START"", ""final_log_Pc"": null, ""final_log_Qc"": null, ""final_objective"": null, ""final_step_size"": null, ""finite_start"": false, ""initial_log_Pc"": 2.302585092994046, ""initial_log_Qc"": -2.7049445711025704, ""initial_objective"": null, ""iterations"": 0, ""objective_evaluations"": 0, ""start_index"": 7}, {""convergence_reason"": ""LOG_STEP_TOLERANCE"", ""convergence_status"": ""CONVERGED"", ""final_log_Pc"": 2.5251466961946516, ""final_log_Qc"": 0.6512739029073601, ""final_objective"": 0.08496838495087025, ""final_step_size"": 9.060981821467974e-07, ""finite_start"": true, ""initial_log_Pc"": 3.453877639491069, ""initial_log_Qc"": -2.7049445711025704, ""initial_objective"": 2.4103564786716025, ""iterations"": 51, ""objective_evaluations"": 0, ""start_index"": 8}, {""convergence_reason"": ""LOG_STEP_TOLERANCE"", ""convergence_status"": ""CONVERGED"", ""final_log_Pc"": 2.5251466961946516, ""final_log_Qc"": 0.6512739029073601, ""final_objective"": 0.08496838495087025, ""final_step_size"": 9.060981821467974e-07, ""finite_start"": true, ""initial_log_Pc"": 4.605170185988092, ""initial_log_Qc"": -2.7049445711025704, ""initial_objective"": 2.4758051780596064, ""iterations"": 51, ""objective_evaluations"": 0, ""start_index"": 9}, {""convergence_reason"": ""NONFINITE_START"", ""convergence_status"": ""NONFINITE_START"", ""final_log_Pc"": null, ""final_log_Qc"": null, ""final_objective"": null, ""final_step_size"": null, ""finite_start"": false, ""initial_log_Pc"": 0.0, ""initial_log_Qc"": -0.8047189562170498, ""initial_objective"": null, ""iterations"": 0, ""objective_evaluations"": 1, ""start_index"": 10}, {""convergence_reason"": ""NONFINITE_START"", ""convergence_status"": ""NONFINITE_START"", ""final_log_Pc"": null, ""final_log_Qc"": null, ""final_objective"": null, ""final_step_size"": null, ""finite_start"": false, ""initial_log_Pc"": 1.151292546497023, ""initial_log_Qc"": -0.8047189562170498, ""initial_objective"": null, ""iterations"": 0, ""objective_evaluations"": 1, ""start_index"": 11}, {""convergence_reason"": ""NONFINITE_START"", ""convergence_status"": ""NONFINITE_START"", ""final_log_Pc"": null, ""final_log_Qc"": null, ""final_objective"": null, ""final_step_size"": null, ""finite_start"": false, ""initial_log_Pc"": 2.302585092994046, ""initial_log_Qc"": -0.8047189562170498, ""initial_objective"": null, ""iterations"": 0, ""objective_evaluations"": 0, ""start_index"": 12}, {""convergence_reason"": ""LOG_STEP_TOLERANCE"", ""convergence_status"": ""CONVERGED"", ""final_log_Pc"": 2.5251466961946516, ""final_log_Qc"": 0.6512739029073601, ""final_objective"": 0.08496838495087025, ""final_step_size"": 9.060981821467974e-07, ""finite_start"": true, ""initial_log_Pc"": 3.453877639491069, ""initial_log_Qc"": -0.8047189562170498, ""initial_objective"": 1.8299523676034724, ""iterations"": 50, ""objective_evaluations"": 0, ""start_index"": 13}, {""convergence_reason"": ""LOG_STEP_TOLERANCE"", ""convergence_status"": ""CONVERGED"", ""final_log_Pc"": 2.5251466961946516, ""final_log_Qc"": 0.6512739029073601, ""final_objective"": 0.08496838495087025, ""final_step_size"": 9.060981821467974e-07, ""finite_start"": true, ""initial_log_Pc"": 4.605170185988092, ""initial_log_Qc"": -0.8047189562170498, ""initial_objective"": 2.224200496609035, ""iterations"": 50, ""objective_evaluations"": 0, ""start_index"": 14}, {""convergence_reason"": ""NONFINITE_START"", ""convergence_status"": ""NONFINITE_START"", ""final_log_Pc"": null, ""final_log_Qc"": null, ""final_objective"": null, ""final_step_size"": null, ""finite_start"": false, ""initial_log_Pc"": 0.0, ""initial_log_Qc"": 1.0955066586684703, ""initial_objective"": null, ""iterations"": 0, ""objective_evaluations"": 1, ""start_index"": 15}, {""convergence_reason"": ""NONFINITE_START"", ""convergence_status"": ""NONFINITE_START"", ""final_log_Pc"": null, ""final_log_Qc"": null, ""final_objective"": null, ""final_step_size"": null, ""finite_start"": false, ""initial_log_Pc"": 1.151292546497023, ""initial_log_Qc"": 1.0955066586684703, ""initial_objective"": null, ""iterations"": 0, ""objective_evaluations"": 1, ""start_index"": 16}, {""convergence_reason"": ""NONFINITE_START"", ""convergence_status"": ""NONFINITE_START"", ""final_log_Pc"": null, ""final_log_Qc"": null, ""final_objective"": null, ""final_step_size"": null, ""finite_start"": false, ""initial_log_Pc"": 2.302585092994046, ""initial_log_Qc"": 1.0955066586684703, ""initial_objective"": null, ""iterations"": 0, ""objective_evaluations"": 1, ""start_index"": 17}, {""convergence_reason"": ""LOG_STEP_TOLERANCE"", ""convergence_status"": ""CONVERGED"", ""final_log_Pc"": 2.5251466961946516, ""final_log_Qc"": 0.6512739029073596, ""final_objective"": 0.08496838495087025, ""final_step_size"": 9.060981821467974e-07, ""finite_start"": true, ""initial_log_Pc"": 3.453877639491069, ""initial_log_Qc"": 1.0955066586684703, ""initial_objective"": 0.23141434855264742, ""iterations"": 49, ""objective_evaluations"": 133, ""start_index"": 18}, {""convergence_reason"": ""LOG_STEP_TOLERANCE"", ""convergence_status"": ""CONVERGED"", ""final_log_Pc"": 2.5251466961946516, ""final_log_Qc"": 0.6512739029073596, ""final_objective"": 0.08496838495087025, ""final_step_size"": 9.060981821467974e-07, ""finite_start"": true, ""initial_log_Pc"": 4.605170185988092, ""initial_log_Qc"": 1.0955066586684703, ""initial_objective"": 0.9546393215660793, ""iterations"": 50, ""objective_evaluations"": 2, ""start_index"": 19}, {""convergence_reason"": ""NONFINITE_START"", ""convergence_status"": ""NONFINITE_START"", ""final_log_Pc"": null, ""final_log_Qc"": null, ""final_objective"": null, ""final_step_size"": null, ""finite_start"": false, ""initial_log_Pc"": 0.0, ""initial_log_Qc"": 2.9957322735539913, ""initial_objective"": null, ""iterations"": 0, ""objective_evaluations"": 1, ""start_index"": 20}, {""convergence_reason"": ""NONFINITE_START"", ""convergence_status"": ""NONFINITE_START"", ""final_log_Pc"": null, ""final_log_Qc"": null, ""final_objective"": null, ""final_step_size"": null, ""finite_start"": false, ""initial_log_Pc"": 1.151292546497023, ""initial_log_Qc"": 2.9957322735539913, ""initial_objective"": null, ""iterations"": 0, ""objective_evaluations"": 1, ""start_index"": 21}, {""convergence_reason"": ""LOG_STEP_TOLERANCE"", ""convergence_status"": ""CONVERGED"", ""final_log_Pc"": 2.5251466961946516, ""final_log_Qc"": 0.6512739029073596, ""final_objective"": 0.08496838495087025, ""final_step_size"": 9.060981821467974e-07, ""finite_start"": true, ""initial_log_Pc"": 2.302585092994046, ""initial_log_Qc"": 2.9957322735539913, ""initial_objective"": 129.64251988043694, ""iterations"": 51, ""objective_evaluations"": 3, ""start_index"": 22}, {""convergence_reason"": ""LOG_STEP_TOLERANCE"", ""convergence_status"": ""CONVERGED"", ""final_log_Pc"": 2.5251466961946516, ""final_log_Qc"": 0.6512739029073601, ""final_objective"": 0.08496838495087025, ""final_step_size"": 9.060981821467974e-07, ""finite_start"": true, ""initial_log_Pc"": 3.453877639491069, ""initial_log_Qc"": 2.9957322735539913, ""initial_objective"": 54.30237776757585, ""iterations"": 50, ""objective_evaluations"": 1, ""start_index"": 23}, {""convergence_reason"": ""LOG_STEP_TOLERANCE"", ""convergence_status"": ""CONVERGED"", ""final_log_Pc"": 2.5251466961946516, ""final_log_Qc"": 0.6512739029073601, ""final_objective"": 0.08496838495087025, ""final_step_size"": 9.060981821467974e-07, ""finite_start"": true, ""initial_log_Pc"": 4.605170185988092, ""initial_log_Qc"": 2.9957322735539913, ""initial_objective"": 8.532897562903567, ""iterations"": 50, ""objective_evaluations"": 1, ""start_index"": 24}], ""total_objective_evaluations"": 303, ""winning_start_index"": 18}"
HYD-LOCO-9.0,WASZ-COND-9.0,HYD_E2C_EWP_FINITE_PHI_POROELASTIC_COMPONENT,WASZ-COND-1.0;WASZ-COND-2.0;WASZ-COND-3.5;WASZ-COND-4.0;WASZ-COND-5.0;WASZ-COND-6.0;WASZ-COND-7.0;WASZ-COND-8.0;WASZ-COND-11.0;WASZ-COND-13.0,WASZ-BREW-1-1;WASZ-BREW-1-2;WASZ-BREW-1-3;WASZ-BREW-1-4;WASZ-BREW-1-5b;WASZ-BREW-10-2;WASZ-BREW-10-3;WASZ-BREW-10-4;WASZ-BREW-10-5;WASZ-BREW-12-8-2;WASZ-BREW-12-8-3;WASZ-BREW-12-8-4;WASZ-BREW-12-8-5;WASZ-BREW-12-8-6;WASZ-BREW-12-8-7;WASZ-BREW-2-2;WASZ-BREW-2-3;WASZ-BREW-2-4;WASZ-BREW-2-5;WASZ-BREW-3-5-3;WASZ-BREW-3-5-4;WASZ-BREW-3-5-5;WASZ-BREW-4-1;WASZ-BREW-4-1b;WASZ-BREW-4-2;WASZ-BREW-4-2b;WASZ-BREW-4-3;WASZ-BREW-4-3b;WASZ-BREW-4-4;WASZ-BREW-4-4b;WASZ-BREW-4-5;WASZ-BREW-4-5b;WASZ-BREW-5-1;WASZ-BREW-5-2;WASZ-BREW-5-3;WASZ-BREW-5-4;WASZ-BREW-5-5;WASZ-BREW-6-1;WASZ-BREW-6-2;WASZ-BREW-6-3;WASZ-BREW-6-4;WASZ-BREW-6-5;WASZ-BREW-6-6;WASZ-BREW-7-1;WASZ-BREW-7-2;WASZ-BREW-7-3;WASZ-BREW-7-4;WASZ-BREW-8-1;WASZ-BREW-8-1b;WASZ-BREW-8-2;WASZ-BREW-8-3,WASZ-BREW-9-1;WASZ-BREW-9-2;WASZ-BREW-9-3;WASZ-BREW-9-4;WASZ-BREW-9-5,1.9299269999999997,PASS,,,PASS,PASS,0,0,0,"{""Pc_bar"": 12.491904802401995, ""Qc_g_s"": 1.9259307069150502, ""log_Pc"": 2.5250808187067157, ""log_Qc"": 0.6554093350106778}",0.11912147619038559,0.06172330673149067,PRACTICALLY_NONIDENTIFIABLE,"{""bound_proximity"": false, ""convergence_reason"": ""LOG_STEP_TOLERANCE"", ""domain_failure_count"": 0, ""execution_status"": ""PASS"", ""failure_class"": """", ""failure_reason"": """", ""final_step_size"": 9.060981821467974e-07, ""finite_start_count"": 11, ""fitted_parameters"": {""Pc_bar"": 12.491904802401995, ""Qc_g_s"": 1.9259307069150502, ""log_Pc"": 2.5250808187067157, ""log_Qc"": 0.6554093350106778}, ""identifiability"": ""PRACTICALLY_NONIDENTIFIABLE"", ""identifiability_diagnostics"": {""hessian_condition_number"": null, ""hessian_eigenvalues"": [null, null], ""hessian_log_space"": [[null, null], [null, null]], ""minimum_relative_profile_increase"": 0.030739112737211024, ""profile_scans"": {""log_Pc"": [{""objective"": null, ""offset"": -0.05}, {""objective"": 0.08748662464616964, ""offset"": 0.05}, {""objective"": null, ""offset"": -0.1}, {""objective"": 0.09193242084477177, ""offset"": 0.1}, {""objective"": null, ""offset"": -0.25}, {""objective"": 0.11652663398113983, ""offset"": 0.25}], ""log_Qc"": [{""objective"": null, ""offset"": -0.05}, {""objective"": 0.09117581848984756, ""offset"": 0.05}, {""objective"": null, ""offset"": -0.1}, {""objective"": 0.11134882407215145, ""offset"": 0.1}, {""objective"": null, ""offset"": -0.25}, {""objective"": 0.27717067342338664, ""offset"": 0.25}]}}, ""identifiability_objective_evaluations"": 8, ""iterations"": 589, ""nonfinite_count"": 14, ""objective"": 0.08487756364832401, ""optimizer_objective_evaluations"": 297, ""optimizer_status"": ""PASS"", ""prediction_status"": ""PENDING"", ""root_failure_count"": 0, ""start_count"": 25, ""start_receipts"": [{""convergence_reason"": ""NONFINITE_START"", ""convergence_status"": ""NONFINITE_START"", ""final_log_Pc"": null, ""final_log_Qc"": null, ""final_objective"": null, ""final_step_size"": null, ""finite_start"": false, ""initial_log_Pc"": 0.0, ""initial_log_Qc"": -4.605170185988091, ""initial_objective"": null, ""iterations"": 0, ""objective_evaluations"": 1, ""start_index"": 0}, {""convergence_reason"": ""NONFINITE_START"", ""convergence_status"": ""NONFINITE_START"", ""final_log_Pc"": null, ""final_log_Qc"": null, ""final_objective"": null, ""final_step_size"": null, ""finite_start"": false, ""initial_log_Pc"": 1.151292546497023, ""initial_log_Qc"": -4.605170185988091, ""initial_objective"": null, ""iterations"": 0, ""objective_evaluations"": 1, ""start_index"": 1}, {""convergence_reason"": ""NONFINITE_START"", ""convergence_status"": ""NONFINITE_START"", ""final_log_Pc"": null, ""final_log_Qc"": null, ""final_objective"": null, ""final_step_size"": null, ""finite_start"": false, ""initial_log_Pc"": 2.302585092994046, ""initial_log_Qc"": -4.605170185988091, ""initial_objective"": null, ""iterations"": 0, ""objective_evaluations"": 1, ""start_index"": 2}, {""convergence_reason"": ""LOG_STEP_TOLERANCE"", ""convergence_status"": ""CONVERGED"", ""final_log_Pc"": 2.5250808187067157, ""final_log_Qc"": 0.6554093350106782, ""final_objective"": 0.08487756364832401, ""final_step_size"": 9.060981821467974e-07, ""finite_start"": true, ""initial_log_Pc"": 3.453877639491069, ""initial_log_Qc"": -4.605170185988091, ""initial_objective"": 2.505093427689593, ""iterations"": 55, ""objective_evaluations"": 143, ""start_index"": 3}, {""convergence_reason"": ""LOG_STEP_TOLERANCE"", ""convergence_status"": ""CONVERGED"", ""final_log_Pc"": 2.5250808187067157, ""final_log_Qc"": 0.6554093350106782, ""final_objective"": 0.08487756364832401, ""final_step_size"": 9.060981821467974e-07, ""finite_start"": true, ""initial_log_Pc"": 4.605170185988092, ""initial_log_Qc"": -4.605170185988091, ""initial_objective"": 2.51495571436971, ""iterations"": 55, ""objective_evaluations"": 1, ""start_index"": 4}, {""convergence_reason"": ""NONFINITE_START"", ""convergence_status"": ""NONFINITE_START"", ""final_log_Pc"": null, ""final_log_Qc"": null, ""final_objective"": null, ""final_step_size"": null, ""finite_start"": false, ""initial_log_Pc"": 0.0, ""initial_log_Qc"": -2.7049445711025704, ""initial_objective"": null, ""iterations"": 0, ""objective_evaluations"": 1, ""start_index"": 5}, {""convergence_reason"": ""NONFINITE_START"", ""convergence_status"": ""NONFINITE_START"", ""final_log_Pc"": null, ""final_log_Qc"": null, ""final_objective"": null, ""final_step_size"": null, ""finite_start"": false, ""initial_log_Pc"": 1.151292546497023, ""initial_log_Qc"": -2.7049445711025704, ""initial_objective"": null, ""iterations"": 0, ""objective_evaluations"": 1, ""start_index"": 6}, {""convergence_reason"": ""NONFINITE_START"", ""convergence_status"": ""NONFINITE_START"", ""final_log_Pc"": null, ""final_log_Qc"": null, ""final_objective"": null, ""final_step_size"": null, ""finite_start"": false, ""initial_log_Pc"": 2.302585092994046, ""initial_log_Qc"": -2.7049445711025704, ""initial_objective"": null, ""iterations"": 0, ""objective_evaluations"": 0, ""start_index"": 7}, {""convergence_reason"": ""LOG_STEP_TOLERANCE"", ""convergence_status"": ""CONVERGED"", ""final_log_Pc"": 2.5250808187067157, ""final_log_Qc"": 0.6554093350106782, ""final_objective"": 0.08487756364832401, ""final_step_size"": 9.060981821467974e-07, ""finite_start"": true, ""initial_log_Pc"": 3.453877639491069, ""initial_log_Qc"": -2.7049445711025704, ""initial_objective"": 2.411731214439233, ""iterations"": 54, ""objective_evaluations"": 0, ""start_index"": 8}, {""convergence_reason"": ""LOG_STEP_TOLERANCE"", ""convergence_status"": ""CONVERGED"", ""final_log_Pc"": 2.5250808187067157, ""final_log_Qc"": 0.6554093350106782, ""final_objective"": 0.08487756364832401, ""final_step_size"": 9.060981821467974e-07, ""finite_start"": true, ""initial_log_Pc"": 4.605170185988092, ""initial_log_Qc"": -2.7049445711025704, ""initial_objective"": 2.476730942811887, ""iterations"": 54, ""objective_evaluations"": 0, ""start_index"": 9}, {""convergence_reason"": ""NONFINITE_START"", ""convergence_status"": ""NONFINITE_START"", ""final_log_Pc"": null, ""final_log_Qc"": null, ""final_objective"": null, ""final_step_size"": null, ""finite_start"": false, ""initial_log_Pc"": 0.0, ""initial_log_Qc"": -0.8047189562170498, ""initial_objective"": null, ""iterations"": 0, ""objective_evaluations"": 1, ""start_index"": 10}, {""convergence_reason"": ""NONFINITE_START"", ""convergence_status"": ""NONFINITE_START"", ""final_log_Pc"": null, ""final_log_Qc"": null, ""final_objective"": null, ""final_step_size"": null, ""finite_start"": false, ""initial_log_Pc"": 1.151292546497023, ""initial_log_Qc"": -0.8047189562170498, ""initial_objective"": null, ""iterations"": 0, ""objective_evaluations"": 1, ""start_index"": 11}, {""convergence_reason"": ""NONFINITE_START"", ""convergence_status"": ""NONFINITE_START"", ""final_log_Pc"": null, ""final_log_Qc"": null, ""final_objective"": null, ""final_step_size"": null, ""finite_start"": false, ""initial_log_Pc"": 2.302585092994046, ""initial_log_Qc"": -0.8047189562170498, ""initial_objective"": null, ""iterations"": 0, ""objective_evaluations"": 0, ""start_index"": 12}, {""convergence_reason"": ""LOG_STEP_TOLERANCE"", ""convergence_status"": ""CONVERGED"", ""final_log_Pc"": 2.5250808187067157, ""final_log_Qc"": 0.6554093350106782, ""final_objective"": 0.08487756364832401, ""final_step_size"": 9.060981821467974e-07, ""finite_start"": true, ""initial_log_Pc"": 3.453877639491069, ""initial_log_Qc"": -0.8047189562170498, ""initial_objective"": 1.8379523405196703, ""iterations"": 53, ""objective_evaluations"": 0, ""start_index"": 13}, {""convergence_reason"": ""LOG_STEP_TOLERANCE"", ""convergence_status"": ""CONVERGED"", ""final_log_Pc"": 2.5250808187067157, ""final_log_Qc"": 0.6554093350106782, ""final_objective"": 0.08487756364832401, ""final_step_size"": 9.060981821467974e-07, ""finite_start"": true, ""initial_log_Pc"": 4.605170185988092, ""initial_log_Qc"": -0.8047189562170498, ""initial_objective"": 2.2300228053041713, ""iterations"": 53, ""objective_evaluations"": 0, ""start_index"": 14}, {""convergence_reason"": ""NONFINITE_START"", ""convergence_status"": ""NONFINITE_START"", ""final_log_Pc"": null, ""final_log_Qc"": null, ""final_objective"": null, ""final_step_size"": null, ""finite_start"": false, ""initial_log_Pc"": 0.0, ""initial_log_Qc"": 1.0955066586684703, ""initial_objective"": null, ""iterations"": 0, ""objective_evaluations"": 1, ""start_index"": 15}, {""convergence_reason"": ""NONFINITE_START"", ""convergence_status"": ""NONFINITE_START"", ""final_log_Pc"": null, ""final_log_Qc"": null, ""final_objective"": null, ""final_step_size"": null, ""finite_start"": false, ""initial_log_Pc"": 1.151292546497023, ""initial_log_Qc"": 1.0955066586684703, ""initial_objective"": null, ""iterations"": 0, ""objective_evaluations"": 1, ""start_index"": 16}, {""convergence_reason"": ""NONFINITE_START"", ""convergence_status"": ""NONFINITE_START"", ""final_log_Pc"": null, ""final_log_Qc"": null, ""final_objective"": null, ""final_step_size"": null, ""finite_start"": false, ""initial_log_Pc"": 2.302585092994046, ""initial_log_Qc"": 1.0955066586684703, ""initial_objective"": null, ""iterations"": 0, ""objective_evaluations"": 1, ""start_index"": 17}, {""convergence_reason"": ""LOG_STEP_TOLERANCE"", ""convergence_status"": ""CONVERGED"", ""final_log_Pc"": 2.5250808187067157, ""final_log_Qc"": 0.6554093350106778, ""final_objective"": 0.08487756364832401, ""final_step_size"": 9.060981821467974e-07, ""finite_start"": true, ""initial_log_Pc"": 3.453877639491069, ""initial_log_Qc"": 1.0955066586684703, ""initial_objective"": 0.23241355966197416, ""iterations"": 52, ""objective_evaluations"": 134, ""start_index"": 18}, {""convergence_reason"": ""LOG_STEP_TOLERANCE"", ""convergence_status"": ""CONVERGED"", ""final_log_Pc"": 2.5250808187067157, ""final_log_Qc"": 0.6554093350106778, ""final_objective"": 0.08487756364832401, ""final_step_size"": 9.060981821467974e-07, ""finite_start"": true, ""initial_log_Pc"": 4.605170185988092, ""initial_log_Qc"": 1.0955066586684703, ""initial_objective"": 0.9772075256396945, ""iterations"": 53, ""objective_evaluations"": 2, ""start_index"": 19}, {""convergence_reason"": ""NONFINITE_START"", ""convergence_status"": ""NONFINITE_START"", ""final_log_Pc"": null, ""final_log_Qc"": null, ""final_objective"": null, ""final_step_size"": null, ""finite_start"": false, ""initial_log_Pc"": 0.0, ""initial_log_Qc"": 2.9957322735539913, ""initial_objective"": null, ""iterations"": 0, ""objective_evaluations"": 1, ""start_index"": 20}, {""convergence_reason"": ""NONFINITE_START"", ""convergence_status"": ""NONFINITE_START"", ""final_log_Pc"": null, ""final_log_Qc"": null, ""final_objective"": null, ""final_step_size"": null, ""finite_start"": false, ""initial_log_Pc"": 1.151292546497023, ""initial_log_Qc"": 2.9957322735539913, ""initial_objective"": null, ""iterations"": 0, ""objective_evaluations"": 1, ""start_index"": 21}, {""convergence_reason"": ""LOG_STEP_TOLERANCE"", ""convergence_status"": ""CONVERGED"", ""final_log_Pc"": 2.5250808187067157, ""final_log_Qc"": 0.6554093350106778, ""final_objective"": 0.08487756364832401, ""final_step_size"": 9.060981821467974e-07, ""finite_start"": true, ""initial_log_Pc"": 2.302585092994046, ""initial_log_Qc"": 2.9957322735539913, ""initial_objective"": 128.57303874616815, ""iterations"": 54, ""objective_evaluations"": 3, ""start_index"": 22}, {""convergence_reason"": ""LOG_STEP_TOLERANCE"", ""convergence_status"": ""CONVERGED"", ""final_log_Pc"": 2.5250808187067157, ""final_log_Qc"": 0.6554093350106782, ""final_objective"": 0.08487756364832401, ""final_step_size"": 9.060981821467974e-07, ""finite_start"": true, ""initial_log_Pc"": 3.453877639491069, ""initial_log_Qc"": 2.9957322735539913, ""initial_objective"": 53.063710415707035, ""iterations"": 53, ""objective_evaluations"": 1, ""start_index"": 23}, {""convergence_reason"": ""LOG_STEP_TOLERANCE"", ""convergence_status"": ""CONVERGED"", ""final_log_Pc"": 2.5250808187067157, ""final_log_Qc"": 0.6554093350106782, ""final_objective"": 0.08487756364832401, ""final_step_size"": 9.060981821467974e-07, ""finite_start"": true, ""initial_log_Pc"": 4.605170185988092, ""initial_log_Qc"": 2.9957322735539913, ""initial_objective"": 8.106833176798075, ""iterations"": 53, ""objective_evaluations"": 1, ""start_index"": 24}], ""total_objective_evaluations"": 305, ""winning_start_index"": 18}"
HYD-LOCO-11.0,WASZ-COND-11.0,HYD_P1_POROELASTIC_UNIVERSAL_LIMIT,WASZ-COND-1.0;WASZ-COND-2.0;WASZ-COND-3.5;WASZ-COND-4.0;WASZ-COND-5.0;WASZ-COND-6.0;WASZ-COND-7.0;WASZ-COND-8.0;WASZ-COND-9.0;WASZ-COND-13.0,WASZ-BREW-1-1;WASZ-BREW-1-2;WASZ-BREW-1-3;WASZ-BREW-1-4;WASZ-BREW-1-5b;WASZ-BREW-12-8-2;WASZ-BREW-12-8-3;WASZ-BREW-12-8-4;WASZ-BREW-12-8-5;WASZ-BREW-12-8-6;WASZ-BREW-12-8-7;WASZ-BREW-2-2;WASZ-BREW-2-3;WASZ-BREW-2-4;WASZ-BREW-2-5;WASZ-BREW-3-5-3;WASZ-BREW-3-5-4;WASZ-BREW-3-5-5;WASZ-BREW-4-1;WASZ-BREW-4-1b;WASZ-BREW-4-2;WASZ-BREW-4-2b;WASZ-BREW-4-3;WASZ-BREW-4-3b;WASZ-BREW-4-4;WASZ-BREW-4-4b;WASZ-BREW-4-5;WASZ-BREW-4-5b;WASZ-BREW-5-1;WASZ-BREW-5-2;WASZ-BREW-5-3;WASZ-BREW-5-4;WASZ-BREW-5-5;WASZ-BREW-6-1;WASZ-BREW-6-2;WASZ-BREW-6-3;WASZ-BREW-6-4;WASZ-BREW-6-5;WASZ-BREW-6-6;WASZ-BREW-7-1;WASZ-BREW-7-2;WASZ-BREW-7-3;WASZ-BREW-7-4;WASZ-BREW-8-1;WASZ-BREW-8-1b;WASZ-BREW-8-2;WASZ-BREW-8-3;WASZ-BREW-9-1;WASZ-BREW-9-2;WASZ-BREW-9-3;WASZ-BREW-9-4;WASZ-BREW-9-5,WASZ-BREW-10-2;WASZ-BREW-10-3;WASZ-BREW-10-4;WASZ-BREW-10-5,1.9299269999999997,PASS,,,PASS,PASS,0,0,0,"{""Pc_bar"": 12.491356190910581, ""Qc_g_s"": 1.9313445669661815, ""log_Pc"": 2.52503690038143, ""log_Qc"": 0.6582164271789686}",0.1635048243652457,0.08472073004069362,PRACTICALLY_NONIDENTIFIABLE,"{""bound_proximity"": false, ""convergence_reason"": ""LOG_STEP_TOLERANCE"", ""domain_failure_count"": 0, ""execution_status"": ""PASS"", ""failure_class"": """", ""failure_reason"": """", ""final_step_size"": 9.060981821467974e-07, ""finite_start_count"": 11, ""fitted_parameters"": {""Pc_bar"": 12.491356190910581, ""Qc_g_s"": 1.9313445669661815, ""log_Pc"": 2.52503690038143, ""log_Qc"": 0.6582164271789686}, ""identifiability"": ""PRACTICALLY_NONIDENTIFIABLE"", ""identifiability_diagnostics"": {""hessian_condition_number"": null, ""hessian_eigenvalues"": [null, null], ""hessian_log_space"": [[null, null], [null, null]], ""minimum_relative_profile_increase"": 0.020174380499533295, ""profile_scans"": {""log_Pc"": [{""objective"": null, ""offset"": -0.05}, {""objective"": 0.0856133703839589, ""offset"": 0.05}, {""objective"": null, ""offset"": -0.1}, {""objective"": 0.08914145512171855, ""offset"": 0.1}, {""objective"": null, ""offset"": -0.25}, {""objective"": 0.11124477235893265, ""offset"": 0.25}], ""log_Qc"": [{""objective"": null, ""offset"": -0.05}, {""objective"": 0.0902873803516528, ""offset"": 0.05}, {""objective"": null, ""offset"": -0.1}, {""objective"": 0.11067907848769115, ""offset"": 0.1}, {""objective"": null, ""offset"": -0.25}, {""objective"": 0.278271645883468, ""offset"": 0.25}]}}, ""identifiability_objective_evaluations"": 8, ""iterations"": 666, ""nonfinite_count"": 14, ""objective"": 0.08392032972053062, ""optimizer_objective_evaluations"": 351, ""optimizer_status"": ""PASS"", ""prediction_status"": ""PENDING"", ""root_failure_count"": 0, ""start_count"": 25, ""start_receipts"": [{""convergence_reason"": ""NONFINITE_START"", ""convergence_status"": ""NONFINITE_START"", ""final_log_Pc"": null, ""final_log_Qc"": null, ""final_objective"": null, ""final_step_size"": null, ""finite_start"": false, ""initial_log_Pc"": 0.0, ""initial_log_Qc"": -4.605170185988091, ""initial_objective"": null, ""iterations"": 0, ""objective_evaluations"": 1, ""start_index"": 0}, {""convergence_reason"": ""NONFINITE_START"", ""convergence_status"": ""NONFINITE_START"", ""final_log_Pc"": null, ""final_log_Qc"": null, ""final_objective"": null, ""final_step_size"": null, ""finite_start"": false, ""initial_log_Pc"": 1.151292546497023, ""initial_log_Qc"": -4.605170185988091, ""initial_objective"": null, ""iterations"": 0, ""objective_evaluations"": 1, ""start_index"": 1}, {""convergence_reason"": ""NONFINITE_START"", ""convergence_status"": ""NONFINITE_START"", ""final_log_Pc"": null, ""final_log_Qc"": null, ""final_objective"": null, ""final_step_size"": null, ""finite_start"": false, ""initial_log_Pc"": 2.302585092994046, ""initial_log_Qc"": -4.605170185988091, ""initial_objective"": null, ""iterations"": 0, ""objective_evaluations"": 1, ""start_index"": 2}, {""convergence_reason"": ""LOG_STEP_TOLERANCE"", ""convergence_status"": ""CONVERGED"", ""final_log_Pc"": 2.52503690038143, ""final_log_Qc"": 0.658216427178969, ""final_objective"": 0.08392032972053061, ""final_step_size"": 9.060981821467974e-07, ""finite_start"": true, ""initial_log_Pc"": 3.453877639491069, ""initial_log_Qc"": -4.605170185988091, ""initial_objective"": 2.53194041333122, ""iterations"": 62, ""objective_evaluations"": 170, ""start_index"": 3}, {""convergence_reason"": ""LOG_STEP_TOLERANCE"", ""convergence_status"": ""CONVERGED"", ""final_log_Pc"": 2.52503690038143, ""final_log_Qc"": 0.658216427178969, ""final_objective"": 0.08392032972053061, ""final_step_size"": 9.060981821467974e-07, ""finite_start"": true, ""initial_log_Pc"": 4.605170185988092, ""initial_log_Qc"": -4.605170185988091, ""initial_objective"": 2.5418571487129196, ""iterations"": 62, ""objective_evaluations"": 1, ""start_index"": 4}, {""convergence_reason"": ""NONFINITE_START"", ""convergence_status"": ""NONFINITE_START"", ""final_log_Pc"": null, ""final_log_Qc"": null, ""final_objective"": null, ""final_step_size"": null, ""finite_start"": false, ""initial_log_Pc"": 0.0, ""initial_log_Qc"": -2.7049445711025704, ""initial_objective"": null, ""iterations"": 0, ""objective_evaluations"": 1, ""start_index"": 5}, {""convergence_reason"": ""NONFINITE_START"", ""convergence_status"": ""NONFINITE_START"", ""final_log_Pc"": null, ""final_log_Qc"": null, ""final_objective"": null, ""final_step_size"": null, ""finite_start"": false, ""initial_log_Pc"": 1.151292546497023, ""initial_log_Qc"": -2.7049445711025704, ""initial_objective"": null, ""iterations"": 0, ""objective_evaluations"": 1, ""start_index"": 6}, {""convergence_reason"": ""NONFINITE_START"", ""convergence_status"": ""NONFINITE_START"", ""final_log_Pc"": null, ""final_log_Qc"": null, ""final_objective"": null, ""final_step_size"": null, ""finite_start"": false, ""initial_log_Pc"": 2.302585092994046, ""initial_log_Qc"": -2.7049445711025704, ""initial_objective"": null, ""iterations"": 0, ""objective_evaluations"": 0, ""start_index"": 7}, {""convergence_reason"": ""LOG_STEP_TOLERANCE"", ""convergence_status"": ""CONVERGED"", ""final_log_Pc"": 2.52503690038143, ""final_log_Qc"": 0.658216427178969, ""final_objective"": 0.08392032972053061, ""final_step_size"": 9.060981821467974e-07, ""finite_start"": true, ""initial_log_Pc"": 3.453877639491069, ""initial_log_Qc"": -2.7049445711025704, ""initial_objective"": 2.438210793046664, ""iterations"": 61, ""objective_evaluations"": 0, ""start_index"": 8}, {""convergence_reason"": ""LOG_STEP_TOLERANCE"", ""convergence_status"": ""CONVERGED"", ""final_log_Pc"": 2.52503690038143, ""final_log_Qc"": 0.658216427178969, ""final_objective"": 0.08392032972053061, ""final_step_size"": 9.060981821467974e-07, ""finite_start"": true, ""initial_log_Pc"": 4.605170185988092, ""initial_log_Qc"": -2.7049445711025704, ""initial_objective"": 2.503584974411504, ""iterations"": 61, ""objective_evaluations"": 0, ""start_index"": 9}, {""convergence_reason"": ""NONFINITE_START"", ""convergence_status"": ""NONFINITE_START"", ""final_log_Pc"": null, ""final_log_Qc"": null, ""final_objective"": null, ""final_step_size"": null, ""finite_start"": false, ""initial_log_Pc"": 0.0, ""initial_log_Qc"": -0.8047189562170498, ""initial_objective"": null, ""iterations"": 0, ""objective_evaluations"": 1, ""start_index"": 10}, {""convergence_reason"": ""NONFINITE_START"", ""convergence_status"": ""NONFINITE_START"", ""final_log_Pc"": null, ""final_log_Qc"": null, ""final_objective"": null, ""final_step_size"": null, ""finite_start"": false, ""initial_log_Pc"": 1.151292546497023, ""initial_log_Qc"": -0.8047189562170498, ""initial_objective"": null, ""iterations"": 0, ""objective_evaluations"": 1, ""start_index"": 11}, {""convergence_reason"": ""NONFINITE_START"", ""convergence_status"": ""NONFINITE_START"", ""final_log_Pc"": null, ""final_log_Qc"": null, ""final_objective"": null, ""final_step_size"": null, ""finite_start"": false, ""initial_log_Pc"": 2.302585092994046, ""initial_log_Qc"": -0.8047189562170498, ""initial_objective"": null, ""iterations"": 0, ""objective_evaluations"": 0, ""start_index"": 12}, {""convergence_reason"": ""LOG_STEP_TOLERANCE"", ""convergence_status"": ""CONVERGED"", ""final_log_Pc"": 2.52503690038143, ""final_log_Qc"": 0.658216427178969, ""final_objective"": 0.08392032972053061, ""final_step_size"": 9.060981821467974e-07, ""finite_start"": true, ""initial_log_Pc"": 3.453877639491069, ""initial_log_Qc"": -0.8047189562170498, ""initial_objective"": 1.8613258883588377, ""iterations"": 60, ""objective_evaluations"": 0, ""start_index"": 13}, {""convergence_reason"": ""LOG_STEP_TOLERANCE"", ""convergence_status"": ""CONVERGED"", ""final_log_Pc"": 2.52503690038143, ""final_log_Qc"": 0.658216427178969, ""final_objective"": 0.08392032972053061, ""final_step_size"": 9.060981821467974e-07, ""finite_start"": true, ""initial_log_Pc"": 4.605170185988092, ""initial_log_Qc"": -0.8047189562170498, ""initial_objective"": 2.2563629481367586, ""iterations"": 60, ""objective_evaluations"": 0, ""start_index"": 14}, {""convergence_reason"": ""NONFINITE_START"", ""convergence_status"": ""NONFINITE_START"", ""final_log_Pc"": null, ""final_log_Qc"": null, ""final_objective"": null, ""final_step_size"": null, ""finite_start"": false, ""initial_log_Pc"": 0.0, ""initial_log_Qc"": 1.0955066586684703, ""initial_objective"": null, ""iterations"": 0, ""objective_evaluations"": 1, ""start_index"": 15}, {""convergence_reason"": ""NONFINITE_START"", ""convergence_status"": ""NONFINITE_START"", ""final_log_Pc"": null, ""final_log_Qc"": null, ""final_objective"": null, ""final_step_size"": null, ""finite_start"": false, ""initial_log_Pc"": 1.151292546497023, ""initial_log_Qc"": 1.0955066586684703, ""initial_objective"": null, ""iterations"": 0, ""objective_evaluations"": 1, ""start_index"": 16}, {""convergence_reason"": ""NONFINITE_START"", ""convergence_status"": ""NONFINITE_START"", ""final_log_Pc"": null, ""final_log_Qc"": null, ""final_objective"": null, ""final_step_size"": null, ""finite_start"": false, ""initial_log_Pc"": 2.302585092994046, ""initial_log_Qc"": 1.0955066586684703, ""initial_objective"": null, ""iterations"": 0, ""objective_evaluations"": 1, ""start_index"": 17}, {""convergence_reason"": ""LOG_STEP_TOLERANCE"", ""convergence_status"": ""CONVERGED"", ""final_log_Pc"": 2.52503690038143, ""final_log_Qc"": 0.6582164271789686, ""final_objective"": 0.08392032972053062, ""final_step_size"": 9.060981821467974e-07, ""finite_start"": true, ""initial_log_Pc"": 3.453877639491069, ""initial_log_Qc"": 1.0955066586684703, ""initial_objective"": 0.20549005199916484, ""iterations"": 59, ""objective_evaluations"": 161, ""start_index"": 18}, {""convergence_reason"": ""LOG_STEP_TOLERANCE"", ""convergence_status"": ""CONVERGED"", ""final_log_Pc"": 2.52503690038143, ""final_log_Qc"": 0.6582164271789686, ""final_objective"": 0.08392032972053062, ""final_step_size"": 9.060981821467974e-07, ""finite_start"": true, ""initial_log_Pc"": 4.605170185988092, ""initial_log_Qc"": 1.0955066586684703, ""initial_objective"": 0.9913401568269398, ""iterations"": 60, ""objective_evaluations"": 2, ""start_index"": 19}, {""convergence_reason"": ""NONFINITE_START"", ""convergence_status"": ""NONFINITE_START"", ""final_log_Pc"": null, ""final_log_Qc"": null, ""final_objective"": null, ""final_step_size"": null, ""finite_start"": false, ""initial_log_Pc"": 0.0, ""initial_log_Qc"": 2.9957322735539913, ""initial_objective"": null, ""iterations"": 0, ""objective_evaluations"": 1, ""start_index"": 20}, {""convergence_reason"": ""NONFINITE_START"", ""convergence_status"": ""NONFINITE_START"", ""final_log_Pc"": null, ""final_log_Qc"": null, ""final_objective"": null, ""final_step_size"": null, ""finite_start"": false, ""initial_log_Pc"": 1.151292546497023, ""initial_log_Qc"": 2.9957322735539913, ""initial_objective"": null, ""iterations"": 0, ""objective_evaluations"": 1, ""start_index"": 21}, {""convergence_reason"": ""LOG_STEP_TOLERANCE"", ""convergence_status"": ""CONVERGED"", ""final_log_Pc"": 2.52503690038143, ""final_log_Qc"": 0.6582164271789686, ""final_objective"": 0.08392032972053062, ""final_step_size"": 9.060981821467974e-07, ""finite_start"": true, ""initial_log_Pc"": 2.302585092994046, ""initial_log_Qc"": 2.9957322735539913, ""initial_objective"": 125.0153401222651, ""iterations"": 61, ""objective_evaluations"": 3, ""start_index"": 22}, {""convergence_reason"": ""LOG_STEP_TOLERANCE"", ""convergence_status"": ""CONVERGED"", ""final_log_Pc"": 2.52503690038143, ""final_log_Qc"": 0.658216427178969, ""final_objective"": 0.08392032972053061, ""final_step_size"": 9.060981821467974e-07, ""finite_start"": true, ""initial_log_Pc"": 3.453877639491069, ""initial_log_Qc"": 2.9957322735539913, ""initial_objective"": 51.34833624647416, ""iterations"": 60, ""objective_evaluations"": 1, ""start_index"": 23}, {""convergence_reason"": ""LOG_STEP_TOLERANCE"", ""convergence_status"": ""CONVERGED"", ""final_log_Pc"": 2.52503690038143, ""final_log_Qc"": 0.658216427178969, ""final_objective"": 0.08392032972053061, ""final_step_size"": 9.060981821467974e-07, ""finite_start"": true, ""initial_log_Pc"": 4.605170185988092, ""initial_log_Qc"": 2.9957322735539913, ""initial_objective"": 7.691101917609223, ""iterations"": 60, ""objective_evaluations"": 1, ""start_index"": 24}], ""total_objective_evaluations"": 359, ""winning_start_index"": 18}"
HYD-LOCO-11.0,WASZ-COND-11.0,HYD_E2C_EWP_FINITE_PHI_POROELASTIC_COMPONENT,WASZ-COND-1.0;WASZ-COND-2.0;WASZ-COND-3.5;WASZ-COND-4.0;WASZ-COND-5.0;WASZ-COND-6.0;WASZ-COND-7.0;WASZ-COND-8.0;WASZ-COND-9.0;WASZ-COND-13.0,WASZ-BREW-1-1;WASZ-BREW-1-2;WASZ-BREW-1-3;WASZ-BREW-1-4;WASZ-BREW-1-5b;WASZ-BREW-12-8-2;WASZ-BREW-12-8-3;WASZ-BREW-12-8-4;WASZ-BREW-12-8-5;WASZ-BREW-12-8-6;WASZ-BREW-12-8-7;WASZ-BREW-2-2;WASZ-BREW-2-3;WASZ-BREW-2-4;WASZ-BREW-2-5;WASZ-BREW-3-5-3;WASZ-BREW-3-5-4;WASZ-BREW-3-5-5;WASZ-BREW-4-1;WASZ-BREW-4-1b;WASZ-BREW-4-2;WASZ-BREW-4-2b;WASZ-BREW-4-3;WASZ-BREW-4-3b;WASZ-BREW-4-4;WASZ-BREW-4-4b;WASZ-BREW-4-5;WASZ-BREW-4-5b;WASZ-BREW-5-1;WASZ-BREW-5-2;WASZ-BREW-5-3;WASZ-BREW-5-4;WASZ-BREW-5-5;WASZ-BREW-6-1;WASZ-BREW-6-2;WASZ-BREW-6-3;WASZ-BREW-6-4;WASZ-BREW-6-5;WASZ-BREW-6-6;WASZ-BREW-7-1;WASZ-BREW-7-2;WASZ-BREW-7-3;WASZ-BREW-7-4;WASZ-BREW-8-1;WASZ-BREW-8-1b;WASZ-BREW-8-2;WASZ-BREW-8-3;WASZ-BREW-9-1;WASZ-BREW-9-2;WASZ-BREW-9-3;WASZ-BREW-9-4;WASZ-BREW-9-5,WASZ-BREW-10-2;WASZ-BREW-10-3;WASZ-BREW-10-4;WASZ-BREW-10-5,1.9299269999999997,PASS,,,PASS,PASS,0,0,0,"{""Pc_bar"": 12.490492176668338, ""Qc_g_s"": 1.9396011078444717, ""log_Pc"": 2.5249677290190973, ""log_Qc"": 0.6624823374205158}",0.1714690840942701,0.0888474455739881,PRACTICALLY_NONIDENTIFIABLE,"{""bound_proximity"": false, ""convergence_reason"": ""LOG_STEP_TOLERANCE"", ""domain_failure_count"": 0, ""execution_status"": ""PASS"", ""failure_class"": """", ""failure_reason"": """", ""final_step_size"": 9.060981821467974e-07, ""finite_start_count"": 11, ""fitted_parameters"": {""Pc_bar"": 12.490492176668338, ""Qc_g_s"": 1.9396011078444717, ""log_Pc"": 2.5249677290190973, ""log_Qc"": 0.6624823374205158}, ""identifiability"": ""PRACTICALLY_NONIDENTIFIABLE"", ""identifiability_diagnostics"": {""hessian_condition_number"": null, ""hessian_eigenvalues"": [null, null], ""hessian_log_space"": [[null, null], [null, null]], ""minimum_relative_profile_increase"": 0.025200472689673747, ""profile_scans"": {""log_Pc"": [{""objective"": null, ""offset"": -0.05}, {""objective"": 0.08578248763781171, ""offset"": 0.05}, {""objective"": null, ""offset"": -0.1}, {""objective"": 0.08976296072594288, ""offset"": 0.1}, {""objective"": null, ""offset"": -0.25}, {""objective"": 0.11341994729536023, ""offset"": 0.25}], ""log_Qc"": [{""objective"": null, ""offset"": -0.05}, {""objective"": 0.09004085222622032, ""offset"": 0.05}, {""objective"": null, ""offset"": -0.1}, {""objective"": 0.1104302666637395, ""offset"": 0.1}, {""objective"": null, ""offset"": -0.25}, {""objective"": 0.27798955623517624, ""offset"": 0.25}]}}, ""identifiability_objective_evaluations"": 8, ""iterations"": 677, ""nonfinite_count"": 14, ""objective"": 0.08367386664654602, ""optimizer_objective_evaluations"": 351, ""optimizer_status"": ""PASS"", ""prediction_status"": ""PENDING"", ""root_failure_count"": 0, ""start_count"": 25, ""start_receipts"": [{""convergence_reason"": ""NONFINITE_START"", ""convergence_status"": ""NONFINITE_START"", ""final_log_Pc"": null, ""final_log_Qc"": null, ""final_objective"": null, ""final_step_size"": null, ""finite_start"": false, ""initial_log_Pc"": 0.0, ""initial_log_Qc"": -4.605170185988091, ""initial_objective"": null, ""iterations"": 0, ""objective_evaluations"": 1, ""start_index"": 0}, {""convergence_reason"": ""NONFINITE_START"", ""convergence_status"": ""NONFINITE_START"", ""final_log_Pc"": null, ""final_log_Qc"": null, ""final_objective"": null, ""final_step_size"": null, ""finite_start"": false, ""initial_log_Pc"": 1.151292546497023, ""initial_log_Qc"": -4.605170185988091, ""initial_objective"": null, ""iterations"": 0, ""objective_evaluations"": 1, ""start_index"": 1}, {""convergence_reason"": ""NONFINITE_START"", ""convergence_status"": ""NONFINITE_START"", ""final_log_Pc"": null, ""final_log_Qc"": null, ""final_objective"": null, ""final_step_size"": null, ""finite_start"": false, ""initial_log_Pc"": 2.302585092994046, ""initial_log_Qc"": -4.605170185988091, ""initial_objective"": null, ""iterations"": 0, ""objective_evaluations"": 1, ""start_index"": 2}, {""convergence_reason"": ""LOG_STEP_TOLERANCE"", ""convergence_status"": ""CONVERGED"", ""final_log_Pc"": 2.5249677290190973, ""final_log_Qc"": 0.6624823374205162, ""final_objective"": 0.08367386664654602, ""final_step_size"": 9.060981821467974e-07, ""finite_start"": true, ""initial_log_Pc"": 3.453877639491069, ""initial_log_Qc"": -4.605170185988091, ""initial_objective"": 2.532154367675422, ""iterations"": 63, ""objective_evaluations"": 170, ""start_index"": 3}, {""convergence_reason"": ""LOG_STEP_TOLERANCE"", ""convergence_status"": ""CONVERGED"", ""final_log_Pc"": 2.5249677290190973, ""final_log_Qc"": 0.6624823374205162, ""final_objective"": 0.08367386664654602, ""final_step_size"": 9.060981821467974e-07, ""finite_start"": true, ""initial_log_Pc"": 4.605170185988092, ""initial_log_Qc"": -4.605170185988091, ""initial_objective"": 2.541995378058128, ""iterations"": 63, ""objective_evaluations"": 1, ""start_index"": 4}, {""convergence_reason"": ""NONFINITE_START"", ""convergence_status"": ""NONFINITE_START"", ""final_log_Pc"": null, ""final_log_Qc"": null, ""final_objective"": null, ""final_step_size"": null, ""finite_start"": false, ""initial_log_Pc"": 0.0, ""initial_log_Qc"": -2.7049445711025704, ""initial_objective"": null, ""iterations"": 0, ""objective_evaluations"": 1, ""start_index"": 5}, {""convergence_reason"": ""NONFINITE_START"", ""convergence_status"": ""NONFINITE_START"", ""final_log_Pc"": null, ""final_log_Qc"": null, ""final_objective"": null, ""final_step_size"": null, ""finite_start"": false, ""initial_log_Pc"": 1.151292546497023, ""initial_log_Qc"": -2.7049445711025704, ""initial_objective"": null, ""iterations"": 0, ""objective_evaluations"": 1, ""start_index"": 6}, {""convergence_reason"": ""NONFINITE_START"", ""convergence_status"": ""NONFINITE_START"", ""final_log_Pc"": null, ""final_log_Qc"": null, ""final_objective"": null, ""final_step_size"": null, ""finite_start"": false, ""initial_log_Pc"": 2.302585092994046, ""initial_log_Qc"": -2.7049445711025704, ""initial_objective"": null, ""iterations"": 0, ""objective_evaluations"": 0, ""start_index"": 7}, {""convergence_reason"": ""LOG_STEP_TOLERANCE"", ""convergence_status"": ""CONVERGED"", ""final_log_Pc"": 2.5249677290190973, ""final_log_Qc"": 0.6624823374205162, ""final_objective"": 0.08367386664654602, ""final_step_size"": 9.060981821467974e-07, ""finite_start"": true, ""initial_log_Pc"": 3.453877639491069, ""initial_log_Qc"": -2.7049445711025704, ""initial_objective"": 2.43961473359437, ""iterations"": 62, ""objective_evaluations"": 0, ""start_index"": 8}, {""convergence_reason"": ""LOG_STEP_TOLERANCE"", ""convergence_status"": ""CONVERGED"", ""final_log_Pc"": 2.5249677290190973, ""final_log_Qc"": 0.6624823374205162, ""final_objective"": 0.08367386664654602, ""final_step_size"": 9.060981821467974e-07, ""finite_start"": true, ""initial_log_Pc"": 4.605170185988092, ""initial_log_Qc"": -2.7049445711025704, ""initial_objective"": 2.504501532277468, ""iterations"": 62, ""objective_evaluations"": 0, ""start_index"": 9}, {""convergence_reason"": ""NONFINITE_START"", ""convergence_status"": ""NONFINITE_START"", ""final_log_Pc"": null, ""final_log_Qc"": null, ""final_objective"": null, ""final_step_size"": null, ""finite_start"": false, ""initial_log_Pc"": 0.0, ""initial_log_Qc"": -0.8047189562170498, ""initial_objective"": null, ""iterations"": 0, ""objective_evaluations"": 1, ""start_index"": 10}, {""convergence_reason"": ""NONFINITE_START"", ""convergence_status"": ""NONFINITE_START"", ""final_log_Pc"": null, ""final_log_Qc"": null, ""final_objective"": null, ""final_step_size"": null, ""finite_start"": false, ""initial_log_Pc"": 1.151292546497023, ""initial_log_Qc"": -0.8047189562170498, ""initial_objective"": null, ""iterations"": 0, ""objective_evaluations"": 1, ""start_index"": 11}, {""convergence_reason"": ""NONFINITE_START"", ""convergence_status"": ""NONFINITE_START"", ""final_log_Pc"": null, ""final_log_Qc"": null, ""final_objective"": null, ""final_step_size"": null, ""finite_start"": false, ""initial_log_Pc"": 2.302585092994046, ""initial_log_Qc"": -0.8047189562170498, ""initial_objective"": null, ""iterations"": 0, ""objective_evaluations"": 0, ""start_index"": 12}, {""convergence_reason"": ""LOG_STEP_TOLERANCE"", ""convergence_status"": ""CONVERGED"", ""final_log_Pc"": 2.5249677290190973, ""final_log_Qc"": 0.6624823374205162, ""final_objective"": 0.08367386664654602, ""final_step_size"": 9.060981821467974e-07, ""finite_start"": true, ""initial_log_Pc"": 3.453877639491069, ""initial_log_Qc"": -0.8047189562170498, ""initial_objective"": 1.8695143132286027, ""iterations"": 61, ""objective_evaluations"": 0, ""start_index"": 13}, {""convergence_reason"": ""LOG_STEP_TOLERANCE"", ""convergence_status"": ""CONVERGED"", ""final_log_Pc"": 2.5249677290190973, ""final_log_Qc"": 0.6624823374205162, ""final_objective"": 0.08367386664654602, ""final_step_size"": 9.060981821467974e-07, ""finite_start"": true, ""initial_log_Pc"": 4.605170185988092, ""initial_log_Qc"": -0.8047189562170498, ""initial_objective"": 2.262141963608005, ""iterations"": 61, ""objective_evaluations"": 0, ""start_index"": 14}, {""convergence_reason"": ""NONFINITE_START"", ""convergence_status"": ""NONFINITE_START"", ""final_log_Pc"": null, ""final_log_Qc"": null, ""final_objective"": null, ""final_step_size"": null, ""finite_start"": false, ""initial_log_Pc"": 0.0, ""initial_log_Qc"": 1.0955066586684703, ""initial_objective"": null, ""iterations"": 0, ""objective_evaluations"": 1, ""start_index"": 15}, {""convergence_reason"": ""NONFINITE_START"", ""convergence_status"": ""NONFINITE_START"", ""final_log_Pc"": null, ""final_log_Qc"": null, ""final_objective"": null, ""final_step_size"": null, ""finite_start"": false, ""initial_log_Pc"": 1.151292546497023, ""initial_log_Qc"": 1.0955066586684703, ""initial_objective"": null, ""iterations"": 0, ""objective_evaluations"": 1, ""start_index"": 16}, {""convergence_reason"": ""NONFINITE_START"", ""convergence_status"": ""NONFINITE_START"", ""final_log_Pc"": null, ""final_log_Qc"": null, ""final_objective"": null, ""final_step_size"": null, ""finite_start"": false, ""initial_log_Pc"": 2.302585092994046, ""initial_log_Qc"": 1.0955066586684703, ""initial_objective"": null, ""iterations"": 0, ""objective_evaluations"": 1, ""start_index"": 17}, {""convergence_reason"": ""LOG_STEP_TOLERANCE"", ""convergence_status"": ""CONVERGED"", ""final_log_Pc"": 2.5249677290190973, ""final_log_Qc"": 0.6624823374205158, ""final_objective"": 0.08367386664654602, ""final_step_size"": 9.060981821467974e-07, ""finite_start"": true, ""initial_log_Pc"": 3.453877639491069, ""initial_log_Qc"": 1.0955066586684703, ""initial_objective"": 0.20750854000209984, ""iterations"": 60, ""objective_evaluations"": 161, ""start_index"": 18}, {""convergence_reason"": ""LOG_STEP_TOLERANCE"", ""convergence_status"": ""CONVERGED"", ""final_log_Pc"": 2.5249677290190973, ""final_log_Qc"": 0.6624823374205158, ""final_objective"": 0.08367386664654602, ""final_step_size"": 9.060981821467974e-07, ""finite_start"": true, ""initial_log_Pc"": 4.605170185988092, ""initial_log_Qc"": 1.0955066586684703, ""initial_objective"": 1.0144280321409116, ""iterations"": 61, ""objective_evaluations"": 2, ""start_index"": 19}, {""convergence_reason"": ""NONFINITE_START"", ""convergence_status"": ""NONFINITE_START"", ""final_log_Pc"": null, ""final_log_Qc"": null, ""final_objective"": null, ""final_step_size"": null, ""finite_start"": false, ""initial_log_Pc"": 0.0, ""initial_log_Qc"": 2.9957322735539913, ""initial_objective"": null, ""iterations"": 0, ""objective_evaluations"": 1, ""start_index"": 20}, {""convergence_reason"": ""NONFINITE_START"", ""convergence_status"": ""NONFINITE_START"", ""final_log_Pc"": null, ""final_log_Qc"": null, ""final_objective"": null, ""final_step_size"": null, ""finite_start"": false, ""initial_log_Pc"": 1.151292546497023, ""initial_log_Qc"": 2.9957322735539913, ""initial_objective"": null, ""iterations"": 0, ""objective_evaluations"": 1, ""start_index"": 21}, {""convergence_reason"": ""LOG_STEP_TOLERANCE"", ""convergence_status"": ""CONVERGED"", ""final_log_Pc"": 2.5249677290190973, ""final_log_Qc"": 0.6624823374205158, ""final_objective"": 0.08367386664654602, ""final_step_size"": 9.060981821467974e-07, ""finite_start"": true, ""initial_log_Pc"": 2.302585092994046, ""initial_log_Qc"": 2.9957322735539913, ""initial_objective"": 123.93717900726314, ""iterations"": 62, ""objective_evaluations"": 3, ""start_index"": 22}, {""convergence_reason"": ""LOG_STEP_TOLERANCE"", ""convergence_status"": ""CONVERGED"", ""final_log_Pc"": 2.5249677290190973, ""final_log_Qc"": 0.6624823374205162, ""final_objective"": 0.08367386664654602, ""final_step_size"": 9.060981821467974e-07, ""finite_start"": true, ""initial_log_Pc"": 3.453877639491069, ""initial_log_Qc"": 2.9957322735539913, ""initial_objective"": 50.140013623754704, ""iterations"": 61, ""objective_evaluations"": 1, ""start_index"": 23}, {""convergence_reason"": ""LOG_STEP_TOLERANCE"", ""convergence_status"": ""CONVERGED"", ""final_log_Pc"": 2.5249677290190973, ""final_log_Qc"": 0.6624823374205162, ""final_objective"": 0.08367386664654602, ""final_step_size"": 9.060981821467974e-07, ""finite_start"": true, ""initial_log_Pc"": 4.605170185988092, ""initial_log_Qc"": 2.9957322735539913, ""initial_objective"": 7.294105066021806, ""iterations"": 61, ""objective_evaluations"": 1, ""start_index"": 24}], ""total_objective_evaluations"": 359, ""winning_start_index"": 18}"
HYD-LOCO-13.0,WASZ-COND-13.0,HYD_P1_POROELASTIC_UNIVERSAL_LIMIT,WASZ-COND-1.0;WASZ-COND-2.0;WASZ-COND-3.5;WASZ-COND-4.0;WASZ-COND-5.0;WASZ-COND-6.0;WASZ-COND-7.0;WASZ-COND-8.0;WASZ-COND-9.0;WASZ-COND-11.0,WASZ-BREW-1-1;WASZ-BREW-1-2;WASZ-BREW-1-3;WASZ-BREW-1-4;WASZ-BREW-1-5b;WASZ-BREW-10-2;WASZ-BREW-10-3;WASZ-BREW-10-4;WASZ-BREW-10-5;WASZ-BREW-2-2;WASZ-BREW-2-3;WASZ-BREW-2-4;WASZ-BREW-2-5;WASZ-BREW-3-5-3;WASZ-BREW-3-5-4;WASZ-BREW-3-5-5;WASZ-BREW-4-1;WASZ-BREW-4-1b;WASZ-BREW-4-2;WASZ-BREW-4-2b;WASZ-BREW-4-3;WASZ-BREW-4-3b;WASZ-BREW-4-4;WASZ-BREW-4-4b;WASZ-BREW-4-5;WASZ-BREW-4-5b;WASZ-BREW-5-1;WASZ-BREW-5-2;WASZ-BREW-5-3;WASZ-BREW-5-4;WASZ-BREW-5-5;WASZ-BREW-6-1;WASZ-BREW-6-2;WASZ-BREW-6-3;WASZ-BREW-6-4;WASZ-BREW-6-5;WASZ-BREW-6-6;WASZ-BREW-7-1;WASZ-BREW-7-2;WASZ-BREW-7-3;WASZ-BREW-7-4;WASZ-BREW-8-1;WASZ-BREW-8-1b;WASZ-BREW-8-2;WASZ-BREW-8-3;WASZ-BREW-9-1;WASZ-BREW-9-2;WASZ-BREW-9-3;WASZ-BREW-9-4;WASZ-BREW-9-5,WASZ-BREW-12-8-2;WASZ-BREW-12-8-3;WASZ-BREW-12-8-4;WASZ-BREW-12-8-5;WASZ-BREW-12-8-6;WASZ-BREW-12-8-7,1.9299269999999997,PASS,,,PASS,PASS,0,0,0,"{""Pc_bar"": 12.578391577958245, ""Qc_g_s"": 1.96068144479608, ""log_Pc"": 2.531980387609869, ""log_Qc"": 0.6732920887335271}",0.35775444265794376,0.1853720076759089,ADEQUATELY_IDENTIFIED_FOR_PREDICTION,"{""bound_proximity"": false, ""convergence_reason"": ""LOG_STEP_TOLERANCE"", ""domain_failure_count"": 0, ""execution_status"": ""PASS"", ""failure_class"": """", ""failure_reason"": """", ""final_step_size"": 9.060981821467974e-07, ""finite_start_count"": 12, ""fitted_parameters"": {""Pc_bar"": 12.578391577958245, ""Qc_g_s"": 1.96068144479608, ""log_Pc"": 2.531980387609869, ""log_Qc"": 0.6732920887335271}, ""identifiability"": ""ADEQUATELY_IDENTIFIED_FOR_PREDICTION"", ""identifiability_diagnostics"": {""hessian_condition_number"": 17.656018582116317, ""hessian_eigenvalues"": [0.3035774958539794, 5.3599699079102], ""hessian_log_space"": [[4.972851317855409, -1.3444562836154028], [-1.3444562836154028, 0.6906960859087707]], ""minimum_relative_profile_increase"": 0.011292265635391383, ""profile_scans"": {""log_Pc"": [{""objective"": 0.07621433399543863, ""offset"": -0.05}, {""objective"": 0.07623888496322624, ""offset"": 0.05}, {""objective"": 0.07871854064781589, ""offset"": -0.1}, {""objective"": 0.07891396776139514, ""offset"": 0.1}, {""objective"": null, ""offset"": -0.25}, {""objective"": 0.098455308003577, ""offset"": 0.25}], ""log_Qc"": [{""objective"": 0.08128387788375059, ""offset"": -0.05}, {""objective"": 0.08189176630795673, ""offset"": 0.05}, {""objective"": 0.09792667292844831, ""offset"": -0.1}, {""objective"": 0.10279968519174898, ""offset"": 0.1}, {""objective"": 0.1975865171608918, ""offset"": -0.25}, {""objective"": 0.27460572328223887, ""offset"": 0.25}]}}, ""identifiability_objective_evaluations"": 8, ""iterations"": 872, ""nonfinite_count"": 13, ""objective"": 0.07536331146323307, ""optimizer_objective_evaluations"": 439, ""optimizer_status"": ""PASS"", ""prediction_status"": ""PENDING"", ""root_failure_count"": 0, ""start_count"": 25, ""start_receipts"": [{""convergence_reason"": ""NONFINITE_START"", ""convergence_status"": ""NONFINITE_START"", ""final_log_Pc"": null, ""final_log_Qc"": null, ""final_objective"": null, ""final_step_size"": null, ""finite_start"": false, ""initial_log_Pc"": 0.0, ""initial_log_Qc"": -4.605170185988091, ""initial_objective"": null, ""iterations"": 0, ""objective_evaluations"": 1, ""start_index"": 0}, {""convergence_reason"": ""NONFINITE_START"", ""convergence_status"": ""NONFINITE_START"", ""final_log_Pc"": null, ""final_log_Qc"": null, ""final_objective"": null, ""final_step_size"": null, ""finite_start"": false, ""initial_log_Pc"": 1.151292546497023, ""initial_log_Qc"": -4.605170185988091, ""initial_objective"": null, ""iterations"": 0, ""objective_evaluations"": 1, ""start_index"": 1}, {""convergence_reason"": ""NONFINITE_START"", ""convergence_status"": ""NONFINITE_START"", ""final_log_Pc"": null, ""final_log_Qc"": null, ""final_objective"": null, ""final_step_size"": null, ""finite_start"": false, ""initial_log_Pc"": 2.302585092994046, ""initial_log_Qc"": -4.605170185988091, ""initial_objective"": null, ""iterations"": 0, ""objective_evaluations"": 1, ""start_index"": 2}, {""convergence_reason"": ""LOG_STEP_TOLERANCE"", ""convergence_status"": ""CONVERGED"", ""final_log_Pc"": 2.531980387609869, ""final_log_Qc"": 0.6732920887335275, ""final_objective"": 0.07536331146323307, ""final_step_size"": 9.060981821467974e-07, ""finite_start"": true, ""initial_log_Pc"": 3.453877639491069, ""initial_log_Qc"": -4.605170185988091, ""initial_objective"": 2.5875795929655374, ""iterations"": 74, ""objective_evaluations"": 213, ""start_index"": 3}, {""convergence_reason"": ""LOG_STEP_TOLERANCE"", ""convergence_status"": ""CONVERGED"", ""final_log_Pc"": 2.531980387609869, ""final_log_Qc"": 0.6732920887335275, ""final_objective"": 0.07536331146323307, ""final_step_size"": 9.060981821467974e-07, ""finite_start"": true, ""initial_log_Pc"": 4.605170185988092, ""initial_log_Qc"": -4.605170185988091, ""initial_objective"": 2.59761266805886, ""iterations"": 74, ""objective_evaluations"": 1, ""start_index"": 4}, {""convergence_reason"": ""NONFINITE_START"", ""convergence_status"": ""NONFINITE_START"", ""final_log_Pc"": null, ""final_log_Qc"": null, ""final_objective"": null, ""final_step_size"": null, ""finite_start"": false, ""initial_log_Pc"": 0.0, ""initial_log_Qc"": -2.7049445711025704, ""initial_objective"": null, ""iterations"": 0, ""objective_evaluations"": 1, ""start_index"": 5}, {""convergence_reason"": ""NONFINITE_START"", ""convergence_status"": ""NONFINITE_START"", ""final_log_Pc"": null, ""final_log_Qc"": null, ""final_objective"": null, ""final_step_size"": null, ""finite_start"": false, ""initial_log_Pc"": 1.151292546497023, ""initial_log_Qc"": -2.7049445711025704, ""initial_objective"": null, ""iterations"": 0, ""objective_evaluations"": 1, ""start_index"": 6}, {""convergence_reason"": ""NONFINITE_START"", ""convergence_status"": ""NONFINITE_START"", ""final_log_Pc"": null, ""final_log_Qc"": null, ""final_objective"": null, ""final_step_size"": null, ""finite_start"": false, ""initial_log_Pc"": 2.302585092994046, ""initial_log_Qc"": -2.7049445711025704, ""initial_objective"": null, ""iterations"": 0, ""objective_evaluations"": 0, ""start_index"": 7}, {""convergence_reason"": ""LOG_STEP_TOLERANCE"", ""convergence_status"": ""CONVERGED"", ""final_log_Pc"": 2.531980387609869, ""final_log_Qc"": 0.6732920887335275, ""final_objective"": 0.07536331146323307, ""final_step_size"": 9.060981821467974e-07, ""finite_start"": true, ""initial_log_Pc"": 3.453877639491069, ""initial_log_Qc"": -2.7049445711025704, ""initial_objective"": 2.493457823140871, ""iterations"": 73, ""objective_evaluations"": 0, ""start_index"": 8}, {""convergence_reason"": ""LOG_STEP_TOLERANCE"", ""convergence_status"": ""CONVERGED"", ""final_log_Pc"": 2.531980387609869, ""final_log_Qc"": 0.6732920887335275, ""final_objective"": 0.07536331146323307, ""final_step_size"": 9.060981821467974e-07, ""finite_start"": true, ""initial_log_Pc"": 4.605170185988092, ""initial_log_Qc"": -2.7049445711025704, ""initial_objective"": 2.559634079124939, ""iterations"": 73, ""objective_evaluations"": 0, ""start_index"": 9}, {""convergence_reason"": ""NONFINITE_START"", ""convergence_status"": ""NONFINITE_START"", ""final_log_Pc"": null, ""final_log_Qc"": null, ""final_objective"": null, ""final_step_size"": null, ""finite_start"": false, ""initial_log_Pc"": 0.0, ""initial_log_Qc"": -0.8047189562170498, ""initial_objective"": null, ""iterations"": 0, ""objective_evaluations"": 1, ""start_index"": 10}, {""convergence_reason"": ""NONFINITE_START"", ""convergence_status"": ""NONFINITE_START"", ""final_log_Pc"": null, ""final_log_Qc"": null, ""final_objective"": null, ""final_step_size"": null, ""finite_start"": false, ""initial_log_Pc"": 1.151292546497023, ""initial_log_Qc"": -0.8047189562170498, ""initial_objective"": null, ""iterations"": 0, ""objective_evaluations"": 1, ""start_index"": 11}, {""convergence_reason"": ""NONFINITE_START"", ""convergence_status"": ""NONFINITE_START"", ""final_log_Pc"": null, ""final_log_Qc"": null, ""final_objective"": null, ""final_step_size"": null, ""finite_start"": false, ""initial_log_Pc"": 2.302585092994046, ""initial_log_Qc"": -0.8047189562170498, ""initial_objective"": null, ""iterations"": 0, ""objective_evaluations"": 0, ""start_index"": 12}, {""convergence_reason"": ""LOG_STEP_TOLERANCE"", ""convergence_status"": ""CONVERGED"", ""final_log_Pc"": 2.531980387609869, ""final_log_Qc"": 0.6732920887335275, ""final_objective"": 0.07536331146323307, ""final_step_size"": 9.060981821467974e-07, ""finite_start"": true, ""initial_log_Pc"": 3.453877639491069, ""initial_log_Qc"": -0.8047189562170498, ""initial_objective"": 1.9122042157009653, ""iterations"": 72, ""objective_evaluations"": 0, ""start_index"": 13}, {""convergence_reason"": ""LOG_STEP_TOLERANCE"", ""convergence_status"": ""CONVERGED"", ""final_log_Pc"": 2.531980387609869, ""final_log_Qc"": 0.6732920887335275, ""final_objective"": 0.07536331146323307, ""final_step_size"": 9.060981821467974e-07, ""finite_start"": true, ""initial_log_Pc"": 4.605170185988092, ""initial_log_Qc"": -0.8047189562170498, ""initial_objective"": 2.3136811752536968, ""iterations"": 72, ""objective_evaluations"": 0, ""start_index"": 14}, {""convergence_reason"": ""NONFINITE_START"", ""convergence_status"": ""NONFINITE_START"", ""final_log_Pc"": null, ""final_log_Qc"": null, ""final_objective"": null, ""final_step_size"": null, ""finite_start"": false, ""initial_log_Pc"": 0.0, ""initial_log_Qc"": 1.0955066586684703, ""initial_objective"": null, ""iterations"": 0, ""objective_evaluations"": 1, ""start_index"": 15}, {""convergence_reason"": ""NONFINITE_START"", ""convergence_status"": ""NONFINITE_START"", ""final_log_Pc"": null, ""final_log_Qc"": null, ""final_objective"": null, ""final_step_size"": null, ""finite_start"": false, ""initial_log_Pc"": 1.151292546497023, ""initial_log_Qc"": 1.0955066586684703, ""initial_objective"": null, ""iterations"": 0, ""objective_evaluations"": 1, ""start_index"": 16}, {""convergence_reason"": ""NONFINITE_START"", ""convergence_status"": ""NONFINITE_START"", ""final_log_Pc"": null, ""final_log_Qc"": null, ""final_objective"": null, ""final_step_size"": null, ""finite_start"": false, ""initial_log_Pc"": 2.302585092994046, ""initial_log_Qc"": 1.0955066586684703, ""initial_objective"": null, ""iterations"": 0, ""objective_evaluations"": 1, ""start_index"": 17}, {""convergence_reason"": ""LOG_STEP_TOLERANCE"", ""convergence_status"": ""CONVERGED"", ""final_log_Pc"": 2.531980387609869, ""final_log_Qc"": 0.6732920887335271, ""final_objective"": 0.07536331146323307, ""final_step_size"": 9.060981821467974e-07, ""finite_start"": true, ""initial_log_Pc"": 3.453877639491069, ""initial_log_Qc"": 1.0955066586684703, ""initial_objective"": 0.1489552253538857, ""iterations"": 71, ""objective_evaluations"": 204, ""start_index"": 18}, {""convergence_reason"": ""LOG_STEP_TOLERANCE"", ""convergence_status"": ""CONVERGED"", ""final_log_Pc"": 2.531980387609869, ""final_log_Qc"": 0.6732920887335271, ""final_objective"": 0.07536331146323307, ""final_step_size"": 9.060981821467974e-07, ""finite_start"": true, ""initial_log_Pc"": 4.605170185988092, ""initial_log_Qc"": 1.0955066586684703, ""initial_objective"": 1.0263314555267993, ""iterations"": 72, ""objective_evaluations"": 2, ""start_index"": 19}, {""convergence_reason"": ""NONFINITE_START"", ""convergence_status"": ""NONFINITE_START"", ""final_log_Pc"": null, ""final_log_Qc"": null, ""final_objective"": null, ""final_step_size"": null, ""finite_start"": false, ""initial_log_Pc"": 0.0, ""initial_log_Qc"": 2.9957322735539913, ""initial_objective"": null, ""iterations"": 0, ""objective_evaluations"": 1, ""start_index"": 20}, {""convergence_reason"": ""LOG_STEP_TOLERANCE"", ""convergence_status"": ""CONVERGED"", ""final_log_Pc"": 2.531980387609869, ""final_log_Qc"": 0.6732920887335271, ""final_objective"": 0.07536331146323307, ""final_step_size"": 9.060981821467974e-07, ""finite_start"": true, ""initial_log_Pc"": 1.151292546497023, ""initial_log_Qc"": 2.9957322735539913, ""initial_objective"": 174.12355289656426, ""iterations"": 74, ""objective_evaluations"": 5, ""start_index"": 21}, {""convergence_reason"": ""LOG_STEP_TOLERANCE"", ""convergence_status"": ""CONVERGED"", ""final_log_Pc"": 2.531980387609869, ""final_log_Qc"": 0.6732920887335271, ""final_objective"": 0.07536331146323307, ""final_step_size"": 9.060981821467974e-07, ""finite_start"": true, ""initial_log_Pc"": 2.302585092994046, ""initial_log_Qc"": 2.9957322735539913, ""initial_objective"": 120.37242836788185, ""iterations"": 73, ""objective_evaluations"": 1, ""start_index"": 22}, {""convergence_reason"": ""LOG_STEP_TOLERANCE"", ""convergence_status"": ""CONVERGED"", ""final_log_Pc"": 2.531980387609869, ""final_log_Qc"": 0.6732920887335275, ""final_objective"": 0.07536331146323307, ""final_step_size"": 9.060981821467974e-07, ""finite_start"": true, ""initial_log_Pc"": 3.453877639491069, ""initial_log_Qc"": 2.9957322735539913, ""initial_objective"": 47.71644418812254, ""iterations"": 72, ""objective_evaluations"": 1, ""start_index"": 23}, {""convergence_reason"": ""LOG_STEP_TOLERANCE"", ""convergence_status"": ""CONVERGED"", ""final_log_Pc"": 2.531980387609869, ""final_log_Qc"": 0.6732920887335275, ""final_objective"": 0.07536331146323307, ""final_step_size"": 9.060981821467974e-07, ""finite_start"": true, ""initial_log_Pc"": 4.605170185988092, ""initial_log_Qc"": 2.9957322735539913, ""initial_objective"": 6.466556768588866, ""iterations"": 72, ""objective_evaluations"": 1, ""start_index"": 24}], ""total_objective_evaluations"": 447, ""winning_start_index"": 18}"
HYD-LOCO-13.0,WASZ-COND-13.0,HYD_E2C_EWP_FINITE_PHI_POROELASTIC_COMPONENT,WASZ-COND-1.0;WASZ-COND-2.0;WASZ-COND-3.5;WASZ-COND-4.0;WASZ-COND-5.0;WASZ-COND-6.0;WASZ-COND-7.0;WASZ-COND-8.0;WASZ-COND-9.0;WASZ-COND-11.0,WASZ-BREW-1-1;WASZ-BREW-1-2;WASZ-BREW-1-3;WASZ-BREW-1-4;WASZ-BREW-1-5b;WASZ-BREW-10-2;WASZ-BREW-10-3;WASZ-BREW-10-4;WASZ-BREW-10-5;WASZ-BREW-2-2;WASZ-BREW-2-3;WASZ-BREW-2-4;WASZ-BREW-2-5;WASZ-BREW-3-5-3;WASZ-BREW-3-5-4;WASZ-BREW-3-5-5;WASZ-BREW-4-1;WASZ-BREW-4-1b;WASZ-BREW-4-2;WASZ-BREW-4-2b;WASZ-BREW-4-3;WASZ-BREW-4-3b;WASZ-BREW-4-4;WASZ-BREW-4-4b;WASZ-BREW-4-5;WASZ-BREW-4-5b;WASZ-BREW-5-1;WASZ-BREW-5-2;WASZ-BREW-5-3;WASZ-BREW-5-4;WASZ-BREW-5-5;WASZ-BREW-6-1;WASZ-BREW-6-2;WASZ-BREW-6-3;WASZ-BREW-6-4;WASZ-BREW-6-5;WASZ-BREW-6-6;WASZ-BREW-7-1;WASZ-BREW-7-2;WASZ-BREW-7-3;WASZ-BREW-7-4;WASZ-BREW-8-1;WASZ-BREW-8-1b;WASZ-BREW-8-2;WASZ-BREW-8-3;WASZ-BREW-9-1;WASZ-BREW-9-2;WASZ-BREW-9-3;WASZ-BREW-9-4;WASZ-BREW-9-5,WASZ-BREW-12-8-2;WASZ-BREW-12-8-3;WASZ-BREW-12-8-4;WASZ-BREW-12-8-5;WASZ-BREW-12-8-6;WASZ-BREW-12-8-7,1.9299269999999997,BLOCKED,ROOT_OR_DOMAIN_FAILURE,NO_ADMISSIBLE_ROOT,PASS,FAIL,1,0,13,"{""Pc_bar"": 12.300611999011151, ""Qc_g_s"": 1.9573833549313604, ""log_Pc"": 2.509649017157749, ""log_Qc"": 0.6716085583110983}",,,EXECUTION_BLOCKED,"{""bound_proximity"": false, ""convergence_reason"": ""LOG_STEP_TOLERANCE"", ""domain_failure_count"": 0, ""execution_status"": ""PASS"", ""failure_class"": """", ""failure_reason"": """", ""final_step_size"": 9.060981821467974e-07, ""finite_start_count"": 12, ""fitted_parameters"": {""Pc_bar"": 12.300611999011151, ""Qc_g_s"": 1.9573833549313604, ""log_Pc"": 2.509649017157749, ""log_Qc"": 0.6716085583110983}, ""identifiability"": ""ADEQUATELY_IDENTIFIED_FOR_PREDICTION"", ""identifiability_diagnostics"": {""hessian_condition_number"": 17.164081226814222, ""hessian_eigenvalues"": [0.31206894402925434, 5.356376703684262], ""hessian_log_space"": [[4.974291837392397, -1.3346777928899267], [-1.3346777928899267, 0.6941538103211187]], ""minimum_relative_profile_increase"": 0.01143704761258862, ""profile_scans"": {""log_Pc"": [{""objective"": 0.07565667646911788, ""offset"": -0.05}, {""objective"": 0.07568089742676783, ""offset"": 0.05}, {""objective"": 0.07817520114898005, ""offset"": -0.1}, {""objective"": 0.07836728186464671, ""offset"": 0.1}, {""objective"": null, ""offset"": -0.25}, {""objective"": 0.09797312497083546, ""offset"": 0.25}], ""log_Qc"": [{""objective"": 0.08072359294554066, ""offset"": -0.05}, {""objective"": 0.08133141625142483, ""offset"": 0.05}, {""objective"": 0.09737123213036032, ""offset"": -0.1}, {""objective"": 0.10224554360465832, ""offset"": 0.1}, {""objective"": 0.197058431122974, ""offset"": -0.25}, {""objective"": 0.274106773930128, ""offset"": 0.25}]}}, ""identifiability_objective_evaluations"": 8, ""iterations"": 1160, ""nonfinite_count"": 13, ""objective"": 0.0748011719045679, ""optimizer_objective_evaluations"": 569, ""optimizer_status"": ""PASS"", ""prediction_status"": ""PENDING"", ""root_failure_count"": 1, ""start_count"": 25, ""start_receipts"": [{""convergence_reason"": ""NONFINITE_START"", ""convergence_status"": ""NONFINITE_START"", ""final_log_Pc"": null, ""final_log_Qc"": null, ""final_objective"": null, ""final_step_size"": null, ""finite_start"": false, ""initial_log_Pc"": 0.0, ""initial_log_Qc"": -4.605170185988091, ""initial_objective"": null, ""iterations"": 0, ""objective_evaluations"": 1, ""start_index"": 0}, {""convergence_reason"": ""NONFINITE_START"", ""convergence_status"": ""NONFINITE_START"", ""final_log_Pc"": null, ""final_log_Qc"": null, ""final_objective"": null, ""final_step_size"": null, ""finite_start"": false, ""initial_log_Pc"": 1.151292546497023, ""initial_log_Qc"": -4.605170185988091, ""initial_objective"": null, ""iterations"": 0, ""objective_evaluations"": 1, ""start_index"": 1}, {""convergence_reason"": ""NONFINITE_START"", ""convergence_status"": ""NONFINITE_START"", ""final_log_Pc"": null, ""final_log_Qc"": null, ""final_objective"": null, ""final_step_size"": null, ""finite_start"": false, ""initial_log_Pc"": 2.302585092994046, ""initial_log_Qc"": -4.605170185988091, ""initial_objective"": null, ""iterations"": 0, ""objective_evaluations"": 1, ""start_index"": 2}, {""convergence_reason"": ""LOG_STEP_TOLERANCE"", ""convergence_status"": ""CONVERGED"", ""final_log_Pc"": 2.509649017157749, ""final_log_Qc"": 0.6716085583110988, ""final_objective"": 0.0748011719045679, ""final_step_size"": 9.060981821467974e-07, ""finite_start"": true, ""initial_log_Pc"": 3.453877639491069, ""initial_log_Qc"": -4.605170185988091, ""initial_objective"": 2.58779991926336, ""iterations"": 98, ""objective_evaluations"": 278, ""start_index"": 3}, {""convergence_reason"": ""LOG_STEP_TOLERANCE"", ""convergence_status"": ""CONVERGED"", ""final_log_Pc"": 2.509649017157749, ""final_log_Qc"": 0.6716085583110988, ""final_objective"": 0.0748011719045679, ""final_step_size"": 9.060981821467974e-07, ""finite_start"": true, ""initial_log_Pc"": 4.605170185988092, ""initial_log_Qc"": -4.605170185988091, ""initial_objective"": 2.597751249231865, ""iterations"": 98, ""objective_evaluations"": 1, ""start_index"": 4}, {""convergence_reason"": ""NONFINITE_START"", ""convergence_status"": ""NONFINITE_START"", ""final_log_Pc"": null, ""final_log_Qc"": null, ""final_objective"": null, ""final_step_size"": null, ""finite_start"": false, ""initial_log_Pc"": 0.0, ""initial_log_Qc"": -2.7049445711025704, ""initial_objective"": null, ""iterations"": 0, ""objective_evaluations"": 1, ""start_index"": 5}, {""convergence_reason"": ""NONFINITE_START"", ""convergence_status"": ""NONFINITE_START"", ""final_log_Pc"": null, ""final_log_Qc"": null, ""final_objective"": null, ""final_step_size"": null, ""finite_start"": false, ""initial_log_Pc"": 1.151292546497023, ""initial_log_Qc"": -2.7049445711025704, ""initial_objective"": null, ""iterations"": 0, ""objective_evaluations"": 1, ""start_index"": 6}, {""convergence_reason"": ""NONFINITE_START"", ""convergence_status"": ""NONFINITE_START"", ""final_log_Pc"": null, ""final_log_Qc"": null, ""final_objective"": null, ""final_step_size"": null, ""finite_start"": false, ""initial_log_Pc"": 2.302585092994046, ""initial_log_Qc"": -2.7049445711025704, ""initial_objective"": null, ""iterations"": 0, ""objective_evaluations"": 0, ""start_index"": 7}, {""convergence_reason"": ""LOG_STEP_TOLERANCE"", ""convergence_status"": ""CONVERGED"", ""final_log_Pc"": 2.509649017157749, ""final_log_Qc"": 0.6716085583110988, ""final_objective"": 0.0748011719045679, ""final_step_size"": 9.060981821467974e-07, ""finite_start"": true, ""initial_log_Pc"": 3.453877639491069, ""initial_log_Qc"": -2.7049445711025704, ""initial_objective"": 2.494903849424819, ""iterations"": 97, ""objective_evaluations"": 0, ""start_index"": 8}, {""convergence_reason"": ""LOG_STEP_TOLERANCE"", ""convergence_status"": ""CONVERGED"", ""final_log_Pc"": 2.509649017157749, ""final_log_Qc"": 0.6716085583110988, ""final_objective"": 0.0748011719045679, ""final_step_size"": 9.060981821467974e-07, ""finite_start"": true, ""initial_log_Pc"": 4.605170185988092, ""initial_log_Qc"": -2.7049445711025704, ""initial_objective"": 2.5605534492408775, ""iterations"": 97, ""objective_evaluations"": 0, ""start_index"": 9}, {""convergence_reason"": ""NONFINITE_START"", ""convergence_status"": ""NONFINITE_START"", ""final_log_Pc"": null, ""final_log_Qc"": null, ""final_objective"": null, ""final_step_size"": null, ""finite_start"": false, ""initial_log_Pc"": 0.0, ""initial_log_Qc"": -0.8047189562170498, ""initial_objective"": null, ""iterations"": 0, ""objective_evaluations"": 1, ""start_index"": 10}, {""convergence_reason"": ""NONFINITE_START"", ""convergence_status"": ""NONFINITE_START"", ""final_log_Pc"": null, ""final_log_Qc"": null, ""final_objective"": null, ""final_step_size"": null, ""finite_start"": false, ""initial_log_Pc"": 1.151292546497023, ""initial_log_Qc"": -0.8047189562170498, ""initial_objective"": null, ""iterations"": 0, ""objective_evaluations"": 1, ""start_index"": 11}, {""convergence_reason"": ""NONFINITE_START"", ""convergence_status"": ""NONFINITE_START"", ""final_log_Pc"": null, ""final_log_Qc"": null, ""final_objective"": null, ""final_step_size"": null, ""finite_start"": false, ""initial_log_Pc"": 2.302585092994046, ""initial_log_Qc"": -0.8047189562170498, ""initial_objective"": null, ""iterations"": 0, ""objective_evaluations"": 0, ""start_index"": 12}, {""convergence_reason"": ""LOG_STEP_TOLERANCE"", ""convergence_status"": ""CONVERGED"", ""final_log_Pc"": 2.509649017157749, ""final_log_Qc"": 0.6716085583110988, ""final_objective"": 0.0748011719045679, ""final_step_size"": 9.060981821467974e-07, ""finite_start"": true, ""initial_log_Pc"": 3.453877639491069, ""initial_log_Qc"": -0.8047189562170498, ""initial_objective"": 1.9206506269266532, ""iterations"": 96, ""objective_evaluations"": 0, ""start_index"": 13}, {""convergence_reason"": ""LOG_STEP_TOLERANCE"", ""convergence_status"": ""CONVERGED"", ""final_log_Pc"": 2.509649017157749, ""final_log_Qc"": 0.6716085583110988, ""final_objective"": 0.0748011719045679, ""final_step_size"": 9.060981821467974e-07, ""finite_start"": true, ""initial_log_Pc"": 4.605170185988092, ""initial_log_Qc"": -0.8047189562170498, ""initial_objective"": 2.3194995294952974, ""iterations"": 96, ""objective_evaluations"": 0, ""start_index"": 14}, {""convergence_reason"": ""NONFINITE_START"", ""convergence_status"": ""NONFINITE_START"", ""final_log_Pc"": null, ""final_log_Qc"": null, ""final_objective"": null, ""final_step_size"": null, ""finite_start"": false, ""initial_log_Pc"": 0.0, ""initial_log_Qc"": 1.0955066586684703, ""initial_objective"": null, ""iterations"": 0, ""objective_evaluations"": 1, ""start_index"": 15}, {""convergence_reason"": ""NONFINITE_START"", ""convergence_status"": ""NONFINITE_START"", ""final_log_Pc"": null, ""final_log_Qc"": null, ""final_objective"": null, ""final_step_size"": null, ""finite_start"": false, ""initial_log_Pc"": 1.151292546497023, ""initial_log_Qc"": 1.0955066586684703, ""initial_objective"": null, ""iterations"": 0, ""objective_evaluations"": 1, ""start_index"": 16}, {""convergence_reason"": ""NONFINITE_START"", ""convergence_status"": ""NONFINITE_START"", ""final_log_Pc"": null, ""final_log_Qc"": null, ""final_objective"": null, ""final_step_size"": null, ""finite_start"": false, ""initial_log_Pc"": 2.302585092994046, ""initial_log_Qc"": 1.0955066586684703, ""initial_objective"": null, ""iterations"": 0, ""objective_evaluations"": 1, ""start_index"": 17}, {""convergence_reason"": ""LOG_STEP_TOLERANCE"", ""convergence_status"": ""CONVERGED"", ""final_log_Pc"": 2.509649017157749, ""final_log_Qc"": 0.6716085583110983, ""final_objective"": 0.0748011719045679, ""final_step_size"": 9.060981821467974e-07, ""finite_start"": true, ""initial_log_Pc"": 3.453877639491069, ""initial_log_Qc"": 1.0955066586684703, ""initial_objective"": 0.15173078141785015, ""iterations"": 95, ""objective_evaluations"": 269, ""start_index"": 18}, {""convergence_reason"": ""LOG_STEP_TOLERANCE"", ""convergence_status"": ""CONVERGED"", ""final_log_Pc"": 2.509649017157749, ""final_log_Qc"": 0.6716085583110983, ""final_objective"": 0.0748011719045679, ""final_step_size"": 9.060981821467974e-07, ""finite_start"": true, ""initial_log_Pc"": 4.605170185988092, ""initial_log_Qc"": 1.0955066586684703, ""initial_objective"": 1.050590034778944, ""iterations"": 96, ""objective_evaluations"": 2, ""start_index"": 19}, {""convergence_reason"": ""NONFINITE_START"", ""convergence_status"": ""NONFINITE_START"", ""final_log_Pc"": null, ""final_log_Qc"": null, ""final_objective"": null, ""final_step_size"": null, ""finite_start"": false, ""initial_log_Pc"": 0.0, ""initial_log_Qc"": 2.9957322735539913, ""initial_objective"": null, ""iterations"": 0, ""objective_evaluations"": 1, ""start_index"": 20}, {""convergence_reason"": ""LOG_STEP_TOLERANCE"", ""convergence_status"": ""CONVERGED"", ""final_log_Pc"": 2.509649017157749, ""final_log_Qc"": 0.6716085583110983, ""final_objective"": 0.0748011719045679, ""final_step_size"": 9.060981821467974e-07, ""finite_start"": true, ""initial_log_Pc"": 1.151292546497023, ""initial_log_Qc"": 2.9957322735539913, ""initial_objective"": 173.63610736920674, ""iterations"": 98, ""objective_evaluations"": 5, ""start_index"": 21}, {""convergence_reason"": ""LOG_STEP_TOLERANCE"", ""convergence_status"": ""CONVERGED"", ""final_log_Pc"": 2.509649017157749, ""final_log_Qc"": 0.6716085583110983, ""final_objective"": 0.0748011719045679, ""final_step_size"": 9.060981821467974e-07, ""finite_start"": true, ""initial_log_Pc"": 2.302585092994046, ""initial_log_Qc"": 2.9957322735539913, ""initial_objective"": 119.25263539284484, ""iterations"": 97, ""objective_evaluations"": 1, ""start_index"": 22}, {""convergence_reason"": ""LOG_STEP_TOLERANCE"", ""convergence_status"": ""CONVERGED"", ""final_log_Pc"": 2.509649017157749, ""final_log_Qc"": 0.6716085583110988, ""final_objective"": 0.0748011719045679, ""final_step_size"": 9.060981821467974e-07, ""finite_start"": true, ""initial_log_Pc"": 3.453877639491069, ""initial_log_Qc"": 2.9957322735539913, ""initial_objective"": 46.5337826351502, ""iterations"": 96, ""objective_evaluations"": 1, ""start_index"": 23}, {""convergence_reason"": ""LOG_STEP_TOLERANCE"", ""convergence_status"": ""CONVERGED"", ""final_log_Pc"": 2.509649017157749, ""final_log_Qc"": 0.6716085583110988, ""final_objective"": 0.0748011719045679, ""final_step_size"": 9.060981821467974e-07, ""finite_start"": true, ""initial_log_Pc"": 4.605170185988092, ""initial_log_Qc"": 2.9957322735539913, ""initial_objective"": 6.105577874830736, ""iterations"": 96, ""objective_evaluations"": 1, ""start_index"": 24}], ""total_objective_evaluations"": 577, ""winning_start_index"": 18}"
