variant,scenario,time_s,R_Pa_s_m3,Q_m3_s,Q0_m3_s,c_min_kg_m3,c_max_kg_m3,solids_min,solids_max,weighted_mu_Pa_s,dilute_cell_fraction,dilute_resistance_fraction,upstream_resistance_fraction
primary,layered_3bar,0.1,892543460997.7083,3.361180862438365e-07,3.3756066923442336e-07,3.24582976049852,8.598576989787476,0.003352278585389204,0.0088317476966461,0.0003140159051720398,1.0,1.0,0.7999966325496329
primary,layered_3bar,0.2,896042287666.8152,3.348056270660656e-07,3.3756066923442336e-07,3.8087337257099483,16.67120651887066,0.003931357752177614,0.016982474792134175,0.0003152468673285622,1.0,1.0,0.7999887781745211
primary,layered_3bar,0.3,899260261754.8892,3.3360753583679516e-07,3.3756066923442336e-07,3.9056603436707507,24.260465060396104,0.004031001679033863,0.024523839693639186,0.00031637901953206064,1.0,1.0,0.7999772783311607
primary,layered_3bar,0.4,902226662782.4983,3.3251067871879293e-07,3.3756066923442336e-07,3.894795182252762,31.404501063822043,0.004019832908195297,0.031517823364198665,0.0003174226629449503,1.0,1.0,0.799962695682851
primary,layered_3bar,0.5,904966792077.2228,3.315038768565116e-07,3.3756066923442336e-07,3.8541457964028236,38.13759717323786,0.003978045419039516,0.03801831102802505,0.00031838669911615194,1.0,1.0,0.7999454780523524
primary,layered_3bar,0.6,907502694712.8724,3.305775307861955e-07,3.3756066923442336e-07,3.804601388993889,44.490648799873846,0.003927109123490081,0.04407237338232529,0.00031927888397477114,1.0,1.0,0.7999259987161026
primary,layered_3bar,0.7,909853682096.8363,3.2972334552586974e-07,3.3756066923442336e-07,3.752521295573071,50.491573225213614,0.003873560288188557,0.04972131188135,0.0003201060116875194,1.0,1.0,0.7999045740124273
primary,layered_3bar,0.8,912036746595.517,3.289341149025526e-07,3.3756066923442336e-07,3.700002124785819,56.165660728795736,0.003819554161938768,0.05500151727459271,0.00032087406053282253,1.0,1.0,0.7998814743177871
primary,layered_3bar,0.9,914066900178.0497,3.2820354827591224e-07,3.3756066923442336e-07,3.6477704158645583,61.535877110506014,0.0037658378280254336,0.05994517920183877,0.00032158831204293347,1.0,1.0,0.7998569320615042
primary,layered_3bar,1.0,915957454595.5278,3.27526129619716e-07,3.3756066923442336e-07,3.5960845316961523,66.62312528474087,0.0037126771304622948,0.06458087614733535,0.0003222534495769845,1.0,1.0,0.7998311479716587
primary,layered_3bar,1.1,917720255050.3687,3.2689700194481885e-07,3.3756066923442336e-07,3.5450357486381074,71.44647226790079,0.0036601661438468553,0.06893406864665684,0.0003228736405308746,1.0,1.0,0.7998042960863054
primary,layered_3bar,1.2,919365876281.051,3.2631187184533885e-07,3.3756066923442336e-07,3.494653769958456,76.02334678840488,0.0036083356334030143,0.07302751376608381,0.0003234526053240796,1.0,1.0,0.7997765278361327
primary,layered_3bar,1.3,920903787984.1176,3.257669301770469e-07,3.3756066923442336e-07,3.4449450591425665,80.36971186410037,0.003557192462739516,0.07688161513765816,0.0003239936755986557,1.0,1.0,0.7997479754030649
primary,layered_3bar,1.4,922342495043.1553,3.252587857680388e-07,3.3756066923442336e-07,3.395907159002246,84.5002159724356,0.0035067343158903573,0.08051471994614143,0.00032449984355479775,1.0,1.0,0.799718754503241
primary,layered_3bar,1.5,923689656935.7833,3.2478440972827367e-07,3.3756066923442336e-07,3.3475341598238444,88.4283258506411,0.0034569553200011977,0.0839433720174891,0.00032497380396077506,1.0,1.0,0.7996889667068723
primary,layered_3bar,1.6,924952189839.8807,3.2434108843175263e-07,3.3756066923442336e-07,3.2998188253329523,92.16644348026738,0.0034078482316934017,0.08718252839812893,0.0003254179900760892,1.0,1.0,0.7996587013823029
primary,layered_3bar,1.7,926136354294.388,3.2392638363555696e-07,3.3756066923442336e-07,3.2527534316196953,95.72600941228744,0.003359405300001982,0.09024574542612188,0.0003258346044924214,1.0,1.0,0.7996280373330461
primary,layered_3bar,1.8,927247830743.3851,3.235380985032735e-07,3.3756066923442336e-07,3.206330102332806,99.11759425928598,0.003311618611287037,0.09314533919371949,0.0003262256457116569,1.0,1.0,0.799597044182506
primary,layered_3bar,1.9,928291784872.6896,3.23174248537752e-07,3.3756066923442336e-07,3.1605409440092327,102.35097990728703,0.003264480228586401,0.09589252442170196,0.0003265929311326998,1.0,1.0,0.7995657835502387
primary,layered_3bar,2.0,929272924311.9879,3.2283303661527964e-07,3.3756066923442336e-07,3.1153781011712622,105.43523177116388,0.0032179822484399117,0.09849753506030309,0.00032693811700049705,1.0,1.0,0.7995343100551474
primary,layered_3bar,2.1,936869872005.5355,3.2021522835161406e-07,3.3756066923442336e-07,3.070833778884723,108.37876322617393,0.0031721168242386344,0.10096972936228775,0.0003296108859028285,0.091796875,0.14372795262140736,0.7992361239468806
primary,layered_3bar,2.2,954179978875.4203,3.144060938624752e-07,3.3756066923442336e-07,3.026900251998637,111.18939318737267,0.003126876175869357,0.10331768171219446,0.0003357009522300139,0.083984375,0.12890710798053465,0.7986355318308448
primary,layered_3bar,2.3,970651442098.125,3.090707817334829e-07,3.3756066923442336e-07,2.983569868885217,113.8743976730527,0.0030822525936977895,0.10554926311965533,0.00034149596576089994,0.080078125,0.12070559751838598,0.7980885754311793
primary,layered_3bar,2.4,986263462727.6259,3.0417835734309296e-07,3.3756066923442336e-07,2.940835052887481,116.44055607373738,0.0030382384401901963,0.10767171197692531,0.0003469886089808247,0.080078125,0.1187780172276729,0.7975742495560744
primary,layered_3bar,2.5,1001033655778.7822,2.9969022346866706e-07,3.3756066923442336e-07,2.8986883027999104,118.89419275099546,0.002994826150537232,0.10969169642770582,0.0003521850792292764,0.080078125,0.11700642912408186,0.7970817880157913
primary,layered_3bar,2.6,1015006270011.4783,2.9556467665624116e-07,3.3756066923442336e-07,2.857122192933654,121.24121450759398,0.002952008232847526,0.11161536948545454,0.00035710094416765726,0.080078125,0.11537518717443017,0.7966074255240425
primary,layered_3bar,2.7,1028223560896.6489,2.917653430722682e-07,3.3756066923442336e-07,2.8161293729972905,123.48714439989088,0.0029097772681487845,0.11344841786622323,0.0003617510701756273,0.080078125,0.11387056898891601,0.7961481618085838
primary,layered_3bar,2.8,1040725932062.6373,2.8826032940816945e-07,3.3756066923442336e-07,2.775702567890639,125.63715230296708,0.0028681259102967815,0.1151961053570147,0.0003661496721149615,0.080078125,0.11248047201530643,0.7957016323234458
primary,layered_3bar,2.9,1052551982247.0188,2.8502155243634734e-07,3.3756066923442336e-07,2.735834577453092,127.69608258716086,0.0028270468858349676,0.11686331142033261,0.0003703103298482078,0.080078125,0.1111941781091967,0.7952659881886756
primary,layered_3bar,3.0,1063738502991.4893,2.820241997035245e-07,3.3756066923442336e-07,2.6965182761844244,129.6684792200885,0.0027865329938232012,0.11845456563476878,0.00037424598742769873,0.080078125,0.1100021666292803,0.7948397893447199
primary,layered_3bar,3.1,1074320461191.874,2.7924628715269335e-07,3.3756066923442336e-07,2.657746612945996,131.55860856979058,0.0027465771056438097,0.11997407848667445,0.0003779689469562713,0.080078125,0.10889596192672865,0.7944219132473818
primary,layered_3bar,3.2,1084340507646.199,2.766658608477298e-07,3.3756066923442336e-07,2.6195126106460678,133.3704801514186,0.0027071721647888222,0.12142576895642032,0.00038149421389812254,0.08203125,0.1105528121623416,0.7940132879805446
primary,layered_3bar,3.3,1093822916651.8448,2.7426742979411136e-07,3.3756066923442336e-07,2.581809365911101,135.1078655310959,0.002668311186630356,0.12281328928220167,0.00038483032847095347,0.08203125,0.10957133216801702,0.7936118527056828
primary,layered_3bar,3.4,1102795279897.0386,2.7203598480037857e-07,3.3756066923442336e-07,2.5446300487441285,136.7743155755707,0.002629987258175297,0.12414004723292114,0.00038798699802161316,0.08203125,0.10865689732538839,0.7932166805212171
primary,layered_3bar,3.5,1111293510623.0906,2.6995568419345235e-07,3.3756066923442336e-07,2.507967902170964,138.37317621454338,0.0025921935378051125,0.12540922617792336,0.000390976857597548,0.083984375,0.11042385108796825,0.7928288316683925
primary,layered_3bar,3.6,1119339926110.1233,2.680150980073995e-07,3.3756066923442336e-07,2.4718162418748455,139.90760286356877,0.0025549232550014394,0.1266238032039718,0.0003938077588958741,0.083984375,0.1096068228585438,0.792447198836798
primary,layered_3bar,3.7,1126954516208.5347,2.6620417744036724e-07,3.3756066923442336e-07,2.436168455820035,141.38057363886045,0.002518169710058021,0.12778656549785847,0.00039648673477408385,0.083984375,0.10884316328469233,0.792070613816326
primary,layered_3bar,3.8,1134169551481.6387,2.6451071588731215e-07,3.3756066923442336e-07,2.401018003864874,142.79490148080077,0.002481926273779548,0.1289001251855604,0.00039902513870748935,0.0859375,0.11069562501914902,0.7917005005716725
primary,layered_3bar,3.9,1141001047519.5063,2.6292701540650536e-07,3.3756066923442336e-07,2.366358417364753,144.1532452902298,0.0024461863871679122,0.1299669327952149,0.0004014286053236834,0.0859375,0.11000952386411475,0.7913355733565476
primary,layered_3bar,4.0,1147465363401.0183,2.614458000813358e-07,3.3756066923442336e-07,2.3321832987654667,145.4581201703874,0.002410943561096385,0.13098928949078104,0.00040370289009697814,0.0859375,0.10936661624295042,0.7909748958647724
primary,layered_3bar,4.1,1153593062239.6572,2.600570424873754e-07,3.3756066923442336e-07,2.298486321187377,146.71190685752435,0.002376191375972209,0.1319693582056118,0.000405858745785267,0.087890625,0.11128711202246888,0.7906203667961135
primary,layered_3bar,4.2,1159392192064.0383,2.587562707886769e-07,3.3756066923442336e-07,2.2652612280008353,147.91686041450433,0.0023419234813880853,0.13290917378986683,0.000407899003857381,0.087890625,0.11070702605459345,0.7902700095796596
primary,layered_3bar,4.3,1164878725921.1152,2.5753753873629914e-07,3.3756066923442336e-07,2.2325018323932637,149.07511825402926,0.00230813359576302,0.13381065227240577,0.0004098292839733332,0.08984375,0.11266276940605385,0.7899235100444741
primary,layered_3bar,4.4,1170079843973.023,2.5639275947301653e-07,3.3756066923442336e-07,2.200202016928333,150.18870755132218,0.0022748155059730065,0.1346755993262336,0.00041165914869627994,0.08984375,0.11213823813763812,0.7895827633286804
primary,layered_3bar,4.5,1174997966868.5242,2.5531959072195427e-07,3.3756066923442336e-07,2.168355733097611,151.25955210006512,0.002241963066971968,0.13550571801647232,0.0004133894496622987,0.08984375,0.11164528527101629,0.7892453798295548
primary,layered_3bar,4.6,1179651427160.5776,2.5431241220306945e-07,3.3756066923442336e-07,2.1369570008650998,152.28947866004012,0.002209570201403428,0.13630261590101087,0.0004150266366561488,0.091796875,0.11365042201860845,0.788912005502169
primary,layered_3bar,4.7,1184058142855.1667,2.5336593630157213e-07,3.3756066923442336e-07,2.1059999082050247,153.2802228401507,0.002177630899203314,0.13706781154624867,0.0004165770136160846,0.091796875,0.11320355331862422,0.7885833575537432
primary,layered_3bar,4.8,1188221420496.9565,2.524781954145628e-07,3.3756066923442336e-07,2.0754786106332586,154.23343455626008,0.002146139217194332,0.1378027405135629,0.0004180417438553357,0.091796875,0.11278315621577877,0.7882576847859265
primary,layered_3bar,4.9,1192161148375.5178,2.516438322191517e-07,3.3756066923442336e-07,2.04538733073275,155.15068309950578,0.002115089278672316,0.13850876086616942,0.0004194278245001202,0.09375,0.11482973206159111,0.7879363301780271
primary,layered_3bar,5.0,1195885543470.5308,2.508601275749034e-07,3.3756066923442336e-07,2.0157203576732954,156.03346184734994,0.002084475272984946,0.13918715824077416,0.00042073814645987275,0.09375,0.11444802562704837,0.7876186765238181
primary,layered_3bar,5.1,1199399722052.4194,2.501251204949742e-07,3.3756066923442336e-07,1.9864720467260186,156.8831926466188,0.0020542914551032413,0.1398391505237884,0.00042197450974810346,0.09375,0.1140887400962256,0.7873036747845359
primary,layered_3bar,5.2,1203235796502.3713,2.4932768861436443e-07,3.3756066923442336e-07,1.957636818772887,157.70122989506635,0.002024532145186198,0.14046589216777286,0.00042332412289675895,0.095703125,0.11612142606088097,0.7869518118557152
primary,layered_3bar,5.3,1207050955533.0066,2.4853963175691014e-07,3.3756066923442336e-07,1.929209159811588,158.48886434556405,0.0019951917281389453,0.1410684781801414,0.0004246663775529535,0.095703125,0.11573011543272847,0.7865944236055268
primary,layered_3bar,5.4,1210664495607.0415,2.4779780119807384e-07,3.3756066923442336e-07,1.9011836204561006,159.24732665483964,0.0019662646531647893,0.14164794781293788,0.00042593769834214527,0.09765625,0.11776631839647606,0.7862431131854539
primary,layered_3bar,5.5,1214088115163.3542,2.4709903363120834e-07,3.3756066923442336e-07,1.8735548154332593,159.97779069672472,0.001937745433311497,0.14220528797963805,0.0004271422010256768,0.09765625,0.11740961652434409,0.7858980358858065
primary,layered_3bar,5.6,1217318943169.5493,2.464432199000256e-07,3.3756066923442336e-07,1.8463174230756212,160.6813766581024,0.0019096286450121563,0.14274143642238238,0.00042827887551286244,0.09765625,0.1170735199121537,0.785556881289078
primary,layered_3bar,5.7,1220373033595.9043,2.458264741527691e-07,3.3756066923442336e-07,1.8194661848109295,161.35915393415087,0.001881908927620963,0.14325728465077509,0.0004293533699342737,0.099609375,0.11914259616027092,0.785220773628215
primary,layered_3bar,5.8,1223254950721.8,2.452473213560104e-07,3.3756066923442336e-07,1.7929959046484578,162.01214383804316,0.0018545809829442486,0.1437536806713638,0.0004303672901011498,0.099609375,0.11883707434837018,0.7848889006761296
primary,layered_3bar,5.9,1225967087693.406,2.447047747133527e-07,3.3756066923442336e-07,1.7669014486625187,162.6413221389634,0.0018276395747670775,0.1442314315251038,0.0004313214779735671,0.1015625,0.12092535824353622,0.7845601540794085
primary,layered_3bar,6.0,1228529822286.3945,2.4419431629398746e-07,3.3756066923442336e-07,1.7411777444734025,163.24762144112256,0.0018010795283757183,0.14469130564849286,0.00043222310288943777,0.1015625,0.12064792636727578,0.78423666426918
primary,layered_3bar,6.1,1230937063994.6213,2.437167656861707e-07,3.3756066923442336e-07,1.715819780726014,163.8319334153944,0.0017748957300762931,0.1451340350726121,0.00043307002207826,0.1015625,0.12038691852664424,0.7839159835784585
primary,layered_3bar,6.2,1233201167987.7568,2.432693122481525e-07,3.3756066923442336e-07,1.690822606566455,164.3951108942251,0.0017490831267098965,0.14556031747300677,0.00043386658235333427,0.103515625,0.12250264984844952,0.7835989742092844
primary,layered_3bar,6.3,1235330215089.6077,2.4285004635642203e-07,3.3756066923442336e-07,1.6661813311168099,164.93796983959658,0.0017236367251644699,0.14597081808217385,0.00043461562672154273,0.103515625,0.12226609264190362,0.7832858115131678
primary,layered_3bar,6.4,1237322624993.5662,2.42458994881436e-07,3.3756066923442336e-07,1.6418911229483668,165.46129119302498,0.0016985515918837132,0.1463661714753687,0.0004353165991971753,0.103515625,0.1220438910859992,0.7829750369650267
primary,layered_3bar,6.5,1239196504490.6035,2.420923549355241e-07,3.3756066923442336e-07,1.6179472095535121,165.9658226158559,0.001673822852373293,0.1467469832394996,0.0004359758701370887,0.10546875,0.12418415456402891,0.782668702822294
primary,layered_3bar,6.6,1240946691600.8752,2.4175091648214713e-07,3.3756066923442336e-07,1.5943448768165183,166.45228012745477,0.0016494456907046179,0.1471138315340214,0.0004365916234462195,0.10546875,0.1239833174239446,0.7823648339206114
primary,layered_3bar,6.7,1242581680583.0935,2.4143282062489615e-07,3.3756066923442336e-07,1.571079468483456,166.9213496482962,0.0016254153490164334,0.14746726855197226,0.0004371668475867042,0.107421875,0.12613852964099834,0.7820639013420912
primary,layered_3bar,6.8,1244110949134.2996,2.4113604997106696e-07,3.3756066923442336e-07,1.5481463856314244,167.37368845440298,0.0016017271270144758,0.14780782188859784,0.0004377048770153454,0.107421875,0.12595741205788114,0.7817665968202372
primary,layered_3bar,6.9,1245530037803.9817,2.4086131277005237e-07,3.3756066923442336e-07,1.525541086137323,167.8099265490913,0.001578376381469433,0.148135995824379,0.00043820414280194527,0.107421875,0.12578793459900992,0.7814712129135115
primary,layered_3bar,7.0,1246855150701.2659,2.4060533401275335e-07,3.3756066923442336e-07,1.5032590841463511,168.2306679575187,0.0015553585257134382,0.1484522725287074,0.00043867034589913757,0.109375,0.127964008465936,0.781179710106615
primary,layered_3bar,7.1,1248081304096.2122,2.4036895594493545e-07,3.3756066923442336e-07,1.48129594954043,168.63649194911505,0.0015326690291353222,0.14875711318993476,0.00043910173292399283,0.109375,0.12781194235090843,0.7808903723001718
primary,layered_3bar,7.2,1249215536094.353,2.4015071165216526e-07,3.3756066923442336e-07,1.4596473074067398,169.02795419259556,0.0015103034166748426,0.14905095907705376,0.00043950078003277254,0.111328125,0.13000113916180212,0.7806036310922323
primary,layered_3bar,7.3,1250265632810.4075,2.3994900933623643e-07,3.3756066923442336e-07,1.4383088375065367,169.40558784790352,0.0014882572683160978,0.14933423253783967,0.00043987022654738976,0.111328125,0.12986521598101014,0.7803200867555192
primary,layered_3bar,7.4,1251227159872.079,2.3976461638722015e-07,3.3756066923442336e-07,1.417276273744443,169.7699045991109,0.0014665262185803369,0.14960733793789396,0.0004402085123606998,0.111328125,0.12973877672854311,0.7800382272184958
primary,layered_3bar,7.5,1252114319862.5867,2.3959473607244066e-07,3.3756066923442336e-07,1.3965454036383564,170.12139563200986,0.001445105956018351,0.14987066254467887,0.00044052063424565574,0.11328125,0.13194610400217255,0.7797598483520966
primary,layered_3bar,7.6,1252922007354.6592,2.394402829856913e-07,3.3756066923442336e-07,1.3761120677901544,170.4605325598579,0.0014239922227026467,0.15012457736030713,0.0004408047960036006,0.11328125,0.131834013902331,0.7794833832382387
primary,layered_3bar,7.7,1253655973220.6108,2.3930010019360216e-07,3.3756066923442336e-07,1.3559721593573442,170.78776830049173,0.0014031808137195815,0.15036943790656052,0.0004410630209145809,0.115234375,0.13405309151382844,0.7792092028890734
primary,layered_3bar,7.8,1254323047846.842,2.3917283551073774e-07,3.3756066923442336e-07,1.3361216235258107,171.1035379077949,0.0013826675766616424,0.15060558496533924,0.00044129771205481865,0.115234375,0.1339543753090239,0.778937897773831
primary,layered_3bar,7.9,1254917342997.7393,2.3905956967919633e-07,3.3756066923442336e-07,1.3165564569837978,171.40825936029614,0.0013624484111200315,0.1508333452775016,0.0004415067978169167,0.115234375,0.13386360362024388,0.7786678438116624
primary,layered_3bar,8.0,1255455180808.4563,2.3895715640506865e-07,3.3756066923442336e-07,1.297272707397278,171.70233430947874,0.0013425192681777369,0.15105303220282737,0.00044169602067759315,0.1171875,0.13609856170530218,0.7784013579253073
primary,layered_3bar,8.1,1255926563825.8088,2.388674693575544e-07,3.3756066923442336e-07,1.2782664728868331,171.98614879020658,0.0013228761499032439,0.1512649463436348,0.0004418618633187024,0.1171875,0.13601975034499744,0.7781361393304695
primary,layered_3bar,8.2,1256341109656.864,2.387886519783922e-07,3.3756066923442336e-07,1.2595339015061693,172.26007389550279,0.0013035151088450294,0.15146937613439063,0.00044200770942039093,0.119140625,0.13826538283645048,0.7778733709235087
primary,layered_3bar,8.3,1256700047639.8582,2.387204492936991e-07,3.3756066923442336e-07,1.2410711907224092,172.52446641777016,0.0012844322475270141,0.15166659839948302,0.00044213399149017896,0.119140625,0.13819776479638793,0.7776127773477525
primary,layered_3bar,8.4,1257001547760.398,2.3866319061779245e-07,3.3756066923442336e-07,1.2228745868982591,172.77966945839805,0.0012656237179450864,0.1518568788811669,0.00044224006568980943,0.12109375,0.14045374598151822,0.7773535615038794
primary,layered_3bar,8.5,1257257589371.0916,2.386145866497149e-07,3.3756066923442336e-07,1.204940384776179,173.02601300757178,0.0012470857210648604,0.15204047273954588,0.0004423301466120917,0.12109375,0.14039661766132686,0.7770973916981411
primary,layered_3bar,8.6,1257458929984.6892,2.3857638038615926e-07,3.3756066923442336e-07,1.18726492696466,173.26381449598173,0.0012288145063207875,0.15221762502632327,0.00044240098255206496,0.12109375,0.14034569935313038,0.7768421956853467
primary,layered_3bar,8.7,1257617263962.6292,2.385463436266208e-07,3.3756066923442336e-07,1.1698446034267116,173.49337932001754,0.0012108063711167524,0.15238857113393062,0.00044245668783654123,0.123046875,0.14261536098364896,0.7765896306980963
primary,layered_3bar,8.8,1257728505174.7903,2.3852524512697444e-07,3.3756066923442336e-07,1.1526758509706627,173.71500134192578,0.0011930576603282764,0.15255353722152626,0.0004424958248774312,0.123046875,0.14257390902324804,0.776338571925888
primary,layered_3bar,8.9,1257795584644.71,2.3851252434213395e-07,3.3756066923442336e-07,1.1357551527433678,173.92896336632282,0.0011755647658064452,0.15271274061925902,0.00044251942487158924,0.125,0.1448531202726673,0.7760891557827319
primary,layered_3bar,9.0,1257824338119.4478,2.3850707201971067e-07,3.3756066923442336e-07,1.1190790377259205,174.13553759435746,0.0011583241258836807,0.15286639021208956,0.0004425295409598148,0.125,0.14482057042655552,0.7758420528394404
primary,layered_3bar,9.1,1257807645442.0881,2.3851023730624365e-07,3.3756066923442336e-07,1.1026440802319453,174.3349860567393,0.0011413322248814525,0.15301468680437533,0.0004425236681184128,0.126953125,0.1471090876041712,0.775595640425684
primary,layered_3bar,9.2,1257760865865.1035,2.385191081562681e-07,3.3756066923442336e-07,1.0864468994085648,174.52756102677375,0.0011245855926200448,0.1531578234663454,0.00044250721006135196,0.126953125,0.14708491967466789,0.7753523182442714
primary,layered_3bar,9.3,1257671691968.5034,2.385360201042937e-07,3.3756066923442336e-07,1.0704841587401175,174.71350541447129,0.0011080808039304725,0.1532959858635127,0.0004424758367746918,0.126953125,0.14706579464666944,0.7751095636388236
primary,layered_3bar,9.4,1257551293989.1238,2.385588575463663e-07,3.3756066923442336e-07,1.0547525655546988,174.89305314273352,0.0010918144781686431,0.1534293525700029,0.0004424334781869839,0.12890625,0.1493662494298261,0.7748690587277623
primary,layered_3bar,9.5,1257395899373.1943,2.38588339718261e-07,3.3756066923442336e-07,1.0392488705336054,175.06642950655817,0.0010757832787318595,0.1535580953667149,0.0004423788070330152,0.12890625,0.14935475358775482,0.7746298279884075
primary,layered_3bar,9.6,1257207706650.1875,2.386240542538081e-07,3.3756066923442336e-07,1.0239698672237367,175.23385151614696,0.001059983912577736,0.1536823795251666,0.00044231259680254005,0.130859375,0.15166390403036942,0.7743919750157225
primary,layered_3bar,9.7,1256991645482.3225,2.386650707490474e-07,3.3756066923442336e-07,1.0089123915530402,175.39552822474684,0.0010444131297456364,0.1538023640778257,0.0004422365818563055,0.130859375,0.15165961676438644,0.7741561062999093
primary,layered_3bar,9.8,1256741166049.583,2.3871263877112777e-07,3.3756066923442336e-07,0.9940733213490378,175.5516610420071,0.0010290677228806848,0.1539182020756721,0.00044214845782735264,0.1328125,0.15397727517324958,0.7739207774647
primary,layered_3bar,9.9,1256469519327.3157,2.3876424806597217e-07,3.3756066923442336e-07,0.9794495758605087,175.70244403358723,0.0010139445267604427,0.15403004083369334,0.0004420528866926043,0.1328125,0.15397980741986048,0.7736881141742521
primary,layered_3bar,10.0,1256165412401.7168,2.3882205085269546e-07,3.3756066923442336e-07,0.9650381152823805,175.84806420770772,0.0009990404178243236,0.15413802216496733,0.0004419458953631241,0.1328125,0.15398641333648733,0.773455836706022
primary,layered_3bar,10.1,1255839219624.8716,2.388840827009784e-07,3.3756066923442336e-07,0.950835940283873,175.98870178929778,0.000984352313705803,0.15424228260394904,0.00044183113375816297,0.134765625,0.15631478972072407,0.7732255762472491
primary,layered_3bar,10.2,1255486397768.9001,2.389512148702877e-07,3.3756066923442336e-07,0.9368400915399497,176.1245304823473,0.0009698771727674941,0.1543429536195321,0.00044170700347285054,0.134765625,0.1563276461462569,0.7729962845895311
primary,layered_3bar,10.3,1255109632587.436,2.390229444590776e-07,3.3756066923442336e-07,0.9230476492661229,176.2557177210526,0.0009556119936391542,0.15444016181843417,0.00044157444941283596,0.13671875,0.1586640655710078,0.7727682259759779
primary,layered_3bar,10.4,1254712171718.446,2.3909866084196973e-07,3.3756066923442336e-07,0.9094557327566517,176.38242491030653,0.0009415538147586741,0.15453402913941594,0.00044143461416671037,0.13671875,0.15868285458769563,0.7725417766203613
primary,layered_3bar,10.5,1254288902758.583,2.3917934643302983e-07,3.3756066923442336e-07,0.8960614999261773,176.5048076560064,0.0009276997139161083,0.15462467303878083,0.00044128569908148414,0.138671875,0.16102717171746886,0.7723158055801073
primary,layered_3bar,10.6,1253850535497.5735,2.39262967560124e-07,3.3756066923442336e-07,0.8828621468548273,176.623015985755,0.0009140468078007943,0.15471220666766836,0.0004411314720905544,0.138671875,0.16105159857260265,0.7720920599044511
primary,layered_3bar,10.7,1253385692240.163,2.3935170303708603e-07,3.3756066923442336e-07,0.8698549073368297,176.73719456029008,0.0009005922515516145,0.15479673904147068,0.00044096793027705467,0.138671875,0.16107954500520524,0.7718682836045814
primary,layered_3bar,10.8,1252908643641.8435,2.394428368919115e-07,3.3756066923442336e-07,0.8570370524326637,176.84748287621363,0.000887333238310442,0.1548783752018705,0.00044080009436322154,0.140625,0.1634334683373722,0.7716468906098238
primary,layered_3bar,10.9,1252407875568.8909,2.3953857673062675e-07,3.3756066923442336e-07,0.8444058900247827,176.95401546033386,0.0008742669987788183,0.15495721637180093,0.0004406239134302127,0.140625,0.1634666355226434,0.7714256092653112
primary,layered_3bar,11.0,1251893061119.8474,2.3963708188592647e-07,3.3756066923442336e-07,0.8319587643769298,177.05692205602566,0.0008613908007778953,0.1550333601036918,0.0004404427906812641,0.142578125,0.1658280820459987,0.7712060345755068
primary,layered_3bar,11.1,1251359415902.381,2.3973927569295815e-07,3.3756066923442336e-07,0.8196930556970751,177.15632780202398,0.0008487019488116867,0.1551069004213681,0.00044025504286468594,0.142578125,0.16586622212029078,0.7709871311528761
primary,layered_3bar,11.2,1250809816335.849,2.3984461592956384e-07,3.3756066923442336e-07,0.807606179703998,177.25235340395238,0.0008361977836336587,0.15517792795587954,0.00044006168196641243,0.14453125,0.16823508345283528,0.7707692683230273
primary,layered_3bar,11.3,1250246048259.0469,2.3995276803133795e-07,3.3756066923442336e-07,0.7956955871975335,177.3451152989299,0.000823875681816697,0.15524653007556485,0.000439863336282779,0.14453125,0.16827797139691056,0.7705526235947817
primary,layered_3bar,11.4,1249664450594.2014,2.400644427849039e-07,3.3756066923442336e-07,0.7839587636324988,177.4347258135591,0.000811733055326472,0.1553127910106225,0.0004396587177682158,0.146484375,0.17065413957261424,0.7703363805234615
primary,layered_3bar,11.5,1249073090395.6743,2.401780987091538e-07,3.3756066923442336e-07,0.7723932286963224,177.52129331563003,0.0007997673510982402,0.15537679197247878,0.0004394506645852194,0.146484375,0.1707015656714607,0.7701218823981101
primary,layered_3bar,11.6,1248462364753.415,2.4029558957450294e-07,3.3756066923442336e-07,0.7609965358903835,177.60492235980462,0.0007879760506170978,0.1554386112681887,0.0004392357982243686,0.146484375,0.1707517936389407,0.769907229262221
primary,layered_3bar,11.7,1247845441271.7305,2.40414389537103e-07,3.3756066923442336e-07,0.7497662721150791,177.68571382748598,0.0007763566695017151,0.15549832441005879,0.00043901875133086883,0.1484375,0.17313670661725156,0.7696947185178876
primary,layered_3bar,11.8,1247210481050.0059,2.405367855371412e-07,3.3756066923442336e-07,0.7387000572586273,177.76376506123358,0.0007649067570915713,0.15555600422079213,0.00043879535872593027,0.1484375,0.17319118243302614,0.7694820442310589
primary,layered_3bar,11.9,1246567622937.6013,2.406608309728392e-07,3.3756066923442336e-07,0.7277955437896152,177.83916999385144,0.0007536238960377052,0.15561172093428352,0.00043856918747390156,0.150390625,0.17558311291683085,0.7692709604345127
primary,layered_3bar,12.0,1245910489037.992,2.4078776335821665e-07,3.3756066923442336e-07,0.7170504163532995,177.91201927253624,0.0007425057018970047,0.15566554229237808,0.0004383379936941899,0.150390625,0.17564166116353558,0.7690601748623302
primary,layered_3bar,12.1,1245243819171.6982,2.409166746152185e-07,3.3756066923442336e-07,0.7064623913716668,177.98240037813312,0.000731549822730045,0.15571753363765806,0.0004381034449571669,0.15234375,0.1780405179640453,0.7688504565248463
primary,layered_3bar,12.2,1244566418907.024,2.4104780222453655e-07,3.3756066923442336e-07,0.696029216647253,178.05039773972464,0.0007207539387024896,0.1557677580024491,0.0004378651210361807,0.15234375,0.178102973227726,0.7686414805883827
primary,layered_3bar,12.3,1243877910342.7988,2.4118122647368453e-07,3.3756066923442336e-07,0.6857486709707297,178.1160928449668,0.0007101157616900677,0.15581627619437557,0.0004376228889775064,0.154296875,0.18050866771975058,0.7684330770548081
primary,layered_3bar,12.4,1243182013154.5613,2.4131623272022183e-07,3.3756066923442336e-07,0.6756185637322528,178.17956434600526,0.0006996330348871324,0.15586314687836372,0.00043737805744266227,0.154296875,0.1805748733772218,0.7682258434348614
primary,layered_3bar,12.5,1242473503831.8389,2.4145384112803035e-07,3.3756066923442336e-07,0.6656367345365783,178.24088816152062,0.000689303532418813,0.1559084266555188,0.00043712878868879256,0.15625,0.18298731885996786,0.768018715364897
primary,layered_3bar,12.6,1241760754543.2878,2.4159243147472333e-07,3.3756066923442336e-07,0.655801052821939,178.30013757470152,0.0006791250589567641,0.155952170138746,0.0004368780282241369,0.15625,0.1830571260938686,0.7678131686452696
primary,layered_3bar,12.7,1241033959374.4548,2.4173391689556624e-07,3.3756066923442336e-07,0.6461094174826809,178.35738332770245,0.0006690954493385166,0.15599443002554408,0.00043662232611797774,0.158203125,0.18547623736528948,0.7676072878379634
primary,layered_3bar,12.8,1240305888730.9978,2.418758168655806e-07,3.3756066923442336e-07,0.6365597564956543,178.41269371235248,0.0006592125681904333,0.1560352571678163,0.00043636617527252896,0.158203125,0.18554950447075874,0.7674033839165224
primary,layered_3bar,12.9,1239564048436.2239,2.420205719732401e-07,3.3756066923442336e-07,0.6271500265503537,178.4661346575436,0.0006494743095542724,0.15607470063902887,0.00043610517996884245,0.158203125,0.18562504040550817,0.7671990402624296
primary,layered_3bar,13.0,1238820441336.0195,2.4216584582384004e-07,3.3756066923442336e-07,0.6178782126827994,178.51776981337724,0.0006398785965173568,0.15611280779879042,0.00043584356306516583,0.16015625,0.18805178970539202,0.7669964370247867
primary,layered_3bar,13.1,1238065474675.0837,2.423135174484464e-07,3.3756066923442336e-07,0.6087423279131526,178.56766063200524,0.0006304233808463475,0.15614962435481766,0.0004355779496247363,0.16015625,0.18813057136291386,0.7667937027022719
primary,layered_3bar,13.2,1237307229660.55,2.424620117044848e-07,3.3756066923442336e-07,0.5997404128870564,178.61586644566833,0.0006211066426246236,0.15618519442267123,0.0004353111827892986,0.162109375,0.19056377124821622,0.7665922918365854
primary,layered_3bar,13.3,1236540413417.341,2.4261236975741923e-07,3.3756066923442336e-07,0.5908705355206888,178.66244454163464,0.0006119263898932574,0.15621956058305322,0.000435041400412043,0.162109375,0.1906456742328312,0.7663911437896413
primary,layered_3bar,13.4,1235768869809.2354,2.427638430852452e-07,3.3756066923442336e-07,0.582130790649521,178.70745023448688,0.0006028806582955856,0.15625276393700824,0.00043476995484657084,0.1640625,0.19308524756816797,0.76619092294427
primary,layered_3bar,13.5,1234991383394.187,2.429166745888505e-07,3.3756066923442336e-07,0.5735192996807641,178.7509369357128,0.0005939675107253676,0.1562848441590041,0.0004344964184743392,0.1640625,0.19317015463982118,0.7659913413931482
primary,layered_3bar,13.6,1234207780401.1255,2.4307090326597847e-07,3.3756066923442336e-07,0.5650342102494956,178.79295622070146,0.0005851850369785251,0.156315839547977,0.00043422073015896386,0.166015625,0.19561602741309622,0.7657923093878316
primary,layered_3bar,13.7,1233420706827.9026,2.43226012291894e-07,3.3756066923442336e-07,0.5566736958784481,178.83355789332285,0.0005765313534084522,0.15634578707648072,0.00043394382081915836,0.166015625,0.19570382908219633,0.7655942745256843
primary,layered_3bar,13.8,1232626255901.215,2.4338277605539057e-07,3.3756066923442336e-07,0.548435955641447,178.87279004810804,0.0005680046025848907,0.15637472243796022,0.0004336643159684033,0.16796875,0.1981559198763604,0.7653964416923938
primary,layered_3bar,13.9,1231830510890.4917,2.4353999787124095e-07,3.3756066923442336e-07,0.5403192138304814,178.9106991301773,0.0005596029529563553,0.15640268009226585,0.0004333843558311691,0.16796875,0.1982465265630536,0.7651999168736092
primary,layered_3bar,14.0,1231026289359.7595,2.4369910098022846e-07,3.3756066923442336e-07,0.5323217196263914,178.94732999296488,0.0005513245985161006,0.15642969330945106,0.0004331014134726542,0.169921875,0.20070476436369808,0.7650032817462132
primary,layered_3bar,14.1,1230222729592.4912,2.438582809304575e-07,3.3756066923442336e-07,0.5244417467731542,178.98272595386743,0.0005431677584716171,0.1564557942119531,0.00043281870393669893,0.169921875,0.20079809017735492,0.7648082310203171
primary,layered_3bar,14.2,1229409684922.723,2.4401955156133095e-07,3.3756066923442336e-07,0.5166775932557535,179.01692884787792,0.0005351306769176439,0.15648101381520915,0.0004325326574089061,0.171875,0.20326241512132495,0.7646127783271691
primary,layered_3bar,14.3,1228599107375.949,2.441805453047595e-07,3.3756066923442336e-07,0.5090275809816086,179.0499790792501,0.0005272116225126794,0.15650538206674539,0.000432247478867821,0.171875,0.20335837843608984,0.7644191639148393
primary,layered_3bar,14.4,1227778272058.5232,2.4434379303439914e-07,3.3756066923442336e-07,0.5014900554655513,179.08191567133196,0.0005194088881589835,0.15652892788384745,0.0004319586914233301,0.171875,0.2034563041571471,0.7642249035698914
primary,layered_3bar,14.5,1226961205258.6064,2.4450650820436416e-07,3.3756066923442336e-07,0.4940633855183229,179.11277631459672,0.0005117207906860481,0.1565516791898372,0.0004316712298240091,0.173828125,0.20592726615645118,0.7640326439518368
primary,layered_3bar,14.6,1226134498410.5698,2.4467136385844137e-07,3.3756066923442336e-07,0.4867459629385771,179.14259741291647,0.0005041456705375233,0.15657366294899394,0.0004313803766492987,0.173828125,0.20602771405668624,0.7638397642518236
primary,layered_3bar,14.7,1225310409873.8828,2.448359187863898e-07,3.3756066923442336e-07,0.4795362022083652,179.17141412824205,0.0004966818914615835,0.15659490520024474,0.00043109044465259753,0.17578125,0.2085046448159973,0.7636485798060324
primary,layered_3bar,14.8,1224478417152.618,2.450022767225372e-07,3.3756066923442336e-07,0.4724325401920819,179.19926042361885,0.0004893278402047122,0.1566154310895758,0.00043079773179447806,0.17578125,0.2086075570372469,0.7634570197761101
primary,layered_3bar,14.9,1223647945267.407,2.4516855616869457e-07,3.3756066923442336e-07,0.4654334358388504,179.22616910471643,0.0004820819262088904,0.15663526490129953,0.00043050555399905396,0.177734375,0.21109042234480555,0.763266860944834
primary,layered_3bar,15.0,1222811177469.3237,2.453363246326116e-07,3.3756066923442336e-07,0.4585373698883264,179.25217185984334,0.00047494258131216947,0.15665443008816024,0.000430211161166642,0.177734375,0.21119575003471053,0.7630765508302133
primary,layered_3bar,15.1,1221974886922.7764,2.455042269775866e-07,3.3756066923442336e-07,0.4517428445798926,179.27729929855738,0.00046790825945260627,0.15667294930036144,0.0004299169362415416,0.1796875,0.2136845223990232,0.7628873595638189
primary,layered_3bar,15.2,1221133787549.2185,2.4567332675487724e-07,3.3756066923442336e-07,0.4450483833652283,179.30158098891977,0.00046097743637554556,0.15669084441355494,0.0004296210194681083,0.1796875,0.21379222505726234,0.7626982222108747
primary,layered_3bar,15.3,1220292177243.453,2.458427625732037e-07,3.3756066923442336e-07,0.4384525306242232,179.32504549338879,0.0004541486093442246,0.15670813655579016,0.0004293249229377817,0.181640625,0.2162868832117971,0.7625099335734961
primary,layered_3bar,15.4,1219447130472.5054,2.460131255413734e-07,3.3756066923442336e-07,0.4319538513842166,179.34772040348346,0.000447420296853682,0.15672484613352275,0.00042902761738540545,0.181640625,0.21639692788514517,0.7623218861804246
primary,layered_3bar,15.5,1218600641625.8376,2.4618401611847567e-07,3.3756066923442336e-07,0.4255509310425347,179.36963237319165,0.0004407910383479488,0.15674099285666573,0.00042872980447990585,0.18359375,0.21889745614804962,0.7621344302191663
primary,layered_3bar,15.6,1217751980266.7073,2.4635558378176086e-07,3.3756066923442336e-07,0.4192423750923029,179.3908071512613,0.0004342593939404986,0.1567565957627883,0.00042843122723799313,0.18359375,0.21900981654223592,0.7619473862496996
primary,layered_3bar,15.7,1216901075982.2566,2.4652784513141006e-07,3.3756066923442336e-07,0.41302680885150794,179.4112696122636,0.0004278239441379382,0.15677167324038122,0.0004281318608869161,0.185546875,0.22151619104963485,0.7617607039648516
primary,layered_3bar,15.8,1216049017370.4224,2.467005817320739e-07,3.3756066923442336e-07,0.40690287719528423,179.43104378657057,0.00042148328956691163,0.15678624305129682,0.00042783208841874336,0.185546875,0.22163085967012913,0.7615745610119379
primary,layered_3bar,15.9,1215194106531.1987,2.4687414001402403e-07,3.3756066923442336e-07,0.40086924429139936,179.45015288941536,0.000415236050704198,0.15680032235248875,0.0004275313124758889,0.1875,0.2241430623412036,0.7613885899798354
primary,layered_3bar,16.0,1214338842919.4048,2.4704801443950097e-07,3.3756066923442336e-07,0.39492459333891317,179.4686193488014,0.0004090808676099788,0.15681392771688088,0.0004272304124200888,0.1875,0.22426003491800875,0.7612032477297918
primary,layered_3bar,16.1,1213480241024.1719,2.4722281406642544e-07,3.3756066923442336e-07,0.389067626309985,179.48646483247478,0.00040301639966425245,0.15682707515352512,0.0004269283378846789,0.189453125,0.22677806141150042,0.7610179146994466
primary,layered_3bar,16.2,1212621991474.4631,2.473977893434219e-07,3.3756066923442336e-07,0.38329706369480143,179.5037102739543,0.0003970413253063689,0.15683978012704508,0.0004266263873119707,0.189453125,0.22689732743488947,0.7608332854714325
primary,layered_3bar,16.3,1211759983913.1733,2.4757378027222923e-07,3.3756066923442336e-07,0.37761164424960014,179.520375897653,0.0003911543417776644,0.15685205757639245,0.0004263231145903029,0.19140625,0.22942117617319202,0.7606485189585794
primary,layered_3bar,16.4,1210898942009.952,2.4774982419427566e-07,3.3756066923442336e-07,0.37201012474776296,179.53648124312443,0.0003853541648671696,0.15686392193294096,0.000426020181607825,0.19140625,0.22954272852100252,0.7604645176843278
primary,layered_3bar,16.5,1210033788931.8193,2.4792696100232935e-07,3.3756066923442336e-07,0.366491279733951,179.55204518846477,0.0003796395286603675,0.15687538713794294,0.0004257158022259645,0.193359375,0.23207240012969543,0.7602802490397345
primary,layered_3bar,16.6,1209170127149.3408,2.4810404529862153e-07,3.3756066923442336e-07,0.3610539012812555,179.56708597290168,0.0003740091852909753,0.15688646665937156,0.0004254119475138541,0.193359375,0.232196234467112,0.7600967941745002
primary,layered_3bar,16.7,1208302067488.2595,2.4828228641834627e-07,3.3756066923442336e-07,0.35569679875133814,179.58162121859883,0.0003684619046957265,0.15689717350817156,0.00042510654553386186,0.1953125,0.23473173130414335,0.7599129583621925
primary,layered_3bar,16.8,1207435940757.674,2.484603860737722e-07,3.3756066923442336e-07,0.3504187985575338,179.5956679517035,0.0003629964743721282,0.15690752025393964,0.0004248018236002157,0.1953125,0.23485784558754466,0.7597299725185837
primary,layered_3bar,16.9,1206565195501.5337,2.4863969317074393e-07,3.3756066923442336e-07,0.3452187439308875,179.6092426226658,0.00035761169913916646,0.1569175190400556,0.0004244954767703644,0.197265625,0.23739917135972569,0.7595465086333115
primary,layered_3bar,17.0,1205696744077.5884,2.488187858792912e-07,3.3756066923442336e-07,0.34009549468910133,179.62236112585413,0.0003523064009009376,0.1569271815982845,0.00042418993695980624,0.197265625,0.23752756543608702,0.7593639189743668
primary,layered_3bar,17.1,1204823518890.5842,2.4899912335396937e-07,3.3756066923442336e-07,0.3350479270083608,179.6350388184923,0.00034707941841317534,0.15693651926286825,0.00042388271763716437,0.19921875,0.24007472489450415,0.7591807705394935
primary,layered_3bar,17.2,1203952870631.467,2.49179189084579e-07,3.3756066923442336e-07,0.33007493319801723,179.64729053894328,0.0003419296070526538,0.15694554298412616,0.0004235764049329432,0.19921875,0.24020540018365966,0.7589985089749617
primary,layered_3bar,17.3,1203077357943.927,2.4936052367630244e-07,3.3756066923442336e-07,0.32517542147809514,179.65913062436076,0.00033685583858943465,0.1569542633415807,0.00042326838081862146,0.201171875,0.24275839888641243,0.7588156240658273
primary,layered_3bar,17.4,1202204771737.8577,2.4954151493370997e-07,3.3756066923442336e-07,0.32034831575960104,179.67057292773345,0.0003318570009619377,0.1569626905566276,0.0004229613863031575,0.201171875,0.2428913295189901,0.758633655729614
primary,layered_3bar,17.5,1201327010790.5034,2.497238448027506e-07,3.3756066923442336e-07,0.3155925554276046,179.6816308343415,0.0003269319980548056,0.15697083450476465,0.0004226525712028821,0.203125,0.245450202261609,0.7584509585323792
primary,layered_3bar,17.6,1200452602630.428,2.499057433360059e-07,3.3756066923442336e-07,0.31090709512706466,179.6923172776467,0.00032207974947953856,0.15697870472739628,0.0004223449356849781,0.203125,0.24558538977813163,0.7582692266057265
primary,layered_3bar,17.7,1199572756168.5454,2.5008904083334203e-07,3.3756066923442336e-07,0.3062909045513743,179.70264475463657,0.0003172991903578717,0.15698631044322892,0.00042203538685602624,0.205078125,0.24815014556020196,0.7580866724262246
primary,layered_3bar,17.8,1198696628166.0383,2.50271831046183e-07,3.3756066923442336e-07,0.3017429682335973,179.71262534064067,0.0003125892711078707,0.15699366055927114,0.00042172714626072087,0.205078125,0.24828759362693467,0.7579051235006333
primary,layered_3bar,17.9,1197814855657.9304,2.50456068884884e-07,3.3756066923442336e-07,0.29726228534036847,179.72227070363874,0.00030794895723271844,0.15700076368145344,0.00042141691980745685,0.20703125,0.2508582406762582,0.7577226730954608
primary,layered_3bar,18.0,1196937102815.7473,2.5063973645253526e-07,3.3756066923442336e-07,0.29284786946843094,179.7315921180782,0.000303377229112166,0.157007628124881,0.00042110810755875434,0.20703125,0.25099795379887824,0.757541258150287
primary,layered_3bar,18.1,1196053555508.6394,2.50824888750421e-07,3.3756066923442336e-07,0.2884987484437848,179.74060047821686,0.0002988730817966248,0.15701426192373188,0.0004207972566931912,0.208984375,0.2535745006528484,0.75735887635757
primary,layered_3bar,18.2,1195174266492.2412,2.510094204759616e-07,3.3756066923442336e-07,0.2842139641234172,179.7493063110102,0.00029443552480386937,0.15702067284081425,0.00042048790398549956,0.208984375,0.2537164840783334,0.7571775505413674
primary,layered_3bar,18.3,1194289088167.5273,2.51195462616433e-07,3.3756066923442336e-07,0.2799925721995906,179.75771978855585,0.0002900635819183294,0.15702686837679355,0.0004201764792930113,0.2109375,0.2562989395168648,0.7569952060614639
primary,layered_3bar,18.4,1193408345956.742,2.5138084630998067e-07,3.3756066923442336e-07,0.2758336420066603,179.76585074011368,0.0002857562909929424,0.15703285577910236,0.00041986661532041113,0.2109375,0.25644319915194425,0.756813928461464
primary,layered_3bar,18.5,1192521673579.6677,2.515677548228294e-07,3.3756066923442336e-07,0.27173625633039344,179.77370866371444,0.0002815127037535399,0.15703864205054371,0.00041955466498830426,0.212890625,0.2590315721420205,0.7566315936313596
primary,layered_3bar,18.6,1191639556030.4587,2.5175397919765926e-07,3.3756066923442336e-07,0.26769951121976676,179.78130273737116,0.00027733188560574555,0.15704423395759767,0.0004192443171421912,0.212890625,0.2591781144834161,0.756450327041653
primary,layered_3bar,18.7,1190751554926.0815,2.519417243327666e-07,3.3756066923442336e-07,0.26372251580121225,179.788641829909,0.00027321291544435427,0.1570496380384439,0.0004189318993353618,0.21484375,0.26177240652373684,0.7562679846951539
primary,layered_3bar,18.8,1189868100657.4827,2.521287862362473e-07,3.3756066923442336e-07,0.25980439209528733,179.79573451142477,0.00026915488546517055,0.1570548606107079,0.00041862108120273886,0.21484375,0.26192124620456636,0.7560866883069829
primary,layered_3bar,18.9,1188979022262.7336,2.5231731963535665e-07,3.3756066923442336e-07,0.25594427483574206,179.8025890633894,0.00026515690097927795,0.1570599077789415,0.00041830828438208434,0.216796875,0.26452143818222024,0.7559043433959581
primary,layered_3bar,19.0,1188094173852.345,2.5250523620300463e-07,3.3756066923442336e-07,0.252141311290957,179.80921348840715,0.000261218080229715,0.15706478544184777,0.0004179969757605214,0.216796875,0.26467261101763406,0.7557229607445413
primary,layered_3bar,19.1,1187204139673.1045,2.5269453666376595e-07,3.3756066923442336e-07,0.24839466108772645,179.81561551964106,0.0002573375542105318,0.15706949929925726,0.0004176838426744128,0.21875,0.26727871093220495,0.7555405957799715
primary,layered_3bar,19.2,1186317960555.5552,2.5288329939766686e-07,3.3756066923442336e-07,0.24470349603736044,179.82180262991844,0.0002535144664882018,0.15707405485886666,0.000417372065881571,0.21875,0.26743222610542416,0.7553590988946449
primary,layered_3bar,19.3,1185427087210.9138,2.530733465065687e-07,3.3756066923442336e-07,0.24106699996408035,179.82778204052602,0.0002497479730253637,0.15707845744274596,0.00041705863755910197,0.220703125,0.27004424196206683,0.7551766991881946
primary,layered_3bar,19.4,1184539637413.5178,2.5326294749837166e-07,3.3756066923442336e-07,0.2374843685356818,179.83356072970574,0.00024603724200686794,0.15708271219362366,0.00041674641371387594,0.220703125,0.270200109046991,0.754995062967876
primary,layered_3bar,19.5,1183648037020.4824,2.5345372155997473e-07,3.3756066923442336e-07,0.23395480909644004,179.8391454408621,0.00024238145366810217,0.15708682408095723,0.0004164327296002107,0.22265625,0.2728180488213542,0.7548126164532579
primary,layered_3bar,19.6,1182759373494.4956,2.536441534288091e-07,3.3756066923442336e-07,0.23047754050223174,179.84454269048982,0.00023877980012557221,0.15709079790679584,0.000416120078739272,0.22265625,0.27297627773733846,0.7546308184888698
primary,layered_3bar,19.7,1181867154023.333,2.5383563540008256e-07,3.3756066923442336e-07,0.22705179295784877,179.84975877583327,0.00023523148520971168,0.15709463831144382,0.0004158061768206629,0.224609375,0.27560014934149113,0.7544483155564387
primary,layered_3bar,19.8,1180977330949.1274,2.5402689123498764e-07,3.3756066923442336e-07,0.22367680785647814,179.8547997822838,0.00023173572429989684,0.15709834977892975,0.00041549311800582686,0.224609375,0.2757607503101307,0.7542663359666142
primary,layered_3bar,19.9,1180084596552.7952,2.542190626641049e-07,3.3756066923442336e-07,0.2203518376213239,179.85967159052808,0.00022829174416164156,0.15710193664229,0.0004151790349255148,0.2265625,0.2783905615591648,0.7540837693108069
primary,layered_3bar,20.0,1179193669630.2678,2.544111351056218e-07,3.3756066923442336e-07,0.21707614554934562,179.8643798834518,0.0002248987827859479,0.15710540308867163,0.000414865587753198,0.2265625,0.2785535441158705,0.7539015914269145
primary,layered_3bar,20.1,1178300516942.2415,2.546039789395302e-07,3.3756066923442336e-07,0.21384900565708984,179.86893015281,0.00022155608923078815,0.15710875316426154,0.00041455135750890945,0.228515625,0.28118930364184236,0.7537189550693948
primary,layered_3bar,20.2,1177408702789.7007,2.5479682568100025e-07,3.3756066923442336e-07,0.2106697025285885,179.8733277056701,0.00021826292346469343,0.157111990779047,0.0004142375981900722,0.228515625,0.2813546385241413,0.7535365986179728
primary,layered_3bar,20.3,1176515062071.4702,2.549903606604025e-07,3.3756066923442336e-07,0.20753753116530224,179.87757767063633,0.0002150185562124261,0.15711511971141454,0.00041392319624630573,0.23046875,0.28399639381502784,0.7533538544570328
primary,layered_3bar,20.4,1175622409799.8547,2.551839753131908e-07,3.3756066923442336e-07,0.2044517968380827,179.88168500386251,0.00021182226880271055,0.1571181436125914,0.00041360914205922794,0.23046875,0.2841640905704326,0.75317130683638
primary,layered_3bar,20.5,1174728373874.9778,2.553781850100506e-07,3.3756066923442336e-07,0.20141181494113092,179.88565449485952,0.0002086733530179997,0.15712106601093517,0.00041329460107329913,0.232421875,0.2868118502909789,0.7529884531244057
primary,layered_3bar,20.6,1173834930814.816,2.555725614603711e-07,3.3756066923442336e-07,0.19841691084792754,179.88949077210486,0.00020557111094625285,0.1571238903160765,0.0004129802686698744,0.232421875,0.28698191859416294,0.7528057037242234
primary,layered_3bar,20.7,1172940589815.3376,2.557674298296989e-07,3.3756066923442336e-07,0.19546641976911253,179.893198308461,0.00020251485483470253,0.15712661982292042,0.0004126656203521671,0.234375,0.2896356911986598,0.7526227405228679
primary,layered_3bar,20.8,1172046401726.57,2.559625621972498e-07,3.3756066923442336e-07,0.19255968661228895,179.89678142640608,0.00019950390694558506,0.1571292577155086,0.00041235102583172265,0.234375,0.28980814081452005,0.752439780616887
primary,layered_3bar,20.9,1171151843324.528,2.5615807353245956e-07,3.3756066923442336e-07,0.18969606584373042,179.900244303086,0.00019653759941381477,0.15713180707074906,0.0004120363010271372,0.236328125,0.29246793451475267,0.7522567096986078
primary,layered_3bar,21.0,1170256954591.8,2.563539561314922e-07,3.3756066923442336e-07,0.18687492135196615,179.90359097519,0.00019361527410657507,0.15713427086201576,0.0004117214600051418,0.236328125,0.2926427752623315,0.7520735323464606
primary,layered_3bar,21.1,1169362264215.7478,2.565500950222641e-07,3.3756066923442336e-07,0.18409562631322396,179.9068253436565,0.00019073628248480752,0.15713665196262191,0.0004114066887692731,0.23828125,0.2953085979955664,0.7518903571048119
primary,layered_3bar,21.2,1168466718030.3289,2.567467223248828e-07,3.3756066923442336e-07,0.18135756305870668,179.90995117821168,0.0001878999854665738,0.15713895314917015,0.00041109161644134034,0.23828125,0.295485839712738,0.751706957062503
primary,layered_3bar,21.3,1167572018675.3723,2.5694346490108116e-07,3.3756066923442336e-07,0.17866012294367944,179.91297212174686,0.00018510575329226805,0.15714117710478295,0.00041077684204650084,0.240234375,0.29815768899535083,0.7515236908595834
primary,layered_3bar,21.4,1166675817597.4343,2.571408402188345e-07,3.3756066923442336e-07,0.17600270621834713,179.915891694536,0.00018235296539165932,0.15714332642221515,0.00041046153931335405,0.240234375,0.2983373516185318,0.7513400560689389
primary,layered_3bar,21.5,1165781331223.1763,2.573381404943499e-07,3.3756066923442336e-07,0.17338472190049903,179.9187132982966,0.00017964101025274036,0.15714540360685036,0.0004101468398496857,0.2421875,0.3010151982589831,0.7511567353282753
primary,layered_3bar,21.6,1164884376132.0557,2.575362895638931e-07,3.3756066923442336e-07,0.17080558764989878,179.92144022009754,0.00017696928529236107,0.15714741107958444,0.00040983127183855263,0.2421875,0.3011973280440294,0.7509728336759451
primary,layered_3bar,21.7,1163990184087.5955,2.57734132212771e-07,3.3756066923442336e-07,0.16826472964439834,179.92407563611317,0.00017433719672862573,0.1571493511795954,0.0004095166759264108,0.244140625,0.30388117754571436,0.7507894667445488
primary,layered_3bar,21.8,1163092514082.7856,2.579330503529033e-07,3.3756066923442336e-07,0.16576158245775482,179.926622615227,0.0001717441594550318,0.15715122616700175,0.00040920085639333046,0.244140625,0.30406578559935366,0.7506052970657613
primary,layered_3bar,21.9,1162198696194.6782,2.581314201971428e-07,3.3756066923442336e-07,0.16329558893912835,179.9290841224835,0.00016918959691632904,0.15715303822540927,0.00040888639211740686,0.24609375,0.3067556430455018,0.7504218936291434
primary,layered_3bar,22.0,1161300349813.377,2.5833110275753427e-07,3.3756066923442336e-07,0.16086620009423985,179.93146302238935,0.0001666729409860776,0.15715478946434608,0.000408570334620591,0.24609375,0.3069427403750022,0.7502374561714379
primary,layered_3bar,22.1,1160406984543.2422,2.5852998473469686e-07,3.3756066923442336e-07,0.15847287496816945,179.93376208206263,0.00016419363184588535,0.15715648192158557,0.00040825602958536385,0.248046875,0.30963861039606705,0.7500540271992283
primary,layered_3bar,22.2,1159507999889.3916,2.5873042706787513e-07,3.3756066923442336e-07,0.15611508052977272,179.93598397422923,0.0001617511178663018,0.15715811756535666,0.00040793974753059516,0.248046875,0.3098282078765793,0.7498693235675968
primary,layered_3bar,22.3,1158615164482.2576,2.589298062001967e-07,3.3756066923442336e-07,0.1537922915576959,179.9381312800641,0.00015934485548934948,0.15715969829643947,0.0004076256289125198,0.25,0.31253009461738945,0.7496858812647731
primary,layered_3bar,22.4,1157715830242.2644,2.5913094747717306e-07,3.3756066923442336e-07,0.1515039905279692,179.94020649187644,0.00015697430911267176,0.15716122595014587,0.0004073092238658591,0.251953125,0.31523809125028607,0.7495009686593332
primary,layered_3bar,22.5,1156823349971.6064,2.593308649997109e-07,3.3756066923442336e-07,0.14924966750315838,179.94221201563641,0.00015463895097527698,0.15716270229818285,0.0004069952301924019,0.251953125,0.31543011004619387,0.7493174721356594
primary,layered_3bar,22.6,1155924620913.9175,2.5953249422337655e-07,3.3756066923442336e-07,0.14702882002305476,179.94415017334188,0.00015233826104485903,0.15716412905039845,0.00040667903806183706,0.25390625,0.318144159645632,0.7491325541143564
primary,layered_3bar,22.7,1155031653827.5876,2.597331415168135e-07,3.3756066923442336e-07,0.14484095299688424,179.9460232052228,0.0001500717269066748,0.15716550785640732,0.00040636487311620037,0.25390625,0.31833867027030927,0.7489488185387546
primary,layered_3bar,22.8,1154133658034.6763,2.5993523186114933e-07,3.3756066923442336e-07,0.1426855785970147,179.9478332717818,0.0001478388436539573,0.1571668403070961,0.0004060489389638886,0.255859375,0.32105876102287795,0.7487639217554396
primary,layered_3bar,22.9,1153240187954.4353,2.6013661606098405e-07,3.3756066923442336e-07,0.14056221615414488,179.94958245567395,0.00014563911377984794,0.15716812793600946,0.00040573459705422137,0.255859375,0.3212557880627706,0.7485799415442141
primary,layered_3bar,23.0,1152342999021.8003,2.603391527129194e-07,3.3756066923442336e-07,0.1384703920539536,179.95127276342214,0.00014347204707082582,0.15716937222061583,0.00040541894677263533,0.2578125,0.3239819221847022,0.7483950821301543
primary,layered_3bar,23.1,1151449063563.0503,2.6054126881798694e-07,3.3756066923442336e-07,0.13640963963519087,179.95290612697397,0.00014133716050161637,0.15717057458345574,0.0004051044411328416,0.2578125,0.3241814753155388,0.7482108645003243
primary,layered_3bar,23.2,1150552754452.6694,2.6074423692350663e-07,3.3756066923442336e-07,0.1343794990891936,179.95448440510324,0.00013923397813156072,0.15717173639317564,0.0004047891003915677,0.259765625,0.32691365438535336,0.7480260596635783
primary,layered_3bar,23.3,1149658391378.053,2.609470798020281e-07,3.3756066923442336e-07,0.1323795173608056,179.95600938466384,0.00013716203100242618,0.15717285896545316,0.0004044744443073539,0.259765625,0.32711574297271295,0.7478416129762403
primary,layered_3bar,23.4,1148763034527.3184,2.6115046444146856e-07,3.3756066923442336e-07,0.13040924805068468,179.95748278170322,0.00013512085703763982,0.15717394356381859,0.00040415943859141814,0.26171875,0.32985396789604193,0.747656880977056
primary,layered_3bar,23.5,1147868281834.1936,2.6135402880949557e-07,3.3756066923442336e-07,0.1284682513189791,179.9589062424508,0.00013311000094292735,0.15717499140038446,0.0004038446454310687,0.26171875,0.33005860096310846,0.7474722147120257
primary,layered_3bar,23.6,1146973949259.5818,2.615578149736201e-07,3.3756066923442336e-07,0.1265560937903543,179.9602813441933,0.000131129014108338,0.15717600363649153,0.00040353000007740985,0.263671875,0.33280287193694796,0.7472875748416186
primary,layered_3bar,23.7,1146078927768.848,2.617620765299568e-07,3.3756066923442336e-07,0.12467234846035347,179.9616095960587,0.00012917745451163873,0.1571769813832876,0.0004032151123483046,0.263671875,0.33301003415881447,0.7471027177814201
primary,layered_3bar,23.8,1145185608658.9885,2.619662679408797e-07,3.3756066923442336e-07,0.1228165946030737,179.96289243972785,0.00012725488662305914,0.15717792570225264,0.000402900823553251,0.265625,0.33576037460842845,0.7469181721379027
primary,layered_3bar,23.9,1144290468093.7227,2.621711954830586e-07,3.3756066923442336e-07,0.12098841768014088,179.96413125010162,0.00012536088131136997,0.1571788376056917,0.0004025858939311753,0.265625,0.3359700411306535,0.7467331606173624
primary,layered_3bar,24.0,1143398122904.2131,2.623758024352924e-07,3.3756066923442336e-07,0.11918740925096569,179.96532733595078,0.0001234950157512776,0.15717971805721426,0.0004022719477821592,0.267578125,0.3387264828213131,0.7465487058221001
primary,layered_3bar,24.1,1142502903714.401,2.625813895305364e-07,3.3756066923442336e-07,0.11741316688426483,179.96648194057903,0.0001216568733321178,0.15718056797222368,0.00040195699049828406,0.267578125,0.33893865988386,0.7463635530980024
primary,layered_3bar,24.2,1141611602508.7695,2.6278639717810286e-07,3.3756066923442336e-07,0.11566529407082939,179.96759624253534,0.00011984604356783097,0.1571813882184429,0.00040164341164515533,0.26953125,0.3417012022262064,0.7461792108975425
primary,layered_3bar,24.3,1140716345675.985,2.629926371592588e-07,3.3756066923442336e-07,0.11394340013752487,179.96867135640784,0.00011806212200820291,0.15718217961649963,0.00040132844111767646,0.26953125,0.3419158955775108,0.7459939312762639
primary,layered_3bar,24.4,1139826158479.5212,2.631980304787767e-07,3.3756066923442336e-07,0.11224710016250637,179.96970833373842,0.00011630471015135403,0.15718294294060087,0.0004010152541968315,0.271484375,0.3446845371417271,0.7458097243915919
primary,layered_3bar,24.5,1138930905585.9849,2.6340491642524064e-07,3.3756066923442336e-07,0.11057601489163206,179.97070816409254,0.00011457341535746042,0.15718367891932122,0.00040070028505526453,0.271484375,0.34490175200492534,0.7456243332185064
primary,layered_3bar,24.6,1138041902468.4524,2.63610680194894e-07,3.3756066923442336e-07,0.10892977065606009,179.97167177632204,0.00011286785076369116,0.15718438823653336,0.00040038751471874705,0.2734375,0.3476764904816483,0.7454402853375882
primary,layered_3bar,24.7,1137147819942.4219,2.6381794410439104e-07,3.3756066923442336e-07,0.10730799929101206,179.97260004005187,0.00011118763520034488,0.15718507153250333,0.0004000729573375343,0.275390625,0.35045731000557606,0.7452550508289664
primary,layered_3bar,24.8,1136259011695.6006,2.6402430864096753e-07,3.3756066923442336e-07,0.10571033805568836,179.97349376742437,0.00010953239310817082,0.15718572940517517,0.0003997602555607066,0.275390625,0.3506770436890022,0.7450709492950679
primary,layered_3bar,24.9,1135366363278.639,2.642318899898347e-07,3.3756066923442336e-07,0.10413642955431908,179.9743537151255,0.00010790175445685731,0.15718636241166312,0.00039944620272977857,0.27734375,0.3534639275123515,0.7448859400013287
primary,layered_3bar,25.0,1134477668572.748,2.64438876419155e-07,3.3756066923442336e-07,0.10258592165833626,179.9751805867148,0.00010629535466467355,0.15718697106996754,0.00039913354089908185,0.27734375,0.35368617451134376,0.7447017749427408
primary,layered_3bar,25.1,1133586391848.229,2.6464679018497403e-07,3.3756066923442336e-07,0.1010584674296514,179.9759750352738,0.00010471283451924837,0.1571875558609247,0.0003988199706589327,0.279296875,0.3564791584636537,0.7445169872286636
primary,layered_3bar,25.2,1132697854901.2617,2.648543905171881e-07,3.3756066923442336e-07,0.09955372504502379,179.97673766638013,0.00010315384009947067,0.1571881172303967,0.00039850736433120397,0.279296875,0.3567039216985898,0.744332777607682
primary,layered_3bar,25.3,1131808020390.54,2.650626206876343e-07,3.3756066923442336e-07,0.09807135772150535,179.97746904140604,0.00010161802269849776,0.1571886555917001,0.0003981943014927566,0.28125,0.359503000069406,0.7441482384641175
primary,layered_3bar,25.4,1130919686294.6099,2.652708265985995e-07,3.3756066923442336e-07,0.0966110336429466,179.97816968113233,0.00010010503874785523,0.15718917132826635,0.0003978817665323673,0.28125,0.35973028177696253,0.7439640042641182
primary,layered_3bar,25.5,1130031364902.332,2.6547935687247836e-07,3.3756066923442336e-07,0.09517242588755002,179.9788400696588,9.861454974261473e-05,0.15718966479652072,0.0003975692360413949,0.283203125,0.3625354477902838,0.7437797416458
primary,layered_3bar,25.6,1129143279676.9336,2.656881596867272e-07,3.3756066923442336e-07,0.0937552123564565,179.9794806585831,9.714622216763476e-05,0.15719013632895878,0.00039725678863898866,0.283203125,0.3627652494877704,0.7435955038740609
primary,layered_3bar,25.7,1128256542755.412,2.658969734554734e-07,3.3756066923442336e-07,0.09235907570335043,179.98009187141193,9.569972742485017e-05,0.15719058623739351,0.0003969448155987629,0.28515625,0.3655764952592817,0.7434115467050113
primary,layered_3bar,25.8,1127368753397.8523,2.661063641295804e-07,3.3756066923442336e-07,0.09098370326507041,179.9806741081582,9.427474176159645e-05,0.1571910148163398,0.00039663247228899893,0.28515625,0.36580881770875096,0.7432273273979613
primary,layered_3bar,25.9,1126483748717.1987,2.663154265133694e-07,3.3756066923442336e-07,0.08962878699321093,179.98122775007317,9.287094619995453e-05,0.15719142234649766,0.0003963211086882099,0.287109375,0.36862610936240325,0.7430437228944275
primary,layered_3bar,26.0,1125596227341.2952,2.6652541356558415e-07,3.3756066923442336e-07,0.08829402338670223,179.98175316445142,9.148802646710232e-05,0.15719180909828961,0.000396008859660132,0.287109375,0.36886097737470885,0.7428595278101076
primary,layered_3bar,26.1,1124713154579.146,2.6673467699615937e-07,3.3756066923442336e-07,0.08697911342535457,179.98225070944704,9.012567292665962e-05,0.15719217533540586,0.00039569817574964866,0.2890625,0.3716842621360377,0.7426763360778181
primary,layered_3bar,26.2,1123825823028.5393,2.6694528089018787e-07,3.3756066923442336e-07,0.08568376250435403,179.98272073882958,8.878358051101268e-05,0.15719252131830522,0.0003953859935061756,0.2890625,0.3719217173974828,0.7424921601186492
primary,layered_3bar,26.3,1122944756347.2593,2.6715472716204397e-07,3.3756066923442336e-07,0.08440768036969643,179.983163606611,8.746144865460489e-05,0.15719284730762112,0.00039507601537790637,0.291015625,0.3747509821020838,0.7423094135795397
primary,layered_3bar,26.4,1122058685069.7603,2.673656948534278e-07,3.3756066923442336e-07,0.0831505810545469,179.98357967147237,8.615898122818105e-05,0.1571931535674203,0.00039476427652550375,0.29296875,0.37758655581678785,0.7421255161205323
primary,layered_3bar,26.5,1121178677942.7847,2.6757554875237237e-07,3.3756066923442336e-07,0.08191218281651214,179.98396930092073,8.487588647397157e-05,0.15719344036826244,0.00039445467117113123,0.29296875,0.3778262547661873,0.7419430134805551
primary,layered_3bar,26.6,1120294528705.0034,2.677867224316296e-07,3.3756066923442336e-07,0.08069220807581275,179.98433287511006,8.36118769418041e-05,0.15719370799001314,0.00039414360853346576,0.294921875,0.38066787099986454,0.7417595626061954
primary,layered_3bar,26.7,1119415045164.5286,2.6799711268478333e-07,3.3756066923442336e-07,0.0794903833543436,179.98467079026653,8.236666942612984e-05,0.15719395672436506,0.00039383418738803784,0.294921875,0.38091006340353917,0.741577195964857
primary,layered_3bar,26.8,1118532892545.979,2.6820847379565824e-07,3.3756066923442336e-07,0.07830643921560959,179.98498346166366,8.113998490395208e-05,0.15719418687702807,0.0003935238272037796,0.296875,0.383757707371945,0.7413942260811826
primary,layered_3bar,26.9,1117653985774.9026,2.6841938902226624e-07,3.3756066923442336e-07,0.07714011020552496,179.98527132610243,7.993154847364435e-05,0.15719439876955496,0.0003932146089781787,0.296875,0.38400238897593486,0.7412120233533684
primary,layered_3bar,27.0,1116774017857.1077,2.686308914812032e-07,3.3756066923442336e-07,0.07599113479406404,179.9855348438595,7.874108929464623e-05,0.1571945927407755,0.00039290501741843565,0.298828125,0.38685600545401927,0.7410295960588796
primary,layered_3bar,27.1,1115895629582.7188,2.6884234694259256e-07,3.3756066923442336e-07,0.07485925531775188,179.98577450007903,7.756834052802457e-05,0.15719476914782107,0.0003925959816110741,0.298828125,0.3871032100476764,0.7408475601407583
primary,layered_3bar,27.2,1115018017164.2773,2.69053948350505e-07,3.3756066923442336e-07,0.07374421792298297,179.98599080559356,7.64130392778884e-05,0.15719492836672905,0.00039228721876645125,0.30078125,0.38996274757661586,0.7406657341289563
primary,layered_3bar,27.3,1114140108523.608,2.692659547079246e-07,3.3756066923442336e-07,0.07264577251015653,179.9861842971706,7.527492653364543e-05,0.15719507079262438,0.00039197835170450457,0.30078125,0.39021250270006524,0.7404838730345648
primary,layered_3bar,27.4,1113264929773.503,2.6947763463727894e-07,3.3756066923442336e-07,0.0715636726786171,179.98635553719419,7.415374711308892e-05,0.15719519683948535,0.0003916704450765243,0.302734375,0.39307794038997945,0.7403026864779944
primary,layered_3bar,27.5,1112387556738.9392,2.6969017963440374e-07,3.3756066923442336e-07,0.07049767567238935,179.98650511280016,7.30492496063031e-05,0.15719530693950712,0.0003913617664522766,0.302734375,0.3933302404442029,0.7401210309960028
primary,layered_3bar,27.6,1111514890753.1938,2.6990191719043145e-07,3.3756066923442336e-07,0.0694475423266957,179.9866336344955,7.1961186320376e-05,0.1571954015420857,0.000391054743868614,0.3046875,0.39620155584168903,0.7399405231875619
primary,layered_3bar,27.7,1110638110654.0645,2.7011498806152743e-07,3.3756066923442336e-07,0.06841303701524624,179.98674173430152,7.088931322490839e-05,0.15719548111245127,0.000390746273851751,0.3046875,0.3964563941318242,0.7397591052818482
primary,layered_3bar,27.8,1109768037499.5017,2.7032676186633706e-07,3.3756066923442336e-07,0.06739392759829003,179.98683006346778,6.983338989830806e-05,0.15719554612998554,0.00039044016348162904,0.306640625,0.3993335631695894,0.7395793166561584
primary,layered_3bar,27.9,1108892873348.6494,2.7054011005955517e-07,3.3756066923442336e-07,0.06638998537141695,179.9868992898125,6.879317947485799e-05,0.15719559708626435,0.00039013226198997866,0.30859375,0.40221728029562326,0.7393983961059131
primary,layered_3bar,28.0,1108024509814.7668,2.7075213349761753e-07,3.3756066923442336e-07,0.06540098501509992,179.98695009474878,6.77684485925482e-05,0.15719563448286872,0.000389826753101027,0.30859375,0.4024739288090551,0.7392191416416674
primary,layered_3bar,28.1,1107152028352.5188,2.709654973458438e-07,3.3756066923442336e-07,0.06442670454496695,179.98698317006108,6.675896734166041e-05,0.15719565882901237,0.0003895197954366827,0.310546875,0.40536349121206744,0.7390389914232358
primary,layered_3bar,28.2,1106284449986.845,2.711779958613423e-07,3.3756066923442336e-07,0.06346692526279286,179.9869992144981,6.576450921409495e-05,0.15719567063903397,0.00038921456278672275,0.310546875,0.40562261629768365,0.7388600753036826
primary,layered_3bar,28.3,1105414771330.3005,2.7139134357592126e-07,3.3756066923442336e-07,0.06252143170820056,179.98699893024903,6.478485105342974e-05,0.15719567042980337,0.0003889085912094526,0.3125,0.4085179819891393,0.7386807476036159
primary,layered_3bar,28.4,1104548002869.614,2.716043116465744e-07,3.3756066923442336e-07,0.06159001161106176,179.9869830193687,6.381977300570085e-05,0.15719565871809046,0.00038860364350141297,0.3125,0.40877958617726456,0.7385021972454197
primary,layered_3bar,28.5,1103681210620.2534,2.718176200819838e-07,3.3756066923442336e-07,0.06067245584458781,179.98695218021547,6.286905847089507e-05,0.15719563601794337,0.0003882986874240082,0.314453125,0.41168072501999814,0.7383237366197601
primary,layered_3bar,28.6,1102815315964.7668,2.7203104242123573e-07,3.3756066923442336e-07,0.0597685583791002,179.98690710396176,6.193249405514374e-05,0.15719560283811998,0.0003879940471393521,0.314453125,0.41194479589294286,0.7381455895550444
primary,layered_3bar,28.7,1101951494900.9429,2.722442878730953e-07,3.3756066923442336e-07,0.05887811623647186,179.98684847123113,6.100986952360879e-05,0.15719555967961277,0.0003876901363886531,0.31640625,0.4148516758888073,0.73796804179724
primary,layered_3bar,28.8,1101086539504.8042,2.7245814859831104e-07,3.3756066923442336e-07,0.058000929445229284,179.98677694891222,6.0100977754050756e-05,0.15719550703330348,0.0003873858265555517,0.31640625,0.4151181996895617,0.7377903368463719
primary,layered_3bar,28.9,1100225775627.53,2.726713067860009e-07,3.3756066923442336e-07,0.05713680099630669,179.98669318719155,5.9205614691069665e-05,0.1571954453777795,0.0003870829913885566,0.318359375,0.41803078692090917,0.7376137490073741
primary,layered_3bar,29.0,1099361865477.7485,2.728855797355035e-07,3.3756066923442336e-07,0.05628553679944234,179.98659781684083,5.832357930100862e-05,0.15719537517733687,0.00038677904929550975,0.318359375,0.41829973368853623,0.7374365355993118
primary,layered_3bar,29.1,1098504207115.949,2.7309863545050083e-07,3.3756066923442336e-07,0.05544694564020853,179.9864914467867,5.745467352751158e-05,0.15719529688019168,0.00038647730671536934,0.3203125,0.4212180070749295,0.737260946707062
primary,layered_3bar,29.2,1097641801318.2341,2.733132062205623e-07,3.3756066923442336e-07,0.054620839137666154,179.98637466198494,5.659870224772568e-05,0.15719521091691532,0.0003861738938855982,0.322265625,0.42414286626941416,0.737084359871295
primary,layered_3bar,29.3,1096786946627.4349,2.73526231254379e-07,3.3756066923442336e-07,0.053807031702634664,179.98624802161078,5.575547322913889e-05,0.15719511769910244,0.00038587313769696197,0.322265625,0.42441328183229626,0.736909725978263
primary,layered_3bar,29.4,1095927822652.0333,2.737406549949892e-07,3.3756066923442336e-07,0.05300534049656928,179.9861120575751,5.492479708704453e-05,0.15719501761827884,0.0003855708794825674,0.32421875,0.4273437719020385,0.7367342192054003
primary,layered_3bar,29.5,1095074154452.9055,2.7395405030801656e-07,3.3756066923442336e-07,0.05221558539103642,179.9859672733625,5.410648724262341e-05,0.15719491104504626,0.0003852705407271122,0.32421875,0.4276165530843434,0.7365601805673152
primary,layered_3bar,29.6,1094218402759.429,2.7416830062760054e-07,3.3756066923442336e-07,0.05143758892777879,179.98581414318951,5.330035988163471e-05,0.15719479832846284,0.000384969468953723,0.326171875,0.43055263289000256,0.7363858054301674
primary,layered_3bar,29.7,1093365993996.6813,2.7438204740883005e-07,3.3756066923442336e-07,0.0506711762793623,179.98565311146896,5.2506233913707667e-05,0.1571946797956486,0.00038466957329495965,0.326171875,0.4308277590171989,0.7362124069243083
primary,layered_3bar,29.8,1092513706477.3258,2.7459609725841574e-07,3.3756066923442336e-07,0.04991617521039607,179.98548459256634,5.172393093222496e-05,0.15719455575160649,0.0003843697202922184,0.328125,0.4337693852160845,0.7360392163426528
primary,layered_3bar,29.9,1091662631859.0421,2.748101760056734e-07,3.3756066923442336e-07,0.04917241603931733,179.9853089708275,5.09532751747895e-05,0.1571944264792425,0.00038407029401405087,0.328125,0.4340468339946696,0.7358665042426961
primary,layered_3bar,30.0,1090813901882.5961,2.7502399766105006e-07,3.3756066923442336e-07,0.04843973160073373,179.98512660085635,5.019409348426675e-05,0.15719429223957024,0.000383771692631097,0.330078125,0.43699396097513565,0.7356945525029734
primary,layered_9bar,0.1,892518621178.6447,1.0083823223895045e-06,1.01268200770327e-06,1.4653026606257895,8.598576989793793,0.0015161461633354989,0.008831747696652532,0.0003140071659916991,1.0,1.0,0.7999910662260385
primary,layered_9bar,0.2,895954741982.717,1.0045150249535272e-06,1.01268200770327e-06,1.482028249337685,16.67120651889374,0.0015334255640761323,0.016982474792157285,0.0003152160668819316,1.0,1.0,0.7999692346435577
primary,layered_9bar,0.3,899076697295.3026,1.0010269454290995e-06,1.01268200770327e-06,1.4616946362902192,24.26046506044543,0.0015124185928965357,0.024523839693687825,0.0003163144376237802,1.0,1.0,0.7999364396986857
primary,layered_9bar,0.4,901918084374.6498,9.978733275140174e-07,1.01268200770327e-06,1.4403331444859222,31.404501063905084,0.0014903487521051005,0.03151782336427938,0.000317314098452249,1.0,1.0,0.7998942557724591
primary,layered_9bar,0.5,904508011329.0122,9.950160625748483e-07,1.01268200770327e-06,1.4192210734286275,38.13759717335751,0.0014685356442437675,0.038018311028139795,0.00031822529022322945,1.0,1.0,0.7998440072393675
primary,layered_9bar,0.6,906871823545.9486,9.92422497460469e-07,1.01268200770327e-06,1.3984104137102114,44.49064880003273,0.0014470330234830986,0.044072373382475744,0.0003190569299868868,1.0,1.0,0.7997868159612938
primary,layered_9bar,0.7,909031689248.2257,9.90064494609979e-07,1.01268200770327e-06,1.3778997281841585,50.491573225416424,0.0014258394449746048,0.04972131188153978,0.00031981681699876676,1.0,1.0,0.7997236375157739
primary,layered_9bar,0.8,911007078934.7921,9.879176801264132e-07,1.01268200770327e-06,1.3576849844032954,56.16566072904495,0.0014049507811646452,0.05500151727482334,0.00032051180139739907,1.0,1.0,0.7996552899346255
primary,layered_9bar,0.9,912815160683.9165,9.859608371597215e-07,1.01268200770327e-06,1.337762061951457,61.5358771108016,0.0013843628123327892,0.05994517920210945,0.0003211479232804071,1.0,1.0,0.7995824767353842
primary,layered_9bar,1.0,914471128066.0525,9.84175412845831e-07,1.01268200770327e-06,1.3181268859058184,66.623125285083,0.001364071364524295,0.06458087614764559,0.00032173052807127686,1.0,1.0,0.7995058055239745
primary,layered_9bar,1.1,915988473690.127,9.825451147592326e-07,1.01268200770327e-06,1.2987754338196609,71.44647226829119,0.0013440723168013703,0.06893406864700755,0.0003222643627588001,1.0,1.0,0.7994258031266306
primary,layered_9bar,1.2,917379218604.2797,9.810555784872468e-07,1.01268200770327e-06,1.2797037355925507,76.02334678884301,0.0013243616011443429,0.07302751376647396,0.00032275365660516684,1.0,1.0,0.7993429279790901
primary,layered_9bar,1.3,918654105633.3766,9.79694092130013e-07,1.01268200770327e-06,1.2609078729271699,80.3697118645845,0.00130493520192477,0.07688161513808567,0.000323202189166244,1.0,1.0,0.7992575803319824
primary,layered_9bar,1.4,919822763088.4999,9.784493666780536e-07,1.01268200770327e-06,1.242383978763945,84.50021597296588,0.0012857891553546775,0.08051471994660601,0.00032361334788807966,1.0,1.0,0.799170110705279
primary,layered_9bar,1.5,920893844004.9921,9.773113436027282e-07,1.01268200770327e-06,1.2241282367170658,88.42832585121363,0.0012669195489363357,0.08394337201798696,0.00032399017709382926,1.0,1.0,0.799080826929738
primary,layered_9bar,1.6,921875145065.8966,9.762710328150424e-07,1.01268200770327e-06,1.2061368805134367,92.1664434808797,0.001248322520914183,0.08718252839865766,0.00032433541982356906,1.0,1.0,0.7989900000411064
primary,layered_9bar,1.7,922773708580.7249,9.753203755493294e-07,1.01268200770327e-06,1.188406193434744,95.72600941293692,0.0012299942597291118,0.0902457454266789,0.00032465155371261007,1.0,1.0,0.798897869237519
primary,layered_9bar,1.8,923595910266.1791,9.744521278148809e-07,1.01268200770327e-06,1.1709325077627384,99.11759425997015,0.001211931003475237,0.09314533919430255,0.00032494082187463694,1.0,1.0,0.7988046460678063
primary,layered_9bar,1.9,924347535078.8407,9.736597609071744e-07,1.01268200770327e-06,1.1537122042278054,102.35097990800519,0.0011941290393592476,0.09589252442231026,0.00032520525958127126,1.0,1.0,0.7987105179851699
primary,layered_9bar,2.0,925033842951.9058,9.729373761374833e-07,1.01268200770327e-06,1.1367417114609106,105.4352317719133,0.0011765847031624446,0.09849753506093423,0.00032544671738966337,1.0,1.0,0.7986156513746533
primary,layered_9bar,2.1,930210609267.8043,9.675228287370492e-07,1.01268200770327e-06,1.1200175054489898,108.378763226953,0.0011592943787055658,0.10096972936294028,0.0003272680146503412,0.25,0.39363744413736157,0.7977988801813135
primary,layered_9bar,2.2,942275270066.5898,9.551349044068595e-07,1.01268200770327e-06,1.103536108993857,111.18939318818053,0.0011422544973164845,0.10331768171286758,0.0003315126207080556,0.236328125,0.36691737839309263,0.7960914924889345
primary,layered_9bar,2.3,953634860499.4698,9.437574456208759e-07,1.01268200770327e-06,1.087294091174694,113.87439767388594,0.001125461537300873,0.10554926312034613,0.00033550916791056057,0.232421875,0.3563784576935702,0.7944856846664222
primary,layered_9bar,2.4,964174794679.9924,9.334407049073587e-07,1.01268200770327e-06,1.0712880668141909,116.44055607459302,0.0011089120234159156,0.1076717119776313,0.00033921734248891754,0.23046875,0.34939494353927086,0.7929367966476525
primary,layered_9bar,2.5,973893918573.0311,9.241252900713232e-07,1.01268200770327e-06,1.0555146959483823,118.89419275187196,0.0010926025263471425,0.10969169642842577,0.00034263673842885333,0.23046875,0.34583787564176094,0.7914270171599709
primary,layered_9bar,2.6,982824355605.0869,9.157282223087612e-07,1.01268200770327e-06,1.0399706833002547,121.24121450848996,0.0010765296621884721,0.11161536948618732,0.00034577865743979784,0.232421875,0.345586968797434,0.7899474741454198
primary,layered_9bar,2.7,991005102607.0273,9.081688859445616e-07,1.01268200770327e-06,1.0246527777571595,123.48714440080423,0.0010606900919255216,0.11344841786696712,0.00034865681944204496,0.234375,0.34560024727972916,0.7884922465025935
primary,layered_9bar,2.8,998481873727.4808,9.013683910356496e-07,1.01268200770327e-06,1.0095577718520874,125.63715230389583,0.0010450805209222581,0.11519610535776817,0.0003512873076521417,0.234375,0.34293854578003574,0.7870581182345434
primary,layered_9bar,2.9,1005296150280.0491,8.9525857604178e-07,1.01268200770327e-06,0.9946825012488523,127.69608258810385,0.0010296976984110536,0.11686331142109475,0.0003536847160846178,0.236328125,0.343437234127213,0.7856420818703724
primary,layered_9bar,3.0,1011489493464.3031,8.897769139623419e-07,1.01268200770327e-06,0.9800238442312216,129.66847922103975,0.0010145384169862035,0.11845456563553483,0.00035586366685959813,0.23828125,0.3441396170080415,0.784242133608063
primary,layered_9bar,3.1,1017101582491.7474,8.848673677167368e-07,1.01268200770327e-06,0.9655787211960328,131.55860857073708,0.000999599512100964,0.11997407848743405,0.00035783811997349926,0.240234375,0.34502987237842947,0.7828567496417377
primary,layered_9bar,3.2,1022169715481.0497,8.804800087199271e-07,1.01268200770327e-06,0.951344094150336,133.37048015233015,0.0009848778615681594,0.12142576895714945,0.00035962119770328177,0.2421875,0.346093834926686,0.7814846912329184
primary,layered_9bar,3.3,1026728799178.2795,8.765703277440896e-07,1.01268200770327e-06,0.9373169662125929,135.10786553195052,0.0009703703850644162,0.12281328928288313,0.0003612251809898104,0.244140625,0.3473188352302391,0.7801249270451358
primary,layered_9bar,3.4,1030811431374.2174,8.730985829291519e-07,1.01268200770327e-06,0.9234943811179612,136.77431557633398,0.0009560740436380608,0.12414004723352791,0.0003626615384340281,0.24609375,0.3486935342458007,0.7787765872544723
primary,layered_9bar,3.5,1034448375194.3832,8.700289174226612e-07,1.01268200770327e-06,0.9098734227276946,138.3731762151821,0.0009419858392207272,0.12540922617842964,0.00036394109316234644,0.25,0.3530234083372684,0.7774390144742078
primary,layered_9bar,3.6,1037668214998.8612,8.673292551424905e-07,1.01268200770327e-06,0.8964512145426852,139.90760286404821,0.0009281028141427216,0.1266238032043508,0.0003650739017648339,0.251953125,0.3546589554874238,0.7761116538415037
primary,layered_9bar,3.7,1040497279978.6663,8.649710261793795e-07,1.01268200770327e-06,0.8832249192211662,141.38057363915624,0.0009144220506521708,0.12778656549809164,0.00036606922741478146,0.25390625,0.35641763567248763,0.7747940166153141
primary,layered_9bar,3.8,1042960827787.4083,8.629279029676571e-07,1.01268200770327e-06,0.8701917381005976,142.79490148088038,0.0009009406704379933,0.12890012518562302,0.000366935956295672,0.255859375,0.3582917469022286,0.7734859357746933
primary,layered_9bar,3.9,1045082972597.0923,8.611756421248041e-07,1.01268200770327e-06,0.8573489107237532,144.15324529005733,0.0008876558341567268,0.1299669327950796,0.00036768257228966984,0.2578125,0.36027412608843223,0.7721875720206075
primary,layered_9bar,4.0,1046887026565.2261,8.596916163464613e-07,1.01268200770327e-06,0.8446937143690249,145.45812016994503,0.0008745647409632378,0.13098928949043487,0.00036831727711306243,0.259765625,0.36235798489831256,0.7708995246199996
primary,layered_9bar,4.1,1048395834812.8928,8.584543834634969e-07,1.01268200770327e-06,0.8322234635849545,146.71190685678457,0.0008616646280453409,0.13196935820503417,0.0003688481081687205,0.26171875,0.36453675242367733,0.7696229467783042
primary,layered_9bar,4.2,1049632055181.8047,8.574433255509835e-07,1.01268200770327e-06,0.819935509729008,147.91686041346117,0.0008489527701623514,0.1329091737890541,0.0003692830369706211,0.263671875,0.36680393961820046,0.7683596392816614
primary,layered_9bar,4.3,1050618327227.2375,8.566383972905316e-07,1.01268200770327e-06,0.8078272405105986,149.07511825266545,0.0008364264791875922,0.13381065227134542,0.0003696300285991815,0.265625,0.36915304397186466,0.7671120919981003
primary,layered_9bar,4.4,1051377284059.5859,8.560200164539538e-07,1.01268200770327e-06,0.795896079538369,150.18870754963532,0.0008240831036548771,0.1346755993249247,0.0003698970458673714,0.267578125,0.37157751111207,0.7658834471278398
primary,layered_9bar,4.5,1051931386873.8699,8.555691095734108e-07,1.01268200770327e-06,0.7841394858717345,151.2595520980455,0.0008119200283089817,0.1355057180149082,0.0003700919911046501,0.26953125,0.3740707621799387,0.7646773715960651
primary,layered_9bar,4.6,1052302599303.4304,8.552672972543764e-07,1.01268200770327e-06,0.772554953576692,152.28947865768797,0.0007999346736601225,0.13630261589919257,0.0003702225915876218,0.271484375,0.37662628355462274,0.7634978457090159
primary,layered_9bar,4.7,1052512674960.0344,8.550965906744775e-07,1.01268200770327e-06,0.7611400112858989,153.28022283748032,0.000788124495542453,0.137067811544188,0.00037029650070280305,0.275390625,0.3820049163715116,0.762349057641528
primary,layered_9bar,4.8,1052581247244.4497,8.550408838805633e-07,1.01268200770327e-06,0.7498922217630184,154.23343455328805,0.0007764869846765898,0.1378027405112734,0.0003703206259010721,0.27734375,0.3846656249048466,0.7612347945848196
primary,layered_9bar,4.9,1052525509730.6656,8.550861634035873e-07,1.01268200770327e-06,0.7388091814713303,155.1506830962374,0.0007650196662361751,0.13850876086365577,0.00037030101624999323,0.279296875,0.3873711797155139,0.7601582033764437
primary,layered_9bar,5.0,1052361246220.1453,8.552196341632742e-07,1.01268200770327e-06,0.7278885201466072,156.0334618438213,0.0007537200994184837,0.1391871582380646,0.00037024322482896244,0.28125,0.3901166957226593,0.7591218979749702
primary,layered_9bar,5.1,1052102048444.6,8.554303276288991e-07,1.01268200770327e-06,0.7171279003742469,156.8831926428537,0.0007425858770190804,0.13983915052090162,0.00037015203350028984,0.283203125,0.392897965781076,0.7581277079065981
primary,layered_9bar,5.2,1051880070628.496,8.556108487370163e-07,1.01268200770327e-06,0.706525017170658,157.70122989109902,0.0007316146250105286,0.14046589216473548,0.0003700739369504881,0.28515625,0.39566605357120327,0.7570897687841157
primary,layered_9bar,5.3,1051627641363.0002,8.558162267715998e-07,1.01268200770327e-06,0.6960775975688912,158.4888643414937,0.0007208040021251542,0.14106847817702953,0.000369985126928612,0.287109375,0.3984462952915798,0.7560640883818354
primary,layered_9bar,5.4,1051302232660.7855,8.560811268536468e-07,1.01268200770327e-06,0.685783400208505,159.24732665074535,0.0007101516994418632,0.1416479478098119,0.00036987064117789843,0.2890625,0.4012551728967608,0.7550864919600783
primary,layered_9bar,5.5,1050909489172.2677,8.564010595326062e-07,1.01268200770327e-06,0.6756402149296579,159.9777906926079,0.0006996554399770104,0.14220528797649898,0.0003697324656072551,0.29296875,0.4068627367271374,0.7541577593843547
primary,layered_9bar,5.6,1050453387759.3461,8.567729044310396e-07,1.01268200770327e-06,0.6656458623714144,160.68137665396327,0.00068931297827932,0.14274143641923023,0.00036957199936187056,0.294921875,0.409725918074298,0.7532768794532146
primary,layered_9bar,5.7,1049937722390.4495,8.571936990233304e-07,1.01268200770327e-06,0.6557981935742548,161.35915392998706,0.0006791221000288493,0.14325728464760798,0.00036939057724109345,0.296875,0.4126144407744495,0.7524422904470055
primary,layered_9bar,5.8,1049366302567.1665,8.576604735622278e-07,1.01268200770327e-06,0.6460950895867705,162.01214383384257,0.000669080621639991,0.14375368066817237,0.00036918953950917076,0.298828125,0.41552732620438704,0.751652331446066
primary,layered_9bar,5.9,1048742638035.2413,8.581705056696254e-07,1.01268200770327e-06,0.6365344610765341,162.64132213467826,0.000659186389868508,0.14423143152185178,0.00036897012096982334,0.30078125,0.41846367899320175,0.7509051769378728
primary,layered_9bar,6.0,1048069905398.7162,8.587213461277794e-07,1.01268200770327e-06,0.6271142479451276,163.24762143658194,0.0006494372814225915,0.1446913056450507,0.00036873343922038667,0.302734375,0.4214227035735607,0.7501990035681246
primary,layered_9bar,6.1,1047351842007.031,8.593100846372104e-07,1.01268200770327e-06,0.6178324189473104,163.8319334100236,0.0006398312025779314,0.1451340350685448,0.00036848080914043637,0.306640625,0.42718439273002995,0.7495321839315927
primary,layered_9bar,6.2,1046591764192.8339,8.599341508234682e-07,1.01268200770327e-06,0.6086869713143112,164.3951108861897,0.0006303660887967898,0.14556031746692763,0.00036821339748682405,0.30859375,0.43018764671453374,0.7489030677215416
primary,layered_9bar,6.3,1045791036887.323,8.605925737121889e-07,1.01268200770327e-06,0.5996759303812232,164.93796982332515,0.0006210399043510649,0.14597081806987558,0.00036793168447157783,0.310546875,0.4332115517876026,0.748309681821605
primary,layered_9bar,6.4,1044952116957.4382,8.612834840896903e-07,1.01268200770327e-06,0.5907973492184871,165.46129115239245,0.0006118506419493325,0.14636617144468625,0.00036763653447310587,0.3125,0.43625548350703724,0.7477504425069004
primary,layered_9bar,6.5,1044077406381.279,8.620050529772076e-07,1.01268200770327e-06,0.5820493082674345,165.96582250633534,0.0006027963223678488,0.14674698315687223,0.00036732879255874665,0.314453125,0.4393188144451795,0.7472237990669602
primary,layered_9bar,6.6,1043169127504.3898,8.627555937675243e-07,1.01268200770327e-06,0.5734299149798796,166.45227983161666,0.0005938749940855052,0.14711383131101932,0.00036700924059725876,0.31640625,0.44240096720361644,0.7467283289893957
primary,layered_9bar,6.7,1042231434257.6656,8.63531813009487e-07,1.01268200770327e-06,0.564937303461729,166.92134887006432,0.0005850847329227099,0.14746726796582893,0.00036667934003049575,0.3203125,0.44829516035070216,0.7462631749186504
primary,layered_9bar,6.8,1041264631726.0076,8.64333592612431e-07,1.01268200770327e-06,0.5565696341205932,167.3736864794234,0.0005764236416841892,0.1478078204022845,0.0003663391981938597,0.322265625,0.4514147592705686,0.7458266001639098
primary,layered_9bar,6.9,1040270370236.4172,8.651596986228314e-07,1.01268200770327e-06,0.5483250933173736,167.80992172651278,0.0005678898498056839,0.14813599219783855,0.00036598939570773497,0.32421875,0.4545516036281887,0.7454173819300434
primary,layered_9bar,7.0,1039250566773.8483,8.660086689140573e-07,1.01268200770327e-06,0.5402018930218017,168.23065662992846,0.0005594815130045242,0.14845226401677414,0.00036563060700848415,0.326171875,0.45770514843831034,0.74503432764181
primary,layered_9bar,7.1,1038206891666.414,8.668792388340058e-07,1.01268200770327e-06,0.5321982704719053,168.63646634177854,0.0005511968129340644,0.14875709396149273,0.00036526341975331094,0.328125,0.46087493536869095,0.7446764239820438
primary,layered_9bar,7.2,1037143494505.5718,8.677680617656952e-07,1.01268200770327e-06,0.5243124878373805,169.02789843450802,0.000543033956841957,0.14905091723743838,0.0003648892938573619,0.33203125,0.4668677146298355,0.7443431778768609
primary,layered_9bar,7.3,1036059579638.2412,8.686759117793701e-07,1.01268200770327e-06,0.5165428318868384,169.40547080180679,0.0005349911772322449,0.14933414476754034,0.00036450794939284274,0.333984375,0.4700702093456539,0.7440331421822098
primary,layered_9bar,7.4,1034956700509.8975,8.696015973968692e-07,1.01268200770327e-06,0.5088876136589048,169.76966750906425,0.0005270667315312506,0.14960716026339166,0.0003641199328951418,0.3359375,0.47328753485036673,0.7437453345315002
primary,layered_9bar,7.5,1033836214752.5125,8.705440834411559e-07,1.01268200770327e-06,0.5013451681371435,170.12093177798735,0.0005192589017572386,0.1498703151491708,0.0003637257220082632,0.337890625,0.4765192912405752,0.7434789711437241
primary,layered_9bar,7.6,1032700781412.94,8.715012288153991e-07,1.01268200770327e-06,0.49391385392878095,170.4596552268626,0.000511565994193834,0.1501239206890227,0.00036332625224183877,0.341796875,0.4825849374393524,0.7432334828420111
primary,layered_9bar,7.7,1031551876198.3817,8.724718754007845e-07,1.01268200770327e-06,0.48659205294719765,170.7861625995483,0.0005039863390671643,0.15036823675387875,0.0003629220427812674,0.34375,0.48584601508202735,0.743008234729569
primary,layered_9bar,7.8,1030389451808.2465,8.734561465284568e-07,1.01268200770327e-06,0.4793781700981656,171.1006915958109,0.0004965182902267113,0.15060345694841207,0.00036251307698518804,0.345703125,0.4891202347021247,0.7428021017129053
primary,layered_9bar,7.9,1029214641038.5128,8.744531646886302e-07,1.01268200770327e-06,0.47227063296979943,171.40336813314693,0.0004891602248298398,0.1508296903543359,0.000362099753395487,0.34765625,0.49240722938519454,0.7426144615955695
primary,layered_9bar,8.0,1028029387450.9343,8.754613544964979e-07,1.01268200770327e-06,0.4652678915261951,171.6941784338967,0.00048191054302998475,0.1510469409374928,0.00036168275579881443,0.3515625,0.49853954882149276,0.7424447752928753
primary,layered_9bar,8.1,1026836116356.5994,8.764787152144231e-07,1.01268200770327e-06,0.4583684178047254,171.97294064974997,0.00047476766766846773,0.151255086643902,0.00036126293747155405,0.353515625,0.5018526634607641,0.7422928236216103
primary,layered_9bar,8.2,1025633986225.8936,8.775060227009454e-07,1.01268200770327e-06,0.45157070561696594,172.23928009659076,0.00046773004396991936,0.15145386121552334,0.0003608400023455646,0.35546875,0.5051773053276548,0.7421574307691956
primary,layered_9bar,8.3,1024423994303.3461,8.785424833904248e-07,1.01268200770327e-06,0.444873270253219,172.49261325583942,0.00046079613924127945,0.15164284255184277,0.0003604143012728293,0.357421875,0.5085131078717424,0.7420380687049488
primary,layered_9bar,8.4,1023208141523.7284,8.795864335674159e-07,1.01268200770327e-06,0.43827464819060913,172.73214613103562,0.0004539644425743511,0.15182145175244224,0.00035998653822505477,0.361328125,0.514705853466898,0.7419343008322241
primary,layered_9bar,8.5,1021988596284.3995,8.806360494354749e-07,1.01268200770327e-06,0.4317733968047184,172.95689199881392,0.0004472334645518799,0.1519889665548018,0.0003595574760908725,0.36328125,0.5180644624558657,0.7418459183257835
primary,layered_9bar,8.6,1020764511236.4485,8.816920945947005e-07,1.01268200770327e-06,0.42536809408473253,173.16571188358074,0.00044060173695713225,0.15214455160224796,0.0003591268167547879,0.365234375,0.5214328730437678,0.7417717628034338
primary,layered_9bar,8.7,1019536857299.4105,8.82753765649979e-07,1.01268200770327e-06,0.41905733835206704,173.35737828595776,0.000434067812486945,0.15228730589596093,0.0003586949018070877,0.3671875,0.5248106675193517,0.7417113184497298
primary,layered_9bar,8.8,1018308404115.8801,8.83818690253668e-07,1.01268200770327e-06,0.41283974798244394,173.5306591674516,0.0004276302644682189,0.15241632517331202,0.000358262705667354,0.37109375,0.5310568030429454,0.7416643333977254
primary,layered_9bar,8.9,1017079927245.0789,8.848862079480732e-07,1.01268200770327e-06,0.4067139611313879,173.68441555017048,0.00042128768657782796,0.15253077426747125,0.0003578305011939311,0.373046875,0.5344535669498285,0.741630220812003
primary,layered_9bar,9.0,1015851215833.0911,8.85956512107846e-07,1.01268200770327e-06,0.400678635463112,173.81770307292078,0.0004150386925659174,0.15262996228799483,0.0003573982142038956,0.375,0.5378581311001411,0.7416079784941739
primary,layered_9bar,9.1,1014623261680.106,8.870287465218348e-07,1.01268200770327e-06,0.3947324478827615,173.92986614860249,0.0004088819159825603,0.15271341222858834,0.0003569661936337955,0.376953125,0.5412699989986597,0.7415970652924622
primary,layered_9bar,9.2,1013400123346.877,8.88099359044521e-07,1.01268200770327e-06,0.388874094271986,174.02061345631043,0.00040281600990774597,0.1527809166932038,0.00035653586737222586,0.380859375,0.5475611159491264,0.7415976032221134
primary,layered_9bar,9.3,1012179967395.0295,8.891699391327231e-07,1.01268200770327e-06,0.38310228922780787,174.09006547358524,0.0003968396466846701,0.15283257290213131,0.00035610659037629995,0.3828125,0.5509875368221364,0.7416083621003126
primary,layered_9bar,9.4,1010963675199.2969,8.902397010679716e-07,1.01268200770327e-06,0.3774157658047578,174.13876830196156,0.00039095151765629945,0.1528687927648522,0.00035567867273252524,0.384765625,0.5544195741451611,0.7416287394801909
primary,layered_9bar,9.5,1009753768192.3899,8.913064039475034e-07,1.01268200770327e-06,0.3718132752602446,174.16767251462494,0.00038515033290518086,0.15289028710774702,0.00035525300153493086,0.388671875,0.5607403707591335,0.7416586902143784
primary,layered_9bar,9.6,1008551019159.7703,8.923693327381646e-07,1.01268200770327e-06,0.36629358680313034,174.1780803263036,0.00037943482099646585,0.15289802651084403,0.0003548298486659931,0.390625,0.5641836149630802,0.7416977188716795
primary,layered_9bar,9.7,1007354661654.5942,8.934291310289242e-07,1.01268200770327e-06,0.3608554873454775,174.17156823360594,0.00037380372872412144,0.1528931840387094,0.0003544089444732972,0.392578125,0.5676309473610243,0.7417450517980374
primary,layered_9bar,9.8,1006166077893.6617,8.944845386599467e-07,1.01268200770327e-06,0.35549778125743936,174.14989477700718,0.00036825582086029885,0.15287706699134415,0.00035399077525031646,0.396484375,0.5739764237629237,0.7418005145284731
primary,layered_9bar,9.9,1004987801751.1842,8.955332576492534e-07,1.01268200770327e-06,0.35021929012526193,174.1149039294498,0.00036278987990783006,0.1528510454290689,0.00035357623246826624,0.3984375,0.5774319721002358,0.7418643084229148
primary,layered_9bar,10.0,1003817785403.987,8.965770611822687e-07,1.01268200770327e-06,0.34501885251236536,174.06843386649925,0.0003574047058558223,0.15281648467391415,0.0003531645956590956,0.400390625,0.5808903236673489,0.7419355537985134
primary,layered_9bar,10.1,1002656554020.9424,8.976154361039581e-07,1.01268200770327e-06,0.33989532372347564,174.01223885973315,0.00035209911593832234,0.15277468750813167,0.00035275604958846134,0.404296875,0.5872561553154911,0.7420140565679106
primary,layered_9bar,10.2,1001507753982.2146,8.986450643256655e-07,1.01268200770327e-06,0.33484757557177475,173.9479292794081,0.0003468719443960206,0.1527268497599024,0.0003523518771309996,0.40625,0.5907202888312993,0.7421005613580957
primary,layered_9bar,10.3,1000368483795.4668,8.996684867413436e-07,1.01268200770327e-06,0.32987449614903885,173.87693175915993,0.00034172204224096537,0.15267403080206557,0.00035195105747956525,0.408203125,0.5941861926451878,0.7421940881856149
primary,layered_9bar,10.4,999238963983.3761,9.006854540701967e-07,1.01268200770327e-06,0.3249749895987327,173.800468952159,0.0003366482770242573,0.15261713855112607,0.0003515536682187589,0.41015625,0.5976536440269378,0.7422946332103373
primary,layered_9bar,10.5,998122637419.5085,9.016928043299474e-07,1.01268200770327e-06,0.3201479758920314,173.71955632588046,0.0003316495326066962,0.15255692708606222,0.0003511609206252371,0.4140625,0.6040385644330749,0.7424029117034966
primary,layered_9bar,10.6,997016855112.5802,9.026928636009615e-07,1.01268200770327e-06,0.3153923906067381,173.63501224780856,0.0003267247089323499,0.1524940041190471,0.0003507718827271328,0.416015625,0.6075092981779913,0.7425182719186214
primary,layered_9bar,10.7,995921568396.3385,9.036856199923512e-07,1.01268200770327e-06,0.31070718470906517,173.54747718580091,0.000321872721805014,0.15242884522898073,0.00035038653740261595,0.41796875,0.6109807804545079,0.742640592647129
primary,layered_9bar,10.8,994840007258.2827,9.046680807302313e-07,1.01268200770327e-06,0.30609132433825303,173.45743804319056,0.00031709250266753763,0.15236181191045106,0.00035000602103046544,0.421875,0.6173786279598265,0.7427707644366146
primary,layered_9bar,10.9,993769627941.814,9.056424896622981e-07,1.01268200770327e-06,0.3015437905939913,173.36525426726234,0.0003123829983839808,0.152293170946133,0.0003496294386626302,0.423828125,0.6208518091962195,0.7429080855602148
primary,layered_9bar,11.0,992710170671.7329,9.066090250601552e-07,1.01268200770327e-06,0.2970635793266152,173.27118320041686,0.00030774317102457755,0.15222311322442464,0.00034925669890463153,0.42578125,0.6243250958962714,0.7430525360394024
primary,layered_9bar,11.1,991665205269.2543,9.07564362667776e-07,1.01268200770327e-06,0.29264970093004633,173.17540300773015,0.0003031719976534743,0.1521517707640656,0.00034888905769602755,0.4296875,0.6307331900651929,0.7432050480191027
primary,layered_9bar,11.2,990631592840.6345,9.085113038029116e-07,1.01268200770327e-06,0.28830118013744765,173.07803228666694,0.00029866847011921497,0.15207923127987313,0.00034852541070677363,0.431640625,0.6342066598393322,0.743364833368124
primary,layered_9bar,11.3,989609647989.1774,9.094495004456976e-07,1.01268200770327e-06,0.2840170558195638,172.97914607453154,0.00029423159484794406,0.15200555007640038,0.0003481658686210498,0.435546875,0.6406226953753158,0.7435320261491486
primary,layered_9bar,11.4,988602446181.3658,9.103760601406492e-07,1.01268200770327e-06,0.27979638078571456,172.87878839532078,0.0002898603926392963,0.15193075937299166,0.0003478115134538322,0.4375,0.6440953056490131,0.7437074150459523
primary,layered_9bar,11.5,987606787052.7501,9.112938588502522e-07,1.01268200770327e-06,0.27563822158741613,172.77698174290973,0.0002855538984649491,0.15185487535372738,0.0003474612192483651,0.439453125,0.6475669227299621,0.7438902648338372
primary,layered_9bar,11.6,986623970862.5275,9.12201635657809e-07,1.01268200770327e-06,0.27154165832459687,172.67373401442669,0.00028131116126980357,0.15177790332306032,0.00034711544346368174,0.443359375,0.6539887718840632,0.7440808656969715
primary,layered_9bar,11.7,985655503757.9973,9.130979298229254e-07,1.01268200770327e-06,0.2675057844543804,172.56904342562513,0.0002771312437757693,0.15169984136167977,0.0003467747159946592,0.4453125,0.6574580051649263,0.7442797262545061
primary,layered_9bar,11.8,984698999588.0618,9.139848830723961e-07,1.01268200770327e-06,0.263529706602407,172.4629018963937,0.00027301322228812314,0.15162068284500635,0.00034643819734223697,0.447265625,0.6609255305050707,0.7444861894379188
primary,layered_9bar,11.9,983756621707.0012,9.148604239515381e-07,1.01268200770327e-06,0.2596125443766637,172.35529731974074,0.00026895618650441395,0.1515404181313512,0.00034610664862078365,0.451171875,0.667350514544893,0.7447009029698066
primary,layered_9bar,12.0,982828051827.7823,9.157247784353066e-07,1.01268200770327e-06,0.2557534301837951,172.2462150434626,0.00026495923932588457,0.15145903566439198,0.000345779957850104,0.453125,0.6708140991827458,0.7449237838881326
primary,layered_9bar,12.1,981911758362.9774,9.165793080026468e-07,1.01268200770327e-06,0.2519515090478653,172.13563881393335,0.0002610214966713834,0.15137652267540924,0.00034545758618493905,0.455078125,0.6742753074127125,0.7451544753787034
primary,layered_9bar,12.2,981011179249.593,9.174207379455543e-07,1.01268200770327e-06,0.24820593843154468,172.02355136310734,0.00025714208729373856,0.15129286561995917,0.00034514074316515785,0.458984375,0.6807006059400472,0.7453939123548439
primary,layered_9bar,12.3,980123584388.8854,9.182515494320616e-07,1.01268200770327e-06,0.24451588805969107,171.90993476533916,0.0002533201525985648,0.15120805044317057,0.000344828468283552,0.4609375,0.6841562462417594,0.7456413790451321
primary,layered_9bar,12.4,979249521167.8203,9.190711667917795e-07,1.01268200770327e-06,0.2408805397452996,171.794770649562,0.0002495548464654787,0.1511220627373214,0.00034452095412257935,0.46484375,0.6905826040940808,0.7458971048312001
primary,layered_9bar,12.5,978391123816.9027,9.198775194207783e-07,1.01268200770327e-06,0.23729908721779078,171.67804032283763,0.0002458453350716907,0.15103488783339025,0.0003442189515502403,0.466796875,0.6940315303087705,0.7461615863978692
primary,layered_9bar,12.6,977545530360.7142,9.206732290698522e-07,1.01268200770327e-06,0.23377073595361259,171.55972484090228,0.00024219079671795093,0.15094651085310765,0.0003439214536622879,0.46875,0.6974768903714026,0.7464341914001211
primary,layered_9bar,12.7,976715487306.5316,9.214556456782637e-07,1.01268200770327e-06,0.23029470300912658,171.43980504774902,0.00023859042165681898,0.1508569167379224,0.00034362942673880393,0.47265625,0.7038986462143482,0.7467155933579961
primary,layered_9bar,12.8,975899805510.2141,9.222258216656447e-07,1.01268200770327e-06,0.226870216855752,171.31826159753646,0.00023504341192323157,0.15076609026478385,0.00034334245241341175,0.474609375,0.7073356104731203,0.7470055461773077
primary,layered_9bar,12.9,975097764592.7301,9.229843741626294e-07,1.01268200770327e-06,0.22349651721734098,171.19507496664156,0.00023154898116734183,0.1506740160545651,0.00034306027724133976,0.478515625,0.7137550368474337,0.7473038710685964
primary,layered_9bar,13.0,974312472532.256,9.237282959756058e-07,1.01268200770327e-06,0.22017285490975766,171.07022546034554,0.00022810635448960274,0.15058067857647303,0.00034278399467587393,0.48046875,0.7171824140415145,0.747611381495303
primary,layered_9bar,13.1,973540537033.5228,9.244607345703258e-07,1.01268200770327e-06,0.2168984916826357,170.943693216676,0.00022471476827806981,0.1504860621503264,0.00034251241123488594,0.482421875,0.7206049565341603,0.7479272562915806
primary,layered_9bar,13.2,972784590621.72,9.251791287368128e-07,1.01268200770327e-06,0.21367270006328598,170.81545820879077,0.00022137347004789478,0.15039015094773495,0.0003422464530971181,0.486328125,0.7270146865120555,0.748252129121527
primary,layered_9bar,13.3,972043717829.1844,9.258842822521645e-07,1.01268200770327e-06,0.21049476320273128,170.68550024665075,0.000218081718282987,0.15029292899273688,0.00034198579818144,0.48828125,0.7304259090225939,0.7485858542879446
primary,layered_9bar,13.4,971317196702.6676,9.265768206876516e-07,1.01268200770327e-06,0.207363974723839,170.5537989783748,0.0002148387822798141,0.15019438016218797,0.00034173019248923673,0.4921875,0.7368297764552916,0.7489281926826911
primary,layered_9bar,13.5,970607851273.3436,9.27253987096114e-07,1.01268200770327e-06,0.20427963857152892,170.42033389148241,0.00021164394199331884,0.1500944881860556,0.00034148062957515765,0.494140625,0.7402284437234227,0.7492799365413682
primary,layered_9bar,13.6,969912407315.4739,9.279188442294727e-07,1.01268200770327e-06,0.20124106886502852,170.2850843141285,0.00020849648788492432,0.14999323664769595,0.0003412359574964638,0.49609375,0.7436209573106757,0.7496402309306732
primary,layered_9bar,13.7,969233931923.0728,9.28568398564313e-07,1.01268200770327e-06,0.19824758975215215,170.1480294163843,0.00020539572077260475,0.14989060898415407,0.0003409972553225174,0.5,0.7500098697154711,0.7500098697154711
primary,layered_9bar,13.8,968565346175.4332,9.292093750347597e-07,1.01268200770327e-06,0.1952985352655784,170.00914821159085,0.00020234095168299529,0.14978658848650742,0.00034076203253740456,0.501953125,0.7511369850286909,0.7503852541120173
primary,layered_9bar,13.9,967897819290.0844,9.298502197888153e-07,1.01268200770327e-06,0.19239324918110087,169.86841955779946,0.00019933150170551667,0.1496811583002623,0.0003405271822827232,0.505859375,0.7530174412810311,0.7507608620348573
primary,layered_9bar,14.0,967231644854.2349,9.304906480139337e-07,1.01268200770327e-06,0.18953108487782805,169.7258221593091,0.00019636670184848998,0.14957430142581224,0.0003402928078487411,0.5078125,0.7541468225299659,0.7511364725200202
primary,layered_9bar,14.1,966566224614.4689,9.311312324812302e-07,1.01268200770327e-06,0.1867114052003081,169.58133456830308,0.00019344589289721766,0.14946600071895866,0.0003400586987570938,0.509765625,0.7552774642645389,0.7515125568619914
primary,layered_9bar,14.2,965902551642.3674,9.317710140320984e-07,1.01268200770327e-06,0.18393358232255408,169.43493518659062,0.00019056842527400607,0.14935623889149902,0.00033982520439163207,0.513671875,0.7571624399144468,0.7518883497558305
primary,layered_9bar,14.3,965239684496.7129,9.324108969569256e-07,1.01268200770327e-06,0.18119699761394628,169.28660226745657,0.00018773365890010623,0.14924499851188405,0.0003395919935331728,0.515625,0.758295260822458,0.7522645898242488
primary,layered_9bar,14.4,964578307073.919,9.330502183178684e-07,1.01268200770327e-06,0.17850104150698728,169.1363139176212,0.00018494096305954804,0.14913226200594662,0.0003393593067911212,0.51953125,0.7601836767912625,0.7526407508746962
primary,layered_9bar,14.5,963918107280.7133,9.336892763006277e-07,1.01268200770327e-06,0.17584511336688768,168.98404809931307,0.00018218971626484643,0.14901801165770337,0.0003391270343643801,0.521484375,0.7613185993453867,0.7530170821771655
primary,layered_9bar,14.6,963259160997.6855,9.343279944182773e-07,1.01268200770327e-06,0.17322862136295747,168.8297826324583,0.00017947930612455373,0.14890222961023247,0.00033889520294936594,0.525390625,0.7632103603028396,0.7533935306278844
primary,layered_9bar,14.7,962601771682.2092,9.349660747322243e-07,1.01268200770327e-06,0.1706509823417819,168.67349519698877,0.00017680912921263706,0.1487848978666294,0.000338663919308882,0.52734375,0.7643472816182088,0.7537698645524954
primary,layered_9bar,14.8,961945364468.1016,9.356040719606215e-07,1.01268200770327e-06,0.16811162170215815,168.51516333527127,0.00017417859093965752,0.14866599829104168,0.0003384329811926931,0.53125,0.7662423112929323,0.7541465396546038
primary,layered_9bar,14.9,961290900539.1323,9.36241047840193e-07,1.01268200770327e-06,0.16560997327177018,168.3547644546611,0.0001715871054257273,0.14854551260978618,0.00033820272676583535,0.533203125,0.767381148160271,0.7545228080217701
primary,layered_9bar,15.0,960637383033.7893,9.368779686229883e-07,1.01268200770327e-06,0.1631454791855805,168.19227583018315,0.00016903409537522468,0.14842342241255088,0.00033797280531107875,0.53515625,0.768521129647351,0.7548994567850751
primary,layered_9bar,15.1,959985747159.7424,9.375139189959653e-07,1.01268200770327e-06,0.16071758976591569,168.02767460734188,0.0001665189919532422,0.14829970915368237,0.000337743545854511,0.5390625,0.7704200100206402,0.7552757566029796
primary,layered_9bar,15.2,959335312671.005,9.381495584627212e-07,1.01268200770327e-06,0.1583257634042244,167.86093780506476,0.00016404123466374766,0.14817435415356262,0.0003375147090710252,0.541015625,0.7715617922040986,0.755652247040453
primary,layered_9bar,15.3,958686566225.0813,9.387844074459443e-07,1.01268200770327e-06,0.15596946644448664,167.6920423187808,0.00016160027122943596,0.14804733860007657,0.00033728646617715407,0.544921875,0.7734636715187194,0.7560285498526438
primary,layered_9bar,15.4,958039345453.1627,9.394186201969508e-07,1.01268200770327e-06,0.15364817306825196,167.52096492363683,0.00015919555747324934,0.1479186435501725,0.0003370587600480733,0.546875,0.7746071521963432,0.7564047973209779
primary,layered_9bar,15.5,957393613857.3387,9.40052228230247e-07,1.01268200770327e-06,0.15136136518128646,167.3476822778554,0.00015682655720154585,0.14778824993151848,0.0003368315778430362,0.55078125,0.7765119300729932,0.7567810227296968
primary,layered_9bar,15.6,956749725303.1989,9.406848794388579e-07,1.01268200770327e-06,0.14910853230180723,167.1721709262361,0.00015449274208889437,0.14765613854425663,0.0003366050440595361,0.552734375,0.7776570141125401,0.7571569504659112
primary,layered_9bar,15.7,956107157980.5404,9.413170819690879e-07,1.01268200770327e-06,0.1468891714502834,166.99440730380365,0.00015219359156447507,0.14752229006285703,0.00033637897511356793,0.556640625,0.7795645676390742,0.7575329973073461
primary,layered_9bar,15.8,955466710903.5035,9.41948044583308e-07,1.01268200770327e-06,0.14470278704078374,166.81436773960547,0.00014992859270006523,0.1473866850380752,0.00033615365211541864,0.55859375,0.7807111647113598,0.7579085341306747
primary,layered_9bar,15.9,954827472401.541,9.425786605577641e-07,1.01268200770327e-06,0.14254889077384994,166.63202846066102,0.000147697240099589,0.14724930389901353,0.00033592875431986453,0.5625,0.7826213552275535,0.758284287302355
primary,layered_9bar,16.0,954190562531.1954,9.432078196335925e-07,1.01268200770327e-06,0.14042700153087675,166.4473655960667,0.00014549903579021253,0.1471101269552908,0.0003357046757867856,0.564453125,0.7837693834407109,0.7586593710570223
primary,layered_9bar,16.1,953554939530.2308,9.438365454258832e-07,1.01268200770327e-06,0.13833664526997752,166.26035518125823,0.0001433334891149622,0.14696913439932124,0.00033548105000191574,0.56640625,0.784918297760551,0.7590346161967594
primary,layered_9bar,16.2,952921546449.176,9.444638998390005e-07,1.01268200770327e-06,0.13627735492331705,166.0709731624333,0.00014120011662684795,0.14682630630870572,0.00033525820875062834,0.5703125,0.7868314387025853,0.7594092755026698
primary,layered_9bar,16.3,952289671572.412,9.450905820640985e-07,1.01268200770327e-06,0.13424867029589158,165.87919540113813,0.00013909844198447144,0.14668162264873796,0.0003350359016361258,0.572265625,0.7879816040921114,0.75978391841366
primary,layered_9bar,16.4,951659954178.2488,9.457159524771043e-07,1.01268200770327e-06,0.13225013796573684,165.68499767901932,0.0001370279958490991,0.1465350632750274,0.000334814353570209,0.576171875,0.7898970716563076,0.7601580377401121
primary,layered_9bar,16.5,951031918705.4286,9.463404774311942e-07,1.01268200770327e-06,0.13028131118554553,165.48835570274483,0.00013498831578318194,0.1463866079362422,0.00033459339724024233,0.578125,0.7910484030494817,0.7605320153446214
primary,layered_9bar,16.6,950406019491.1923,9.469636992427957e-07,1.01268200770327e-06,0.12834174978567545,165.28924510909584,0.00013297894615030243,0.14623623627697357,0.0003343731924917977,0.58203125,0.7929660648602673,0.7609054902323115
primary,layered_9bar,16.7,949781949367.5375,9.475859175880449e-07,1.01268200770327e-06,0.1264310200785292,165.0876414702331,0.0001309994380165296,0.1460839278407254,0.0003341536312565933,0.583984375,0.7941184457232255,0.7612787099837658
primary,layered_9bar,16.8,949160009648.9019,9.482068258785088e-07,1.01268200770327e-06,0.1245486947642882,164.88352029913892,0.0001290493490531642,0.14592966207303001,0.00033393481954350145,0.587890625,0.7960381669398493,0.7616514349090758
primary,layered_9bar,16.9,948540066062.9635,9.488265516664623e-07,1.01268200770327e-06,0.12269435283798193,164.6768570552393,0.00012712824344085548,0.14577341832469434,0.0003337167101126437,0.58984375,0.7971914480991237,0.7620237740222338
primary,layered_9bar,17.0,947922193805.8527,9.494450133998363e-07,1.01268200770327e-06,0.12086757949787513,164.4676271502065,0.00012523569177507103,0.14561517585517675,0.0003334993294196291,0.59375,0.7991131184392812,0.7623956682321781
primary,layered_9bar,17.1,947306503728.0674,9.500620933753801e-07,1.01268200770327e-06,0.11906796605515513,164.2558059539465,0.00012337127097290234,0.1454549138360996,0.00033328271646403693,0.595703125,0.8002671761204546,0.7627670293363167
primary,layered_9bar,17.2,946692845760.1411,9.50677935331127e-07,1.01268200770327e-06,0.11729510984490191,164.0413688007719,0.0001215345641811879,0.14529261135489738,0.0003330668184482148,0.599609375,0.8021906493960819,0.763137978928623
primary,layered_9bar,17.3,946081534673.2378,9.512922163847605e-07,1.01268200770327e-06,0.11554861413832315,163.82429099576453,0.00011972516068593617,0.14512824741860486,0.00033285174611539966,0.6015625,0.8033453579935629,0.7635082638856341
primary,layered_9bar,17.4,945472272210.6703,9.519052292201562e-07,1.01268200770327e-06,0.11382808805623827,163.60454782132757,0.00011794265582303178,0.14496180095778619,0.0003326373945325013,0.60546875,0.8052704551237105,0.7638781250911855
primary,layered_9bar,17.5,944865433229.6603,9.525165895038566e-07,1.01268200770327e-06,0.11213314648379324,163.38211454393237,0.00011618665089020675,0.14479325083060882,0.00033242389558231847,0.607421875,0.8064257135030272,0.7642472599419239
primary,layered_9bar,17.6,944260712518.4636,9.531265974198856e-07,1.01268200770327e-06,0.11046340998639102,163.156966421059,0.00011445675306026115,0.14462257582706303,0.00033221114188482296,0.611328125,0.8083522812616659,0.7646159150262057
primary,layered_9bar,17.7,943658482457.1509,9.537348699039184e-07,1.01268200770327e-06,0.10881850472681952,162.92907870833488,0.00011275257529551478,0.1444497546733307,0.00033199926445129884,0.61328125,0.8095079481715463,0.7649837886141158
primary,layered_9bar,17.8,943058443937.5623,9.54341701498605e-07,1.01268200770327e-06,0.10719806238356229,162.69842666687222,0.00011107373626347476,0.14427476603630499,0.0003317881580490895,0.6171875,0.8114358346593554,0.7653511224483047
primary,layered_9bar,17.9,942460987687.5574,9.549466893141747e-07,1.01268200770327e-06,0.10560172007027523,162.46498557080614,0.00010941986025370217,0.1440975885282631,0.0003315779601446241,0.619140625,0.8125917413558654,0.7657175987528289
primary,layered_9bar,18.0,941865745872.5153,9.55550198044699e-07,1.01268200770327e-06,0.10402912025641323,162.2287307150363,0.00010779057709586115,0.14391820071169545,0.0003313685413258052,0.623046875,0.8145208134269085,0.7660835151979801
primary,layered_9bar,18.1,941273196617.7393,9.56151734941518e-07,1.01268200770327e-06,0.10247991068899158,161.9896374231717,0.00010618552207893519,0.14373658110429144,0.00033116006980735444,0.625,0.8156768149741395,0.7664484818088789
primary,layered_9bar,18.2,940682913501.13,9.567517248190337e-07,1.01268200770327e-06,0.10095374431546607,161.74768105568208,0.00010460433587159398,0.14355270818408614,0.0003309523955648446,0.62890625,0.8176068950196165,0.7668128441135167
primary,layered_9bar,18.3,940095392142.9442,9.573496557072288e-07,1.01268200770327e-06,0.09945027920771753,161.50283701825614,0.00010304666444369656,0.14336656039476875,0.0003307456929680966,0.630859375,0.8187628538867087,0.7671761965936776
primary,layered_9bar,18.4,939510244712.4982,9.579459139111476e-07,1.01268200770327e-06,0.09796917848712398,161.25508077036883,0.00010151215898891336,0.14317811615115547,0.00033053982556996995,0.634765625,0.8206937472808428,0.7675388535631003
primary,layered_9bar,18.5,938927859411.7599,9.585400954700096e-07,1.01268200770327e-06,0.09651011025070769,161.0043878340572,0.00010000047584845433,0.14298735384482794,0.00033033492994823094,0.63671875,0.8218495339452272,0.76790049591182
primary,layered_9bar,18.6,938347998450.2437,9.59132434327586e-07,1.01268200770327e-06,0.09507274749834005,160.7507338029077,9.851127643588573e-05,0.14279425184994046,0.00033013092244309395,0.640625,0.8237810649366339,0.7682613155363414
primary,layered_9bar,18.7,937770909164.9835,9.59722669155289e-07,1.01268200770327e-06,0.09365676806099196,160.49409435125474,9.704422716302269e-05,0.14259878852919708,0.0003299278900730248,0.642578125,0.8249365013990366,0.7686211074236591
primary,layered_9bar,18.8,937196463142.1085,9.603109224106532e-07,1.01268200770327e-06,0.09226185453001326,160.23444524359093,9.559899936688131e-05,0.1424009422399999,0.00032972578765927353,0.646484375,0.8268685100627176,0.7689799738586062
primary,layered_9bar,18.9,936624826807.6439,9.608970147284324e-07,1.01268200770327e-06,0.09088769418742877,159.9717623441908,9.417526923767697e-05,0.14220069134077218,0.00032952467375408007,0.6484375,0.8280234173510171,0.7693377752692024
primary,layered_9bar,19.0,936055929566.2786,9.614810093847864e-07,1.01268200770327e-06,0.08953397893723596,159.70602162694672,9.277271774785407e-05,0.14199801419745536,0.00032932452352050205,0.65234375,0.8299557354938119,0.7696945662614875
primary,layered_9bar,19.1,935489885970.8623,9.620627796162324e-07,1.01268200770327e-06,0.0882004052376903,159.43719918541888,9.13910305821325e-05,0.14179288919018393,0.00032912537726068546,0.654296875,0.8311099462615169,0.7700502491544806
primary,layered_9bar,19.2,934926726559.5535,9.626422846118853e-07,1.01268200770327e-06,0.08688667403456549,159.16527124309806,9.002989806855817e-05,0.14158529472013814,0.00032892724571860835,0.658203125,0.8330423529573561,0.770404794965859
primary,layered_9bar,19.3,934366381169.682,9.632195872387226e-07,1.01268200770327e-06,0.08559249069537408,158.89021416388104,8.868901511054243e-05,0.14137520921657598,0.00032873010420954085,0.66015625,0.8341957270542044,0.7707582575461376
primary,layered_9bar,19.4,933809121551.6941,9.637943978363437e-07,1.01268200770327e-06,0.08431756494453597,158.61200446276024,8.736808111987779e-05,0.14116261114404735,0.0003285340483411098,0.6640625,0.8361280213112514,0.7711104085208771
primary,layered_9bar,19.5,933254616165.2167,9.643670488319025e-07,1.01268200770327e-06,0.08306161079948089,158.33061881672353,8.606679995071568e-05,0.1409474790097891,0.0003283389614703116,0.666015625,0.8372803831123176,0.7714615171466086
primary,layered_9bar,19.6,932703405422.6451,9.64936972211626e-07,1.01268200770327e-06,0.08182434650767266,158.04603407586728,8.478487983449375e-05,0.1407297913713041,0.00032814503372580075,0.669921875,0.8392123715495523,0.7718111321616845
primary,layered_9bar,19.7,932154920406.8093,9.655047463647177e-07,1.01268200770327e-06,0.08060549448454185,157.75822727471854,8.352203331579904e-05,0.14050952684412435,0.0003279520649503325,0.671875,0.84036350727202,0.7721597192393282
primary,layered_9bar,19.8,931609878618.5231,9.660696184701292e-07,1.01268200770327e-06,0.07940478125231418,157.46717564376692,8.227797718915399e-05,0.14028666410975893,0.00032776030757605964,0.67578125,0.8422950188646864,0.7725066791659904
primary,layered_9bar,19.9,931067559855.9233,9.66632324875833e-07,1.01268200770327e-06,0.07822193737972265,157.172856621204,8.105243243671308e-05,0.1400611819238278,0.00032756950822054236,0.677734375,0.8434447420711279,0.7728526035440514
primary,layered_9bar,20.0,930528855740.9971,9.67191930102279e-07,1.01268200770327e-06,0.07705669742259058,156.87524786486884,7.984512416685698e-05,0.13983305912438193,0.00032737998057549145,0.681640625,0.8453755582977622,0.7731967470134239
primary,layered_9bar,20.1,929992447611.4642,9.677497944327452e-07,1.01268200770327e-06,0.07590879986527362,156.5743272643977,7.865578155367193e-05,0.13960227464041017,0.00032719126070727506,0.685546875,0.8473070513154601,0.7735401995118195
primary,layered_9bar,20.2,929459281615.4065,9.683049250267252e-07,1.01268200770327e-06,0.0747779870629486,156.27007295357524,7.748413777730186e-05,0.13936880750053285,0.00032700368149105193,0.6875,0.8484548277829771,0.7738821696092384
primary,layered_9bar,20.3,928928468188.5203,9.688582391656777e-07,1.01268200770327e-06,0.07366400518473747,155.96246332288533,7.632992996516142e-05,0.13913263684188276,0.00032681692995904825,0.69140625,0.8503862069177254,0.7742233925449542
primary,layered_9bar,20.4,928400807946.557,9.694088935474172e-07,1.01268200770327e-06,0.07256660415765466,155.65147703225887,7.519289913399766e-05,0.13889374191917325,0.00032663128778503227,0.693359375,0.8515330332963512,0.7745631963178645
primary,layered_9bar,20.5,927875725935.6204,9.699574790497812e-07,1.01268200770327e-06,0.0714855376113661,155.33709302401476,7.407279013278868e-05,0.13865210211395282,0.00032644655268790937,0.697265625,0.8534641132009221,0.7749020549044607
primary,layered_9bar,20.6,927353697254.0817,9.705034903779684e-07,1.01268200770327e-06,0.07042056282374862,155.01929053599113,7.296935158646738e-05,0.13840769694404623,0.0003262628918174618,0.69921875,0.8546098219983658,0.7752395662740209
primary,layered_9bar,20.7,926834484120.3372,9.71047166910491e-07,1.01268200770327e-06,0.06937144066723869,154.6980491148645,7.188233584045897e-05,0.1381605060731822,0.00032608022151702875,0.703125,0.8565404131631127,0.7755759232320334
primary,layered_9bar,20.8,926318213806.7179,9.715883662714966e-07,1.01268200770327e-06,0.06833793555595893,154.37334862965022,7.08114989060208e-05,0.13791050932080512,0.00032589858656374216,0.705078125,0.857684832906384,0.7759110134787944
primary,layered_9bar,20.9,925805007760.989,9.72126951631643e-07,1.01268200770327e-06,0.06731981539361193,154.04516928538285,6.975660040637314e-05,0.13765768667207187,0.00032571802968552673,0.708984375,0.8596147416599486,0.7762447290620654
primary,layered_9bar,21.0,925294623617.0121,9.726631680640978e-07,1.01268200770327e-06,0.06631685152213013,153.71349163697033,6.871740352361e-05,0.13740201828803128,0.0003255384656127843,0.7109375,0.8607576969037906,0.7765772668580445
primary,layered_9bar,21.1,924787563618.4658,9.731964782036231e-07,1.01268200770327e-06,0.06532881867107153,153.37829660321762,6.769367494637904e-05,0.1371434845159855,0.00032536007104559753,0.71484375,0.8626867254194602,0.7769081988853722
primary,layered_9bar,21.2,924283194430.4363,9.73727538727565e-07,1.01268200770327e-06,0.06435549490775024,153.03956548101434,6.668518481831941e-05,0.1368820659000311,0.0003251826231631797,0.716796875,0.8638280367603283,0.7772380503313085
primary,layered_9bar,21.3,923782420182.2957,9.742553877810292e-07,1.01268200770327e-06,0.06339666158809179,152.6972799596818,6.569170668724746e-05,0.13661774319177908,0.00032500644005760746,0.720703125,0.8657559830683073,0.777566054223552
primary,layered_9bar,21.4,923284335551.7876,9.747809697888224e-07,1.01268200770327e-06,0.062452103308203076,152.35142213547263,6.471301745507936e-05,0.13635049736125085,0.00032483120321712193,0.724609375,0.8676840273062301,0.7778929650696328
primary,layered_9bar,21.5,922789847650.6,9.753033177503823e-07,1.01268200770327e-06,0.0615216078566462,152.00197452621703,6.374889732848027e-05,0.13608030960794815,0.0003246572317830424,0.7265625,0.8688221251700018,0.7782180117142664
primary,layered_9bar,21.6,922298262861.5337,9.758231542230701e-07,1.01268200770327e-06,0.06060496616740701,151.64892008611005,6.279912977023e-05,0.13580716137209506,0.00032448428172598314,0.73046875,0.8707487729673632,0.7785417712155825
primary,layered_9bar,21.7,921810117903.5868,9.763399018084244e-07,1.01268200770327e-06,0.05970197227354808,151.29224222063183,6.186350145129501e-05,0.1355310343460484,0.00032431254187518247,0.732421875,0.8718847542756366,0.7788637832077115
primary,layered_9bar,21.8,921325174401.0721,9.768538025513793e-07,1.01268200770327e-06,0.05881242326153628,150.9319248015944,6.0941802203596646e-05,0.13525191048587404,0.00032414192836496835,0.736328125,0.8738097933570925,0.7791842410356546
primary,layered_9bar,21.9,920843504470.2224,9.773647700515475e-07,1.01268200770327e-06,0.05793611922623571,150.5679521823073,6.003382497346574e-05,0.13496977202308635,0.0003239724665673761,0.73828125,0.8749434649876497,0.77950307587455
primary,layered_9bar,22.0,920365344404.061,9.778725431939773e-07,1.01268200770327e-06,0.057072863226556414,150.20030921285385,5.9139365775774284e-05,0.1346846014765458,0.0003238042396153519,0.7421875,0.8768666790264014,0.7798200794760306
primary,layered_9bar,22.1,919890282487.7422,9.783775490768843e-07,1.01268200770327e-06,0.05622246124174926,149.8289812554704,5.825822364873384e-05,0.134396381664513,0.0003236371026587953,0.744140625,0.8779978440371534,0.780135592325556
primary,layered_9bar,22.2,919419048692.2335,9.788790011259231e-07,1.01268200770327e-06,0.055384722128338386,149.4539542000191,5.739020060935207e-05,0.1341050957168532,0.0003234713125171266,0.748046875,0.8799190126971677,0.7804489869863391
primary,layered_9bar,22.3,918950840679.2847,9.79377742703542e-07,1.01268200770327e-06,0.054559457577681485,149.07521447954582,5.653510160953738e-05,0.13381072708738806,0.0003233065869105655,0.751953125,0.8818397752488427,0.780760935563761
primary,layered_9bar,22.4,918486564623.4227,9.798727979967761e-07,1.01268200770327e-06,0.05374648207414949,148.69274908591356,5.569273449284291e-05,0.13351325956638957,0.0003231432446507184,0.75390625,0.8829663693609752,0.7810706596574175
primary,layered_9bar,22.5,918025501169.4124,9.803649232549087e-07,1.01268200770327e-06,0.05294561285391645,148.30654558550177,5.486290995184051e-05,0.13321267729321173,0.0003229810326530068,0.7578125,0.884884744871582,0.7813787615882896
primary,layered_9bar,22.6,917568171031.5863,9.80853552263223e-07,1.01268200770327e-06,0.052156669864351135,147.91659213496123,5.404544148611593e-05,0.132908964769054,0.0003228201341158853,0.759765625,0.8860083163928179,0.7816847893713788
primary,layered_9bar,22.7,917114396498.6981,9.813388639802883e-07,1.01268200770327e-06,0.051379475724001714,147.52287749701404,5.324014536087627e-05,0.13260210686985174,0.00032266048651673126,0.763671875,0.8879240746868494,0.7819888848964269
primary,layered_9bar,22.8,916664148158.5095,9.818208793351564e-07,1.01268200770327e-06,0.050613855683164934,147.1253910562878,5.2446840566161115e-05,0.1322920888592871,0.0003225020795076894,0.765625,0.8890444136802216,0.782291063964197
primary,layered_9bar,22.9,916217807492.2223,9.822991789074566e-07,1.01268200770327e-06,0.04985963758503153,146.72412283517335,5.1665348776648514e-05,0.13197889640191515,0.00032234504730201666,0.76953125,0.8909573207791803,0.7825909914327256
primary,layered_9bar,23.0,915774777576.8853,9.82774391735679e-07,1.01268200770327e-06,0.04911665182739962,146.31906350969288,5.089549431204758e-05,0.13166251557639794,0.0003221891798894344,0.771484375,0.8920742137682927,0.7828891674010051
primary,layered_9bar,23.1,915336016266.6119,9.832454792621807e-07,1.01268200770327e-06,0.04838473132494796,145.91020442536902,5.013710409806918e-05,0.13134293288884022,0.0003220348142635343,0.775390625,0.8939840319682596,0.7831847633627624
primary,layered_9bar,23.2,914900621403.4601,9.837133989693848e-07,1.01268200770327e-06,0.04766371147206087,145.49753761307946,4.939000762796651e-05,0.13102013528621964,0.00032188163302583075,0.779296875,0.8958928993331895,0.7834785407854897
primary,layered_9bar,23.3,914469306139.5671,9.841773736500252e-07,1.01268200770327e-06,0.04695343010619726,145.08105580488703,4.865403692463744e-05,0.1306941101699038,0.0003217298870785192,0.78125,0.8970037499789305,0.7837698792678968
primary,layered_9bar,23.4,914041712286.8901,9.846377773594617e-07,1.01268200770327e-06,0.04625372747179558,144.6607524498307,4.792902650328053e-05,0.13036484540924687,0.00032157945040337476,0.78515625,0.8989091611101616,0.7840590752921233
primary,layered_9bar,23.5,913617961530.0836,9.85094468253145e-07,1.01268200770327e-06,0.04556444618470726,144.23662172966473,4.721481333459684e-05,0.13003232935525733,0.00032143036581166513,0.787109375,0.9000160096283395,0.7843460143531322
primary,layered_9bar,23.6,913198315273.7311,9.855471532820613e-07,1.01268200770327e-06,0.04488543119715085,143.80865857453176,4.6511236808529724e-05,0.1296965508543287,0.00032128272527112125,0.791015625,0.9019177178481049,0.7846304615100037
primary,layered_9bar,23.7,912782267849.1255,9.859963670424431e-07,1.01268200770327e-06,0.04421652976317962,143.3768586785565,4.581813869853488e-05,0.12935749926202456,0.0003211363508766621,0.79296875,0.903020339030666,0.7849128406682004
primary,layered_9bar,23.8,912370716145.3678,9.864411297661631e-07,1.01268200770327e-06,0.04355759140465501,142.94121851534447,4.513536312637311e-05,0.12901516445690825,0.00032099155817308204,0.796875,0.9049180942749941,0.7851923700620745
primary,layered_9bar,23.9,911962798480.5795,9.868823613194412e-07,1.01268200770327e-06,0.04290846787771878,142.50173535337282,4.44627565274182e-05,0.12866953685440907,0.0003208480440022416,0.80078125,0.906814448673278,0.7854697800638014
primary,layered_9bar,24.0,911559201494.8827,9.873193079770062e-07,1.01268200770327e-06,0.04226901313975651,142.05840727125585,4.380016761647255e-05,0.1283206074207141,0.00032070604993884145,0.802734375,0.9079098087564282,0.7857444687722964
primary,layered_9bar,24.1,911159601655.74,9.877523085577313e-07,1.01268200770327e-06,0.04163908331684579,141.61123317287237,4.314744735408343e-05,0.12796836768667627,0.0003205654621572059,0.806640625,0.9098018248106245,0.7860167038235942
primary,layered_9bar,24.2,910764058592.9236,9.8818128746807e-07,1.01268200770327e-06,0.04101853667168143,141.1602128023376,4.25044489133523e-05,0.1276128097617283,0.00032042630163636585,0.80859375,0.9108923735462549,0.7862864229201543
primary,layered_9bar,24.3,910372924128.0037,9.886058516756313e-07,1.01268200770327e-06,0.040407233571971596,140.70534675880413,4.187102764723063e-05,0.1272539263477915,0.0003202886921546847,0.8125,0.9127797932032865,0.7865533111381366
primary,layered_9bar,24.4,909985615864.7827,9.89026622299636e-07,1.01268200770327e-06,0.03980503645929734,140.24663651107653,4.124704105629457e-05,0.12689171075316907,0.0003201524288127069,0.81640625,0.9146654775817988,0.7868178603853203
primary,layered_9bar,24.5,909603053836.4906,9.894425883950288e-07,1.01268200770327e-06,0.03921180981842953,139.7840844120221,4.063234875699233e-05,0.1265261569064119,0.0003200178352978272,0.818359375,0.9157478573303545,0.7870792640389155
primary,layered_9bar,24.6,909224434630.9497,9.898546120412022e-07,1.01268200770327e-06,0.03862742014709587,139.31769371276198,4.0026812450356685e-05,0.12615725937014566,0.0003198846289524347,0.822265625,0.9176285484459517,0.7873382054948899
primary,layered_9bar,24.7,908850279019.6655,9.902621155277502e-07,1.01268200770327e-06,0.038051735926192196,138.84746857662563,3.943029589117664e-05,0.12578501335484765,0.00031975299299509855,0.82421875,0.9187055152693283,0.787594222707571
primary,layered_9bar,24.8,908480496556.831,9.90665185891197e-07,1.01268200770327e-06,0.03748462759043098,138.37341409285122,3.884266485762091e-05,0.12540941473256018,0.0003196228956050466,0.828125,0.9205809479632439,0.787847382365166
primary,layered_9bar,24.9,908114888045.1381,9.91064029285318e-07,1.01268200770327e-06,0.03692596749942133,137.8955362900156,3.826378712130744e-05,0.12503046005052904,0.00031949426670039975,0.830078125,0.9216522600143062,0.7880978457770661
primary,layered_9bar,25.0,907754089938.3549,9.914579399593986e-07,1.01268200770327e-06,0.036375629909173715,137.4138421491757,3.769353241781193e-05,0.12464814654475395,0.00031936733019922444,0.833984375,0.9235221665931411,0.7883450490331787
primary,layered_9bar,25.1,907397385639.9211,9.91847689053342e-07,1.01268200770327e-06,0.035833490944023584,136.92833961670394,3.7131772417609245e-05,0.12426247215343719,0.0003192418339875036,0.837890625,0.9253898548943721,0.7885896025702464
primary,layered_9bar,25.2,907045502927.4841,9.922324702512224e-07,1.01268200770327e-06,0.035299428568967776,136.43903761680073,3.657838069744164e-05,0.12387343553031842,0.00031911803411300026,0.83984375,0.9264516902267165,0.7888308624635364
primary,layered_9bar,25.3,906698006012.8097,9.926127487119288e-07,1.01268200770327e-06,0.03477332256240756,135.94594606366587,3.603323271210725e-05,0.1234810360578814,0.0003189957772560804,0.84375,0.9283134419551816,0.7890691956764081
primary,layered_9bar,25.4,906355023336.0028,9.929883730189832e-07,1.01268200770327e-06,0.034255054489292655,135.4490758733106,3.549620576666316e-05,0.12308527386041822,0.0003188751086047237,0.845703125,0.9293690005545547,0.7893044788819977
primary,layered_9bar,25.5,906016880776.4906,9.933589749770071e-07,1.01268200770327e-06,0.03374450767466024,134.9484389749937,3.496717898903677e-05,0.1226861498169385,0.000318756142810292,0.849609375,0.9312245424131219,0.7895364164270939
primary,layered_9bar,25.6,905683022399.6859,9.937251529959916e-07,1.01268200770327e-06,0.03324156717756327,134.4440483222625,3.444603330303961e-05,0.12228366557390745,0.00031863868428309107,0.853515625,0.9330775113941365,0.7897654808982341
primary,layered_9bar,25.7,905354296779.0216,9.940859652424796e-07,1.01268200770327e-06,0.03274611976538248,133.9359179035818,3.393265140177794e-05,0.12187782355780007,0.0003185230315694286,0.85546875,0.934122632275447,0.78999092065351
primary,layered_9bar,25.8,905030014218.1501,9.944421575648012e-07,1.01268200770327e-06,0.03225805388851652,133.4240627525328,3.342691772145423e-05,0.12146862698745547,0.0003184089420193581,0.859375,0.9359689732817543,0.7902133253038663
primary,layered_9bar,25.9,904710539994.557,9.947933180986426e-07,1.01268200770327e-06,0.03177725965544463,132.90849895756332,3.2928718415553806e-05,0.12105607988621694,0.0003182965441453222,0.861328125,0.9370071843570122,0.7904323643362489
primary,layered_9bar,26.0,904395978925.9526,9.95139320575957e-07,1.01268200770327e-06,0.031303628808156486,132.38924367127333,3.24379413294112e-05,0.12064018709384305,0.00031818587482443643,0.865234375,0.9388466197518536,0.7906479341889558
primary,layered_9bar,26.1,904085895291.7418,9.954806337395373e-07,1.01268200770327e-06,0.030837054697944018,131.86631511921658,3.1954475975150806e-05,0.12022095427817404,0.0003180767807608634,0.8671875,0.9398776687176503,0.7908604039812841
primary,layered_9bar,26.2,903781200690.0497,9.958162432598036e-07,1.01268200770327e-06,0.030377432261549656,131.33973260820187,3.1478213506996e-05,0.11979838794653871,0.0003179695826743474,0.87109375,0.9417099195439793,0.7910689645274422
primary,layered_9bar,26.3,903481052512.0079,9.961470663913433e-07,1.01268200770327e-06,0.02992465799766608,130.80951653407618,3.1009046696941806e-05,0.11937249545688575,0.0003178639841170422,0.875,0.9435390921958412,0.791274341149807
primary,layered_9bar,26.4,903185962207.8643,9.964725290901598e-07,1.01268200770327e-06,0.02947862994378223,130.2756883889728,3.054686991078569e-05,0.11894328502862478,0.0003177601650280988,0.876953125,0.9445583393369271,0.7914760744037381
primary,layered_9bar,26.5,902895898034.6411,9.967926556749845e-07,1.01268200770327e-06,0.029039247653370525,129.73827076800728,3.0091579084511097e-05,0.1185107657531605,0.00031765811423965784,0.880859375,0.9463799020839957,0.7916741801595998
primary,layered_9bar,26.6,902610544452.0634,9.971077842286364e-07,1.01268200770327e-06,0.02860641217341044,129.19728737540544,2.9643071701018936e-05,0.11807494760410556,0.00031755772073789254,0.8828125,0.9473913442342007,0.7918689234157773
primary,layered_9bar,26.7,902330706917.2085,9.974170147382312e-07,1.01268200770327e-06,0.02818002602224333,128.6527630300461,2.9201246767201603e-05,0.11763584144715555,0.00031745926789985337,0.88671875,0.9492050158141909,0.7920595858657797
primary,layered_9bar,26.8,902055599845.9003,9.977212049387516e-07,1.01268200770327e-06,0.027759993167753894,128.10472367040265,2.8766004791354842e-05,0.11719345904961007,0.00031736247934020215,0.890625,0.9510152434781609,0.7922468451077372
primary,layered_9bar,26.9,901785756993.4192,9.980197547149414e-07,1.01268200770327e-06,0.027346219005873397,127.55319635886895,2.8337247760922387e-05,0.11674781308952556,0.000317267542845478,0.892578125,0.9520138969714453,0.7924302209746965
primary,layered_9bar,27.0,901521089864.966,9.983127517680215e-07,1.01268200770327e-06,0.026938610339399944,126.99820928545243,2.7914879120568545e-05,0.11629891716448283,0.00031717442728131535,0.896484375,0.9538158057086327,0.7926097794801424
primary,layered_9bar,27.1,901261323697.6193,9.986004905963963e-07,1.01268200770327e-06,0.026537075357131245,126.43979177082151,2.7498803750573974e-05,0.1158467857999547,0.0003170830359802337,0.8984375,0.9548060088612725,0.7927857507556461
primary,layered_9bar,27.2,901007235973.0114,9.9888210001785e-07,1.01268200770327e-06,0.02614152361330534,125.8779742686915,2.7088927945550043e-05,0.11539143445725746,0.0003169936424769228,0.90234375,0.9565993167372889,0.7929574394650161
primary,layered_9bar,27.3,900758058440.9937,9.991584216939389e-07,1.01268200770327e-06,0.02575186600734459,125.31278836753513,2.6685159393466843e-05,0.11493287954107098,0.0003169059764845266,0.90625,0.9583888136136279,0.7931255100611166
primary,layered_9bar,27.4,900514309419.2521,9.994288714639262e-07,1.01268200770327e-06,0.02536801476389872,124.74426679160564,2.6287407154990577e-05,0.11447113840651274,0.00031682022035830793,0.908203125,0.9593652403826887,0.7932894950542411
primary,layered_9bar,27.5,900275919074.0913,9.996935172115065e-07,1.01268200770327e-06,0.024989883413182555,124.17244340125784,2.5895581643125782e-05,0.1140062293657497,0.00031673634952927713,0.912109375,0.961145708771246,0.7934494445639
primary,layered_9bar,27.6,900042578330.5306,9.999526929819148e-07,1.01268200770327e-06,0.024617386771603866,123.59735319255567,2.550959460315765e-05,0.11353817169413351,0.00031665425525823646,0.9140625,0.9621130415861882,0.7936056199022241
primary,layered_9bar,27.7,899815110567.898,1.0002054749136025e-06,1.01268200770327e-06,0.024250440922677453,123.01903229615498,2.5129359092890517e-05,0.11306698563584466,0.0003165742272276678,0.91796875,0.9638842006509365,0.7937572840190952
primary,layered_9bar,27.8,899592727321.6461,1.0004527300699355e-06,1.01268200770327e-06,0.023888963198220956,122.43751797544942,2.475478946317771e-05,0.11259269240903055,0.000316495988038857,0.921875,0.9656511825069042,0.7939051211976873
primary,layered_9bar,27.9,899375895751.4012,1.0006939303705458e-06,1.01268200770327e-06,0.02353287215982859,121.85284862396985,2.4385801338739035e-05,0.11211531421042316,0.00031641970204856557,0.923828125,0.9666037568905796,0.7940487084835124
primary,layered_9bar,28.0,899164635976.6687,1.0009290445708243e-06,1.01268200770327e-06,0.02318208758061833,121.26506376202771,2.4022311599261088e-05,0.11163487421942322,0.0003163453763352665,0.927734375,0.9683610046820976,0.7941880172131137
primary,layered_9bar,28.1,898958562823.3895,1.0011584929713997e-06,1.01268200770327e-06,0.022836530427249035,120.67420403259219,2.3664238360776862e-05,0.11115139660163606,0.00031627287538647656,0.931640625,0.9701138561119464,0.7943233769630678
primary,layered_9bar,28.2,898758527652.8763,1.001381319129584e-06,1.01268200770327e-06,0.0224961228422031,120.0803111963947,2.3311500957320132e-05,0.11066490651184685,0.0003162024987293391,0.93359375,0.9710510836271271,0.7944540249597216
primary,layered_9bar,28.3,898563774013.5033,1.0015983573209075e-06,1.01268200770327e-06,0.02216078812633109,119.48342812625188,2.2964019922850827e-05,0.11017543009642192,0.00031613398022797113,0.9375,0.9727937793378617,0.7945806191836495
primary,layered_9bar,28.4,898374654831.879,1.0018092063922097e-06,1.01268200770327e-06,0.02183045072165428,118.88359880060098,2.2621716973447306e-05,0.1096829944951235,0.00031606744404951245,0.939453125,0.9737208946074729,0.7947028374187625
primary,layered_9bar,28.5,898191347607.8662,1.0020136604488016e-06,1.01268200770327e-06,0.02150503619442147,118.28086829624212,2.22845149897617e-05,0.10918762784232626,0.000316002952642216,0.943359375,0.9754531594737074,0.7948205123870815
primary,layered_9bar,28.6,898013390225.0198,1.0022122273416017e-06,1.01268200770327e-06,0.021184471218416347,117.67528278028206,2.1952337999734523e-05,0.10868935926762362,0.0003159403434236194,0.947265625,0.9771806681217632,0.7949340429584505
primary,layered_9bar,28.7,897841528909.7833,1.0024040668878812e-06,1.01268200770327e-06,0.020868683558511562,117.06688950127571,2.1625111161564573e-05,0.10818821889581319,0.0003158798789321674,0.94921875,0.9780914782346856,0.7950427587248212
primary,layered_9bar,28.8,897675204767.5668,1.002589795529704e-06,1.01268200770327e-06,0.020557602054466093,116.45573677956246,2.1302760746930566e-05,0.10768423784625049,0.00031582136253677337,0.953125,0.9798081420109621,0.7951471446484499
primary,layered_9bar,28.9,897514558062.9036,1.0027692497183118e-06,1.01268200770327e-06,0.020251156604962267,115.84187399679409,2.098521412446077e-05,0.10717744823156038,0.00031576484358550425,0.955078125,0.9807082224992179,0.7952470670008203
primary,layered_9bar,29.0,897359987476.5541,1.0029419770886709e-06,1.01268200770327e-06,0.019949278151878833,115.22535158465506,2.0672399743446926e-05,0.10666788315569826,0.00031571046234279,0.958984375,0.9824137724920916,0.795342163036021
primary,layered_9bar,29.1,897210921444.9072,1.0031086096796516e-06,1.01268200770327e-06,0.019651898664796778,114.60622101277235,2.0364247117799e-05,0.1061555767113503,0.00031565801772031113,0.962890625,0.9841142137139316,0.7954329299703072
primary,layered_9bar,29.2,897067970106.7042,1.0032684590142562e-06,1.01268200770327e-06,0.01935895112573431,113.98453477581783,2.0060686810237102e-05,0.10564056397666587,0.00031560772437794416,0.96484375,0.9849970553518208,0.7955188178340006
primary,layered_9bar,29.3,896930833741.2412,1.0034218538858306e-06,1.01268200770327e-06,0.01907036951410781,113.36034637980354,1.9761650416717256e-05,0.1051228810113141,0.00031555947686752635,0.96875,0.9866859795042017,0.7956000833417496
primary,layered_9bar,29.4,896799378441.6876,1.0035689381987239e-06,1.01268200770327e-06,0.018786088791915255,112.7337103275728,1.9467070551087425e-05,0.10460256485185737,0.00031551322807776676,0.970703125,0.987557493189355,0.795676836559568
primary,layered_9bar,29.5,896674284465.8519,1.0037089449221009e-06,1.01268200770327e-06,0.01850604488913901,112.10468210349146,1.9176880829970507e-05,0.10407965350643615,0.0003154692173379315,0.974609375,0.989234639669083,0.7957484653287623
primary,layered_9bar,29.6,896554840012.0446,1.0038426650933133e-06,1.01268200770327e-06,0.018230174689364668,111.47331815734339,1.8891015857871005e-05,0.10355418594875923,0.00031542719422094154,0.978515625,0.9909063347713255,0.795815592794219
primary,layered_9bar,29.7,896441489800.7292,1.0039695956063589e-06,1.01268200770327e-06,0.017958416015612738,110.83967588743653,1.8609411212501947e-05,0.10302620211139482,0.0003153873151889807,0.98046875,0.9917597082189,0.7958778160673529
primary,layered_9bar,29.8,896334251630.453,1.0040897113580998e-06,1.01268200770327e-06,0.01769070761638018,110.20381362292612,1.8332003430328985e-05,0.10249574287835866,0.0003153495865039588,0.984375,0.9934192362794163,0.7959351112437933
primary,layered_9bar,29.9,896232745270.312,1.0042034334826181e-06,1.01268200770327e-06,0.01742698915188862,109.5657906053627,1.8058729992328442e-05,0.10196285007699546,0.00031531387439250063,0.98828125,0.9950731123213633,0.795987808133736
primary,layered_9bar,30.0,896137731397.9622,1.0043099051258703e-06,1.01268200770327e-06,0.017167201180536114,108.92566696947507,1.7789529309956002e-05,0.10142756646915223,0.000315280446477297,0.990234375,0.9959078184828415,0.7960352235268174
primary,reversed_3bar,0.1,892554731981.9786,3.361138418187863e-07,3.3756066923442336e-07,3.245829760427778,8.598576989796513,0.003352278585316387,0.0088317476966553,0.00031401987054569664,1.0,1.0,0.19999663259215625
primary,reversed_3bar,0.2,896079994779.9678,3.3479153842025557e-07,3.3756066923442336e-07,3.8087337255990246,16.671206518902395,0.00393135775206357,0.01698247479216595,0.00031526013349854207,1.0,1.0,0.19998877864673634
primary,reversed_3bar,0.3,899336884356.8948,3.335791128087963e-07,3.3756066923442336e-07,3.905660343544635,24.260465060458802,0.004031001678904225,0.024523839693701012,0.00031640597700447165,1.0,1.0,0.19997728026702397
primary,reversed_3bar,0.4,902352876343.3818,3.3246416991066125e-07,3.3756066923442336e-07,3.8947951821215687,31.404501063925768,0.004019832908060437,0.03151782336429948,0.0003174670675787835,1.0,1.0,0.19996270090066623
primary,reversed_3bar,0.5,905151819147.4517,3.314361123226436e-07,3.3756066923442336e-07,3.854145796270579,38.13759717338591,0.003978045418903563,0.03801831102816703,0.0003184517956021811,1.0,1.0,0.1999454891974836
primary,reversed_3bar,0.6,907754531079.9347,3.3048581938015433e-07,3.3756066923442336e-07,3.804601388862226,44.49064880006223,0.003927109123354712,0.04407237338250368,0.0003193674854022802,1.0,1.0,0.1999260192461172
primary,reversed_3bar,0.7,910179270919.9427,3.296053970738994e-07,3.3756066923442336e-07,3.7525212954426563,50.49157322543221,0.003873560288054457,0.049721311881554556,0.00032022056080862027,1.0,1.0,0.19990460814815758
primary,reversed_3bar,0.8,912442120761.497,3.2878797807978107e-07,3.3756066923442336e-07,3.7000021246569244,56.16566072904541,0.0038195541618062166,0.05500151727482377,0.00032101667984630813,1.0,1.0,0.19988152697564596
primary,reversed_3bar,0.9,914557301429.5139,3.28027559925529e-07,3.3756066923442336e-07,3.647770415737288,61.53587711078796,0.0037658378278945387,0.05994517920209696,0.00032176084570611656,1.0,1.0,0.1998570087769757
primary,reversed_3bar,1.0,916537434373.3452,3.2731887291119313e-07,3.3756066923442336e-07,3.59608453157054,66.62312528501819,0.0037126771303330913,0.06458087614758681,0.0003224574988842409,1.0,1.0,0.19983125482027858
primary,reversed_3bar,1.1,918393760471.3392,3.266572715455227e-07,3.3756066923442336e-07,3.5450357485141564,71.44647226816483,0.0036601661437193475,0.06893406864689403,0.0003231105941624299,1.0,1.0,0.1998044396060571
primary,reversed_3bar,1.2,920136323837.6536,3.260386447399192e-07,3.3756066923442336e-07,3.4946537698361553,76.02334678864429,0.0036083356332771905,0.073027513766297,0.00032372366527515885,1.0,1.0,0.19977671495360144
primary,reversed_3bar,1.3,921774127006.5631,3.2545934107983915e-07,3.3756066923442336e-07,3.444945059021902,80.36971186431664,0.0035571924626153634,0.07688161513784914,0.00032429987950679287,1.0,1.0,0.1997482133646561
primary,reversed_3bar,1.4,923315262567.6683,3.2491610629908054e-07,3.3756066923442336e-07,3.3959071588831984,84.50021597266236,0.003506734315767856,0.0805147199463401,0.00032484208400367234,1.0,1.0,0.199719050812089
primary,reversed_3bar,1.5,924767025320.1388,3.244060306931306e-07,3.3756066923442336e-07,3.347534159706396,88.42832585089008,0.0034569553198803295,0.0839433720177056,0.00032535284523237763,1.0,1.0,0.19968932906563172
primary,reversed_3bar,1.6,926136008229.2515,3.2392650467569273e-07,3.3756066923442336e-07,3.299818825217085,92.16644348053944,0.003407848231574149,0.08718252839836386,0.00032583448273929466,1.0,1.0,0.19965913764174117
primary,reversed_3bar,1.7,927428184850.5527,3.2347518104417163e-07,3.3756066923442336e-07,3.2527534315053908,95.72600941258341,0.003359405299884326,0.09024574542637571,0.0003262890981492003,1.0,1.0,0.19962855544619057
primary,reversed_3bar,1.8,928648980397.1157,3.230499428015436e-07,3.3756066923442336e-07,3.2063301022200443,99.1175942596062,0.0033116186111709586,0.09314533919399239,0.0003267186001682454,1.0,1.0,0.19959765216400335
primary,reversed_3bar,1.9,929803333234.5961,3.226488756029312e-07,3.3756066923442336e-07,3.1605409438979963,102.35097990763106,0.0032644802284718813,0.09589252442199336,0.0003271247262192324,1.0,1.0,0.1995664894405412
primary,reversed_3bar,2.0,930895748275.2933,3.2227024406956594e-07,3.3756066923442336e-07,3.1153781010615313,105.43523177152908,0.0032179822483269314,0.09849753506061065,0.00032750906122679005,1.0,1.0,0.1995351218891207
primary,reversed_3bar,2.1,939553568731.7578,3.193005805990929e-07,3.3756066923442336e-07,3.0708337787764797,108.37876322656028,0.0031721168241271762,0.10096972936261135,0.00033055506788781544,0.091796875,0.035829353710433276,0.1992383058467161
primary,reversed_3bar,2.2,959062284659.3573,3.128055443307886e-07,3.3756066923442336e-07,3.026900251891864,111.18939318778018,0.0031268761757594025,0.103317681712534,0.0003374186519690898,0.083984375,0.03206271989242171,0.1986424779396269
primary,reversed_3bar,2.3,977608918402.2328,3.068711775771325e-07,3.3756066923442336e-07,2.983569868779895,113.87439767348023,0.0030822525935893194,0.10554926312000978,0.0003439437549328751,0.080078125,0.029961639080568994,0.1981021787146724
primary,reversed_3bar,2.4,995235071600.5956,3.0143632249366205e-07,3.3756066923442336e-07,2.9408350527835934,116.44055607418363,0.0030382384400831942,0.10767171197729351,0.00035014501312717963,0.080078125,0.02942682133839937,0.19759611663545826
primary,reversed_3bar,2.5,1011988262320.6084,2.964461260766648e-07,3.3756066923442336e-07,2.8986883026974386,118.89419275146021,0.0029948261504316787,0.10969169642808757,0.00035603914442537324,0.080078125,0.02893496344192398,0.19711337718078772
primary,reversed_3bar,2.6,1027919336379.6732,2.918516943718546e-07,3.3756066923442336e-07,2.8571221928325814,121.24121450807698,0.002952008232743405,0.11161536948584955,0.00036164403747498226,0.080078125,0.028481451374908724,0.1966500441789363
primary,reversed_3bar,2.7,1043075626327.1251,2.8761097702604665e-07,3.3756066923442336e-07,2.816129372897599,123.48714440039184,0.002909777268046077,0.11344841786663125,0.00036697634488058343,0.080078125,0.028062299360617056,0.19620300706762162
primary,reversed_3bar,2.8,1057501267213.2277,2.836876033166114e-07,3.3756066923442336e-07,2.7757025677923117,125.63715230348565,0.002868125910195472,0.1151961053574354,0.00037205159429809937,0.080078125,0.027674043451826873,0.19576981811259928
primary,reversed_3bar,2.9,1071237457933.1226,2.800499532370992e-07,3.3756066923442336e-07,2.735834577356112,127.69608258769654,0.0028270468857350376,0.11686331142076556,0.0003768842803811972,0.080078125,0.027313657610724025,0.19534856302956505
primary,reversed_3bar,3.0,1084322683333.5461,2.7667040873636105e-07,3.3756066923442336e-07,2.696518276088774,129.6684792206399,0.002786532993724633,0.11845456563521284,0.0003814879429231882,0.080078125,0.02697848662914213,0.19493774792143598
primary,reversed_3bar,3.1,1096792908940.4878,2.735247443291759e-07,3.3756066923442336e-07,2.6577466128516587,131.5586085703555,0.002746577105546587,0.1199740784871278,0.0003858752353663888,0.080078125,0.02666619174078534,0.19453620397818042
primary,reversed_3bar,3.2,1108684136461.1057,2.705910458479122e-07,3.3756066923442336e-07,2.619512610553029,133.37048015199645,0.00270717216469293,0.12142576895688253,0.00039005882388242527,0.08203125,0.027031344753515135,0.19414473957296205
primary,reversed_3bar,3.3,1120026048798.6492,2.6785091321919067e-07,3.3756066923442336e-07,2.581809365819343,135.10786553168597,0.0026683111865357764,0.12281328928267217,0.0003940491515523792,0.08203125,0.026751974711192554,0.1937613041116484
primary,reversed_3bar,3.4,1130847577535.4907,2.652877416546305e-07,3.3756066923442336e-07,2.5446300486536337,136.77431557617237,0.0026299872580820127,0.12414004723339944,0.00039785639712655666,0.08203125,0.026490376749036235,0.19338495049918977
primary,reversed_3bar,3.5,1141178283738.831,2.628861802531967e-07,3.3756066923442336e-07,2.5079679020817176,138.37317621515567,0.002592193537713108,0.12540922617840872,0.00040149096082150787,0.083984375,0.02688302758661168,0.19301662768727487
primary,reversed_3bar,3.6,1151042995721.302,2.606331832218003e-07,3.3756066923442336e-07,2.4718162417868323,139.90760286419115,0.0025549232549106995,0.12662380320446376,0.00040496157776936427,0.083984375,0.026646983096115535,0.1926552249330123
primary,reversed_3bar,3.7,1160464732099.1572,2.585171196519966e-07,3.3756066923442336e-07,2.436168455733239,141.3805736394921,0.0025181697099685295,0.12778656549835643,0.0004082763464123135,0.083984375,0.02642503710563632,0.19229958711940473
primary,reversed_3bar,3.8,1169468449773.6592,2.565268007512836e-07,3.3756066923442336e-07,2.4010180037792797,142.7949014814408,0.002481926273691289,0.1289001251860637,0.00041144404712272127,0.0859375,0.026838605052395346,0.19195101026790373
primary,reversed_3bar,3.9,1178073997057.2578,2.546529341530141e-07,3.3756066923442336e-07,2.366358417280345,144.15324529087746,0.00244618638708087,0.12996693279572294,0.0004144716629619985,0.0859375,0.026636905296169976,0.19160823522025067
primary,reversed_3bar,4.0,1186300342388.5212,2.5288705505721585e-07,3.3756066923442336e-07,2.3321832986822293,145.45812017104174,0.002410943561010544,0.13098928949129313,0.0004173658674330804,0.0859375,0.026446591888860376,0.19127034358302847
primary,reversed_3bar,4.1,1194169111455.0564,2.5122069991783637e-07,3.3756066923442336e-07,2.2984863211052957,146.71190685818456,0.0023761913758875543,0.13196935820612726,0.00042013426891602406,0.087890625,0.026876436325940542,0.19093907245908473
primary,reversed_3bar,4.2,1201695473023.882,2.4964727481671883e-07,3.3756066923442336e-07,2.2652612279198943,147.9168604151694,0.002341923481304601,0.132909173790385,0.0004227822041079362,0.087890625,0.02670245176409901,0.1906125343936189
primary,reversed_3bar,4.3,1208895808852.0562,2.481603441779438e-07,3.3756066923442336e-07,2.23250183231345,149.0751182546985,0.0023081335956806927,0.13381065227292613,0.0004253154364617975,0.08984375,0.027140151848360668,0.19029040493368768
primary,reversed_3bar,4.4,1215788588945.9583,2.4675342631738996e-07,3.3756066923442336e-07,2.2002020168496306,150.1887075519946,0.00227481550589182,0.13467559932675538,0.0004277404641214243,0.08984375,0.026980573221440998,0.18997440939155516
primary,reversed_3bar,4.5,1222385430000.394,2.454217733926224e-07,3.3756066923442336e-07,2.1683557330200056,151.2595521007399,0.0022419630668919083,0.1355057180169949,0.00043006137408884386,0.08984375,0.02682930031400907,0.1896622975660688
primary,reversed_3bar,4.6,1228701309163.7268,2.4416023468241007e-07,3.3756066923442336e-07,2.1369570007885774,152.2894786607164,0.00220957020132448,0.13630261590153364,0.00043228343564561577,0.091796875,0.02727837138523084,0.18935463937706037
primary,reversed_3bar,4.7,1234750524553.9968,2.429640595685211e-07,3.3756066923442336e-07,2.1059999081295713,153.28022284082672,0.002177630899125464,0.13706781154677028,0.00043441167917588925,0.091796875,0.027139002260268125,0.1890520650253077
primary,reversed_3bar,4.8,1240543184737.1853,2.4182954990281647e-07,3.3756066923442336e-07,2.07547861055886,154.23343455693495,0.0021461392171175657,0.13780274051408278,0.0004364496610896716,0.091796875,0.027006589479416327,0.1887529344923287
primary,reversed_3bar,4.9,1246093042634.5178,2.40752487764263e-07,3.3756066923442336e-07,2.0453873306593917,155.150683100178,0.002115089278596618,0.13850876086668643,0.00043840221995919594,0.09375,0.027464952567399562,0.1884584553666758
primary,reversed_3bar,5.0,1251410465050.5986,2.3972949593950376e-07,3.3756066923442336e-07,2.0157203576009652,156.0334618480179,0.0020844752729103047,0.13918715824128708,0.0004402730030483479,0.09375,0.027342495357926624,0.18816803425575426
primary,reversed_3bar,5.1,1256504605558.6978,2.387575808897307e-07,3.3756066923442336e-07,1.9864720466547032,156.8831926472817,0.0020542914550296426,0.13983915052429663,0.00044206523078024594,0.09375,0.02722592550700895,0.1878806899175422
primary,reversed_3bar,5.2,1262110972959.7104,2.3769700638643976e-07,3.3756066923442336e-07,1.9576368187025712,157.70122989572369,0.0020245321451136267,0.14046589216827612,0.00044403767090342834,0.095703125,0.027676143296970865,0.18756048604959802
primary,reversed_3bar,5.3,1267730507271.824,2.3664335462400816e-07,3.3756066923442336e-07,1.9292091597422591,158.48886434621528,0.001995191728067388,0.14106847818063928,0.0004460147434279317,0.095703125,0.027547681785605523,0.1872360776174427
primary,reversed_3bar,5.4,1273120649746.0317,2.3564145319600736e-07,3.3756066923442336e-07,1.901183620387747,159.24732665548385,0.001966264653094235,0.1416479478134297,0.0004479111109909774,0.09765625,0.02799724843228761,0.18691799206918555
primary,reversed_3bar,5.5,1278291966533.7979,2.3468816816042163e-07,3.3756066923442336e-07,1.8735548153658672,159.97779069736157,0.001937745433241931,0.14220528798012366,0.00044973049099094573,0.09765625,0.027878142036382874,0.18660632509617625
primary,reversed_3bar,5.6,1283251000691.5781,2.3378123207254233e-07,3.3756066923442336e-07,1.8463174230091783,160.68137665873132,0.0019096286449435665,0.14274143642286133,0.0004514751854152304,0.09765625,0.027764602064539432,0.18629895320851972
primary,reversed_3bar,5.7,1288008668554.03,2.32917687065563e-07,3.3756066923442336e-07,1.8194661847454228,161.35915393477134,0.0018819089275533356,0.14325728465124707,0.00045314903486415894,0.099609375,0.02822155142591601,0.18599685719333728
primary,reversed_3bar,5.8,1292572677194.5886,2.3209526651230374e-07,3.3756066923442336e-07,1.7929959045838748,162.01214383865468,0.0018545809828775712,0.14375368067182837,0.000454754750851228,0.099609375,0.028116028230098785,0.18569927448926557
primary,reversed_3bar,5.9,1296949873712.2075,2.313119466532057e-07,3.3756066923442336e-07,1.766901448598847,162.6413221395655,0.0018276395747013373,0.1442314315255607,0.00045629474233249386,0.1015625,0.028576761577081677,0.1854051854109096
primary,reversed_3bar,6.0,1301151302453.9263,2.305650383888564e-07,3.3756066923442336e-07,1.7411777444106304,163.24762144171498,0.0018010795283109036,0.144691305648942,0.0004577728949457816,0.1015625,0.028478543436794082,0.18511646723329647
primary,reversed_3bar,6.1,1305181108813.978,2.2985315828897562e-07,3.3756066923442336e-07,1.7158197806641295,163.83193341597658,0.0017748957300123918,0.145134035073053,0.00045919066712956426,0.1015625,0.02838470443559683,0.18483090827933632
primary,reversed_3bar,6.2,1309047783595.142,2.2917421637282494e-07,3.3756066923442336e-07,1.6908226065054461,164.39511089479677,0.0017490831266468957,0.14556031747343928,0.00046055104613010713,0.103515625,0.02885120252442108,0.1845492544922445
primary,reversed_3bar,6.3,1312758497811.432,2.285264201299368e-07,3.3756066923442336e-07,1.6661813310566644,164.9379698401574,0.0017236367251023577,0.1459708180825977,0.0004618565548637216,0.103515625,0.028763668026751035,0.18427163709590444
primary,reversed_3bar,6.4,1316317769819.2744,2.2790849358600462e-07,3.3756066923442336e-07,1.641891122889074,165.4612911935748,0.0016985515918224784,0.14636617147578385,0.0004631087829849683,0.103515625,0.028679941717944614,0.18399674270424385
primary,reversed_3bar,6.5,1319734815296.52,2.2731839497058016e-07,3.3756066923442336e-07,1.6179472094950598,165.96582261639432,0.0016738228523129233,0.14674698323990584,0.000464310972766687,0.10546875,0.029151418994386617,0.18372636484805774
primary,reversed_3bar,6.6,1323012820361.1116,2.2675517227271923e-07,3.3756066923442336e-07,1.5943448767588955,166.45228012798177,0.001649445690645102,0.14711383153441865,0.00046546424515340714,0.10546875,0.029073166412861822,0.18345873852028133
primary,reversed_3bar,6.7,1326158184136.0964,2.2621735746812887e-07,3.3756066923442336e-07,1.5710794684266511,166.9213496488116,0.0016254153489577597,0.14746726855236045,0.00046657085149366656,0.107421875,0.029547271966198854,0.1831942615288087
primary,reversed_3bar,6.8,1329177361146.5952,2.2570351314230138e-07,3.3756066923442336e-07,1.5481463855754272,167.37368845490658,0.0016017271269566332,0.14780782188897684,0.0004676330626276394,0.107421875,0.029474056669634,0.18293352174089056
primary,reversed_3bar,6.9,1332073141107.6873,2.2521285862016148e-07,3.3756066923442336e-07,1.5255410860821224,167.80992654958314,0.0015783763814124104,0.14813599582474887,0.00046865186003683775,0.107421875,0.02940391298746462,0.18267500472105844
primary,reversed_3bar,7.0,1334853308421.0967,2.247437962714036e-07,3.3756066923442336e-07,1.503259084091936,168.2306679579986,0.0015553585256572247,0.14845227252906804,0.0004696299824405066,0.109375,0.029882044351514148,0.18242040886153904
primary,reversed_3bar,7.1,1337520188075.3154,2.242956799266697e-07,3.3756066923442336e-07,1.48129594948679,168.6364919495832,0.0015326690290799068,0.14875711319028626,0.0004705682478193916,0.109375,0.02981631550508138,0.1821682175165258
primary,reversed_3bar,7.2,1340078956284.7449,2.2386740616517443e-07,3.3756066923442336e-07,1.4596473073538636,169.0279541930519,0.001510303416620214,0.14905095907739618,0.00047146847727657824,0.111328125,0.030296618342737558,0.18191879271710695
primary,reversed_3bar,7.3,1342534829761.5474,2.2345788976907522e-07,3.3756066923442336e-07,1.4383088374544146,169.40558784834798,0.001488257268262246,0.14933423253817296,0.00047233250616313143,0.111328125,0.030234972836287833,0.18167263996326044
primary,reversed_3bar,7.4,1344889830862.5337,2.2306659855372507e-07,3.3756066923442336e-07,1.4172762736930646,169.76990459954345,0.0014665262185272509,0.14960733793821815,0.0004731610459874899,0.111328125,0.030175832511706035,0.18142843250733415
primary,reversed_3bar,7.5,1347150508794.7434,2.226922664108269e-07,3.3756066923442336e-07,1.3965454035877114,170.1213956324301,0.0014451059559660205,0.14987066254499362,0.00047395640090095456,0.11328125,0.03065945586490043,0.18118771172950798
primary,reversed_3bar,7.6,1349318459822.104,2.2233446657177758e-07,3.3756066923442336e-07,1.3761120677402334,170.46053256026502,0.0014239922226510623,0.15012457736061185,0.00047471913250336225,0.11328125,0.03060392010011336,0.1809491076989126
primary,reversed_3bar,7.7,1351397874421.2888,2.2199235745318117e-07,3.3756066923442336e-07,1.3559721593081369,170.78776830088353,0.0014031808136687322,0.15036943790685361,0.00047545071509415407,0.115234375,0.031089374581273928,0.1807129288271476
primary,reversed_3bar,7.8,1353393098818.4954,2.216650877427248e-07,3.3756066923442336e-07,1.336121623477307,171.1035379081659,0.0013826675766115185,0.1506055849656166,0.0004761526777687893,0.115234375,0.031037187284426136,0.18047966974108412
primary,reversed_3bar,7.9,1355305190866.4897,2.2135235814171156e-07,3.3756066923442336e-07,1.3165564569359876,171.4082593606374,0.001362448411070622,0.1508333452777566,0.00047682539270252713,0.115234375,0.03098707193611916,0.18024792279600083
primary,reversed_3bar,8.0,1357140657402.7883,2.2105298987514044e-07,3.3756066923442336e-07,1.297272707350153,171.70233430978425,0.0013425192681290337,0.15105303220305555,0.0004774711491401627,0.1171875,0.03147530130008329,0.18001966344174375
primary,reversed_3bar,8.1,1358899326588.4539,2.2076690607622604e-07,3.3756066923442336e-07,1.2782664728403834,171.9861487904742,0.0013228761498552365,0.1512649463438346,0.00047808988662507757,0.1171875,0.031428159231632356,0.1797929082264712
primary,reversed_3bar,8.2,1360585836135.5493,2.2049325520842208e-07,3.3756066923442336e-07,1.259533901460386,172.26007389573542,0.0013035151087977092,0.1514693761345642,0.00047868323680370136,0.119140625,0.03191795767056132,0.1795686585959206
primary,reversed_3bar,8.3,1362202636793.5916,2.202315513836857e-07,3.3756066923442336e-07,1.2410711906772829,172.52446641796286,0.0012844322474803711,0.15166659839962673,0.0004792520619022017,0.119140625,0.03187358710669204,0.17934666765838095
primary,reversed_3bar,8.4,1363751328666.44,2.199814538720622e-07,3.3756066923442336e-07,1.22287458685378,172.7796694585507,0.0012656237178991106,0.1518568788812807,0.0004797969248713858,0.12109375,0.032364877008046085,0.17912624710734465
primary,reversed_3bar,8.5,1365236882263.4656,2.1974208571235005e-07,3.3756066923442336e-07,1.2049403847323388,173.02601300769777,0.0012470857210195433,0.15204047273963975,0.0004803195744429037,0.12109375,0.03232309267531047,0.17890880441429013
primary,reversed_3bar,8.6,1366658884366.038,2.1951344511191845e-07,3.3756066923442336e-07,1.1872649269214501,173.26381449607675,0.0012288145062761204,0.15221762502639402,0.00048081986523759143,0.12109375,0.03228291912401501,0.17869257049570653
primary,reversed_3bar,8.7,1368022081177.1704,2.192947059318317e-07,3.3756066923442336e-07,1.169844603384123,173.4933793200878,0.0012108063710727258,0.1523885711339829,0.0004812994670713182,0.123046875,0.03277643368242381,0.17847894051152147
primary,reversed_3bar,8.8,1369327202284.8518,2.1908569368915017e-07,3.3756066923442336e-07,1.152675850928686,173.7150013419764,0.0011930576602848812,0.15255353722156392,0.0004817586366287643,0.123046875,0.032738572120199934,0.17826695291449937
primary,reversed_3bar,8.9,1370576663203.4773,2.1888596826010723e-07,3.3756066923442336e-07,1.135755152701996,173.92896336634996,0.0011755647657636736,0.15271274061927922,0.00048219822373962685,0.125,0.033233386353412796,0.1780567150384156
primary,reversed_3bar,9.0,1371773540238.019,2.1869498951550446e-07,3.3756066923442336e-07,1.1190790376851445,174.1355375943499,0.0011583241258415235,0.15286639021208392,0.0004826193107138804,0.125,0.03319768766481974,0.177848782610973
primary,reversed_3bar,9.1,1372917608149.9272,2.185127484847867e-07,3.3756066923442336e-07,1.1026440801917565,174.33498605670079,0.0011413322248399011,0.1530146868043467,0.00048302181830777894,0.126953125,0.03369374352911084,0.1776417828183931
primary,reversed_3bar,9.2,1374014201667.7922,2.1833835460787594e-07,3.3756066923442336e-07,1.086446899368955,174.52756102671057,0.0011245855925790906,0.15315782346629844,0.0004834076233930947,0.126953125,0.03366006983425588,0.17743772261610735
primary,reversed_3bar,9.3,1375061681516.9753,2.181720311404783e-07,3.3756066923442336e-07,1.0704841587010792,174.71350541439074,0.0011080808038901077,0.15329598586345286,0.0004837761492379011,0.126953125,0.033627670901969935,0.17723447781742316
primary,reversed_3bar,9.4,1376064222927.1174,2.1801308035016716e-07,3.3756066923442336e-07,1.054752565516224,174.89305314263413,0.0010918144781288598,0.1534293525699291,0.000484128864777407,0.12890625,0.0341255366426687,0.17703345004520454
primary,reversed_3bar,9.5,1377022212827.5684,2.1786140935517806e-07,3.3756066923442336e-07,1.039248870495686,175.06642950643806,0.0010757832786926491,0.1535580953666257,0.00048446590614164436,0.12890625,0.03409495739494876,0.17683381578205096
primary,reversed_3bar,9.6,1377937480511.644,2.177166992283326e-07,3.3756066923442336e-07,1.0239698671863657,175.2338515160057,0.0010599839125390916,0.15368237952506175,0.0004847879169151796,0.130859375,0.034593918748896064,0.17663565523221253
primary,reversed_3bar,9.7,1378812489739.114,2.1757853387066661e-07,3.3756066923442336e-07,1.008912391516209,175.39552822458836,0.001044413129707549,0.1538023640777081,0.0004850957639014661,0.130859375,0.03456504648899603,0.1764394660548027
primary,reversed_3bar,9.8,1379646788072.3708,2.1744696004341596e-07,3.3756066923442336e-07,0.9940733213127383,175.55166104183317,0.001029067722843146,0.15391820207554308,0.0004853892879232637,0.1328125,0.035065058321306866,0.17624404099451474
primary,reversed_3bar,9.9,1380444828840.326,2.1732125307175212e-07,3.3756066923442336e-07,0.9794495758247342,175.70244403339612,0.0010139445267234458,0.1540300408335516,0.00048567005575706027,0.1328125,0.03503778828621367,0.17605113812142034
primary,reversed_3bar,10.0,1381204886770.8457,2.1720166419435257e-07,3.3756066923442336e-07,0.9650381152471241,175.84806420749777,0.0009990404177878617,0.15413802216481165,0.0004859374604151691,0.1328125,0.03501153381834594,0.17585886051284935
primary,reversed_3bar,10.1,1381930612495.9573,2.1708759997591964e-07,3.3756066923442336e-07,0.950835940249127,175.9887017890631,0.0009843523136698676,0.15424228260377507,0.00048619278626812286,0.134765625,0.03551304272506527,0.17566855301680892
primary,reversed_3bar,10.2,1382621887973.1301,2.1697906174463094e-07,3.3756066923442336e-07,0.9368400915057068,176.1245304820865,0.000969877172732078,0.15434295361933884,0.0004864359917860312,0.134765625,0.035488233449611786,0.1754793427741788
primary,reversed_3bar,10.3,1383280364677.647,2.1687577418183809e-07,3.3756066923442336e-07,0.9230476492323761,176.2557177207761,0.0009556119936042503,0.1544401618182293,0.00048666765799326825,0.13671875,0.03599067877500401,0.1752914428892342
primary,reversed_3bar,10.4,1383907798301.9119,2.167774474340756e-07,3.3756066923442336e-07,0.9094557327233945,176.38242491001785,0.0009415538147242756,0.1545340291392021,0.0004868884025800234,0.13671875,0.03596722797183276,0.1751051571995468
primary,reversed_3bar,10.5,1384503819671.3704,2.166841259211613e-07,3.3756066923442336e-07,0.8960614998934023,176.50480765570222,0.0009276997138822076,0.15462467303855557,0.00048709809566278167,0.138671875,0.036470573727929625,0.17491955070822485
primary,reversed_3bar,10.6,1385071981625.691,2.1659524124362337e-07,3.3756066923442336e-07,0.8828621468225276,176.62301598543877,0.0009140468077673843,0.15471220666743424,0.00048729798720662974,0.138671875,0.036448400478771625,0.17473605263949724
primary,reversed_3bar,10.7,1385610282848.5422,2.165110953010965e-07,3.3756066923442336e-07,0.8698549073049983,176.73719455997127,0.0009005922515186879,0.1547967390412347,0.00048748737310561985,0.138671875,0.03642705303234721,0.17455280805468995
primary,reversed_3bar,10.8,1386123103003.5925,2.1643099328618757e-07,3.3756066923442336e-07,0.8570370524012946,176.84748287588388,0.0008873332382779928,0.15487837520162645,0.00048766779421922994,0.140625,0.03693164133409697,0.17437178865789912
primary,reversed_3bar,10.9,1386608345555.5073,2.1635525342220053e-07,3.3756066923442336e-07,0.8444058899938693,176.95401545999397,0.0008742669987468396,0.1549572163715494,0.0004878385129414277,0.140625,0.03691145058685761,0.17419113182803883
primary,reversed_3bar,11.0,1387069181811.4915,2.1628337211573292e-07,3.3756066923442336e-07,0.8319587643464655,177.05692205568403,0.0008613908007463804,0.155033360103439,0.00048800064500600774,0.142578125,0.037416847691215185,0.1740121358108102
primary,reversed_3bar,11.1,1387505140708.302,2.1621541513486155e-07,3.3756066923442336e-07,0.8196930556670535,177.1563278016742,0.000848701948780629,0.15510690042110933,0.0004881540246828324,0.142578125,0.037397745914711344,0.17383395163743917
primary,reversed_3bar,11.2,1387917639289.4465,2.1615115443996156e-07,3.3756066923442336e-07,0.8076061796744133,177.25235340360868,0.0008361977836030522,0.15517792795562535,0.0004882991505181564,0.14453125,0.03790392309274485,0.173656876253951
primary,reversed_3bar,11.3,1388307795695.0806,2.160904094396443e-07,3.3756066923442336e-07,0.7956955871683792,177.34511529859583,0.0008238756817865351,0.1552465300753178,0.0004884364158976337,0.14453125,0.037885847324400285,0.17348104930529243
primary,reversed_3bar,11.4,1388675340856.096,2.1603321609718716e-07,3.3756066923442336e-07,0.7839587636037686,177.4347258132303,0.000811733055296748,0.1553127910103794,0.0004885657261569894,0.146484375,0.03839277714815671,0.17330580471470736
primary,reversed_3bar,11.5,1389022912979.1177,2.1597915858462886e-07,3.3756066923442336e-07,0.7723932286680105,177.5212933153127,0.0007997673510689484,0.15537679197224416,0.0004886880094738166,0.146484375,0.038375668640196633,0.17313222673263148
primary,reversed_3bar,11.6,1389348708695.874,2.1592851249100595e-07,3.3756066923442336e-07,0.7609965358624838,177.60492235950014,0.0007879760505882318,0.15543861126796366,0.0004888026313845346,0.146484375,0.03835919426454463,0.1729587745084923
primary,reversed_3bar,11.7,1389656593814.0898,2.158806724880222e-07,3.3756066923442336e-07,0.749766272087586,177.6857138272046,0.000776356669473269,0.1554983244098508,0.000488910951963095,0.1484375,0.0388671293020755,0.17278730046461868
primary,reversed_3bar,11.8,1389944159659.8616,2.1583600888931692e-07,3.3756066923442336e-07,0.7387000572315346,177.76376506096017,0.0007649067570635389,0.1555560042205901,0.0004890121237864319,0.1484375,0.038851535231575675,0.17261593997741775
primary,reversed_3bar,11.9,1390214469713.9348,2.1579404223992227e-07,3.3756066923442336e-07,0.7277955437629173,177.83916999359832,0.0007536238960100807,0.15561172093409653,0.0004891072246526821,0.150390625,0.039360154218081596,0.17244610335906643
primary,reversed_3bar,12.0,1390466436545.7686,2.1575493813807365e-07,3.3756066923442336e-07,0.717050416326991,177.9120192723166,0.0007425057018697824,0.15566554229221582,0.000489195871980492,0.150390625,0.03934539198573111,0.1722767471002642
primary,reversed_3bar,12.1,1390701730983.5889,2.1571843431000962e-07,3.3756066923442336e-07,0.706462391345742,177.98240037793119,0.0007315498227032191,0.1557175336375089,0.0004892786536030156,0.15234375,0.03985467365456044,0.1721084862273425
primary,reversed_3bar,12.2,1390920519683.49,2.1568450228073873e-07,3.3756066923442336e-07,0.6960292166217066,178.05039773955517,0.0007207539386760548,0.15576775800232395,0.0004893556281534358,0.15234375,0.039840698380997804,0.17194105654853548
primary,reversed_3bar,12.3,1391123153404.2932,2.1565308525406515e-07,3.3756066923442336e-07,0.685748670945556,178.116092844816,0.0007101157616640181,0.1558162761942642,0.0004894269190362184,0.154296875,0.040350623137215165,0.1717743191507738
primary,reversed_3bar,12.4,1391310987875.75,2.1562397092690198e-07,3.3756066923442336e-07,0.6756185637074467,178.17956434588882,0.0006996330348614625,0.15586314687827774,0.0004894930032261257,0.154296875,0.04033739339485301,0.1716087486765313
primary,reversed_3bar,12.5,1391483124250.5857,2.1559729670567991e-07,3.3756066923442336e-07,0.6656367345121345,178.24088816142188,0.0006893035323935175,0.1559084266554459,0.0004895535644894357,0.15625,0.04084794333080117,0.17144349213723256
primary,reversed_3bar,12.6,1391642044506.2349,2.155726763101946e-07,3.3756066923442336e-07,0.6558010527978523,178.30013757462757,0.0006791250589318376,0.15595217013869137,0.0004896094760389662,0.15625,0.04083542099063608,0.17127972372770311
primary,reversed_3bar,12.7,1391785668737.1057,2.155504304568802e-07,3.3756066923442336e-07,0.6461094174589462,178.3573833276539,0.000669095449313954,0.15599443002550822,0.0004896600061193851,0.158203125,0.04134657986456801,0.17111591480406171
primary,reversed_3bar,12.8,1391917544537.5627,2.155300083523763e-07,3.3756066923442336e-07,0.6365597564722666,178.41269371231928,0.0006592125681662293,0.1560352571677918,0.0004897064028503684,0.158203125,0.04133472991076819,0.17095390093998913
primary,reversed_3bar,12.9,1392034887607.244,2.155118400198053e-07,3.3756066923442336e-07,0.6271500265273079,178.4661346575576,0.0006494743095304218,0.15607470063903922,0.0004897476866554174,0.158203125,0.04132334049679872,0.1707917590228261
primary,reversed_3bar,13.0,1392141023028.481,2.1549540961545423e-07,3.3756066923442336e-07,0.6178782126600907,178.51776981340942,0.0006398785964938545,0.15611280779881417,0.0004897850273697096,0.16015625,0.04183527337804321,0.17063121639599055
primary,reversed_3bar,13.1,1392233863025.662,2.1548103947710852e-07,3.3756066923442336e-07,0.6087423278907762,178.567660632079,0.0006304233808231887,0.15614962435487212,0.0004898176904690712,0.16015625,0.041824504366854816,0.17047078704310076
primary,reversed_3bar,13.2,1392315725301.8833,2.1546837010330663e-07,3.3756066923442336e-07,0.5997404128650075,178.61586644577548,0.0006211066426018033,0.1561851944227503,0.0004898464913710892,0.162109375,0.042337008695630646,0.1703116196371326
primary,reversed_3bar,13.3,1392385571993.1387,2.154575614932315e-07,3.3756066923442336e-07,0.5908705354989627,178.66244454177496,0.0006119263898707708,0.15621956058315675,0.0004898710649329786,0.162109375,0.04232683201652961,0.17015287303333873
primary,reversed_3bar,13.4,1392444638346.074,2.1544842196120325e-07,3.3756066923442336e-07,0.582130790628113,178.70745023465562,0.0006028806582734279,0.15625276393713272,0.0004898918457409647,0.1640625,0.042839896752995314,0.16999506925239918
primary,reversed_3bar,13.5,1392492884672.7856,2.1544095722291277e-07,3.3756066923442336e-07,0.5735192996596696,178.7509369359148,0.0005939675107035341,0.1562848441591531,0.0004899088198319928,0.1640625,0.042830286447934046,0.16983797848911852
primary,reversed_3bar,13.6,1392530522540.3564,2.15435134199226e-07,3.3756066923442336e-07,0.5650342102287101,178.79295622093392,0.0005851850369570108,0.15631583954814846,0.0004899220616398941,0.166015625,0.043343901461464426,0.16968152782240614
primary,reversed_3bar,13.7,1392558460205.9963,2.1543081211514957e-07,3.3756066923442336e-07,0.5566736958579674,178.83355789359408,0.0005765313533872532,0.15634578707668076,0.0004899318907090068,0.166015625,0.043334833346899956,0.16952606626785277
primary,reversed_3bar,13.8,1392575960344.7048,2.1542810485234924e-07,3.3756066923442336e-07,0.5484359556212665,178.87279004841963,0.000568004602564002,0.15637472243819003,0.0004899380476326048,0.16796875,0.04384898859328287,0.16937096737759985
primary,reversed_3bar,13.9,1392584776555.4126,2.1542674101468798e-07,3.3756066923442336e-07,0.5403192138105968,178.91069913052152,0.0005596029529357725,0.1564026800925197,0.0004899411493643485,0.16796875,0.04384044049051745,0.16921709550519673
primary,reversed_3bar,14.0,1392583340156.3557,2.1542696321953467e-07,3.3756066923442336e-07,0.5323217196067982,178.94732999334326,0.000551324598495819,0.15642969330973006,0.000489940644008397,0.169921875,0.0443551265850287,0.1690633379199391
primary,reversed_3bar,14.1,1392574157445.2534,2.1542838375685854e-07,3.3756066923442336e-07,0.5244417467538486,178.9827259542804,0.000543167758451633,0.15645579421225764,0.0004899374133339651,0.169921875,0.0443470771868997,0.16891101715271375
primary,reversed_3bar,14.2,1392554908851.9004,2.1543136151617654e-07,3.3756066923442336e-07,0.516677593236731,179.0169288483229,0.0005351306768979526,0.15648101381553722,0.0004899306412665766,0.171875,0.0448622851677796,0.16875857980783487
primary,reversed_3bar,14.3,1392528795330.7444,2.1543540141210937e-07,3.3756066923442336e-07,0.5090275809628653,179.0499790797326,0.0005272116224932767,0.15650538206710113,0.0004899214539705608,0.171875,0.04485471378790058,0.1686077705527386
primary,reversed_3bar,14.4,1392492844852.4417,2.1544096338375807e-07,3.3756066923442336e-07,0.501490055447083,179.08191567184872,0.0005194088881398653,0.15652892788422842,0.000489908805822343,0.171875,0.04484748889029801,0.1684566522254795
primary,reversed_3bar,14.5,1392450769736.772,2.1544747327527552e-07,3.3756066923442336e-07,0.4940633855001258,179.11277631514272,0.0005117207906672103,0.1565516791902397,0.0004898940028955282,0.173828125,0.045363321305530765,0.1683072813150932
primary,reversed_3bar,14.6,1392399420368.7742,2.1545541861870757e-07,3.3756066923442336e-07,0.48674596292064726,179.14259741349505,0.0005041456705189619,0.1565736629494205,0.0004898759370881177,0.173828125,0.04535654140220565,0.16815761923343217
primary,reversed_3bar,14.7,1392342060791.5947,2.1546429462127978e-07,3.3756066923442336e-07,0.4795362021906987,179.17141412885715,0.0004966818914432944,0.15659490520069816,0.0004898557567603966,0.17578125,0.04587287114897791,0.1680094605824945
primary,reversed_3bar,14.8,1392276256839.8997,2.1547447823388224e-07,3.3756066923442336e-07,0.4724325401746751,179.19926042426368,0.0004893278401866917,0.15661543109005108,0.0004898326055208678,0.17578125,0.04586651714988965,0.16786119826162307
primary,reversed_3bar,14.9,1392204558250.2622,2.1548557517800635e-07,3.3756066923442336e-07,0.46543343582169955,179.22616910539915,0.00048208192619113456,0.15663526490180277,0.0004898073804214655,0.177734375,0.046383334984258444,0.16771420560092842
primary,reversed_3bar,15.0,1392125201305.1477,2.154978587549047e-07,3.3756066923442336e-07,0.4585373698714275,179.25217186055775,0.0004749425812946743,0.15665443008868676,0.0004897794609485874,0.177734375,0.04637738824321039,0.16756728036081014
primary,reversed_3bar,15.1,1392040066676.8665,2.1551103821039574e-07,3.3756066923442336e-07,0.4517428445632422,179.2772992993085,0.0004679082594353681,0.15667294930091502,0.0004897495087630308,0.1796875,0.04689468470525546,0.16742140137552258
primary,reversed_3bar,15.2,1391948017029.1,2.1552528997476793e-07,3.3756066923442336e-07,0.44504838334882274,179.30158098970287,0.00046097743635856067,0.15669084441413206,0.0004897171237255203,0.1796875,0.046889127025347845,0.167275745474874
primary,reversed_3bar,15.3,1391850307688.2527,2.155404200745373e-07,3.3756066923442336e-07,0.43845253060805894,179.32504549420264,0.0004541486093274893,0.15670813655638993,0.0004896827474867703,0.181640625,0.04740689249513835,0.16713092310793143
primary,reversed_3bar,15.4,1391746384645.915,2.1555651468519914e-07,3.3756066923442336e-07,0.4319538513682901,179.34772040432298,0.0004474202968371927,0.15672484613414142,0.0004896461851347573,0.181640625,0.047401706169983675,0.1669864651441909
primary,reversed_3bar,15.5,1391636920242.5696,2.1557347008852599e-07,3.3756066923442336e-07,0.4255509310268425,179.3696323740588,0.00044079103833170175,0.15674099285730475,0.0004896076732132626,0.18359375,0.04791993095182947,0.1668426390818457
primary,reversed_3bar,15.6,1391521901827.0615,2.1559128865029107e-07,3.3756066923442336e-07,0.41924237507684187,179.3908071521367,0.00043425939392449073,0.15675659576343334,0.0004895672072713388,0.18359375,0.04791509882846011,0.16669930549496043
primary,reversed_3bar,15.7,1391401477822.1948,2.1560994779850058e-07,3.3756066923442336e-07,0.4130268088362744,179.41126961310258,0.0004278239441221657,0.1567716732409994,0.000489524839527307,0.185546875,0.048433772626430414,0.1665564244161405
primary,reversed_3bar,15.8,1391276082335.919,2.1562938068791297e-07,3.3756066923442336e-07,0.40690287718027496,179.43104378737388,0.00042148328955137106,0.15678624305188868,0.0004894807227096415,0.185546875,0.04842927880068948,0.16641413022347532
primary,reversed_3bar,15.9,1391145448663.8284,2.1564962907950776e-07,3.3756066923442336e-07,0.4008692442766111,179.45015289018133,0.00041523605068888607,0.1568003223530531,0.0004894347629860201,0.1875,0.048948391528431875,0.16627214074020846
primary,reversed_3bar,16.0,1391010355150.0476,2.1567057275259402e-07,3.3756066923442336e-07,0.3949245933243428,179.46861934954262,0.00040908086759489234,0.15681392771742697,0.0004893872341945759,0.1875,0.04894422070745678,0.1661308033491768
primary,reversed_3bar,16.1,1390870204524.7034,2.1569230473415587e-07,3.3756066923442336e-07,0.3890676262956293,179.48646483321627,0.0004030163996493881,0.15682707515407138,0.0004893379262029754,0.189453125,0.04946376299622962,0.16598964438714092
primary,reversed_3bar,16.2,1390726064118.7483,2.157146599464208e-07,3.3756066923442336e-07,0.38329706368065714,179.5037102746961,0.00039704132529172324,0.15683978012759156,0.0004892872145211071,0.189453125,0.049459900147295226,0.1658491915858953
primary,reversed_3bar,16.3,1390577046542.0842,2.1573777644755683e-07,3.3756066923442336e-07,0.3776116442356643,179.52037589839512,0.00039115434176323436,0.15685205757693915,0.0004892347869461289,0.19140625,0.04997986293534784,0.1657088040153062
primary,reversed_3bar,16.4,1390424468417.0662,2.1576145041631504e-07,3.3756066923442336e-07,0.37201012473403244,179.53648124386686,0.000385354164852952,0.15686392193348792,0.0004891811066939836,0.19140625,0.0499762938271082,0.1655691662536077
primary,reversed_3bar,16.5,1390267191746.3455,2.157858588485882e-07,3.3756066923442336e-07,0.366491279720423,179.55204518920752,0.0003796395286463595,0.15687538713849009,0.0004891257733928314,0.193359375,0.05049666842863979,0.16542949367121917
primary,reversed_3bar,16.6,1390106743883.139,2.158107651229551e-07,3.3756066923442336e-07,0.3610539012679269,179.56708597364474,0.0003740091852771736,0.1568864666599189,0.0004890693243982453,0.193359375,0.05049337966122551,0.1652906047142878
primary,reversed_3bar,16.7,1389941774829.9194,2.158363792157478e-07,3.3756066923442336e-07,0.35569679873820603,179.5816212193422,0.0003684619046821281,0.15689717350871915,0.0004890112847521824,0.1953125,0.05101415781867745,0.16515159399575013
primary,reversed_3bar,16.8,1389773985196.4927,2.1586243748661379e-07,3.3756066923442336e-07,0.35041879854459546,179.59566795244717,0.0003629964743587303,0.15690752025448743,0.0004889522527655942,0.1953125,0.05101113683803671,0.16501339136048082
primary,reversed_3bar,16.9,1389601850702.3728,2.1588917706778047e-07,3.3756066923442336e-07,0.34521874391813995,179.6092426234097,0.0003576116991259661,0.15691751904060355,0.0004888916921639602,0.197265625,0.051532310758412636,0.16487499300897418
primary,reversed_3bar,17.0,1389427208772.5864,2.1591631292798606e-07,3.3756066923442336e-07,0.3400954946765418,179.62236112659838,0.0003523064008879317,0.1569271815988327,0.0004888302493927573,0.197265625,0.05152954585649894,0.16473741821346724
primary,reversed_3bar,17.1,1389248397681.8164,2.1594410366108615e-07,3.3756066923442336e-07,0.3350479269959866,179.63503881923688,0.00034707941840036126,0.1569365192634167,0.0004887673398214293,0.19921875,0.05205110823352985,0.1645995865388982
primary,reversed_3bar,17.2,1389067356208.0269,2.1597224832851947e-07,3.3756066923442336e-07,0.3300749331858256,179.64729053968807,0.0003419296070400286,0.15694554298467472,0.000488703645553587,0.19921875,0.05204858853671005,0.16446258520132143
primary,reversed_3bar,17.3,1388882321149.3145,2.1600102141968868e-07,3.3756066923442336e-07,0.32517542146608347,179.65913062510577,0.00033685583857699577,0.15695426334212942,0.0004886385462570382,0.201171875,0.052570532561242236,0.16432527836659533
primary,reversed_3bar,17.4,1388695333507.3208,2.1603010592849988e-07,3.3756066923442336e-07,0.3203483157477668,179.67057292847872,0.00033185700094968235,0.15696269055717646,0.0004885727599998728,0.201171875,0.05256824666931798,0.16418882149858297
primary,reversed_3bar,17.5,1388504457496.08,2.1605980332320751e-07,3.3756066923442336e-07,0.3155925554159451,179.68163083508702,0.0003269319980427312,0.1569708345053137,0.0004885056057311289,0.203125,0.053090567370682774,0.1640519801581133
primary,reversed_3bar,17.6,1388311910873.8567,2.160897689130741e-07,3.3756066923442336e-07,0.31090709511557724,179.69231727839244,0.00032207974946764215,0.15697870472794548,0.0004884378637056619,0.203125,0.05308850590741751,0.16391602266055957
primary,reversed_3bar,17.7,1388115578212.9653,2.1612033227536754e-07,3.3756066923442336e-07,0.3062909045400566,179.70264475538252,0.0003172991903461509,0.15698631044377825,0.000488368789670706,0.205078125,0.053611197569800165,0.163779611245549
primary,reversed_3bar,17.8,1387917827629.1565,2.1615112510836502e-07,3.3756066923442336e-07,0.30174296822244684,179.71262534138688,0.00031258927109632307,0.15699366055982067,0.0004882992167801,0.205078125,0.05360935196796872,0.16364411097005174
primary,reversed_3bar,17.9,1387716393999.4438,2.1618250047143295e-07,3.3756066923442336e-07,0.2972622853293828,179.72227070438515,0.00030794895722134136,0.15700076368200308,0.00048822834811506537,0.20703125,0.054132409303051264,0.1635080983089524
primary,reversed_3bar,18.0,1387513765788.6318,2.1621407109390853e-07,3.3756066923442336e-07,0.2928478694576075,179.73159211882475,0.0003033772291009568,0.1570076281254308,0.0004881570591708157,0.20703125,0.0541307717155959,0.1633730167491111
primary,reversed_3bar,18.1,1387307558798.8218,2.1624620877849914e-07,3.3756066923442336e-07,0.28849874843312123,179.7406004789636,0.0002988730817855811,0.15701426192428178,0.00048808451113546773,0.208984375,0.054654189903401824,0.16323737499946014
primary,reversed_3bar,18.2,1387100352573.8325,2.1627851182024092e-07,3.3756066923442336e-07,0.2842139641129112,179.74930631175712,0.00029443552479298875,0.15702067284136428,0.00048801161154778317,0.208984375,0.05465275316824412,0.16310267708657117
primary,reversed_3bar,18.3,1386889673693.7285,2.1631136613845033e-07,3.3756066923442336e-07,0.27999257218923995,179.75771978930288,0.0002900635819076095,0.15702686837734361,0.00048793749020565545,0.2109375,0.05517652784135457,0.16296738153365395
primary,reversed_3bar,18.4,1386678164221.0144,2.163443600256943e-07,3.3756066923442336e-07,0.27583364199646265,179.76585074086094,0.0002857562909823809,0.1570328557796526,0.00048786307664325864,0.2109375,0.055175285446208165,0.16283303542660432
primary,reversed_3bar,18.5,1386463290619.0842,2.1637788899989113e-07,3.3756066923442336e-07,0.27173625632034654,179.77370866446185,0.0002815127037431345,0.15703864205109405,0.00048778747950815415,0.212890625,0.05569941267300719,0.16269806428033592
primary,reversed_3bar,18.6,1386247729592.9028,2.1641153568424637e-07,3.3756066923442336e-07,0.2676995112098684,179.78130273811865,0.0002773318855954939,0.15704423395814807,0.00048771164052247555,0.212890625,0.05569835872092379,0.16256404115754206
primary,reversed_3bar,18.7,1386028924519.5476,2.164456994315554e-07,3.3756066923442336e-07,0.2637225157914603,179.78864183065673,0.00027321291543425417,0.1570496380389945,0.00048763466021152345,0.21484375,0.05622283463760133,0.1624293805820224
primary,reversed_3bar,18.8,1385809533576.3926,2.1647996548687514e-07,3.3756066923442336e-07,0.25980439208567957,179.79573451217252,0.0002691548854552197,0.15705486061125848,0.0004875574737790282,0.21484375,0.05622196416467117,0.16229564921230993
primary,reversed_3bar,18.9,1385587062296.7266,2.165147237321377e-07,3.3756066923442336e-07,0.25594427482627646,179.8025890641373,0.00026515690096947427,0.1570599077794922,0.0004874792036181768,0.216796875,0.05674678435868177,0.1621613018027591
primary,reversed_3bar,19.0,1385364020260.337,2.1654958235715127e-07,3.3756066923442336e-07,0.2521413112816315,179.8092134891551,0.00026121808022005626,0.15706478544239846,0.00048740073265288625,0.216796875,0.05674609390193804,0.16202781968734825
primary,reversed_3bar,19.1,1385138097440.75,2.1658490265648957e-07,3.3756066923442336e-07,0.2483946610785388,179.8156155203891,0.0002573375542010158,0.15706949929980804,0.0004873212481663691,0.21875,0.057271255597436455,0.16189377157693796
primary,reversed_3bar,19.2,1384911595895.3787,2.166203250006314e-07,3.3756066923442336e-07,0.24470349602830888,179.82180263066658,0.0002535144664788267,0.15707405485941753,0.00048724156007172654,0.21875,0.05727074096289206,0.1617605174837341
primary,reversed_3bar,19.3,1384682418165.17,2.1665617766529256e-07,3.3756066923442336e-07,0.2410669999551627,179.82778204127416,0.0002497479730161273,0.15707845744329682,0.00048716093043794223,0.220703125,0.057796241753263825,0.16162675699163223
primary,reversed_3bar,19.4,1384452631642.7659,2.166921374868749e-07,3.3756066923442336e-07,0.2374843685268961,179.833560730454,0.00024603724199776807,0.1570827121941746,0.0004870800866180252,0.220703125,0.057795899239206146,0.1614937119721128
primary,reversed_3bar,19.5,1384220378897.2607,2.1672849538524713e-07,3.3756066923442336e-07,0.2339548090877844,179.83914544161044,0.00024238145365913696,0.1570868240815082,0.0004869983751280021,0.22265625,0.05832173707200976,0.1613602294477444
primary,reversed_3bar,19.6,1383987466122.0269,2.1676496886247728e-07,3.3756066923442336e-07,0.23047754049370425,179.8445426912383,0.00023877980011673965,0.1570907979073469,0.00048691643142538456,0.22265625,0.058321563442343384,0.16122737668168466
primary,reversed_3bar,19.7,1383752302729.179,2.1680180723696652e-07,3.3756066923442336e-07,0.22705179294944744,179.84975877658167,0.00023523148520100974,0.15709463831199486,0.000486833695907289,0.224609375,0.058847736605046934,0.16109416436073298
primary,reversed_3bar,19.8,1383516407768.9336,2.1683877279329249e-07,3.3756066923442336e-07,0.2236768078482013,179.85479978303226,0.00023173572429132375,0.15709834977948078,0.00048675070300811503,0.224609375,0.058847729064316276,0.16096148901267412
primary,reversed_3bar,19.9,1383278483685.381,2.1687606909111248e-07,3.3756066923442336e-07,0.22035183761316962,179.85967159127665,0.00022829174415319538,0.1571019366428411,0.00048666699621990395,0.2265625,0.05937423617084844,0.16082854088434767
primary,reversed_3bar,20.0,1383039738017.8381,2.169135070767798e-07,3.3756066923442336e-07,0.2170761455413122,179.86437988420042,0.00022489878277762683,0.1571054030892228,0.00048658300038084907,0.2265625,0.05937439229786194,0.1606960305793654
primary,reversed_3bar,20.1,1382799188818.3567,2.1695124095087081e-07,3.3756066923442336e-07,0.2138490056491753,179.8689301535586,0.00022155608922259018,0.15710875316481265,0.0004864983700206321,0.228515625,0.05990123231899686,0.16056334165619124
primary,reversed_3bar,20.2,1382557752098.4998,2.1698912724958387e-07,3.3756066923442336e-07,0.21066970252079115,179.87332770641876,0.0002182629234566168,0.15711199077959817,0.00048641342741173897,0.228515625,0.05990154831971118,0.1604310105190602
primary,reversed_3bar,20.3,1382314660144.5215,2.1702728665891085e-07,3.3756066923442336e-07,0.20753753115762044,179.877577671385,0.0002150185562044691,0.15711511971196573,0.00048632790245603183,0.23046875,0.06042872229654507,0.16029855256377634
primary,reversed_3bar,20.4,1382070638945.0784,2.1706560543749574e-07,3.3756066923442336e-07,0.20445179683051473,179.88168500461123,0.0002118222687948714,0.15711814361314264,0.0004862420505718685,0.23046875,0.060429196511600385,0.16016639124322474
primary,reversed_3bar,20.5,1381825116431.6494,2.1710417362705333e-07,3.3756066923442336e-07,0.2014118149336751,179.8856544956082,0.0002086733530102767,0.15712106601148634,0.00048615567049329136,0.232421875,0.06095670401663413,0.16003416252969796
primary,reversed_3bar,20.6,1381578606456.0417,2.1714291072409222e-07,3.3756066923442336e-07,0.1984169108405822,179.8894907728536,0.00020557111093864422,0.1571238903166277,0.0004860689430043713,0.232421875,0.0609573351425347,0.15990216318779643
primary,reversed_3bar,20.7,1381330754848.599,2.1718187258697613e-07,3.3756066923442336e-07,0.19546641976187604,179.8931983092097,0.0002025148548272066,0.15712661982347162,0.0004859817435006379,0.234375,0.06148517602926871,0.1597701633145708
primary,reversed_3bar,20.8,1381081841703.6848,2.1722101539610705e-07,3.3756066923442336e-07,0.1925596866051598,179.8967814271548,0.00019950390693820028,0.1571292577160598,0.00048589417052528704,0.234375,0.061485963100785725,0.15963831953237473
primary,reversed_3bar,20.9,1380831752487.4465,2.1726035736039275e-07,3.3756066923442336e-07,0.18969606583670687,179.90024430383463,0.00019653759940653932,0.15713180707130023,0.0004858061837828566,0.236328125,0.06201413749414966,0.1595065493364343
primary,reversed_3bar,21.0,1380580512396.163,2.1729989472277428e-07,3.3756066923442336e-07,0.18687492134504663,179.9035909759386,0.00019361527409940735,0.15713427086256687,0.0004857177921379369,0.236328125,0.06201507986797936,0.1593748560274746
primary,reversed_3bar,21.1,1380328267767.4336,2.1733960464725184e-07,3.3756066923442336e-07,0.18409562630640716,179.9068253444051,0.0001907362824777462,0.157136651963173,0.0004856290470752296,0.23828125,0.06254358815546676,0.15924331750540344
primary,reversed_3bar,21.2,1380074768225.8096,2.1737952675250535e-07,3.3756066923442336e-07,0.18135756305199094,179.90995117896023,0.0001878999854596171,0.1571389531497212,0.0004855398605072895,0.23828125,0.0625446854950749,0.1591117708364412
primary,reversed_3bar,21.3,1379820451631.346,2.1741959227036635e-07,3.3756066923442336e-07,0.1786601229370632,179.91297212249546,0.00018510575328541438,0.15714117710533407,0.0004854503864826616,0.240234375,0.06307352786592897,0.1589804731077306
primary,reversed_3bar,21.4,1379564742112.1804,2.1745989212560294e-07,3.3756066923442336e-07,0.1760027062118291,179.91589169528459,0.00018235296538490734,0.15714332642276624,0.00048536042239729135,0.240234375,0.06307478058014354,0.1588490643909262
primary,reversed_3bar,21.5,1379308454138.9429,2.175002981383741e-07,3.3756066923442336e-07,0.1733847218940776,179.9187132990452,0.00017964101024608843,0.15714540360740145,0.0004852702547993898,0.2421875,0.06360395629629867,0.1587180329819507
primary,reversed_3bar,21.6,1379050551347.6768,2.175409739018088e-07,3.3756066923442336e-07,0.1708055876435726,179.92144022084614,0.00017696928528580775,0.15714741108013555,0.00048517951907392124,0.2421875,0.06360536624785844,0.15858673925890376
primary,reversed_3bar,21.7,1378792350326.2454,2.175817119445252e-07,3.3756066923442336e-07,0.16826472963816605,179.9240756368619,0.00017433719672216966,0.15714935118014656,0.0004850886784246933,0.244140625,0.06413487638446896,0.1584559795021327
primary,reversed_3bar,21.8,1378532298653.0322,2.1762275740157184e-07,3.3756066923442336e-07,0.165761582451615,179.92662261597562,0.00017174415944867148,0.15715122616755284,0.00048499718667653326,0.244140625,0.06413644413061236,0.15832480002427976
primary,reversed_3bar,21.9,1378272235886.875,2.17663820099343e-07,3.3756066923442336e-07,0.16329558893307952,179.92908412323206,0.00016918959691006295,0.15715303822596036,0.0004849056910256379,0.24609375,0.06466628999610309,0.15819431815795637
primary,reversed_3bar,22.0,1378010073149.448,2.1770523006000145e-07,3.3756066923442336e-07,0.1608662000882808,179.9314630231378,0.00016667294097990446,0.15715478946489705,0.0004848134565598747,0.24609375,0.06466801635118004,0.1580632531772161
primary,reversed_3bar,22.1,1377748193374.7202,2.1774661105899628e-07,3.3756066923442336e-07,0.15847287496229884,179.93376208281114,0.00016419363183980382,0.15715648192213658,0.00048472132164644935,0.248046875,0.06519819948151552,0.15793305629597
primary,reversed_3bar,22.2,1377483951253.67,2.177883812925481e-07,3.3756066923442336e-07,0.1561150805239892,179.93598397497777,0.00016175111786031045,0.15715811756590772,0.00048462835560899345,0.248046875,0.06520008550684753,0.15780210701435723
primary,reversed_3bar,22.3,1377220293062.6191,2.1783007519651735e-07,3.3756066923442336e-07,0.15379229155199817,179.93813128081254,0.00015934485548344698,0.15715969829699045,0.0004845355950106173,0.25,0.06573060766035146,0.1576722030244232
primary,reversed_3bar,22.4,1376954060225.6025,2.178721924468907e-07,3.3756066923442336e-07,0.151503990522356,179.94020649262475,0.0001569743091068568,0.1571612259506967,0.0004844419285966493,0.251953125,0.06626149322583925,0.1575414099242956
primary,reversed_3bar,22.5,1376688593732.6846,2.1791420468342446e-07,3.3756066923442336e-07,0.14924966749762844,179.94221201638481,0.00015463895096954824,0.15716270229873375,0.0004843485317989479,0.251953125,0.066263517807629,0.15741176912689117
primary,reversed_3bar,22.6,1376420620049.365,2.1795663013915076e-07,3.3756066923442336e-07,0.147028820017607,179.94415017409037,0.0001523382610392154,0.15716412905094945,0.0004842542529179667,0.25390625,0.06679474678334084,0.15728127561666458
primary,reversed_3bar,22.7,1376153143403.5732,2.179989933809434e-07,3.3756066923442336e-07,0.14484095299151725,179.94602320597107,0.00015007172690111481,0.1571655078569582,0.000484160148905433,0.25390625,0.06679693364106797,0.15715176698400904
primary,reversed_3bar,22.8,1375883467065.8237,2.1804172168721007e-07,3.3756066923442336e-07,0.14268557859172737,179.94783327253012,0.00014783884364847987,0.15716684030764697,0.0004840652709941577,0.255859375,0.06732850767760541,0.15702159098178514
primary,reversed_3bar,22.9,1375613979999.6975,2.1808443674007003e-07,3.3756066923442336e-07,0.1405622161489361,179.94958245642223,0.0001456391137744518,0.1571681279365603,0.0004839704596726931,0.255859375,0.06733085930962868,0.15689221050268462
primary,reversed_3bar,23.0,1375342620857.9346,2.1812746544047397e-07,3.3756066923442336e-07,0.13847039204882208,179.95127276417043,0.0001434720470655097,0.15716937222116667,0.00048387498971492527,0.2578125,0.06786278091312838,0.15676236239481298
primary,reversed_3bar,23.1,1375071131967.0361,2.181705317097674e-07,3.3756066923442336e-07,0.13640963963013564,179.9529061277222,0.00014133716049637924,0.15717057458400654,0.00048377947410863277,0.2578125,0.06786529938318604,0.1566331150521991
primary,reversed_3bar,23.2,1374798105256.6042,2.1821385907715183e-07,3.3756066923442336e-07,0.1343794990842134,179.95448440585156,0.00013923397812640133,0.1571717363937265,0.0004836834174644928,0.259765625,0.06839757126573943,0.15650360588482082
primary,reversed_3bar,23.3,1374524618839.906,2.182572766526357e-07,3.3756066923442336e-07,0.13237951735589934,179.95600938541205,0.0001371620309973434,0.15717285896600394,0.00048358719908584303,0.259765625,0.06840025884326492,0.1563744974066474
primary,reversed_3bar,23.4,1374249935449.7144,2.1830090164917995e-07,3.3756066923442336e-07,0.13040924804585124,179.95748278245148,0.00013512085703263244,0.1571739435643694,0.0004834905595862826,0.26171875,0.0689328839202466,0.15624533886045916
primary,reversed_3bar,23.5,1373974451762.7317,2.1834467126744384e-07,3.3756066923442336e-07,0.12846825131421746,179.958906243199,0.00013311000093799434,0.15717499140093524,0.00048339363852517114,0.26171875,0.06893574307476626,0.15611637569321077
primary,reversed_3bar,23.6,1373698118482.7288,2.1838859350797883e-07,3.3756066923442336e-07,0.1265560937856634,179.96028134494154,0.00013112901410347824,0.15717600363704234,0.0004832964185590394,0.263671875,0.06946872446254354,0.15598758006092625
primary,reversed_3bar,23.7,1373420654596.977,2.1843271323747013e-07,3.3756066923442336e-07,0.12467234845573223,179.96160959680702,0.00012917745450685111,0.15717698138383843,0.0004831988008215911,0.263671875,0.06947175681526893,0.15585878202336603
primary,reversed_3bar,23.8,1373142653719.7307,2.1847693623624946e-07,3.3756066923442336e-07,0.12281659459852114,179.96289244047603,0.00012725488661834264,0.1571779257028034,0.0004831009941590342,0.265625,0.07000509887261812,0.15573034951209402
primary,reversed_3bar,23.9,1372863230237.1208,2.1852140358379618e-07,3.3756066923442336e-07,0.12098841767565591,179.96413125084985,0.00012536088130672351,0.15717883760624252,0.00048300268699344256,0.265625,0.07000830584638323,0.1556017415065256
primary,reversed_3bar,24.0,1372583533268.032,2.1856593258533382e-07,3.3756066923442336e-07,0.11918740924654737,179.96532733669895,0.00012349501574670016,0.157179718057765,0.0004829042836094503,0.267578125,0.07054201351840755,0.15547366848739577
primary,reversed_3bar,24.1,1372302139955.6265,2.1861074996917262e-07,3.3756066923442336e-07,0.11741316687991213,179.96648194132726,0.00012165687332760831,0.1571805679727745,0.0004828052834155487,0.267578125,0.07054539809848516,0.15534525921991096
primary,reversed_3bar,24.2,1372020742369.0674,2.186555864177317e-07,3.3756066923442336e-07,0.11566529406654132,179.9675962432835,0.00011984604356338844,0.15718138821899366,0.0004827062817179084,0.26953125,0.07107947515045895,0.1552175594731355
primary,reversed_3bar,24.3,1371737365773.7375,2.1870075678137046e-07,3.3756066923442336e-07,0.11394340013330055,179.96867135715593,0.0001180621220038264,0.1571821796170503,0.00048260658376259806,0.26953125,0.07108304050455475,0.15508935828591094
primary,reversed_3bar,24.4,1371454259757.8132,2.1874590265444024e-07,3.3756066923442336e-07,0.11224710015834477,179.9697083344865,0.00011630471014704249,0.15718294294115154,0.0004825069810029176,0.271484375,0.07161749089737025,0.15496204613793552
primary,reversed_3bar,24.5,1371168883372.806,2.187914294423448e-07,3.3756066923442336e-07,0.11057601488753233,179.97070816484074,0.00011457341535321297,0.15718367891987195,0.0004824065794787692,0.271484375,0.071621240372451,0.15483406299435543
primary,reversed_3bar,24.6,1370884057992.488,2.1883688722685832e-07,3.3756066923442336e-07,0.10892977065202121,179.97167177707016,0.00011286785075950672,0.15718438823708403,0.0004823063718098715,0.2734375,0.0721560682620052,0.1547071533060934
primary,reversed_3bar,24.7,1370596943454.5269,2.188827294798015e-07,3.3756066923442336e-07,0.10730799928703329,179.9726000407999,0.00011118763519622272,0.15718507153305394,0.00048220535876628804,0.275390625,0.07269127659280755,0.15457957213371698
primary,reversed_3bar,24.8,1370310119950.188,2.189285444457677e-07,3.3756066923442336e-07,0.10571033805176867,179.97349376817252,0.00010953239310410987,0.15718572940572587,0.00048210444811456587,0.275390625,0.07269521425938197,0.15445291692740373
primary,reversed_3bar,24.9,1370021300278.9026,2.1897469764807846e-07,3.3756066923442336e-07,0.10413642955045764,179.97435371587363,0.00010790175445285668,0.15718636241221384,0.00048200283516856016,0.27734375,0.07323080558092379,0.15432578321614465
primary,reversed_3bar,25.0,1369732423971.5972,2.1902087937010157e-07,3.3756066923442336e-07,0.10258592165453227,179.9751805874629,0.00010629535466073245,0.15718697107051818,0.0004819012022967895,0.27734375,0.07323493618967514,0.15419937475197024
primary,reversed_3bar,25.1,1369441847811.415,2.190673524979885e-07,3.3756066923442336e-07,0.10105846742590394,179.97597503602194,0.0001047128345153658,0.15718755586147537,0.00048179897138037113,0.279296875,0.0737709168990333,0.15407268416831935
primary,reversed_3bar,25.2,1369150892623.545,2.1911390601012926e-07,3.3756066923442336e-07,0.09955372504133204,179.97673766712828,0.0001031538400956458,0.15718811723094742,0.0004816966071138946,0.279296875,0.07377524440870098,0.15394653450322351
primary,reversed_3bar,25.3,1368858539114.6746,2.19160703189994e-07,3.3756066923442336e-07,0.0980713577178685,179.97746904215413,0.00010161802269472976,0.15718865559225076,0.00048159375088814224,0.28125,0.07431161935405062,0.15382030366602867
primary,reversed_3bar,25.4,1368565476492.1519,2.1920763394452057e-07,3.3756066923442336e-07,0.09661103363936382,179.97816968188042,0.00010010503874414325,0.15718917132881702,0.0004814906451810199,0.28125,0.07431614789460882,0.15369442543407413
primary,reversed_3bar,25.5,1368271322216.1035,2.1925475973150468e-07,3.3756066923442336e-07,0.0951724258840205,179.97884007040687,9.861454973895792e-05,0.1571896647970714,0.00048138715540680733,0.283203125,0.07485292212152708,0.15356867146678918
primary,reversed_3bar,25.6,1367976121219.4807,2.1930207358631768e-07,3.3756066923442336e-07,0.09375521235297943,179.97948065933124,9.714622216403227e-05,0.15719013632950948,0.0004812832973738791,0.283203125,0.07485765599369598,0.15344307787432507
primary,reversed_3bar,25.7,1367680140286.6248,2.1934953295229467e-07,3.3756066923442336e-07,0.09235907569992508,179.98009187216002,9.569972742130125e-05,0.15719058623794416,0.00048117916494268016,0.28515625,0.07539483474684149,0.15331781840282604
primary,reversed_3bar,25.8,1367382767668.8484,2.1939723616047042e-07,3.3756066923442336e-07,0.09098370326169597,179.98067410890638,9.427474175810028e-05,0.1571910148168905,0.00048107454288692043,0.28515625,0.07539977842218262,0.15319252322539426
primary,reversed_3bar,25.9,1367084950769.8276,2.1944503143792575e-07,3.3756066923442336e-07,0.08962878698988666,179.98122775082126,9.287094619651033e-05,0.1571914223470483,0.00048096976452350384,0.287109375,0.07593736609339301,0.15306778813419153
primary,reversed_3bar,26.0,1366785352063.5962,2.1949313368558918e-07,3.3756066923442336e-07,0.08829402338342739,179.9817531651996,9.148802646370932e-05,0.15719180909884037,0.00048086435928214956,0.287109375,0.07594252526913738,0.15294279395841684
primary,reversed_3bar,26.1,1366485700388.352,2.1954126553592233e-07,3.3756066923442336e-07,0.08697911342212843,179.98225071019525,9.012567292331708e-05,0.1571921753359566,0.00048075893540516226,0.2890625,0.07648052571196855,0.15281862161831905
primary,reversed_3bar,26.2,1366183806100.1113,2.1958977895981338e-07,3.3756066923442336e-07,0.08568376250117585,179.98272073957767,8.878358050771981e-05,0.1571925213188559,0.00048065272252889265,0.2890625,0.07648590700058697,0.15269392361561315
primary,reversed_3bar,26.3,1365882287017.0852,2.196382534948617e-07,3.3756066923442336e-07,0.08440768036656553,179.98316360735905,8.7461448651361e-05,0.15719284730817176,0.00048054664165785336,0.291015625,0.0770243260139308,0.15257033338197792
primary,reversed_3bar,26.4,1365578312374.9536,2.1968714447306448e-07,3.3756066923442336e-07,0.08315058105146254,179.98357967222043,8.615898122498538e-05,0.15719315356797092,0.00048043969686852993,0.29296875,0.07756315959332952,0.15244610529206992
primary,reversed_3bar,26.5,1365274635661.692,2.1973600927157227e-07,3.3756066923442336e-07,0.08191218281347365,179.9839693016688,8.487588647082343e-05,0.15719344036881308,0.00048033285689696385,0.29296875,0.07756877805860457,0.15232295855193043
primary,reversed_3bar,26.6,1364968691313.1035,2.1978526094353064e-07,3.3756066923442336e-07,0.08069220807281945,179.98433287585812,8.361187693870275e-05,0.15719370799056376,0.00048022521912272385,0.294921875,0.07810804303587755,0.15219931139949971
primary,reversed_3bar,26.7,1364662666982.5144,2.1983454758335816e-07,3.3756066923442336e-07,0.07949038335139483,179.9846707910144,8.236666942307462e-05,0.15719395672491554,0.00048011755320910305,0.294921875,0.07811389329848711,0.1520765333432376
primary,reversed_3bar,26.8,1364354714377.7327,2.198841671000688e-07,3.3756066923442336e-07,0.07830643921270469,179.98498346241152,8.113998490094231e-05,0.15719418687757858,0.0004800092088873234,0.296875,0.07865359608099343,0.15195348751190974
primary,reversed_3bar,26.9,1364046297332.042,2.1993388390612135e-07,3.3756066923442336e-07,0.07714011020266326,179.9852713268504,7.993154847067933e-05,0.15719439877010555,0.00047990070116528513,0.296875,0.07865968358724112,0.15183109507024145
primary,reversed_3bar,27.0,1363736323898.8647,2.199838742597342e-07,3.3756066923442336e-07,0.07599113479124489,179.98553484460743,7.87410892917253e-05,0.15719459274132602,0.000479791645872796,0.298828125,0.0791998291700158,0.1517086889957421
primary,reversed_3bar,27.1,1363425438777.3406,2.200340344749814e-07,3.3756066923442336e-07,0.07485925531497468,179.98577450082692,7.75683405251471e-05,0.15719476914837158,0.0004796822698288206,0.298828125,0.07920616118856454,0.1515866821595308
primary,reversed_3bar,27.2,1363113425221.4475,2.2008439976391757e-07,3.3756066923442336e-07,0.07374421792024709,179.9859908063414,7.641303927505372e-05,0.15719492836727952,0.00047957249677746665,0.30078125,0.0797467550251876,0.1514649520292836
primary,reversed_3bar,27.3,1362799999111.0605,2.2013501628682617e-07,3.3756066923442336e-07,0.07264577250746133,179.98618429791847,7.52749265308529e-05,0.15719507079317488,0.00047946222675918917,0.30078125,0.07975333878577343,0.1513433341644752
primary,reversed_3bar,27.4,1362485900571.8315,2.2018576476577912e-07,3.3756066923442336e-07,0.07156367267596205,179.98635553794205,7.415374711033797e-05,0.15719519684003583,0.00047935172016604365,0.302734375,0.08029438791256625,0.15122230217643354
primary,reversed_3bar,27.5,1362169881854.732,2.202368471042097e-07,3.3756066923442336e-07,0.07049767566977379,179.98650511354793,7.304924960359307e-05,0.15719530694005754,0.0004792405380131987,0.302734375,0.08030122949191583,0.1511010917809067
primary,reversed_3bar,27.6,1361853651284.4895,2.20287987418503e-07,3.3756066923442336e-07,0.06944754232411904,179.9866336352433,7.196118631770626e-05,0.15719540154263614,0.000479129281325881,0.3046875,0.08084274118627882,0.15098078068364704
primary,reversed_3bar,27.7,1361534986257.8738,2.2033954546003875e-07,3.3756066923442336e-07,0.06841303701270793,179.98674173504924,7.088931322227839e-05,0.15719548111300166,0.0004790171681446723,0.3046875,0.08084984686023329,0.15085999686354726
primary,reversed_3bar,27.8,1361216574422.0415,2.2039108664789576e-07,3.3756066923442336e-07,0.06739392759578948,179.98683006421544,6.983338989571717e-05,0.1571955461305359,0.0004789051440414039,0.306640625,0.08139182864682364,0.15074042996533307
primary,reversed_3bar,27.9,1360895448369.0984,2.2044309161260035e-07,3.3756066923442336e-07,0.0663899853689536,179.98689929056016,6.879317947230566e-05,0.1571955970868147,0.00047879216501842554,0.30859375,0.08193426544851404,0.15062024290448017
primary,reversed_3bar,28.0,1360574562773.8093,2.2049508215734145e-07,3.3756066923442336e-07,0.06540098501267322,179.98695009549644,6.776844859003383e-05,0.15719563448341906,0.00047867927059359975,0.30859375,0.08194166455174184,0.1505012936207414
primary,reversed_3bar,28.1,1360251169464.938,2.20547503824611e-07,3.3756066923442336e-07,0.06442670454257635,179.9869831708087,6.675896733918343e-05,0.1571956588295627,0.000478565493901428,0.310546875,0.08248458475722821,0.15038188107278785
primary,reversed_3bar,28.2,1359927504856.9602,2.2059999443246393e-07,3.3756066923442336e-07,0.06346692526043786,179.98699921524573,6.576450921165486e-05,0.15719567063958428,0.00047845162176042024,0.310546875,0.08249226362625234,0.15026341645084082
primary,reversed_3bar,28.3,1359601798954.1309,2.2065284131778436e-07,3.3756066923442336e-07,0.06252143170588056,179.98699893099663,6.478485105102591e-05,0.15719567043035365,0.0004783370314481653,0.3125,0.0830356748557033,0.15014480900272056
primary,reversed_3bar,28.4,1359275284921.7324,2.207058447452564e-07,3.3756066923442336e-07,0.06159001160877633,179.9869830201163,6.381977300333283e-05,0.15719565871864075,0.00047822215681862025,0.3125,0.08304364107375455,0.15002684447502052
primary,reversed_3bar,28.5,1358947209499.603,2.2075912728829784e-07,3.3756066923442336e-07,0.060672455842336374,179.98695218096302,6.286905846856226e-05,0.15719563601849362,0.00047810673285872754,0.314453125,0.08358755178324764,0.14990906743146482
primary,reversed_3bar,28.6,1358617782961.4685,2.208126551575604e-07,3.3756066923442336e-07,0.059768558376882275,179.98690710470927,6.193249405284565e-05,0.15719560283867023,0.00047799083354728753,0.314453125,0.08359581258614705,0.14979162494753398
primary,reversed_3bar,28.7,1358287278927.0037,2.2086638419892207e-07,3.3756066923442336e-07,0.05887811623428694,179.98684847197853,6.100986952134489e-05,0.15719555968016288,0.00047787455514956167,0.31640625,0.08414023150700059,0.1496747042139953
primary,reversed_3bar,28.8,1357954874727.4385,2.209204485238984e-07,3.3756066923442336e-07,0.058000929443076894,179.98677694965966,6.010097775182057e-05,0.15719550703385368,0.00047775760823305776,0.31640625,0.08414879435395127,0.14955780637368704
primary,reversed_3bar,28.9,1357621880829.9163,2.209746353061204e-07,3.3756066923442336e-07,0.05713680099418635,179.98669318793904,5.9205614688872685e-05,0.15719544537832972,0.0004776404538481829,0.318359375,0.08469373049861698,0.14944176846494323
primary,reversed_3bar,29.0,1357286441483.0042,2.2102924690842172e-07,3.3756066923442336e-07,0.05628553679735354,179.9865978175883,5.832357929884432e-05,0.15719537517788706,0.0004775224391018386,0.318359375,0.08470260246873751,0.14932544462733596
primary,reversed_3bar,29.1,1356950884590.4744,2.2108390466213486e-07,3.3756066923442336e-07,0.055446945638150835,179.98649144753418,5.74546735253795e-05,0.15719529688074188,0.0004774043830004285,0.3203125,0.08524806574416714,0.14921031057453218
primary,reversed_3bar,29.2,1356612438427.2483,2.2113906042892903e-07,3.3756066923442336e-07,0.05462083913563905,179.98637466273223,5.6598702245625294e-05,0.15719521091746538,0.000477285310391708,0.322265625,0.08579402019339065,0.1490946458936968
primary,reversed_3bar,29.3,1356274155402.2869,2.2119421711683097e-07,3.3756066923442336e-07,0.053807031700637754,179.98624802235815,5.5755473227069785e-05,0.15719511769965253,0.00047716629517852285,0.322265625,0.085803254753976,0.14898038222452023
primary,reversed_3bar,29.4,1355933057883.4478,2.2124986057076216e-07,3.3756066923442336e-07,0.05300534049460212,179.98611205832233,5.492479708500625e-05,0.15719501761882887,0.0004770462897661137,0.32421875,0.08634975132833107,0.14886566929489506
primary,reversed_3bar,29.5,1355591554294.1255,2.2130559831955724e-07,3.3756066923442336e-07,0.05221558538909853,179.98596727410975,5.4106487240615456e-05,0.15719491104559632,0.0004769261414894116,0.32421875,0.08635931557249706,0.1487520364043127
primary,reversed_3bar,29.6,1355247736667.4128,2.2136174212524958e-07,3.3756066923442336e-07,0.05143758892586974,179.98581414393675,5.3300359879656635e-05,0.15719479832901287,0.00047680517908479594,0.326171875,0.0869063643343808,0.14863830391085256
primary,reversed_3bar,29.7,1354902938152.7603,2.214180747212876e-07,3.3756066923442336e-07,0.05067117627748168,179.98565311221617,5.2506233911759044e-05,0.15719467979619864,0.00047668387158279535,0.326171875,0.08691626678832637,0.14852532742741217
primary,reversed_3bar,29.8,1354556329563.9902,2.2147473194899554e-07,3.3756066923442336e-07,0.04991617520854343,179.98548459331354,5.172393093030533e-05,0.1571945557521565,0.00047656192725795387,0.328125,0.08746387810819971,0.1484126047040371
primary,reversed_3bar,29.9,1354208159743.4011,2.2153167357730646e-07,3.3756066923442336e-07,0.049172416037492304,179.9853089715748,5.0953275172898476e-05,0.15719442647979256,0.00047643943365832154,0.328125,0.08747412754446389,0.14830031094836058
primary,reversed_3bar,30.0,1353858687246.1987,2.2158885770435294e-07,3.3756066923442336e-07,0.048439731598935866,179.98512660160355,5.019409348240386e-05,0.15719429224012027,0.00047631648174915734,0.330078125,0.08802231210701288,0.14818862798716775
primary,reversed_9bar,0.1,892548522027.2128,1.0083485410472284e-06,1.01268200770327e-06,1.465302660574432,8.598576989811795,0.0015161461632824398,0.008831747696670857,0.0003140176857506115,1.0,1.0,0.19999106652532458
primary,reversed_9bar,0.2,896058108358.943,1.0043991473368576e-06,1.01268200770327e-06,1.4820282492818289,16.67120651892687,0.0015334255640184276,0.01698247479219046,0.00031525243338688435,1.0,1.0,0.1999692381925498
primary,reversed_9bar,0.3,899290993241.998,1.0007884063816162e-06,1.01268200770327e-06,1.4616946362348333,24.260465060492198,0.0015124185928393143,0.024523839693733944,0.0003163898315274015,1.0,1.0,0.19993645484474448
primary,reversed_9bar,0.4,902275731741.4198,9.974777868212995e-07,1.01268200770327e-06,1.4403331444313117,31.40450106398178,0.001490348752048678,0.03151782336435392,0.00031743992645560823,1.0,1.0,0.1998942976877426
primary,reversed_9bar,0.5,905037123960.4,9.944343454792685e-07,1.01268200770327e-06,1.419221073374802,38.13759717347061,0.0014685356441881535,0.03801831102824825,0.00031841144337895085,1.0,1.0,0.1998440984375466
primary,reversed_9bar,0.6,907596813288.2057,9.916297488301193e-07,1.01268200770327e-06,1.3984104136571611,44.49064880018653,0.001447033023428283,0.044072373382621384,0.0003193119969053098,1.0,1.0,0.19978698625303065
primary,reversed_9bar,0.7,909973772707.7936,9.890394943162869e-07,1.01268200770327e-06,1.3778997281318723,50.49157322561041,0.0014258394449205769,0.04972131188172131,0.0003201482621364334,1.0,1.0,0.1997239236300862
primary,reversed_9bar,0.8,912184703846.3206,9.86642284402553e-07,1.01268200770327e-06,1.3576849843517627,56.165660729279196,0.0014049507811113933,0.05500151727504011,0.00032092611506245395,1.0,1.0,0.19965573495321887
primary,reversed_9bar,0.9,914244366555.9877,9.844195194665e-07,1.01268200770327e-06,1.3377620619006676,61.53587711107473,0.0013843628122803034,0.05994517920235956,0.0003216507485154874,1.0,1.0,0.19958312943472242
primary,reversed_9bar,1.0,916165852740.9861,9.823548840064044e-07,1.01268200770327e-06,1.3181268858557622,66.62312528539213,0.0013640713644725647,0.06458087614792588,0.00032232676850781745,1.0,1.0,0.19950671968548772
primary,reversed_9bar,1.1,917960815131.2916,9.804340067296633e-07,1.01268200770327e-06,1.2987754337703281,71.44647226863019,0.0013440723167503854,0.06893406864731208,0.0003229582747194158,1.0,1.0,0.19942703685279556
primary,reversed_9bar,1.2,919639659418.4766,9.786441795791023e-07,1.01268200770327e-06,1.2797037355439296,76.02334678920647,0.0013243616010940918,0.07302751376679759,0.0003235489280954363,1.0,1.0,0.1993445430381881
primary,reversed_9bar,1.3,921211706418.8975,9.769741241116492e-07,1.01268200770327e-06,1.260907872879251,80.3697118649669,0.0013049352018752428,0.07688161513842337,0.00032410200789869683,1.0,1.0,0.1992596415445086
primary,reversed_9bar,1.4,922685329579.028,9.754137961753677e-07,1.01268200770327e-06,1.242383978716719,84.50021597335903,0.0012857891553058646,0.08051471994695047,0.00032462046008700107,1.0,1.0,0.19917268537856112
primary,reversed_9bar,1.5,924068072087.4689,9.739542217565215e-07,1.01268200770327e-06,1.2241282366705235,88.42832585161086,0.0012669195488882277,0.08394337201833241,0.00032510693851565096,1.0,1.0,0.1990839843431774
primary,reversed_9bar,1.6,925366747035.7876,9.725873583451703e-07,1.01268200770327e-06,1.2061368804675672,92.16644348127366,0.0012483225208667684,0.0871825283989978,0.00032556384017617593,1.0,1.0,0.19899381098183022
primary,reversed_9bar,1.7,926587523422.1738,9.713059773091074e-07,1.01268200770327e-06,1.1884061933895391,95.72600941331979,0.0012299942596823825,0.09024574542700728,0.00032599333545426046,1.0,1.0,0.1989024055846259
primary,reversed_9bar,1.8,927736000277.8557,9.701035636543706e-07,1.01268200770327e-06,1.1709325077181878,99.11759426033554,0.0012119310034291826,0.09314533919461394,0.000326397394209005,1.0,1.0,0.19880998042245346
primary,reversed_9bar,1.9,928817270786.1803,9.689742302468295e-07,1.01268200770327e-06,1.1537122041839005,102.35097990834379,0.0011941290393138587,0.09589252442259709,0.0003267778083313916,1.0,1.0,0.19871672334326732
primary,reversed_9bar,2.0,929835977935.3239,9.679126441186176e-07,1.01268200770327e-06,1.1367417114176424,105.43523177221512,0.0011765847031177123,0.09849753506118843,0.0003271362113240996,1.0,1.0,0.19862280083873618
primary,reversed_9bar,2.1,937888753048.2991,9.596020818832147e-07,1.01268200770327e-06,1.1200175054063486,108.37876322721522,0.0011592943786614804,0.10096972936315991,0.00032996935007503634,0.25,0.0976037204709751,0.19781689992384935
primary,reversed_9bar,2.2,956086107458.2327,9.413378073159767e-07,1.01268200770327e-06,1.1035361089518343,111.18939318840364,0.001142254497273037,0.10331768171305346,0.0003363715690889812,0.236328125,0.09040429756284375,0.1961479515888621
primary,reversed_9bar,2.3,973354773003.7491,9.246371672094666e-07,1.01268200770327e-06,1.0872940911332816,113.87439767407837,0.001125461537258055,0.10554926312050567,0.00034244705547070546,0.232421875,0.087289580894225,0.1945974032486781
primary,reversed_9bar,2.4,989712904589.9169,9.093546177140238e-07,1.01268200770327e-06,1.071288066773379,116.44055607475873,0.0011089120233737173,0.10767171197776805,0.0003482021965046354,0.23046875,0.08509482810288405,0.19311905239275898
primary,reversed_9bar,2.5,1005203328020.174,8.953412458080695e-07,1.01268200770327e-06,1.0555146959081636,118.8941927520136,0.0010926025263055562,0.10969169642854212,0.00035365205922562043,0.23046875,0.08376648646872129,0.19169404276737
primary,reversed_9bar,2.6,1019873857777.1635,8.824620742427588e-07,1.01268200770327e-06,1.0399706832606206,121.24121450861121,0.0010765296621474889,0.11161536948628648,0.00035881346579269655,0.232421875,0.08325816161570822,0.1903126576187566
primary,reversed_9bar,2.7,1033771011742.5801,8.70598991243633e-07,1.01268200770327e-06,1.0246527777181011,123.487144400907,0.0010606900918851327,0.11344841786705083,0.00036370278219291686,0.234375,0.08282579135660652,0.18896830893234046
primary,reversed_9bar,2.8,1046940252560.3157,8.596479099920267e-07,1.01268200770327e-06,1.0095577718135968,125.63715230396937,0.0010450805208824549,0.11519610535782784,0.00036833600315807545,0.234375,0.0817663474411196,0.18765714249314822
primary,reversed_9bar,2.9,1059423499614.2556,8.495186300168885e-07,1.01268200770327e-06,0.9946825012109219,127.69608258813469,0.0010296976983718282,0.11686331142111968,0.0003727278768252102,0.236328125,0.08147264277613225,0.18637564691754843
primary,reversed_9bar,3.0,1071260429572.7124,8.401318439055738e-07,1.01268200770327e-06,0.980023844193843,129.6684792210248,0.0010145384169475478,0.11845456563552278,0.0003768923622959882,0.23828125,0.08123458994635849,0.18512134318067883
primary,reversed_9bar,3.1,1082488184001.1337,8.314178513001279e-07,1.01268200770327e-06,0.9655787211591983,131.55860857068353,0.0009995995120628696,0.11997407848739106,0.00038084252676859434,0.240234375,0.08104717316771008,0.1838922703018387
primary,reversed_9bar,3.2,1093141420088.1658,8.233152485681238e-07,1.01268200770327e-06,0.9513440941140382,133.37048015225153,0.000984877861530619,0.12142576895708657,0.0003845905633842471,0.2421875,0.08090596291469693,0.18268678914947947
primary,reversed_9bar,3.3,1103252460888.07,8.157697643162647e-07,1.01268200770327e-06,0.9373169661768239,135.107865531853,0.000970370385027422,0.12281328928280538,0.000388147844085698,0.244140625,0.08080703720815313,0.18150349941384877
primary,reversed_9bar,3.4,1112851443142.7976,8.087332820078077e-07,1.01268200770327e-06,0.9234943810827132,136.7743155762488,0.0009560740436016042,0.1241400472334602,0.0003915249716242038,0.24609375,0.08074691446049989,0.18034118874836716
primary,reversed_9bar,3.5,1121966530772.0325,8.021629659315275e-07,1.01268200770327e-06,0.9098734226929603,138.37317621511588,0.000941985839184801,0.1254092261783772,0.0003947318546698956,0.25,0.08137152070586216,0.17919886718466077
primary,reversed_9bar,3.6,1130623880692.6235,7.960206885499865e-07,1.01268200770327e-06,0.8964512145084574,139.90760286402062,0.0009281028141073183,0.12662380320432898,0.0003977776957863233,0.251953125,0.08137505574543472,0.178075664293047
primary,reversed_9bar,3.7,1138847619297.676,7.902725393192e-07,1.01268200770327e-06,0.8832249191874375,141.38057363918318,0.0009144220506172827,0.12778656549811288,0.000400670983155296,0.25390625,0.08140939449877532,0.1769707933637381
primary,reversed_9bar,3.8,1146660066687.0022,7.848882385869885e-07,1.01268200770327e-06,0.870191738067361,142.7949014809752,0.0009009406704036135,0.12890012518569757,0.00040341956946595683,0.255859375,0.0814723272822579,0.17588375912189375
primary,reversed_9bar,3.9,1154081578504.5085,7.798408853958533e-07,1.01268200770327e-06,0.8573489106910019,144.15324529023383,0.0008876558341228478,0.12996693279521807,0.00040603061626978893,0.2578125,0.08156190204728636,0.17481434982557076
primary,reversed_9bar,4.0,1161130439601.5098,7.751067143747195e-07,1.01268200770327e-06,0.8446937143367516,145.4581201702167,0.0008745647409298524,0.13098928949064745,0.00040851055656909106,0.259765625,0.08167641214635651,0.1737627151056287
primary,reversed_9bar,4.1,1167822745084.1252,7.706649008066439e-07,1.01268200770327e-06,0.8322234635531529,146.71190685717121,0.0008616646280124427,0.13196935820533603,0.00041086505296690474,0.26171875,0.08181438803232112,0.1727294435677429
primary,reversed_9bar,4.2,1174172318362.9429,7.664973751508638e-07,1.01268200770327e-06,0.8199355096976709,147.91686041395505,0.0008489527701299328,0.1329091737894389,0.0004130989688351307,0.263671875,0.08197458902943487,0.17171561930961995
primary,reversed_9bar,4.3,1180190723071.4333,7.625886074225019e-07,1.01268200770327e-06,0.8078272404797193,149.07511825327495,0.0008364264791556465,0.13381065227181932,0.0004152163725076822,0.265625,0.08215599096965144,0.17072283469381921
primary,reversed_9bar,4.4,1185887416688.4814,7.589253307984289e-07,1.01268200770327e-06,0.7958960795079414,150.1887075503585,0.0008240831036233977,0.13467559932548584,0.00041722059132818146,0.267578125,0.08235776620800024,0.16975314165857625
primary,reversed_9bar,4.5,1191270067445.6846,7.554961923367852e-07,1.01268200770327e-06,0.7841394858417516,151.2595520988987,0.0008119200282779618,0.135505718015569,0.0004191143231447349,0.26953125,0.08257925436097169,0.16880893552045761
primary,reversed_9bar,4.6,1196345018708.7395,7.52291342318125e-07,1.01268200770327e-06,0.7725549535471479,152.28947865866323,0.0007999346736295558,0.13630261589994647,0.00042089979968925044,0.271484375,0.0828199246355821,0.1678927807269862
primary,reversed_9bar,4.7,1201118027674.9895,7.493018831314478e-07,1.01268200770327e-06,0.7611400112567872,153.28022283857476,0.0007881244955123328,0.13706781154503256,0.0004225790464670554,0.275390625,0.08368557608702892,0.1670073272195561
primary,reversed_9bar,4.8,1205594478243.589,7.465196765924105e-07,1.01268200770327e-06,0.7498922217343328,154.2334345544922,0.00077648698464691,0.13780274051220098,0.0004241539576491791,0.27734375,0.08396103137105736,0.16615484808262843
primary,reversed_9bar,4.9,1209779912108.0317,7.439369681975932e-07,1.01268200770327e-06,0.7388091814430645,155.15068309755418,0.0007650196662069288,0.13850876086466848,0.000425626482922079,0.279296875,0.08425459133193063,0.16533707752839946
primary,reversed_9bar,5.0,1213680735186.4233,7.415459221751251e-07,1.01268200770327e-06,0.7278885201187553,156.03346184522812,0.000753720099389665,0.13918715823914485,0.00042699887602494024,0.28125,0.08456583353834933,0.16455531578914326
primary,reversed_9bar,5.1,1217304264514.7239,7.393385747800558e-07,1.01268200770327e-06,0.7171279003468026,156.88319264433954,0.000742585876990683,0.13983915052204085,0.0004282737112477223,0.283203125,0.08489429608477908,0.16381026045003708
primary,reversed_9bar,5.2,1221141634539.8977,7.370152442137495e-07,1.01268200770327e-06,0.7065250171436159,157.70122989265062,0.0007316146249825467,0.14046589216592337,0.00042962378020748815,0.28515625,0.08520576659654035,0.16303752507751587
primary,reversed_9bar,5.3,1224893463014.7341,7.347577786764414e-07,1.01268200770327e-06,0.6960775975422456,158.48886434303205,0.000720804002097582,0.14106847817820564,0.0004309437538178029,0.287109375,0.08552113926217227,0.16227898955893336
primary,reversed_9bar,5.4,1228368499960.6943,7.32679159412504e-07,1.01268200770327e-06,0.6857834001822499,159.24732665221325,0.0007101516994146945,0.14164794781093262,0.0004321663462402181,0.2890625,0.08585380916770327,0.1615606625520499
primary,reversed_9bar,5.5,1231569660430.5317,7.307747413048307e-07,1.01268200770327e-06,0.6756402149037877,159.97779069403325,0.0006996554399502395,0.1422052879775858,0.0004332925830527239,0.29296875,0.08679490989319927,0.160882402987688
primary,reversed_9bar,5.6,1234505113756.9197,7.290370772633466e-07,1.01268200770327e-06,0.6656458623459236,160.68137665540456,0.0006893129782529411,0.14274143642032786,0.0004343253384015173,0.294921875,0.08716002345750878,0.16024280521844364
primary,reversed_9bar,5.7,1237185097082.177,7.27457841290356e-07,1.01268200770327e-06,0.6557981935491379,161.35915393144805,0.0006791221000028568,0.14325728464871929,0.00043526821393251487,0.296875,0.087541360462911,0.15964012711652245
primary,reversed_9bar,5.8,1239620355776.3777,7.26028735980483e-07,1.01268200770327e-06,0.6460950895620222,162.0121438353229,0.0006690806216143794,0.14375368066929706,0.0004361249900970422,0.298828125,0.08793828930824935,0.15907261932804387
primary,reversed_9bar,5.9,1241822016483.8975,7.247415394907118e-07,1.01268200770327e-06,0.6365344610521492,162.6413221361774,0.0006591863898432719,0.14423143152298948,0.00043689958148688965,0.30078125,0.08835016145706781,0.15853847526459497
primary,reversed_9bar,6.0,1243800876473.8333,7.235884915529998e-07,1.01268200770327e-06,0.6271142479211006,163.2476214380993,0.0006494372813977253,0.144691305646201,0.0004375957868125707,0.302734375,0.08877635910646835,0.15803594722617803
primary,reversed_9bar,6.1,1245567692465.3608,7.225620939305383e-07,1.01268200770327e-06,0.6178324189236363,163.83193341155823,0.00063983120255343,0.14513403506970698,0.0004382173905182679,0.306640625,0.08980089225756853,0.15756347853079317
primary,reversed_9bar,6.2,1247132871064.2473,7.216552629488311e-07,1.01268200770327e-06,0.6086869712909847,164.3951108877406,0.0006303660887726478,0.14556031746810094,0.0004387680538707683,0.30859375,0.09025318363323788,0.15711954215925425
primary,reversed_9bar,6.3,1248505804808.6838,7.20861686452401e-07,1.01268200770327e-06,0.5996759303582396,164.93796982489118,0.0006210399043272773,0.1459708180710592,0.00043925108136616726,0.310546875,0.09071819213624975,0.15670242682258562
primary,reversed_9bar,6.4,1249695688382.5654,7.201753261746757e-07,1.01268200770327e-06,0.5907973491958409,165.4612911539724,0.0006118506419258936,0.1463661714458793,0.00043966970789118166,0.3125,0.0911954196655036,0.15631073530831693
primary,reversed_9bar,6.5,1250711552592.5625,7.195903788802598e-07,1.01268200770327e-06,0.5820493082451212,165.96582250792804,0.0006027963223447541,0.14674698315807383,0.0004400271106770107,0.314453125,0.09168437906596741,0.15594312783320188
primary,reversed_9bar,6.6,1251561737140.6504,7.19101561906297e-07,1.01268200770327e-06,0.5734299149578943,166.45227983322084,0.0005938749940627495,0.14711383131222852,0.00044032622380942076,0.31640625,0.09218463166250765,0.1555983848650881
primary,reversed_9bar,6.7,1252254715299.467,7.187036223575105e-07,1.01268200770327e-06,0.5649373034400669,166.9213488716787,0.0005850847329002883,0.14746726796704485,0.00044057002836719774,0.3203125,0.09327721074526904,0.15527570581769226
primary,reversed_9bar,6.8,1252797801340.3235,7.183920653732966e-07,1.01268200770327e-06,0.5565696340992499,167.3736864810468,0.0005764236416620972,0.14780782040350618,0.0004407610976676385,0.322265625,0.09379850095613369,0.1549737035213867
primary,reversed_9bar,6.9,1253197921394.8137,7.181626977152155e-07,1.01268200770327e-06,0.5483250932963443,167.80992172814425,0.0005678898497839165,0.1481359921990654,0.00044090186847217476,0.32421875,0.09432998509753701,0.15469137050105652
primary,reversed_9bar,7.0,1253462214844.3733,7.18011272570942e-07,1.01268200770327e-06,0.5402018930010815,168.23065663156703,0.0005594815129830766,0.14845226401800543,0.00044099485256809956,0.326171875,0.09487129514086998,0.15442773984244257
primary,reversed_9bar,7.1,1253596833769.834,7.179341681116945e-07,1.01268200770327e-06,0.5321982704514902,168.6364663434234,0.0005511968129129321,0.14875709396272785,0.00044104221438920864,0.328125,0.09542213277953925,0.15418198550970116
primary,reversed_9bar,7.2,1253608910720.431,7.179272517158345e-07,1.01268200770327e-06,0.5243124878172659,169.02789843615852,0.0005430339568211355,0.1490509172386769,0.00044104646331908054,0.33203125,0.09656297288614493,0.15395365293163274
primary,reversed_9bar,7.3,1253503326582.446,7.179877236175845e-07,1.01268200770327e-06,0.51654283186702,169.40547080346244,0.0005349911772117297,0.1493341447687819,0.00044100931655804325,0.333984375,0.0971319208268118,0.15374164714535635
primary,reversed_9bar,7.4,1253285986618.533,7.1811223424613e-07,1.01268200770327e-06,0.5088876136393778,169.76966751072467,0.0005270667315110368,0.14960716026463597,0.0004409328517039711,0.3359375,0.09770956323837365,0.15354520549632555
primary,reversed_9bar,7.5,1252961789230.3105,7.182980420758613e-07,1.01268200770327e-06,0.5013451681179043,170.12093177965227,0.0005192589017373224,0.1498703151504177,0.00044081879211946273,0.337890625,0.09829567520475198,0.1533637122615676
primary,reversed_9bar,7.6,1252536381267.4136,7.185420028193593e-07,1.01268200770327e-06,0.4939138539098252,170.4596552285321,0.0005115659941742108,0.15012392069027233,0.00044066912448715803,0.341796875,0.09947133062261414,0.15319670749290326
primary,reversed_9bar,7.7,1252014235173.15,7.188416670642188e-07,1.01268200770327e-06,0.48659205292852115,170.78616260122223,0.00050398633904783,0.15036823675513095,0.00044048542230839925,0.34375,0.10007381592029982,0.15304369491811948
primary,reversed_9bar,7.8,1251399868288.1667,7.191945778539526e-07,1.01268200770327e-06,0.47937817007976413,171.10069159748943,0.0004965182902076614,0.150603456949667,0.00044026927488037364,0.345703125,0.10068411050584845,0.15290385387181996
primary,reversed_9bar,7.9,1250697277202.49,7.195985922453467e-07,1.01268200770327e-06,0.4722706329516692,171.40336813483026,0.0004891602248110704,0.15082969035559374,0.0004400220882890474,0.34765625,0.10130203748622141,0.15277671312847937
primary,reversed_9bar,8.0,1249911121454.4338,7.200511976825466e-07,1.01268200770327e-06,0.4652678915083322,171.69417843558483,0.00048191054301149184,0.1510469409387536,0.00043974550185979256,0.3515625,0.10250995014719924,0.15266186420324201
primary,reversed_9bar,8.1,1249045414652.6448,7.205502613772349e-07,1.01268200770327e-06,0.45836841778712584,171.97294065144294,0.00047476766765024717,0.1512550866451658,0.0004394409276660906,0.353515625,0.10314285491261435,0.15255912060189172
primary,reversed_9bar,8.2,1248103879429.8193,7.210938246671853e-07,1.01268200770327e-06,0.45157070559962587,172.23928009828833,0.0004677300439519672,0.15145386121679,0.0004391096754098515,0.35546875,0.10378283049056491,0.15246765446973154
primary,reversed_9bar,8.3,1247089968711.2588,7.216800893122882e-07,1.01268200770327e-06,0.44487327023613454,172.49261325754128,0.00046079613922359166,0.15164284255311203,0.0004387529599041477,0.357421875,0.10442972082835697,0.15238708139305596
primary,reversed_9bar,8.4,1246008002020.071,7.22306757694083e-07,1.01268200770327e-06,0.4382746481737767,172.7321461327412,0.000453964442556924,0.15182145175371378,0.0004383723008497197,0.361328125,0.10566770416066475,0.15231708300720218
primary,reversed_9bar,8.5,1244861627405.84,7.229719192770885e-07,1.01268200770327e-06,0.4317733967881344,172.95689200052217,0.0004472334645347098,0.15198896655607477,0.00043796898170854123,0.36328125,0.10632827800172714,0.15225749835086091
primary,reversed_9bar,8.6,1243654454046.6174,7.236736836920975e-07,1.01268200770327e-06,0.4253680940683931,173.16571188529048,0.0004406017369402151,0.1521445516035216,0.0004375442722667488,0.365234375,0.10699518866818734,0.1522075300823057
primary,reversed_9bar,8.7,1242389829316.1965,7.244103088765257e-07,1.01268200770327e-06,0.4190573383359687,173.35737828766761,0.0004340678124702773,0.15228730589723422,0.00043709935020213344,0.3671875,0.10766826281374142,0.15216681769079035
primary,reversed_9bar,8.8,1241072277471.044,7.251793600884767e-07,1.01268200770327e-06,0.41283974796658324,173.53065916916003,0.00042763026445179696,0.15241632517458387,0.000436635807245016,0.37109375,0.10893394676081086,0.15213518129441853
primary,reversed_9bar,8.9,1239705167634.1067,7.259790662303917e-07,1.01268200770327e-06,0.4067139611157613,173.68441555187565,0.0004212876865616482,0.15253077426874032,0.0004361548287250058,0.373046875,0.1096192080949467,0.15211221803326228
primary,reversed_9bar,9.0,1238292238491.3494,7.268074304467082e-07,1.01268200770327e-06,0.40067863544771615,173.81770307462116,0.0004150386925499764,0.15262996228926004,0.00043565772999189657,0.375,0.11030995338574492,0.15209724796889754
primary,reversed_9bar,9.1,1236836922074.6023,7.27662623856983e-07,1.01268200770327e-06,0.39473244786759304,173.9298661502965,0.00040888191596685455,0.1527134122298486,0.00043514571850799004,0.376953125,0.11100597055921536,0.15208990365028305
primary,reversed_9bar,9.2,1235343858718.1362,7.285420926719883e-07,1.01268200770327e-06,0.38887409425704145,174.02061345799686,0.00040281600989227186,0.15278091669445817,0.0004346204268422644,0.380859375,0.11229636560836521,0.15209026565228356
primary,reversed_9bar,9.3,1233815640442.4448,7.294444733066125e-07,1.01268200770327e-06,0.38310228921308415,174.09006547526286,0.00039683964666942446,0.15283257290337898,0.000434082766923043,0.3828125,0.113002811922442,0.15209750613548387
primary,reversed_9bar,9.4,1232255765430.452,7.303678548305365e-07,1.01268200770327e-06,0.3774157657902514,174.1387683036297,0.0003909515176412787,0.15286879276609275,0.0004335339694859987,0.384765625,0.11371382183881851,0.15211122096776475
primary,reversed_9bar,9.5,1230667608434.2322,7.313103829433378e-07,1.01268200770327e-06,0.37181327524595253,174.16767251628323,0.0003851503328903819,0.15289028710898014,0.0004329752218411884,0.388671875,0.11502084284802397,0.15213138219099281
primary,reversed_9bar,9.6,1229054113104.0645,7.322704431027739e-07,1.01268200770327e-06,0.36629358678904944,174.17808032795196,0.0003794348209818853,0.1528980265120698,0.00043240755962782455,0.390625,0.1157410308051901,0.15215765976036755
primary,reversed_9bar,9.7,1227417387790.3083,7.33246904396759e-07,1.01268200770327e-06,0.3608554873316047,174.17156823524456,0.00037380372870975625,0.1528931840399279,0.00043183172460871784,0.392578125,0.1164652070704292,0.15218953697400078
primary,reversed_9bar,9.8,1225759883016.685,7.342384201586316e-07,1.01268200770327e-06,0.3554977812437716,174.1498947786366,0.00036825582084614583,0.15287706699255588,0.00043124857893059646,0.396484375,0.11778726304851242,0.15222690117015467
primary,reversed_9bar,9.9,1224084030058.0198,7.352436416945505e-07,1.01268200770327e-06,0.3502192901117963,174.11490393107061,0.00036278987989388613,0.1528510454302743,0.0004306589779680145,0.3984375,0.11851965920064089,0.15226989369409794
primary,reversed_9bar,10.0,1222390749643.3374,7.362621160726201e-07,1.01268200770327e-06,0.34501885249909875,174.0684338681122,0.00035740470584208424,0.15281648467511377,0.0004300632456531621,0.400390625,0.11925565504244963,0.15231792795031857
primary,reversed_9bar,10.1,1220681502359.9766,7.372930598686108e-07,1.01268200770327e-06,0.3398953237104051,174.01223886133906,0.00035209911592478727,0.15277468750932618,0.0004294618958519463,0.404296875,0.12059170059464022,0.15237087961804982
primary,reversed_9bar,10.2,1218958016800.5166,7.383355190216414e-07,1.01268200770327e-06,0.3348475755588976,173.94792928100787,0.00034687194438268567,0.1527268497610925,0.0004288555367202579,0.40625,0.1213353826680229,0.15242925847116226
primary,reversed_9bar,10.3,1217220530132.8152,7.393894349627819e-07,1.01268200770327e-06,0.3298744961363522,173.87693176075427,0.0003417220422278276,0.15267403080325176,0.0004282442516988285,0.408203125,0.12208246696340815,0.15249241125559604
primary,reversed_9bar,10.4,1215469404961.9912,7.404546723478768e-07,1.01268200770327e-06,0.3249749895862336,173.80046895374852,0.0003366482770113136,0.15261713855230882,0.00042762816835990506,0.41015625,0.12283295771168729,0.1525603436068411
primary,reversed_9bar,10.5,1213706228714.3823,7.415303462299312e-07,1.01268200770327e-06,0.32014797587971733,173.71955632746574,0.00033164953259394393,0.15255692708724197,0.00042700784519407074,0.4140625,0.12418667523719362,0.15263354812006208
primary,reversed_9bar,10.6,1211930299207.2102,7.426169645141632e-07,1.01268200770327e-06,0.315392390594606,173.6350122493901,0.00032672470891978596,0.15249400412022426,0.00042638303515838577,0.416015625,0.12494468747854215,0.15271159422600444
primary,reversed_9bar,10.7,1210142084397.2756,7.437143221477623e-07,1.01268200770327e-06,0.3107071846971127,173.54747718737914,0.000321872721792636,0.1524288452301556,0.0004257539028900748,0.41796875,0.12570609372558678,0.1527944101190626
primary,reversed_9bar,10.8,1208342256472.1086,7.448220859441359e-07,1.01268200770327e-06,0.3060913243264774,173.4574380447656,0.0003170925026553426,0.15236181191162373,0.00042512068487910706,0.421875,0.12707346685732807,0.15288261018857827
primary,reversed_9bar,10.9,1206530417585.7852,7.45940580429676e-07,1.01268200770327e-06,0.3015437905823899,173.36525426883455,0.00031238299837196615,0.15229317094730377,0.00042448324115476583,0.423828125,0.12784254388428373,0.15297573128295444
primary,reversed_9bar,11.0,1204706395676.9358,7.470699941742084e-07,1.01268200770327e-06,0.29706357931518546,173.27118320198628,0.00030774317101274056,0.15222311322559354,0.0004238415111821763,0.42578125,0.12861512869975722,0.15307377227262017
primary,reversed_9bar,11.1,1202871121699.7344,7.48209832095929e-07,1.01268200770327e-06,0.29264970091878584,173.17540300929696,0.00030317199764181245,0.15215177076523273,0.0004231958224909552,0.4296875,0.12999650318150777,0.15317737977173496
primary,reversed_9bar,11.2,1201023787834.5962,7.493606780450772e-07,1.01268200770327e-06,0.288301180126354,173.0780322882312,0.0002986684701077258,0.1520792312810386,0.00042254589087287143,0.431640625,0.13077700042047405,0.15328603321590123
primary,reversed_9bar,11.3,1199164341960.1382,7.505226502389755e-07,1.01268200770327e-06,0.2840170558086343,172.97914607609323,0.0002942315948366248,0.1520055500775641,0.0004218916979905062,0.435546875,0.1321683729829244,0.15339983872908622
primary,reversed_9bar,11.4,1197293648135.7,7.516952932986704e-07,1.01268200770327e-06,0.27979638077494684,172.87878839688005,0.00028986039262814453,0.1519307593741538,0.0004212335478384407,0.4375,0.13295698088138883,0.15351934984825627
primary,reversed_9bar,11.5,1195410619316.0166,7.528793750510238e-07,1.01268200770327e-06,0.275638221576808,172.77698174446647,0.0002855538984539625,0.15185487535488787,0.0004205710579708695,0.439453125,0.13374933215933366,0.15364408315028585
primary,reversed_9bar,11.6,1193515814613.574,7.540746330968342e-07,1.01268200770327e-06,0.27154165831414584,172.67373401598098,0.0002813111612589796,0.15177790332421917,0.00041990442509553963,0.443359375,0.13515551933102501,0.15377425446889642
primary,reversed_9bar,11.7,1191609233089.8838,7.552811567817992e-07,1.01268200770327e-06,0.26750578444408407,172.56904342717692,0.0002771312437651054,0.15169984136283696,0.0004192336488822708,0.4453125,0.135956294078051,0.15391023083452463
primary,reversed_9bar,11.8,1189690476053.6184,7.564992896181156e-07,1.01268200770327e-06,0.2635297065922632,172.4629018979429,0.00027301322227761717,0.15162068284616187,0.0004185585890629153,0.447265625,0.13676093105519083,0.15405158331137195
primary,reversed_9bar,11.9,1187759820000.2866,7.577289489383323e-07,1.01268200770327e-06,0.25961254436667025,172.35529732128742,0.0002689561864940636,0.151540418132505,0.00041787934291451467,0.451171875,0.1381825004997105,0.15419877658579034
primary,reversed_9bar,12.0,1185817240016.2908,7.589702440045784e-07,1.01268200770327e-06,0.25575343017394964,172.24621504500675,0.00026495923931568743,0.15145903566554414,0.00041719590167193176,0.453125,0.13899589498064607,0.15435177668449074
primary,reversed_9bar,12.1,1183862254061.319,7.602235791473961e-07,1.01268200770327e-06,0.25195150903816577,172.13563881547495,0.00026102149666133734,0.1513765226765597,0.000416508095743061,0.455078125,0.13981332085950793,0.15451036188133413
primary,reversed_9bar,12.2,1181895613381.9446,7.614885695570761e-07,1.01268200770327e-06,0.24820593842198888,172.02355136464632,0.00025714208728384126,0.1512928656211079,0.00041581618943253623,0.458984375,0.14125082126291486,0.1546751998833138
primary,reversed_9bar,12.3,1179916708437.729,7.627657050400165e-07,1.01268200770327e-06,0.24451588805027688,171.9099347668756,0.0002533201525888141,0.15120805044431762,0.00041511996829097673,0.4609375,0.14207733214409626,0.15484582425856389
primary,reversed_9bar,12.4,1177925399373.3262,7.640551774151515e-07,1.01268200770327e-06,0.240880539736025,171.79477065109572,0.0002495548464558725,0.15112206273846668,0.00041441938311427643,0.46484375,0.1435262124293941,0.15502241974207956
primary,reversed_9bar,12.5,1175922471275.6267,7.653565791830568e-07,1.01268200770327e-06,0.23729908720865364,171.67804032436874,0.00024584533506222684,0.1510348878345338,0.0004137147101128177,0.466796875,0.14436204458409968,0.15520535811185557
primary,reversed_9bar,12.6,1173906843275.3801,7.666707159563547e-07,1.01268200770327e-06,0.2337707359446109,171.55972484243074,0.00024219079670862725,0.15094651085424945,0.0004130055690136493,0.46875,0.14520219824468109,0.15539423159748983
primary,reversed_9bar,12.7,1171879381804.4705,7.679971283513597e-07,1.01268200770327e-06,0.23029470300025837,171.43980504927467,0.00023859042164763348,0.15085691673906235,0.00041229226464606426,0.47265625,0.14666797622823718,0.15558953762005187
primary,reversed_9bar,12.8,1169839594931.2437,7.693362439599224e-07,1.01268200770327e-06,0.22687021684701536,171.31826159905944,0.0002350434119141823,0.15076609026592205,0.00041157462393797095,0.474609375,0.14751780664671388,0.1557911380303432
primary,reversed_9bar,12.9,1167787305307.536,7.706882887915841e-07,1.01268200770327e-06,0.22349651720873384,171.1950749681618,0.00023154898115842663,0.15067401605570152,0.00041085258449448733,0.478515625,0.14899565565863676,0.1559989415106496
primary,reversed_9bar,13.0,1165723289137.6165,7.720528605599067e-07,1.01268200770327e-06,0.22017285490127828,171.07022546186303,0.0002281063544808198,0.15058067857760765,0.0004101264194008991,0.48046875,0.1498554111409563,0.1562135500733914
primary,reversed_9bar,13.1,1163646512814.5056,7.734307541756601e-07,1.01268200770327e-06,0.21689849167428202,170.94369321819062,0.00022471476826941704,0.1504860621514591,0.000409395765012134,0.482421875,0.15071976941611334,0.1564344271935957
primary,reversed_9bar,13.2,1161557833327.754,7.748215148457866e-07,1.01268200770327e-06,0.2136727000550562,170.81545821030264,0.0002213734700393703,0.15039015094886582,0.0004086609228354703,0.486328125,0.15221555567496914,0.156662053370114
primary,reversed_9bar,13.3,1159456707881.04,7.762256183284247e-07,1.01268200770327e-06,0.2104947631946235,170.68550024815977,0.00021808171827458883,0.15029292899386593,0.00040792170190353676,0.48828125,0.15309021703415587,0.1568963661967975
primary,reversed_9bar,13.4,1157343164380.844,7.776431638419728e-07,1.01268200770327e-06,0.2073639747158515,170.55379897988104,0.00021483878227154048,0.15019438016331518,0.00040717811203443095,0.4921875,0.15459879466611604,0.15713723790754128
primary,reversed_9bar,13.5,1155217695561.6392,7.790739385812832e-07,1.01268200770327e-06,0.20427963856365988,170.4203338929857,0.00021164394198516784,0.15009448818718088,0.0004064303265826934,0.494140625,0.15548401439268997,0.15738526859538038
primary,reversed_9bar,13.6,1153079525503.171,7.80518585313763e-07,1.01268200770327e-06,0.20124106885727625,170.28508431562895,0.0002084964878768942,0.14999323664881936,0.0004056780725629607,0.49609375,0.15637412183701838,0.1576398992699563
primary,reversed_9bar,13.7,1150929421422.4963,7.819767079093703e-07,1.01268200770327e-06,0.19824758974451492,170.14802941788187,0.0002053957207646938,0.14989060898527562,0.000404921619898625,0.5,0.15790173608273075,0.15790173608273075
primary,reversed_9bar,13.8,1148772059399.9878,7.8344523844885e-07,1.01268200770327e-06,0.1952985352580545,170.0091482130854,0.00020234095167520166,0.14978658848762696,0.0004041626137349089,0.501953125,0.1607034997978722,0.15816826921115687
primary,reversed_9bar,13.9,1146617022766.2927,7.849177032351115e-07,1.01268200770327e-06,0.19239324917368858,169.8684195592911,0.0001993315016978386,0.14968115830137993,0.00040340442569278013,0.505859375,0.16605501142767534,0.15843559504692967
primary,reversed_9bar,14.0,1144465457571.61,7.863933280342681e-07,1.01268200770327e-06,0.18953108487052578,169.72582216079778,0.00019636670184092583,0.1495743014269279,0.0004026474589772437,0.5078125,0.16888020808707133,0.1587035591635303
primary,reversed_9bar,14.1,1142314942821.579,7.878737870459365e-07,1.01268200770327e-06,0.18671140519311422,169.5813345697887,0.00019344589288976572,0.14946600072007238,0.00040189086183063313,0.509765625,0.17171515988486205,0.15897250127929524
primary,reversed_9bar,14.2,1140169423147.3967,7.89356372595559e-07,1.01268200770327e-06,0.183933582315467,169.43493518807327,0.00019056842526666475,0.14935623889261077,0.0004011360220586855,0.513671875,0.1771138072660521,0.15924187687263214
primary,reversed_9bar,14.3,1138025105462.1858,7.908437130958401e-07,1.01268200770327e-06,0.1811969976069643,169.2866022689362,0.00018773365889287373,0.14924499851299383,0.0004003816051722011,0.515625,0.1799723747203496,0.1595122181080742
primary,reversed_9bar,14.4,1135884698370.1626,7.923339413686754e-07,1.01268200770327e-06,0.178501041500109,169.13631391909774,0.0001849409630524229,0.14913226200705437,0.0003996285641161533,0.51953125,0.18540456304628053,0.15978315016370648
primary,reversed_9bar,14.5,1133746926864.674,7.938279510833245e-07,1.01268200770327e-06,0.1758451133601115,168.9840481007865,0.00018218971625782703,0.14901801165880907,0.00039887645031589465,0.521484375,0.18828684423096975,0.16005485514508577
primary,reversed_9bar,14.6,1131612068189.6309,7.953255583778219e-07,1.01268200770327e-06,0.17322862135628186,168.82978263392872,0.00017947930611763847,0.14890222961133623,0.00039812536131177075,0.525390625,0.19375271409887906,0.16032729780234994
primary,reversed_9bar,14.7,1129481310258.2236,7.968259340158898e-07,1.01268200770327e-06,0.17065098233520545,168.6734951984561,0.0001768091292058245,0.14878489786773116,0.0003973757150370836,0.52734375,0.19665877724261996,0.160600312831382
primary,reversed_9bar,14.8,1127352328058.5906,7.983307237675082e-07,1.01268200770327e-06,0.16811162169567936,168.51516333673538,0.0001741785909329461,0.1486659982921413,0.00039662669350286534,0.53125,0.20215847534429224,0.1608742337897785
primary,reversed_9bar,14.9,1125228941154.592,7.998372305252959e-07,1.01268200770327e-06,0.1656099732653875,168.3547644561221,0.0001715871054191154,0.14854551261088375,0.00039587964051348575,0.533203125,0.20508839618718017,0.16114851899741164
primary,reversed_9bar,15.0,1123107137311.633,8.013483042715927e-07,1.01268200770327e-06,0.16314547917929267,168.19227583164087,0.00016903409536871098,0.14842342241364634,0.00039513314447888425,0.53515625,0.20802833903980392,0.16142374456708108
primary,reversed_9bar,15.1,1120990632961.0212,8.028613027949312e-07,1.01268200770327e-06,0.16071758975972117,168.02767460879633,0.00016651899194682513,0.1482997091547757,0.00039438851291918967,0.5390625,0.21357587928758356,0.16169938003825285
primary,reversed_9bar,15.2,1118876683114.9792,8.04378188929971e-07,1.01268200770327e-06,0.158325763398122,167.86093780651612,0.000164041234657426,0.14817435415465394,0.0003936447800889125,0.541015625,0.21653979277928506,0.16197582263192042
primary,reversed_9bar,15.3,1116767210801.5508,8.058975866188193e-07,1.01268200770327e-06,0.15596946643847479,167.69204232022884,0.00016160027122320806,0.1480473386011657,0.0003929026225505041,0.544921875,0.22212137757478753,0.16225279705023235
primary,reversed_9bar,15.4,1114661543351.3586,8.074199790674091e-07,1.01268200770327e-06,0.15364817306232936,167.52096492508156,0.0001591955574671139,0.14791864355125947,0.000392161803644471,0.546875,0.22510929827028459,0.16253040244485906
primary,reversed_9bar,15.5,1112559511992.493,8.089454903748761e-07,1.01268200770327e-06,0.15136136517545193,167.34768227929672,0.0001568265571955016,0.14778824993260323,0.00039142226399324056,0.55078125,0.23072501339457185,0.16280866561287402
primary,reversed_9bar,15.6,1110462509826.5374,8.104731065081943e-07,1.01268200770327e-06,0.14910853229605933,167.17217092767407,0.00015449274208293985,0.14765613854533918,0.0003906844937197861,0.552734375,0.23373697432012996,0.16308738430138953
primary,reversed_9bar,15.7,1108368427677.1208,8.120043638252923e-07,1.01268200770327e-06,0.14688917144462096,166.99440730523838,0.00015219359155860905,0.1475222900639375,0.000389947750770688,0.556640625,0.23938686996152428,0.1633668695006339
primary,reversed_9bar,15.8,1106280440095.7324,8.135369363686103e-07,1.01268200770327e-06,0.14470278703520534,166.81436774103682,0.00014992859269428625,0.14738668503915348,0.00038921315202114954,0.55859375,0.24242289894242935,0.16364665504902717
primary,reversed_9bar,15.9,1104194879330.9465,8.150735136041636e-07,1.01268200770327e-06,0.14254889076835447,166.63202846208895,0.0001476972400938959,0.14724930390008956,0.00038847940707766694,0.5625,0.24810699333104366,0.1639272837973163
primary,reversed_9bar,16.0,1102116204980.4736,8.166108037726797e-07,1.01268200770327e-06,0.1404270015254629,166.44736559749117,0.00014549903578460396,0.14711012695636458,0.00038774808492222587,0.564453125,0.25116711751886167,0.1642080954728109
primary,reversed_9bar,16.1,1100040229812.6265,8.181518962750117e-07,1.01268200770327e-06,0.13833664526464406,166.26035518267918,0.0001433334891094369,0.14696913440039272,0.00038701771239704096,0.56640625,0.2542373850893642,0.1644897131789301
primary,reversed_9bar,16.2,1097970706297.1521,8.196939998838423e-07,1.01268200770327e-06,0.13627735491806292,166.0709731638508,0.0001412001166214048,0.14682630630977495,0.00038628960970133575,0.5703125,0.2599696370008798,0.16477157747681398
primary,reversed_9bar,16.3,1095904768293.9792,8.212392408886505e-07,1.01268200770327e-06,0.13424867029071555,165.8791954025522,0.00013909844197910917,0.14668162264980497,0.00038556276846564907,0.572265625,0.2630639652358586,0.16505411762608935
primary,reversed_9bar,16.4,1093844954097.9286,8.227857125713136e-07,1.01268200770327e-06,0.13225013796063773,165.68499768042983,0.0001370279958438165,0.1465350632760921,0.00038483808171646143,0.576171875,0.2688304044876179,0.16533695215524594
primary,reversed_9bar,16.5,1091789343108.681,8.24334845985404e-07,1.01268200770327e-06,0.13028131118052222,165.48835570415187,0.00013498831577797785,0.14638660793730462,0.00038411487374544727,0.578125,0.27194878968656405,0.16562037043942515
primary,reversed_9bar,16.6,1089739734787.0444,8.258852745016927e-07,1.01268200770327e-06,0.1283417497807268,165.28924511049934,0.00013297894614517567,0.1462362362780337,0.0003833937776414576,0.58203125,0.27774938578637953,0.16590409964307004
primary,reversed_9bar,16.7,1087694883043.5289,8.274379277042002e-07,1.01268200770327e-06,0.12643102007365406,165.08764147163296,0.00013099943801147895,0.14608392784178317,0.00038267435500352257,0.583984375,0.28089177577949775,0.16618832828306476
primary,reversed_9bar,16.8,1085655976192.692,8.289918903741749e-07,1.01268200770327e-06,0.12454869475948555,164.88352030053525,0.00012904934904818863,0.1459296620740855,0.0003819570239061535,0.587890625,0.28672647807173146,0.16647287427147484
primary,reversed_9bar,16.9,1083622460679.4167,8.305475686021791e-07,1.01268200770327e-06,0.12269435283325063,164.676857056632,0.0001271282434359538,0.14577341832574744,0.00038124158959680496,0.58984375,0.28989276542847,0.1667578209156014
primary,reversed_9bar,17.0,1081594621303.0039,8.321047296960152e-07,1.01268200770327e-06,0.12086757949321418,164.46762715159556,0.00012523569177024223,0.1456151758562275,0.0003805281522739703,0.59375,0.2957615368078593,0.16704312321466208
primary,reversed_9bar,17.1,1079572885963.4489,8.336630270190681e-07,1.01268200770327e-06,0.11906796605056347,164.25580595533188,0.0001233712709681453,0.14545491383714795,0.0003798168624820323,0.595703125,0.2989516297450141,0.16732871330743673
primary,reversed_9bar,17.2,1077556639366.9338,8.352229174039068e-07,1.01268200770327e-06,0.11729510984037854,164.0413688021536,0.00012153456417650161,0.14529261135594337,0.0003791075037474481,0.599609375,0.30485437071343413,0.16761468459881518
primary,reversed_9bar,17.3,1075547126070.4083,8.367834176529458e-07,1.01268200770327e-06,0.11554861413386698,163.82429099714247,0.00011972516068131948,0.1451282474196484,0.0003784005139320073,0.6015625,0.3080681599148977,0.1679008414702289
primary,reversed_9bar,17.4,1073543139010.008,8.383454444410639e-07,1.01268200770327e-06,0.11382808805184834,163.60454782270182,0.0001179426558184837,0.14496180095882732,0.0003776954683647906,0.60546875,0.314004706208682,0.16818736955643415
primary,reversed_9bar,17.5,1071546164069.8912,8.399078174865248e-07,1.01268200770327e-06,0.11213314647946863,163.38211454530287,0.00011618665088572633,0.14479325083164754,0.0003769928898116682,0.607421875,0.3172421004117447,0.16847403373101918
primary,reversed_9bar,17.6,1069554967352.6304,8.414714787662443e-07,1.01268200770327e-06,0.11046340998213068,163.15696642242565,0.00011445675305584731,0.14462257582809923,0.00037629234416109857,0.611328125,0.32321230054666455,0.16876102462328516
primary,reversed_9bar,17.7,1067571025823.676,8.430352437727617e-07,1.01268200770327e-06,0.10881850472262249,162.92907870969773,0.0001127525752911665,0.14444975467436444,0.0003755943510411595,0.61328125,0.32647313874086253,0.16904810631001588
primary,reversed_9bar,17.8,1065593130992.6614,8.446000390051296e-07,1.01268200770327e-06,0.10719806237942768,162.6984266682312,0.00011107373625919115,0.14427476603733622,0.0003748984852790577,0.6171875,0.33247682186971766,0.169335466232175
primary,reversed_9bar,17.9,1063622834211.2346,8.46164609344275e-07,1.01268200770327e-06,0.10560172006620215,162.4649855721614,0.00010941986024948229,0.14409758852929194,0.0003742052926735283,0.619140625,0.3357608849249419,0.1696228543610866
primary,reversed_9bar,18.0,1061658653080.1523,8.477301036344047e-07,1.01268200770327e-06,0.10402912025240078,162.2287307163877,0.00010779057709170408,0.1439182007127218,0.0003735142516847688,0.623046875,0.34179788617132595,0.1699105026245964
primary,reversed_9bar,18.1,1059702489539.2604,8.492949756032977e-07,1.01268200770327e-06,0.10247991068503876,161.98963742451912,0.00010618552207483988,0.14373658110531518,0.00037282603145595095,0.625,0.3451049693939746,0.17019810268364677
primary,reversed_9bar,18.2,1057752627838.8339,8.508605663678199e-07,1.01268200770327e-06,0.10095374431157209,161.74768105702555,0.00010460433586755961,0.1435527081851073,0.00037214002834957526,0.62890625,0.3511750370368072,0.17048592490486297
primary,reversed_9bar,18.3,1055811040898.5498,8.524252590066244e-07,1.01268200770327e-06,0.09945027920388139,161.50283701959575,0.0001030466644397221,0.1433665603957874,0.00037145693648103816,0.630859375,0.3545049280742067,0.17077364685576063
primary,reversed_9bar,18.4,1053876168334.4567,8.539902761273726e-07,1.01268200770327e-06,0.09796917848334492,161.25508077170443,0.00010151215898499802,0.14317811615217155,0.0003707762068738467,0.634765625,0.36060775854959953,0.17106151505372857
primary,reversed_9bar,18.5,1051949554392.8872,8.555543336100541e-07,1.01268200770327e-06,0.0965101102469848,161.0043878353889,0.0001000004758445972,0.1429873538458415,0.00037009838282693396,0.63671875,0.3639602391674531,0.17134927379755668
primary,reversed_9bar,18.6,1050030239849.7263,8.571181722621648e-07,1.01268200770327e-06,0.0950727474946726,160.75073380423535,9.8511276432086e-05,0.14279425185095143,0.0003694231268647124,0.640625,0.3700955316129339,0.1716370730006958
primary,reversed_9bar,18.7,1048119206489.4076,8.586809538721066e-07,1.01268200770327e-06,0.09365676805737905,160.49409435257823,9.704422715927947e-05,0.1425987885302053,0.00036875078439997276,0.642578125,0.37347028762319306,0.1719247463096632
primary,reversed_9bar,18.8,1046215933590.4956,8.602430636965173e-07,1.01268200770327e-06,0.09226185452645407,160.23444524491043,9.559899936319372e-05,0.14240094224100558,0.00036808117223176176,0.646484375,0.3796377408595785,0.1722123723670297
primary,reversed_9bar,18.9,1044321080287.5074,8.618039193005899e-07,1.01268200770327e-06,0.09088769418392255,159.97176234550622,9.417526923404426e-05,0.1422006913417752,0.0003674145222577191,0.6484375,0.3830344326891964,0.17249983604648284
primary,reversed_9bar,19.0,1042434358124.8861,8.633637149286841e-07,1.01268200770327e-06,0.08953397893378187,159.70602162825816,9.277271774427536e-05,0.1419980141984558,0.000366750732993002,0.65234375,0.3892337072770551,0.17278717769812924
primary,reversed_9bar,19.1,1040556219733.1514,8.649220320174562e-07,1.01268200770327e-06,0.08820040523428761,159.43719918672625,9.139103057860705e-05,0.14179288919118174,0.0003660899636827214,0.654296875,0.3926519908595531,0.17307431499422699
primary,reversed_9bar,19.2,1038686782175.9764,8.664787262571713e-07,1.01268200770327e-06,0.08688667403121343,159.1652712444012,9.002989806508516e-05,0.1415852947211332,0.0003654322555123846,0.658203125,0.39888263102126514,0.17336122049568367
primary,reversed_9bar,19.3,1036825760203.4109,8.680339884914051e-07,1.01268200770327e-06,0.08559249069207192,158.89021416518005,8.868901510712111e-05,0.14137520921756835,0.0003647775081249498,0.66015625,0.40232218588231333,0.1736479337952068
primary,reversed_9bar,19.4,1034974236705.6757,8.695868632099492e-07,1.01268200770327e-06,0.08431756494128292,158.61200446405502,8.736808111650734e-05,0.14116261114503703,0.0003641261025043891,0.6640625,0.4085837384576816,0.17393426513979374
primary,reversed_9bar,19.5,1033130881894.8346,8.711384160246345e-07,1.01268200770327e-06,0.08306161079627625,158.33061881801416,8.606679994739538e-05,0.1409474790107761,0.0003634775708028264,0.666015625,0.4120441610552332,0.17422042905886567
primary,reversed_9bar,19.6,1031297854276.762,8.726867764416714e-07,1.01268200770327e-06,0.08182434650451573,158.04603407715373,8.478487983122287e-05,0.1407297913722884,0.000362832672428857,0.669921875,0.41833615581123484,0.17450605281608597
primary,reversed_9bar,19.7,1029472875518.7711,8.742338155791358e-07,1.01268200770327e-06,0.08060549448143188,157.75822727600072,8.352203331257681e-05,0.1405095268451059,0.00036219060581624675,0.671875,0.42181694841495637,0.17479151193420492
primary,reversed_9bar,19.8,1027658813437.1031,8.757770460702458e-07,1.01268200770327e-06,0.07940478124925048,157.46717564504485,8.227797718597969e-05,0.14028666411073773,0.00036155237992416923,0.67578125,0.4281389254411294,0.17507631039591923
primary,reversed_9bar,19.9,1025852785510.8301,8.773188635948765e-07,1.01268200770327e-06,0.07822193737670453,157.17285662247767,8.105243243358599e-05,0.14006118192480385,0.00036091698062002705,0.677734375,0.4316396112923083,0.17536092845709308
primary,reversed_9bar,20.0,1024058356984.8813,8.788561646524283e-07,1.01268200770327e-06,0.0770566974196174,156.8752478661382,7.984512416377646e-05,0.1398330591253552,0.00036028566223334315,0.681640625,0.4379909940663415,0.17564474703845556
primary,reversed_9bar,20.1,1022270252433.8007,8.803934163762448e-07,1.01268200770327e-06,0.07590879986234468,156.57432726566273,7.865578155063725e-05,0.13960227464138059,0.00035965656875645835,0.685546875,0.44436106306689255,0.17592866019455192
primary,reversed_9bar,20.2,1020492256136.6305,8.819273194754178e-07,1.01268200770327e-06,0.07477798706006325,156.27007295483588,7.748413777431234e-05,0.13936880750150044,0.0003590310315797876,0.6875,0.4478936373926733,0.17621200971747367
primary,reversed_9bar,20.3,1018720809982.134,8.834608964312645e-07,1.01268200770327e-06,0.07366400518189509,155.9624633241416,7.63299299622164e-05,0.13913263684284755,0.0003584077988835938,0.69140625,0.45429401160360905,0.17649540065961775
primary,reversed_9bar,20.4,1016959117034.2725,8.849913284858915e-07,1.01268200770327e-06,0.07256660415485458,155.65147703351084,7.519289913109645e-05,0.13889374192013526,0.0003577879975743785,0.693359375,0.45784702833270724,0.17677827093092088
primary,reversed_9bar,20.5,1015204878529.4045,8.865205625328684e-07,1.01268200770327e-06,0.0714855376086077,155.33709302526228,7.407279012993066e-05,0.13865210211491197,0.0003571708188978601,0.697265625,0.4642772302816036,0.177061010523528
primary,reversed_9bar,20.6,1013459996359.314,8.88046892065893e-07,1.01268200770327e-06,0.07042056282103125,155.01929053723424,7.296935158365185e-05,0.13840769694500252,0.0003565569319803008,0.69921875,0.46785025714432177,0.17734327961249507
primary,reversed_9bar,20.7,1011723521337.9225,8.895710942944401e-07,1.01268200770327e-06,0.06937144066456179,154.6980491161032,7.188233583768538e-05,0.13816050607413563,0.00035594600287770973,0.703125,0.47430977197289903,0.17762523444996364
primary,reversed_9bar,20.8,1009995964931.9932,8.910926689302173e-07,1.01268200770327e-06,0.06833793555332185,154.37334863088452,7.081149890328846e-05,0.13791050932175572,0.0003553382115350481,0.705078125,0.4779023443378378,0.17790677612431927
primary,reversed_9bar,20.9,1008277815742.5021,8.926111295399616e-07,1.01268200770327e-06,0.06731981539101412,154.0451692866127,6.975660040368149e-05,0.13765768667301959,0.0003547337298526037,0.708984375,0.4843906187050856,0.17818780850701468
primary,reversed_9bar,21.0,1006568107542.0592,8.94127275895629e-07,1.01268200770327e-06,0.066316851519571,153.71349163819565,6.871740352095843e-05,0.13740201828897608,0.000354132217890887,0.7109375,0.4880022386179361,0.1784684922119813
primary,reversed_9bar,21.1,1004868852964.8871,8.95639264113452e-07,1.01268200770327e-06,0.06532881866855049,153.3782966044384,6.769367494376692e-05,0.13714348451692734,0.0003535343837377221,0.71484375,0.49451867961793694,0.17874846013049162
primary,reversed_9bar,21.2,1003177522747.6748,8.971492877301771e-07,1.01268200770327e-06,0.06435549490526672,153.0395654822306,6.668518481574617e-05,0.13688206590097007,0.000352939337544107,0.716796875,0.4981488148563694,0.17902815097603983
primary,reversed_9bar,21.3,1001497737895.9248,8.986540517713357e-07,1.01268200770327e-06,0.06339666158564528,152.6972799608935,6.569170668471254e-05,0.13661774319271508,0.0003523483532573285,0.720703125,0.5046927889552039,0.17930690810425295
primary,reversed_9bar,21.4,999825882014.5671,9.001567334770069e-07,1.01268200770327e-06,0.06245210330579296,152.35142213667973,6.471301745258216e-05,0.13635049736218385,0.00035176015855214863,0.724609375,0.5112538407772175,0.1795853663883546
primary,reversed_9bar,21.5,998165588844.6886,9.016540041634687e-07,1.01268200770327e-06,0.061521607854271965,152.00197452741958,6.374889732602024e-05,0.13608030960887824,0.00035117603185650563,0.7265625,0.5149117041003454,0.1798628625586587
primary,reversed_9bar,21.6,996514089606.5302,9.031482940249862e-07,1.01268200770327e-06,0.06060496616506813,151.64892008730806,6.279912976780659e-05,0.13580716137302226,0.0003505949990543813,0.73046875,0.5214992606393258,0.1801398822771918
primary,reversed_9bar,21.7,994873537253.7665,9.046375909086355e-07,1.01268200770327e-06,0.05970197227124402,151.29224222182523,6.186350144890768e-05,0.13553103434697258,0.00035001781760098815,0.732421875,0.5251741036654373,0.18041602498827478
primary,reversed_9bar,21.8,993242984744.2095,9.061226848048442e-07,1.01268200770327e-06,0.05881242325926652,150.9319248027832,6.094180220124485e-05,0.13525191048679527,0.0003494441543066017,0.736328125,0.5317874239080587,0.18069144906859835
primary,reversed_9bar,21.9,991622727379.9502,9.07603239770397e-07,1.01268200770327e-06,0.05793611922399976,150.56795218349146,6.003382497114897e-05,0.13496977202400456,0.0003488741130648219,0.73828125,0.5354785856429751,0.18096608828996447
primary,reversed_9bar,22.0,990013717540.8798,9.090783128091729e-07,1.01268200770327e-06,0.05707286322435373,150.20030921403338,5.9139365773491984e-05,0.134684601477461,0.0003483080289432917,0.7421875,0.5421168844121165,0.18123975539520432
primary,reversed_9bar,22.1,988414315939.5865,9.105493369391965e-07,1.01268200770327e-06,0.05622246123957939,149.82898125664528,5.825822364648553e-05,0.13439638166542522,0.000347745325205591,0.744140625,0.5458236656307391,0.1815127368225074
primary,reversed_9bar,22.2,986827450389.9562,9.12013543648745e-07,1.01268200770327e-06,0.055384722126200825,149.45395420118916,5.7390200607137236e-05,0.1341050957177623,0.0003471870319193498,0.748046875,0.5524861126695128,0.1817844813913801
primary,reversed_9bar,22.3,985249919820.4401,9.134738119684631e-07,1.01268200770327e-06,0.054559457575575766,149.07521448071114,5.653510160735553e-05,0.13381072708829408,0.00034663202287903996,0.751953125,0.5591638804097875,0.18205556368796522
primary,reversed_9bar,22.4,983685357555.636,9.149267020060296e-07,1.01268200770327e-06,0.05374648207207512,148.69274908707413,5.569273449069355e-05,0.13351325956729254,0.00034608157636606987,0.75390625,0.5628934942438066,0.18232529878746973
primary,reversed_9bar,22.5,982130895139.6233,9.163747973451673e-07,1.01268200770327e-06,0.05294561285187296,148.30654558665762,5.486290994972314e-05,0.13321267729411165,0.00034553468319621286,0.7578125,0.5695940722173565,0.1825942022494153
primary,reversed_9bar,22.6,980588624726.5118,9.178160722097014e-07,1.01268200770327e-06,0.052156669862338086,147.9165921361123,5.404544148403009e-05,0.13290896476995084,0.00034499207943409257,0.759765625,0.5733373282009778,0.18286187102838883
primary,reversed_9bar,22.7,979057845093.3473,9.192510989115156e-07,1.01268200770327e-06,0.051379475722018654,147.5228774981604,5.324014535882151e-05,0.13260210687074553,0.00034445351837445544,0.763671875,0.5800597681909513,0.18312841979524996
primary,reversed_9bar,22.8,977538448531.5507,9.206798989359158e-07,1.01268200770327e-06,0.0506138556812114,147.1253910574294,5.244684056413694e-05,0.13229208886017776,0.0003439189621231167,0.765625,0.583815825678578,0.18339385341769598
primary,reversed_9bar,22.9,976031971218.0444,9.22100941915704e-07,1.01268200770327e-06,0.04985963758310709,146.72412283631004,5.166534877465448e-05,0.1319788964028027,0.0003433889511400179,0.76953125,0.5905591315651537,0.18365786764103578
primary,reversed_9bar,23.0,974536036017.8763,9.235163880420025e-07,1.01268200770327e-06,0.049116651825503836,146.31906351082486,5.089549431008323e-05,0.1316625155772824,0.0003428626490981718,0.771484375,0.5943271085791422,0.18392089328822245
primary,reversed_9bar,23.1,973054485202.4113,9.249225132678827e-07,1.01268200770327e-06,0.048384731323080396,145.9102044264961,5.013710409613408e-05,0.13134293288972151,0.0003423414077909344,0.775390625,0.6010902356869037,0.18418218922960292
primary,reversed_9bar,23.2,971583721285.7988,9.263226423852959e-07,1.01268200770327e-06,0.047663711470221116,145.49753761420175,4.9390007626060224e-05,0.13102013528709786,0.00034182396154573626,0.779296875,0.607866418483486,0.18444241811507914
primary,reversed_9bar,23.3,970126608306.6576,9.27713962583644e-07,1.01268200770327e-06,0.046953430104384915,145.08105580600446,4.8654036922759547e-05,0.13069411017077884,0.0003413113179927024,0.78125,0.6116510629213441,0.18470102034365746
primary,reversed_9bar,23.4,968681725220.1621,9.290977382642869e-07,1.01268200770327e-06,0.04625372747001024,144.66075245094325,4.7929026501430615e-05,0.13036484541011875,0.00034080297717782885,0.78515625,0.6184453941069288,0.1849582481673962
primary,reversed_9bar,23.5,967249570742.4374,9.304734033732181e-07,1.01268200770327e-06,0.04556444618294851,144.2366217307724,4.721481333277448e-05,0.13003232935612605,0.0003402991145601293,0.787109375,0.6222395037134083,0.18521398934749517
primary,reversed_9bar,23.6,965831202732.6797,9.318398468113063e-07,1.01268200770327e-06,0.04488543119541829,143.8086585756346,4.6511236806734496e-05,0.12969655085519435,0.00033980010231712517,0.791015625,0.6290508131604725,0.185468023174228
primary,reversed_9bar,23.7,964424611013.1301,9.331989143812371e-07,1.01268200770327e-06,0.04421652976147287,143.3768586796544,4.5818138696766394e-05,0.129357499262887,0.00033930523322522893,0.79296875,0.6328533558180127,0.18572071745874114
primary,reversed_9bar,23.8,963033395886.6381,9.345470300865268e-07,1.01268200770327e-06,0.04355759140297367,142.94121851643752,4.5135363124630944e-05,0.12901516445776753,0.0003388157739480907,0.796875,0.6396804231732968,0.18597136092194955
primary,reversed_9bar,23.9,961654123614.3915,9.358874234504777e-07,1.01268200770327e-06,0.04290846787606247,142.50173535446086,4.4462756525701976e-05,0.1286695368552651,0.0003383305164228559,0.80078125,0.6465184141398096,0.18622059666746382
primary,reversed_9bar,24.0,960289553980.9064,9.372173177027966e-07,1.01268200770327e-06,0.0422690131381249,142.05840727233885,4.3800167614781905e-05,0.12832060742156684,0.0003378504316008237,0.802734375,0.6503318781395434,0.1864678725192152
primary,reversed_9bar,24.1,958938406308.4688,9.385378602830622e-07,1.01268200770327e-06,0.04163908331523847,141.61123317395052,4.314744735241795e-05,0.12796836768752587,0.000337375068912146,0.806640625,0.6571836821420558,0.1867134171598117
primary,reversed_9bar,24.2,957600932789.922,9.398487085616086e-07,1.01268200770327e-06,0.04101853667009805,141.16021280341073,4.250444891171163e-05,0.12761280976257464,0.00033690451708366626,0.80859375,0.6610027382311189,0.18695716274752833
primary,reversed_9bar,24.3,956278554599.8164,9.41148366938577e-07,1.01268200770327e-06,0.040407233570411774,140.7053467598723,4.187102764561437e-05,0.1272539263486346,0.0003364392761150286,0.8125,0.667867006646457,0.18719881210316783
primary,reversed_9bar,24.4,954968956249.1045,9.424390123999321e-07,1.01268200770327e-06,0.03980503645776077,140.24663651213967,4.1247041054702396e-05,0.12689171075400893,0.00033597853136759534,0.81640625,0.6747404722245761,0.18743879855223033
primary,reversed_9bar,24.5,953675832167.0763,9.437169000653959e-07,1.01268200770327e-06,0.03921180981691584,139.78408441308025,4.063234875542386e-05,0.12652615690724847,0.0003355235826207142,0.818359375,0.6785658032641005,0.18767637755751657
primary,reversed_9bar,24.6,952395983195.1874,9.449850859099547e-07,1.01268200770327e-06,0.038627420145604746,139.31769371381506,4.00268124488116e-05,0.12615725937097896,0.00033507330434189296,0.822265625,0.685449591175763,0.1879121571766487
primary,reversed_9bar,24.7,951131507096.4937,9.462413906857295e-07,1.01268200770327e-06,0.03805173592472326,138.8474685776737,3.943029588965454e-05,0.1257850133556777,0.00033462843456910245,0.82421875,0.6892773940126604,0.18814570427991512
primary,reversed_9bar,24.8,949882056944.9652,9.474860519995533e-07,1.01268200770327e-06,0.03748462758898393,138.37341409389433,3.8842664856121484e-05,0.125409414733387,0.00033418885124633516,0.828125,0.6961700274129975,0.18837706637074392
primary,reversed_9bar,24.9,948646850981.8801,9.48719746519446e-07,1.01268200770327e-06,0.036925967497995836,137.8955362910537,3.826378711983036e-05,0.1250304600513526,0.00033375427933412995,0.830078125,0.6999990078404853,0.18860637819163076
primary,reversed_9bar,25.0,947428450219.5068,9.499398078994584e-07,1.01268200770327e-06,0.03637562990776945,137.41384215020872,3.7693532416356845e-05,0.12464814654557421,0.00033332561985145194,0.833984375,0.7068989598156539,0.18883310987141524
primary,reversed_9bar,25.1,946224003628.734,9.511489843298556e-07,1.01268200770327e-06,0.03583349094264025,136.92833961773187,3.713177241617585e-05,0.12426247215425411,0.00033290186974519923,0.837890625,0.7138053976579445,0.1890578079214867
primary,reversed_9bar,25.2,945036437830.6317,9.523442313674014e-07,1.01268200770327e-06,0.035299428567605054,136.43903761782366,3.657838069602959e-05,0.12387343553113209,0.0003324840586633438,0.83984375,0.7176334754621351,0.1892798673483773
primary,reversed_9bar,25.3,943864025329.5454,9.535271774827624e-07,1.01268200770327e-06,0.03477332256106514,135.94594606468362,3.603323271071624e-05,0.12348103605869169,0.00033207157883591656,0.84375,0.724544817926878,0.18949961200079565
primary,reversed_9bar,25.4,942707295683.4116,9.546971834428722e-07,1.01268200770327e-06,0.03425505448797024,135.4490758743233,3.5496205765292887e-05,0.12308527386122523,0.0003316646165727412,0.845703125,0.7283705708274653,0.18971691495651047
primary,reversed_9bar,25.5,941567568341.2925,9.55852803623515e-07,1.01268200770327e-06,0.03374450767335752,134.9484389760013,3.49671789876869e-05,0.12268614981774215,0.0003312636360842563,0.849609375,0.7352851663452824,0.1899314890727361
primary,reversed_9bar,25.6,940442635623.5878,9.569961695784122e-07,1.01268200770327e-06,0.03324156717627995,134.44404832326498,3.4446033301709835e-05,0.12228366557470777,0.00033086786066149665,0.853515625,0.7422041092083235,0.1901437580114797
primary,reversed_9bar,25.7,939335908003.863,9.581237045569206e-07,1.01268200770327e-06,0.03274611976411827,133.93591790457924,3.3932651400467976e-05,0.1218778235585971,0.0003304784901821048,0.85546875,0.7460233025399662,0.19035301119007011
primary,reversed_9bar,25.8,938244642991.4038,9.59238090750544e-07,1.01268200770327e-06,0.03225805388727115,133.42406275352513,3.342691772016378e-05,0.12146862698824917,0.0003300945597791114,0.859375,0.7529428962721281,0.19055978160314124
primary,reversed_9bar,25.9,937170318099.4292,9.603377130265819e-07,1.01268200770327e-06,0.031777259654217814,132.90849895855044,3.292871841428257e-05,0.1210560798870072,0.0003297165892733109,0.861328125,0.7567559998190538,0.19076374842354424
primary,reversed_9bar,26.0,936113369104.5822,9.614220132983192e-07,1.01268200770327e-06,0.03130362880694795,132.38924367225533,3.2437941328158916e-05,0.12064018709462994,0.0003293447319802592,0.865234375,0.7636744735426683,0.19096480085272274
primary,reversed_9bar,26.1,935072069726.7131,9.624926560612986e-07,1.01268200770327e-06,0.030837054696753494,131.86631512019346,3.195447597391718e-05,0.12022095427895757,0.0003289783805576281,0.8671875,0.7674799474204914,0.1911632695309483
primary,reversed_9bar,26.2,934050083051.048,9.635457630496383e-07,1.01268200770327e-06,0.030377432260376865,131.33973260917367,3.147821350578074e-05,0.11979838794731892,0.00032861882375725217,0.87109375,0.7743954853856663,0.19135838419225398
primary,reversed_9bar,26.3,933044055419.399,9.64584678260936e-07,1.01268200770327e-06,0.02992465799651076,130.8095165350428,3.100904669574466e-05,0.11937249545766256,0.00032826488169035586,0.875,0.7813121036993499,0.191550808993242
primary,reversed_9bar,26.4,932056049488.8038,9.65607165463509e-07,1.01268200770327e-06,0.02947862994264412,130.2756883899342,3.0546869909606374e-05,0.11894328502939815,0.0003279172800438608,0.876953125,0.7851024960997552,0.1917400998085961
primary,reversed_9bar,26.5,931085955216.4172,9.666132272297117e-07,1.01268200770327e-06,0.02903924765224938,129.73827076896356,3.009157908334936e-05,0.11851076575393049,0.0003275759801023373,0.880859375,0.7920133315747044,0.19192625714126713
primary,reversed_9bar,26.6,930132527437.5581,9.676040493707163e-07,1.01268200770327e-06,0.028606412172306,129.19728737635663,2.964307169987451e-05,0.11807494760487224,0.00032724054379018293,0.8828125,0.7957919929769123,0.19210951639009347
primary,reversed_9bar,26.7,929199005038.7444,9.685761555055401e-07,1.01268200770327e-06,0.028180026021155345,128.65276303099208,2.9201246766074226e-05,0.11763584144791879,0.00032691211061704173,0.88671875,0.8026951224016873,0.19228918728903915
primary,reversed_9bar,26.8,928282262797.7714,9.695326907221832e-07,1.01268200770327e-06,0.027759993166682123,128.10472367134344,2.8766004790244263e-05,0.11719345905036985,0.00032658958106280937,0.890625,0.8095968189907441,0.1924658941924884
primary,reversed_9bar,26.9,927384452901.1603,9.704713047372178e-07,1.01268200770327e-06,0.02734621900481759,127.55319635980455,2.8337247759828346e-05,0.11674781309028191,0.00032627371231279737,0.892578125,0.8133538507807724,0.19263917042455747
primary,reversed_9bar,27.0,926505238580.6895,9.713922409966157e-07,1.01268200770327e-06,0.026938610338359866,126.99820928638282,2.7914879119490804e-05,0.11629891716523574,0.0003259643858847328,0.896484375,0.8202448364521097,0.19280906423397842
primary,reversed_9bar,27.1,925643538036.008,9.722965299467033e-07,1.01268200770327e-06,0.02653707535610667,126.43979177174675,2.7498803749512296e-05,0.11584678580070422,0.00032566122117808316,0.8984375,0.8239858234695339,0.19297578003152682
primary,reversed_9bar,27.2,924802478480.191,9.73180782861924e-07,1.01268200770327e-06,0.026141523612296044,125.87797426961154,2.7088927944504198e-05,0.11539143445800354,0.0003253653184133839,0.90234375,0.8308640792991532,0.19313864511659457
primary,reversed_9bar,27.3,923979004229.3676,9.740481070245022e-07,1.01268200770327e-06,0.025751866006350318,125.31278836844997,2.6685159392436566e-05,0.11493287954181361,0.00032507560253560564,0.90625,0.8377382547117952,0.19329827606268038
primary,reversed_9bar,27.4,923175205896.2301,9.748961998240286e-07,1.01268200770327e-06,0.025368014762919267,124.74426679251532,2.6287407153975656e-05,0.11447113840725194,0.00032479280906706824,0.908203125,0.841450757075577,0.19345421574519023
primary,reversed_9bar,27.5,922390821508.2892,9.75725233831278e-07,1.01268200770327e-06,0.0249898834122177,124.17244340216237,2.589558164212598e-05,0.11400622936648551,0.00032451684584023917,0.912109375,0.8483090597588682,0.19360649826704066
primary,reversed_9bar,27.6,921624632143.5192,9.76536399539122e-07,1.01268200770327e-06,0.024617386770653393,123.59735319345499,2.5509594602172755e-05,0.11353817169486582,0.0003242472840122443,0.9140625,0.8520010227733905,0.19375535966661592
primary,reversed_9bar,27.7,920879948708.0228,9.773260904015588e-07,1.01268200770327e-06,0.024250440921741143,123.01903229704905,2.5129359091920295e-05,0.1130669856365735,0.00032398528843076007,0.91796875,0.8588413526420311,0.1939000841764714
primary,reversed_9bar,27.8,920153634738.749,9.780975328707242e-07,1.01268200770327e-06,0.023888963197298604,122.43751797633826,2.475478946222195e-05,0.11259269240975589,0.00032372975562091163,0.921875,0.8656748384510575,0.19404131175756015
primary,reversed_9bar,27.9,919447576271.185,9.788486295759737e-07,1.01268200770327e-06,0.02353287215891997,121.85284862485359,2.4385801337797507e-05,0.11211531421114511,0.00032348134913037655,0.923828125,0.8693312078401765,0.19417862608294464
primary,reversed_9bar,28.0,918761871177.763,9.795791795825048e-07,1.01268200770327e-06,0.02318208757972326,121.26506376290618,2.4022311598333597e-05,0.11163487422014164,0.0003232401033927725,0.927734375,0.8761434639364943,0.1943119870873002
primary,reversed_9bar,28.1,918094996149.8284,9.802907147673036e-07,1.01268200770327e-06,0.0228365304263673,120.67420403346553,2.3664238359863188e-05,0.11115139660235106,0.00032300548247549035,0.931640625,0.8829471674685647,0.19444169839891423
primary,reversed_9bar,28.2,917450374009.1632,9.80979490004558e-07,1.01268200770327e-06,0.022496122841334506,120.08031119726282,2.331150095642008e-05,0.11066490651255836,0.00032277869060053934,0.93359375,0.8865635191019186,0.19456701691679143
primary,reversed_9bar,28.3,916824996310.6035,9.816486282787783e-07,1.01268200770327e-06,0.022160788125475436,119.4834281271148,2.2964019921964183e-05,0.11017543009712996,0.00032255866933247906,0.9375,0.8933426797335932,0.19468856183151348
primary,reversed_9bar,28.4,916220292102.7837,9.822965151038544e-07,1.01268200770327e-06,0.021830450720811374,118.88359880145865,2.262171697257387e-05,0.10968299449582801,0.000322345921441225,0.939453125,0.896930978543436,0.19480601265154984
primary,reversed_9bar,28.5,915636988704.2155,9.829222837247493e-07,1.01268200770327e-06,0.021505036193591127,118.28086829709454,2.2284514988901277e-05,0.10918762784302723,0.0003221407028130065,0.943359375,0.903683402728675,0.19491919721852652
primary,reversed_9bar,28.6,915073254941.285,9.835278160957154e-07,1.01268200770327e-06,0.021184471217598387,117.67528278112924,2.1952337998886935e-05,0.10868935926832105,0.00032194236920172803,0.947265625,0.9104243710671417,0.1950284884482107
primary,reversed_9bar,28.7,914532092981.2789,9.841098053389183e-07,1.01268200770327e-06,0.020868683557705783,117.06688950211769,2.1625111160729605e-05,0.10818821889650712,0.00032175197683413843,0.94921875,0.9139652688889168,0.19513323029350785
primary,reversed_9bar,28.8,914011284473.0206,9.84670556358504e-07,1.01268200770327e-06,0.020557602053672325,116.45573678039928,2.1302760746108043e-05,0.10768423784694094,0.00032156874524678333,0.953125,0.9206761204682806,0.1952338794985759
primary,reversed_9bar,28.9,913511407664.0359,9.852093717159086e-07,1.01268200770327e-06,0.02025115660418033,115.84187399762574,2.0985214123650505e-05,0.10717744823224734,0.0003213928778795266,0.955078125,0.9241841929386322,0.19533029743852198
primary,reversed_9bar,29.0,913034074425.4197,9.857244381228355e-07,1.01268200770327e-06,0.019949278151108554,115.22535158548148,2.0672399742648743e-05,0.10666788315638169,0.00032122494182314096,0.958984375,0.9308627034263893,0.19542212428124806
primary,reversed_9bar,29.1,912577015606.1716,9.86218132397497e-07,1.01268200770327e-06,0.01965189866403797,114.6062210135936,2.03642471170127e-05,0.10615557671203023,0.00032106413874170603,0.962890625,0.9375268028541777,0.19550983090785162
primary,reversed_9bar,29.2,912142688816.7817,9.866877310253586e-07,1.01268200770327e-06,0.019358951124986812,113.98453477663388,2.006068680946252e-05,0.10564056397734227,0.0003209113332752268,0.96484375,0.9409800187350208,0.19559287703705797
primary,reversed_9bar,29.3,911729912178.835,9.871344440692935e-07,1.01268200770327e-06,0.019070369513371453,113.36034638061437,1.9761650415954225e-05,0.10512288101198697,0.00032076610961356464,0.96875,0.9476083636423782,0.195671502202585
primary,reversed_9bar,29.4,911338167015.2842,9.87558770799189e-07,1.01268200770327e-06,0.018786088791189877,112.73371032837845,1.9467070550335764e-05,0.10460256485252671,0.0003206282852750258,0.970703125,0.9510239655137042,0.19574580498586758
primary,reversed_9bar,29.5,910970191250.417,9.879576836258945e-07,1.01268200770327e-06,0.018506044888424448,112.10468210429195,1.9176880829230054e-05,0.10407965350710201,0.00032049882352001277,0.974609375,0.9576143243126495,0.19581518490303304
primary,reversed_9bar,29.6,910623154510.4945,9.883341924067317e-07,1.01268200770327e-06,0.01823017468866075,111.47331815813872,1.8891015857141584e-05,0.10355418594942156,0.0003203767285624262,0.978515625,0.9641872951115718,0.19588023814861957
primary,reversed_9bar,29.7,910298852447.5032,9.88686295253682e-07,1.01268200770327e-06,0.017958416014919307,110.8396758882267,1.8609411211783392e-05,0.1030262021120536,0.0003202626321510923,0.98046875,0.9675405964938976,0.19594056754450714
primary,reversed_9bar,29.8,909997372960.0999,9.890138441525608e-07,1.01268200770327e-06,0.01769070761569709,110.20381362371107,1.8332003429621147e-05,0.10249574287901389,0.00032015656521064103,0.984375,0.9740721716349885,0.195996143363133
primary,reversed_9bar,29.9,909717211760.9186,9.89318425951171e-07,1.01268200770327e-06,0.017426989151215707,109.56579060614253,1.8058729991631148e-05,0.10196285007764717,0.0003200579985005599,0.98828125,0.9805845684227895,0.19604727965530233
primary,reversed_9bar,30.0,909461428126.0212,9.895966691566932e-07,1.01268200770327e-06,0.017167201179873234,108.92566697024971,1.7789529309269106e-05,0.10142756646980038,0.00031996800833968784,0.990234375,0.9838710773305357,0.19609330788058646
primary,uniform_3bar,0.1,892549101761.9341,3.361159620325491e-07,3.3756066923442347e-07,3.247076795928553,8.598576989789215,0.0033535621988899835,0.00883174769664787,0.0003140178897137027,1.0,1.0,0.4999947413454437
primary,uniform_3bar,0.2,896061159757.716,3.3479857566989774e-07,3.3756066923442347e-07,3.810688053417042,16.67120651887539,0.0039333670658337466,0.01698247479213891,0.00031525350693432447,1.0,1.0,0.499982476609087
primary,uniform_3bar,0.3,899298612027.1168,3.3359330926105555e-07,3.3756066923442347e-07,3.9078814669020465,24.260465060405583,0.004033284837136026,0.024523839693648533,0.0003163925119791778,1.0,1.0,0.49996452057400165
primary,uniform_3bar,0.4,902289835312.1039,3.324873984601959e-07,3.3756066923442347e-07,3.897105137110587,31.404501063834303,0.004022207431984328,0.03151782336421058,0.00031744488839383094,1.0,1.0,0.4999417525200199
primary,uniform_3bar,0.5,905059403691.6938,3.314699552054975e-07,3.3756066923442347e-07,3.856473932053465,38.13759717324803,0.0039804388325983585,0.0380183110280348,0.00031841928186558487,1.0,1.0,0.4999148723579896
primary,uniform_3bar,0.6,907628748150.3148,3.30531619465976e-07,3.3756066923442347e-07,3.8069191097797987,44.49064879988729,0.003929492073898391,0.04407237338233802,0.00031932323227374846,1.0,1.0,0.4998844635619293
primary,uniform_3bar,0.7,910016653158.2236,3.296642967563796e-07,3.3756066923442347e-07,3.75481692072171,50.49157322521855,0.0038759207749353426,0.04972131188135462,0.00032016334839726486,1.0,1.0,0.49985102065523984
primary,uniform_3bar,0.8,912239655400.849,3.2886095032579614e-07,3.3756066923442347e-07,3.70227093515977,56.165660728786214,0.0038218873293088236,0.0550015172745839,0.000320945448196234,1.0,1.0,0.49981496634100664
primary,uniform_3bar,0.9,914312370799.334,3.281154336102072e-07,3.3756066923442347e-07,3.6500106044575484,61.53587711046852,0.003768141810249779,0.059945179201804415,0.00032167467386474285,1.0,1.0,0.49977666401164567
primary,uniform_3bar,1.0,916247765537.7244,3.2742235373849675e-07,3.3756066923442347e-07,3.598295523571175,66.62312528467628,0.0037149513272952163,0.06458087614727678,0.00032235558718403547,1.0,1.0,0.4997364275000799
primary,uniform_3bar,1.1,918057382291.691,3.26776959465353e-07,3.3756066923442347e-07,3.547217494017258,71.44647226780162,0.003662410494756462,0.06893406864656776,0.00032299224911462213,1.0,1.0,0.4996945289055743
primary,uniform_3bar,1.2,919751530167.1827,3.261750485432399e-07,3.3756066923442347e-07,3.496806443609584,76.0233467882847,0.0036105503088338627,0.0730275137659768,0.00032358828662076573,1.0,1.0,0.49965120497133436
primary,uniform_3bar,1.3,921339444997.5101,3.2561289069829276e-07,3.3756066923442347e-07,3.447068931475774,80.36971186396529,0.0035593777316906493,0.07688161513753888,0.00032414694906642856,1.0,1.0,0.49960666233251116
primary,uniform_3bar,1.4,922829425270.2878,3.250871632231849e-07,3.3756066923442347e-07,3.3980025404214578,84.50021597228613,0.0035088904887323157,0.08051471994601046,0.0003246711560372821,1.0,1.0,0.49956108186589687
primary,uniform_3bar,1.5,924228947903.6797,3.2459489683855377e-07,3.3756066923442347e-07,3.349601376567096,88.42832585047618,0.0034590827236417885,0.0839433720173457,0.00032516353807326954,1.0,1.0,0.499514622316655
primary,uniform_3bar,1.6,925544767274.0686,3.241334299620811e-07,3.3756066923442347e-07,3.3018582089323787,92.16644348008735,0.003409947198738031,0.0871825283979735,0.0003256264715086607,1.0,1.0,0.4994674233382259
primary,uniform_3bar,1.7,926783000255.3683,3.237003699003296e-07,3.3756066923442347e-07,3.2547653142833934,95.72600941209245,0.0033614761640000162,0.09024574542595463,0.00032606210839070343,1.0,1.0,0.4994196080526639
primary,uniform_3bar,1.8,927949199521.9845,3.23293559770879e-07,3.3756066923442347e-07,3.208314814913296,99.11759425907653,0.003313661704636993,0.09314533919354101,0.00032647240226917534,1.0,1.0,0.49937128521675167
primary,uniform_3bar,1.9,929048416962.318,3.229110501914433e-07,3.3756066923442347e-07,3.1624988151063853,102.35097990706292,0.0032664958816075148,0.09589252442151211,0.0003268591305066119,1.0,1.0,0.4993225510623337
primary,uniform_3bar,2.0,930085258724.8582,3.225510749533848e-07,3.3756066923442347e-07,3.11730945673477,105.43523177092297,0.003219970788957454,0.09849753506010021,0.0003272239136447017,1.0,1.0,0.499273490866115
primary,uniform_3bar,2.1,938213183042.3157,3.1975675190067043e-07,3.3756066923442347e-07,3.072738942037496,108.37876322591679,0.003174078577396521,0.10096972936207238,0.0003300834914952449,0.091796875,0.08970237961039786,0.4988089320720427
primary,uniform_3bar,2.2,956623700172.6565,3.13602934932361e-07,3.3756066923442347e-07,3.0287795429584476,111.18939318709984,0.0031288114640439144,0.10331768171196715,0.0003365607057195326,0.083984375,0.08036214861435373,0.4978748071231331
primary,uniform_3bar,2.3,974134066733.974,3.079658234372445e-07,3.3756066923442347e-07,2.9854236049304057,113.87439767276373,0.0030841617364569577,0.10554926311941576,0.0003427212276951235,0.080078125,0.07517228705769784,0.4970260713422394
primary,uniform_3bar,2.4,990754014794.0605,3.0279968137435044e-07,3.3756066923442347e-07,2.942663548342744,116.4405560734321,0.003040121754273492,0.1076717119766734,0.0003485684813718985,0.080078125,0.07390079267994688,0.4962293399851376
primary,uniform_3bar,2.5,1006516664726.0854,2.980576581726467e-07,3.3756066923442347e-07,2.900491869031487,118.89419275067584,0.002996683949845495,0.10969169642744331,0.0003541141192064773,0.080078125,0.07273165474342738,0.4954679671847922
primary,uniform_3bar,2.6,1021469751918.047,2.936944529553423e-07,3.3756066923442347e-07,2.8589011383491694,121.24121450726079,0.0029538408284375617,0.11161536948518204,0.00035937493553070594,0.078125,0.069871985407961,0.49473604583191655
primary,uniform_3bar,2.7,1035657454898.0371,2.89671066993416e-07,3.3756066923442347e-07,2.817884003048123,123.48714439954473,0.002911584968230705,0.11344841786594129,0.00036436647329693813,0.080078125,0.07065926072002318,0.49402849858993614
primary,uniform_3bar,2.8,1049122631199.6208,2.8595322517918097e-07,3.3756066923442347e-07,2.7774331850758416,125.6371523026087,0.0028699090202330547,0.11519610535672395,0.00036910381070336134,0.080078125,0.06973864088475144,0.49334185824409493
primary,uniform_3bar,2.9,1061904966388.0145,2.825111563612196e-07,3.3756066923442347e-07,2.7375414813244188,127.69608258679084,0.002828805708140701,0.11686331142003355,0.00037360090998176407,0.080078125,0.06888524543799995,0.4926730809575488
primary,uniform_3bar,3.0,1074042087528.0342,2.793186630986372e-07,3.3756066923442347e-07,2.6982017633522575,129.6684792197065,0.0027882678281674587,0.11845456563446116,0.00037787100913940695,0.080078125,0.06809278505976114,0.4920198707991041
primary,uniform_3bar,3.1,1085569451465.6288,2.763526549084166e-07,3.3756066923442347e-07,2.6594069770860624,131.5586085693957,0.0027482882488518365,0.11997407848635752,0.00038192658265407374,0.080078125,0.06735569157213331,0.49138043477354826
primary,uniform_3bar,3.2,1096525695264.7498,2.7359139990565085e-07,3.3756066923442347e-07,2.621150142506879,133.3704801510124,0.002708859910845115,0.12142576895609541,0.000385781223872352,0.08203125,0.0683286774866488,0.4907558098179598
primary,uniform_3bar,3.3,1106939143697.849,2.7101760896973775e-07,3.3756066923442347e-07,2.58342435332208,135.1078655306792,0.0026699758266825356,0.12281328928186941,0.00038944489805582173,0.08203125,0.06767161946117417,0.4901434136620589
primary,uniform_3bar,3.4,1116837385717.0674,2.6861564972360275e-07,3.3756066923442347e-07,2.5462227766243952,136.77431557514416,0.002631629080538757,0.12414004723258205,0.0003929273115887183,0.08203125,0.06705769319733178,0.48954146861711356
primary,uniform_3bar,3.5,1126252448796.0713,2.663701200567338e-07,3.3756066923442347e-07,2.5095386525387413,138.3731762141073,0.002593812827968398,0.12540922617757772,0.00039623973242220963,0.083984375,0.06809925042076745,0.48895122225652515
primary,uniform_3bar,3.6,1135209307581.022,2.642684463530867e-07,3.3756066923442347e-07,2.473365293857486,139.90760286312388,0.0025565202956323594,0.12662380320362016,0.00039939094717169693,0.083984375,0.06754761968506055,0.48837158142002335
primary,uniform_3bar,3.7,1143728766086.337,2.622999516105148e-07,3.3756066923442347e-07,2.4376960856646166,141.3805736384072,0.002519744781010439,0.12778656549750114,0.0004023882751350116,0.083984375,0.06703025970570713,0.48780041264940244
primary,uniform_3bar,3.8,1151838715217.0125,2.604531311864078e-07,3.3756066923442347e-07,2.4025244849493643,142.79490148033958,0.0024834796521008484,0.12890012518519775,0.00040524152892987064,0.0859375,0.0681244843295442,0.4872395181733883
primary,uniform_3bar,3.9,1159558522954.143,2.5871915393774745e-07,3.3756066923442347e-07,2.3678440202097155,144.15324528976103,0.002447718347107109,0.12996693279484717,0.00040795752262682677,0.0859375,0.06765659051106516,0.48668755248831846
primary,uniform_3bar,4.0,1166905136097.992,2.5709030727482136e-07,3.3756066923442347e-07,2.3336482910462815,145.4581201699114,0.002412454374112856,0.13098928949040856,0.0004105422184731621,0.0859375,0.06721640079362357,0.4861427470477444
primary,uniform_3bar,4.1,1173903915783.641,2.555575426288059e-07,3.3756066923442347e-07,2.2999309677469664,146.71190685704144,0.0023776813107450265,0.13196935820523473,0.00041300453905935755,0.087890625,0.06835203623380537,0.48560761875246783
primary,uniform_3bar,4.2,1180567931024.8855,2.541149832348582e-07,3.3756066923442347e-07,2.266685790862865,147.9168604140147,0.00234339280382593,0.13290917378948536,0.00041534908234436513,0.087890625,0.06795181575853146,0.48507979307059723
primary,uniform_3bar,4.3,1186911989230.1362,2.5275673573285604e-07,3.3756066923442347e-07,2.233906570775809,149.07511825353333,0.0023095825690146506,0.13381065227202021,0.000417581057891594,0.087890625,0.06757433047632,0.484558172413203
primary,uniform_3bar,4.4,1192960095601.454,2.514753017356789e-07,3.3756066923442347e-07,2.2015871872579837,150.18870755081997,0.0022762443904382665,0.13467559932584391,0.00041970891124524823,0.08984375,0.06874321649156101,0.484046096006474
primary,uniform_3bar,4.5,1198718827255.1453,2.5026719625898183e-07,3.3756066923442347e-07,2.169721589024,151.25955209955706,0.002243372120313307,0.13550571801607883,0.0004217349563757065,0.08984375,0.06839852034468379,0.48353974973539854
primary,uniform_3bar,4.6,1204203991973.4438,2.4912722595144485e-07,3.3756066923442347e-07,2.1383037932758358,152.2894786595262,0.0022109596785579227,0.1363026159006136,0.00042366475479931363,0.091796875,0.06958430163800161,0.48303971830020903
primary,uniform_3bar,4.7,1209433192001.4988,2.4805007997467644e-07,3.3756066923442347e-07,2.1073278852410118,153.28022283963043,0.0021790010523951605,0.13706781154584716,0.0004255044993629003,0.091796875,0.0692688186744239,0.4825476953188946
primary,uniform_3bar,4.8,1214412389381.9753,2.470330528764389e-07,3.3756066923442347e-07,2.0767880177043914,154.23343455573428,0.0021474902959478038,0.13780274051315786,0.000427256287640765,0.091796875,0.06897028165328493,0.48206071355416796
primary,uniform_3bar,4.9,1219157646222.2212,2.460715404030019e-07,3.3756066923442347e-07,2.0466784105339495,155.15068309897376,0.0021164215298251476,0.13850876086576025,0.0004289257706262747,0.09375,0.0701804375266384,0.4815804401360856
primary,uniform_3bar,5.0,1223679767952.4756,2.451621803815352e-07,3.3756066923442347e-07,2.0169933502008925,156.033461846811,0.002085788940702149,0.13918715824036032,0.00043051674990120736,0.09375,0.06990637051633775,0.48110657481635777
primary,uniform_3bar,5.1,1227985134391.163,2.4430263168351826e-07,3.3756066923442347e-07,1.9877271892944504,156.88319264607304,0.0020555867808913146,0.13983915052336995,0.00043203147002232107,0.09375,0.06964664846086985,0.4806372117210306
primary,uniform_3bar,5.2,1232706905597.3984,2.433668527674979e-07,3.3756066923442347e-07,1.9588743460316964,157.70122989451406,0.0020258093679077216,0.14046589216735003,0.00043369269025879436,0.095703125,0.07084185653061044,0.4801132264466512
primary,uniform_3bar,5.3,1237425582480.3098,2.424388215723459e-07,3.3756066923442347e-07,1.9304293037627198,158.48886434500534,0.0019964510840275486,0.14106847817971427,0.00043535282184605114,0.095703125,0.07055690938520791,0.4795820279012032
primary,uniform_3bar,5.4,1241927976244.2346,2.4155990181269795e-07,3.3756066923442347e-07,1.902386610471459,159.24732665427447,0.001967506375840459,0.14164794781250636,0.0004369368603999154,0.09765625,0.07175219608406697,0.4790602222753624
primary,uniform_3bar,5.5,1246226753181.7314,2.4072665687369686e-07,3.3756066923442347e-07,1.8747408782725337,159.9777906961533,0.0019389697537962258,0.14220528797920234,0.00043844926219338304,0.09765625,0.07148970437416814,0.4785486481482334
primary,uniform_3bar,5.6,1250322951239.84,2.399380093779093e-07,3.3756066923442347e-07,1.84748678290435,160.68137665752488,0.0019108357917459057,0.14274143642194256,0.0004398903923984524,0.09765625,0.07124059482389862,0.4780435119176384
primary,uniform_3bar,5.7,1254229381877.588,2.3919069696078915e-07,3.3756066923442347e-07,1.8206190632187949,161.3591539335672,0.0018830991264779258,0.14325728465033116,0.00044126475836079215,0.099609375,0.07245517837526315,0.47754617331572
primary,uniform_3bar,5.8,1257953618939.3555,2.3848256047225747e-07,3.3756066923442347e-07,1.7941325206677974,162.0121438374534,0.0018557544572494011,0.14375368067091573,0.00044257502472106434,0.099609375,0.07222557919414974,0.47705600341409937
primary,uniform_3bar,5.9,1261499433675.019,2.3781223517955573e-07,3.3756066923442347e-07,1.7680220187870401,162.64132213836862,0.001828796545313,0.1442314315246524,0.0004438225182857442,0.099609375,0.07200755665869812,0.47657098880547655
primary,uniform_3bar,6.0,1264882125276.6475,2.3717625066002556e-07,3.3756066923442347e-07,1.7422824826770886,163.2476214405234,0.0018022202134396748,0.1446913056480387,0.00044501262163826425,0.1015625,0.07323897924825813,0.4760940818036091
primary,uniform_3bar,6.1,1268101836693.6802,2.365740599999362e-07,3.3756066923442347e-07,1.7169088984822016,163.8319334147909,0.0017760203454375487,0.1451340350721551,0.0004461453850712988,0.1015625,0.07303781592210648,0.47562211280364775
primary,uniform_3bar,6.2,1271167693746.2883,2.3600348048168444e-07,3.3756066923442347e-07,1.6918963128670823,164.39511089361739,0.0017501918856672662,0.14556031747254702,0.0004472240192438316,0.103515625,0.07427854368683635,0.4751557975557672
primary,uniform_3bar,6.3,1274088838396.9062,2.354623876757827e-07,3.3756066923442347e-07,1.667239832491813,164.93796983898454,0.0017247298385540814,0.14597081808171125,0.00044825174049404037,0.103515625,0.07409283164161723,0.4746960003722139
primary,uniform_3bar,6.4,1276865864581.32,2.3495028594751334e-07,3.3756066923442347e-07,1.6429346234852211,165.46129119240888,0.0016996292680969698,0.14636617147490344,0.000449228757781255,0.103515625,0.07391635094901616,0.4742401993814534
primary,uniform_3bar,6.5,1279511756658.0264,2.3446443413976434e-07,3.3756066923442347e-07,1.618975910916899,165.96582261523557,0.001674885297375026,0.1467469832390316,0.0004501596392808805,0.10546875,0.07517075878957612,0.4737911113797673
primary,uniform_3bar,6.6,1282027104176.1428,2.340044130289946e-07,3.3756066923442347e-07,1.595358978268116,166.45228012683043,0.001650493108051416,0.1471138315335508,0.00045104459240892275,0.10546875,0.0750077279452522,0.47334647129833407
primary,uniform_3bar,6.7,1284417611506.2073,2.3356889325754172e-07,3.3756066923442347e-07,1.5720791669018321,166.9213496476678,0.0016264479398751337,0.14746726855149897,0.00045188562408510745,0.107421875,0.07626993078961922,0.47290623916995767
primary,uniform_3bar,6.8,1286693073930.0708,2.3315583652259901e-07,3.3756066923442347e-07,1.5491318755320294,167.37368845377048,0.001602745090180806,0.14780782188812186,0.0004526861804993752,0.107421875,0.07611929557548955,0.47247216165257605
primary,uniform_3bar,6.9,1288851642051.4346,2.3276534723771397e-07,3.3756066923442347e-07,1.5265125596925728,167.8099265484548,0.0015793799133867997,0.14813599582390038,0.00045344561099449964,0.107421875,0.07597612403006605,0.47204131266836197
primary,uniform_3bar,7.0,1290904685226.9666,2.323951593275487e-07,3.3756066923442347e-07,1.5042167312057808,168.23066795687816,0.0015563478204918355,0.14845227252822607,0.00045416791555365384,0.109375,0.07724966203288762,0.4716162845835369
primary,uniform_3bar,7.1,1292852410612.9382,2.3204504824937497e-07,3.3756066923442347e-07,1.4822399576509233,168.6364919484706,0.0015336442785703664,0.1487571131894508,0.00045485316705885093,0.109375,0.07711738193140057,0.47119518895824264
primary,uniform_3bar,7.2,1294699204899.8494,2.317140528584833e-07,3.3756066923442347e-07,1.4605778618328111,169.02795419194715,0.0015112648102669102,0.1490509590765672,0.0004555029088417583,0.111328125,0.07839757360950612,0.47077793906682885
primary,uniform_3bar,7.3,1296453401375.898,2.3140052676140654e-07,3.3756066923442347e-07,1.4392261212506674,169.40558784725116,0.0014892049932895628,0.14933423253735048,0.0004561200727316379,0.111328125,0.07827537935685885,0.47036614378727665
primary,uniform_3bar,7.4,1298112765145.1975,2.3110472992417123e-07,3.3756066923442347e-07,1.4181804675674543,169.76990459845462,0.0014674604599028936,0.14960733793740216,0.00045670387244425224,0.111328125,0.07815926850507761,0.46995717238974977
primary,uniform_3bar,7.5,1299687041371.2024,2.3082479893274343e-07,3.3756066923442347e-07,1.3974366860798195,170.12139563134963,0.0014460268964204181,0.1498706625441844,0.0004572577365368166,0.11328125,0.07944906015461317,0.4695533637927072
primary,uniform_3bar,7.6,1301175946633.5134,2.305606715034807e-07,3.3756066923442347e-07,1.376990615188821,170.4605325591937,0.0014249000426968346,0.15012457735980994,0.00045778156529596454,0.11328125,0.07934187761318903,0.46915303260290203
primary,uniform_3bar,7.7,1302582974963.0635,2.3031162372478183e-07,3.3756066923442347e-07,1.3568381458715977,170.78776829982368,0.001404075691620224,0.15036943790606078,0.00045827658799660987,0.115234375,0.0806374623224284,0.4687561043125184
primary,uniform_3bar,7.8,1303915197275.03,2.3007631219189028e-07,3.3756066923442347e-07,1.3369752211541202,171.10353790712296,0.0013835496886043736,0.15060558496483686,0.0004587452923381496,0.115234375,0.08053858369877699,0.46836402703333974
primary,uniform_3bar,7.9,1305169569429.1125,2.2985519048779343e-07,3.3756066923442347e-07,1.3173978355851828,171.40825935962033,0.001363317931081411,0.1508333452769966,0.0004591866073268299,0.115234375,0.08044475086722319,0.46797418536717506
primary,uniform_3bar,8.0,1306356422431.718,2.2964636208666913e-07,3.3756066923442347e-07,1.2981020347117618,171.70233430879912,0.0013433763679949057,0.1510530322023198,0.0004596041676319636,0.1171875,0.08174856448873158,0.46758947543793083
primary,uniform_3bar,8.1,1307472615738.5183,2.294503122962516e-07,3.3756066923442347e-07,1.279083914555879,171.98614878952307,0.0013237209992935988,0.1512649463431246,0.00045999686834279513,0.1171875,0.08166212498476773,0.4672073571300258
primary,uniform_3bar,8.2,1308523325056.0366,2.2926606981740482e-07,3.3756066923442347e-07,1.260339621093111,172.26007389481543,0.0013043478754259307,0.1514693761338778,0.0004603665303837274,0.119140625,0.08297106702568983,0.46682873297976735
primary,uniform_3bar,8.3,1309512350733.2886,2.2909291373388634e-07,3.3756066923442347e-07,1.2418653497328425,172.52446641707894,0.0012852530968354876,0.15166659839896754,0.00046071449079893625,0.119140625,0.08289152920013843,0.46645399498324625
primary,uniform_3bar,8.4,1310437609691.4724,2.2893115840183462e-07,3.3756066923442347e-07,1.2236573448004093,172.77966945770288,0.0012664328134575397,0.1518568788806487,0.00046104001671668583,0.12109375,0.08420540007849082,0.46608118592762215
primary,uniform_3bar,8.5,1311309553339.7266,2.2877893266005797e-07,3.3756066923442347e-07,1.2057118990212308,173.0260130068726,0.0012478832242167914,0.1520404727390249,0.00046134678516654876,0.12109375,0.08413231264663719,0.4657135013156579
primary,uniform_3bar,8.6,1312122254048.526,2.286372318389969e-07,3.3756066923442347e-07,1.1880253530070402,173.26381449527864,0.0012296005765264815,0.1522176250257996,0.00046163271068150606,0.12109375,0.08406316656435053,0.46534750674836867
primary,uniform_3bar,8.7,1312883271217.8713,2.2850470150458287e-07,3.3756066923442347e-07,1.1705940947443243,173.4933793193103,0.001211581165788962,0.15238857113340404,0.00046190045282037777,0.123046875,0.08538387554457946,0.4649853045928563
primary,uniform_3bar,8.8,1313592471402.8828,2.2838133327576685e-07,3.3756066923442347e-07,1.1534145590850706,173.71500134121436,0.0011938213348978788,0.15255353722099682,0.000462149964634397,0.123046875,0.08532051716308765,0.4646259023994368
primary,uniform_3bar,8.9,1314250976928.3123,2.2826690279596721e-07,3.3756066923442347e-07,1.1364832272399168,173.92896336560725,0.0011763174737420723,0.1527127406187267,0.0004623816409814483,0.125,0.08664566404020642,0.4642688570245943
primary,uniform_3bar,9.0,1314864801461.798,2.2816033988169402e-07,3.3756066923442347e-07,1.1197966262737964,174.13553759363782,0.0011590660187113108,0.1528663902115544,0.0004625975975986016,0.125,0.0865877306265135,0.4639157554297427
primary,uniform_3bar,9.1,1315429494459.1755,2.2806239427020125e-07,3.3756066923442347e-07,1.1033513286041603,174.3349860560165,0.0011420634522039594,0.153014686803838,0.0004627962686891024,0.125,0.08653313457625254,0.46356395319530175
primary,uniform_3bar,9.2,1315954615574.7358,2.2797138780426456e-07,3.3756066923442347e-07,1.0871439515018768,174.52756102604798,0.0011253063021367067,0.15315782346580603,0.00046298101754406945,0.126953125,0.08786432225629352,0.46321655136172474
primary,uniform_3bar,9.3,1316434882967.6729,2.2788821830951662e-07,3.3756066923442347e-07,1.0711711565948634,174.7135054137425,0.0011087911414564221,0.15329598586297127,0.00046314998589878594,0.126953125,0.08781461750490646,0.4628706302421369
primary,uniform_3bar,9.4,1316876035800.6304,2.2781187586696943e-07,3.3756066923442347e-07,1.0554296493745532,174.8930531420018,0.001092514587654268,0.15342935256945947,0.00046330519291358556,0.12890625,0.08914984230478229,0.46252779529382343
primary,uniform_3bar,9.5,1317278440432.7524,2.2774228347762525e-07,3.3756066923442347e-07,1.0399161787052467,175.06642950582355,0.0010764733022821339,0.15355809536616943,0.0004634467674814614,0.12890625,0.08910473465704957,0.4621874893121204
primary,uniform_3bar,9.6,1317642043543.527,2.2767943803099342e-07,3.3756066923442347e-07,1.0246275363364288,175.2338515154094,0.0010606639904714936,0.15368237952461916,0.00046357469084311564,0.130859375,0.09044387283180616,0.461849010730297
primary,uniform_3bar,9.7,1317972617688.8813,2.276223314305742e-07,3.3756066923442347e-07,1.0095605564181158,175.39552822400637,0.0010450834004547662,0.15380236407727624,0.00046369099390735393,0.130859375,0.09040308963753368,0.46151406380193044
primary,uniform_3bar,9.8,1318265219346.4219,2.2757180846259144e-07,3.3756066923442347e-07,0.9947121150192869,175.55166104126363,0.0010297283230892554,0.15391820207512055,0.00046379393743712304,0.130859375,0.09036498455948253,0.4611800008357528
primary,uniform_3bar,9.9,1318528868591.441,2.275263038574834e-07,3.3756066923442347e-07,0.9800791296494693,175.70244403284076,0.001014595591383751,0.15403004083313973,0.0004638866948880936,0.1328125,0.09170931323484083,0.4608499040391777
primary,uniform_3bar,10.0,1318757817134.37,2.2748680318869539e-07,3.3756066923442347e-07,0.9656585587835208,175.84806420695836,0.0009996820800278544,0.15413802216441175,0.00046396724388888443,0.1328125,0.09167512863385656,0.46052084274025784
primary,uniform_3bar,10.1,1318957734701.6274,2.274523224717777e-07,3.3756066923442347e-07,0.9514474013896681,175.98870178854648,0.000984984704924103,0.15424228260339212,0.00046403757917067777,0.134765625,0.09302306117113575,0.4601945765808821
primary,uniform_3bar,10.2,1319127928149.9097,2.27422976648484e-07,3.3756066923442347e-07,0.9374426964608517,176.12453048159372,0.0009705004227229615,0.15434295361897368,0.0004640974568708146,0.134765625,0.09299257303612746,0.45987028457025614
primary,uniform_3bar,10.3,1319268922105.5964,2.2739867131955944e-07,3.3756066923442347e-07,0.9236415225494149,176.255717720297,0.0009562262303607283,0.15444016181787434,0.0004641470615640911,0.13671875,0.09434401210089723,0.45954766369699024
primary,uniform_3bar,10.4,1319384869221.9143,2.2737868759774402e-07,3.3756066923442347e-07,0.9100409973051905,176.38242490954826,0.0009421591646004325,0.15453402913885425,0.0004641878542428498,0.13671875,0.09431701207333575,0.4592279171583226
primary,uniform_3bar,10.5,1319471371184.8442,2.2736378109561358e-07,3.3756066923442347e-07,0.896638277017015,176.5048076552552,0.0009282963015757605,0.15462467303822452,0.0004642182874860201,0.138671875,0.0956718658241902,0.4589087630817453
primary,uniform_3bar,10.6,1319537223861.057,2.273524343043384e-07,3.3756066923442347e-07,0.8834305561577158,176.6230159850015,0.0009146347563380756,0.15471220666711047,0.0004642414558678777,0.138671875,0.09564815996326918,0.4585933466715364
primary,uniform_3bar,10.7,1319575030637.9346,2.2734592049303038e-07,3.3756066923442347e-07,0.870415066932602,176.73719455953852,0.0009011716824065722,0.15479673904091434,0.0004642547571016906,0.138671875,0.09562654808591467,0.45827819010543414
primary,uniform_3bar,10.8,1319592902789.2092,2.2734284139138158e-07,3.3756066923442347e-07,0.8575890788314926,176.84748287546654,0.0008879042713216159,0.15487837520131756,0.0004642610449072766,0.140625,0.09698574935601376,0.4579661948132847
primary,uniform_3bar,10.9,1319586208343.6108,2.2734399473344763e-07,3.3756066923442347e-07,0.8449498981843114,176.95401545959157,0.000874829752201306,0.15495721637125165,0.0004642586896579403,0.140625,0.0969671486356411,0.45765504771786886
primary,uniform_3bar,11.0,1319559199074.5312,2.2734864810188438e-07,3.3756066923442347e-07,0.8324948677202761,177.05692205529343,0.0008619453913013084,0.15503336010315003,0.0004642491872186209,0.142578125,0.09832953000188543,0.45734609947775606
primary,uniform_3bar,11.1,1319511383804.0417,2.2735688655835988e-07,3.3756066923442347e-07,0.8202213661307056,177.15632780130963,0.0008492484915779887,0.15510690042083966,0.0004642323647824036,0.142578125,0.09831377997432492,0.4570387674956189
primary,uniform_3bar,11.2,1319442838406.38,2.273686978075832e-07,3.3756066923442347e-07,0.8081268076354715,177.25235340325196,0.0008367363922548871,0.15517792795536148,0.00046420824904347017,0.14453125,0.09967926754706712,0.45673271596224846
primary,uniform_3bar,11.3,1319357018128.6143,2.2738348746992092e-07,3.3756066923442347e-07,0.7962086415531101,177.34511529823314,0.0008244064683925634,0.15524653007504957,0.0004641780556317403,0.14453125,0.09966621857241231,0.4564290147538604
primary,uniform_3bar,11.4,1319250024984.737,2.2740192860975752e-07,3.3756066923442347e-07,0.7844643518746176,177.434725812871,0.0008122561304618432,0.15531279101011372,0.0004641404131522534,0.146484375,0.1010347424410089,0.45612571880690717
primary,uniform_3bar,11.5,1319129072300.118,2.274227793925433e-07,3.3756066923442347e-07,0.772891456840941,177.521293314969,0.0008002828239204935,0.15537679197199009,0.00046409785940736213,0.146484375,0.10102425492747699,0.4558254751687118
primary,uniform_3bar,11.6,1318987670885.934,2.2744716013796916e-07,3.3756066923442347e-07,0.7614875085241822,177.6049223591705,0.0007884840287933526,0.15543861126772,0.00046404811136145977,0.146484375,0.10101539553207999,0.4555252944237954
primary,uniform_3bar,11.7,1318833088124.1729,2.2747381962239176e-07,3.3756066923442347e-07,0.7502500924125273,177.68571382686912,0.000776857259255937,0.15549832440960284,0.00046399372583517495,0.1484375,0.10238768946602027,0.45522787438087053
primary,uniform_3bar,11.8,1318660454952.5388,2.2750359948482538e-07,3.3756066923442347e-07,0.7391768269989107,177.7637650606285,0.0007654000632215481,0.15555600422034502,0.0004639329897881114,0.1484375,0.10238118664616569,0.4549309157627816
primary,uniform_3bar,11.9,1318474106793.8933,2.275357539857221e-07,3.3756066923442347e-07,0.7282653633734238,177.83916999327212,0.0007541100219318943,0.1556117209338555,0.00046386742851488354,0.150390625,0.10375634077463615,0.454635932337804
primary,uniform_3bar,12.0,1318272585892.748,2.2757053678457317e-07,3.3756066923442347e-07,0.7175133848194738,177.91201927198904,0.0007429847495512477,0.15566554229197385,0.0004637965291458898,0.150390625,0.1037520785090131,0.4543420557823354
primary,uniform_3bar,12.1,1318056813842.5315,2.2760779114324359e-07,3.3756066923442347e-07,0.7069186064137037,177.98240037760615,0.0007320218927641519,0.15571753363726884,0.0004637206159174361,0.15234375,0.10513003634852316,0.4540494122771284
primary,uniform_3bar,12.2,1317828569692.4658,2.2764721216357398e-07,3.3756066923442347e-07,0.6964787746296701,178.0503977392249,0.0007212191303766901,0.15576775800208,0.00046364031473714073,0.15234375,0.10512790616790284,0.45375849481339264
primary,uniform_3bar,12.3,1317585538057.525,2.276892022071528e-07,3.3756066923442347e-07,0.6861916669452846,178.11609284448272,0.0007105741729213258,0.15581627619401808,0.00046355481100296273,0.154296875,0.10650861427099102,0.4534681101534996
primary,uniform_3bar,12.4,1317332567700.755,2.2773292588037493e-07,3.3756066923442347e-07,0.6760550914540217,178.17956434555202,0.0007000847622653293,0.15586314687802902,0.00046346581061358785,0.154296875,0.10650851491590403,0.45318004584386234
primary,uniform_3bar,12.5,1317064277452.1355,2.2777931581315896e-07,3.3756066923442347e-07,0.6660668864798898,178.24088816108812,0.0006897486712227924,0.15590842665519947,0.00046337142035815434,0.15625,0.10789192272540031,0.4528918551507125
primary,uniform_3bar,12.6,1316788423663.1155,2.2782703326434422e-07,3.3756066923442347e-07,0.656224920196164,178.30013757429376,0.0006795637031702413,0.15595217013844492,0.00046327436908721973,0.15625,0.10789375967197949,0.4526065551906912
primary,uniform_3bar,12.7,1316497430795.0198,2.2787739116120642e-07,3.3756066923442347e-07,0.6465270902478778,178.35738332731057,0.0006695276916658494,0.1559944300252548,0.0004631719915640327,0.15625,0.10789690811261493,0.45232080300820754
primary,uniform_3bar,12.8,1316199688535.9666,2.2792894012434814e-07,3.3756066923442347e-07,0.6369713233780702,178.4126937119818,0.0006596385000722571,0.15603525716754268,0.0004630672394605553,0.158203125,0.10928350440656177,0.45203790127441995
primary,uniform_3bar,12.9,1315888370867.1594,2.2798286438408335e-07,3.3756066923442347e-07,0.6275555750577798,178.46613465720398,0.0006498940211829945,0.1560747006387782,0.000462957711237182,0.158203125,0.10928844813335879,0.45175483157739604
primary,uniform_3bar,13.0,1315569643278.537,2.2803809857786671e-07,3.3756066923442347e-07,0.6182778291197821,178.51776981306276,0.0006402921768525134,0.15611280779855835,0.0004628455760453195,0.16015625,0.11067762160803118,0.4514739912008858
primary,uniform_3bar,13.1,1315239510502.1697,2.280953374685782e-07,3.3756066923442347e-07,0.6091360973960602,178.56766063172427,0.0006308309176298223,0.15614962435461036,0.0004627294282641436,0.16015625,0.11068428161107992,0.45119355243732084
primary,uniform_3bar,13.2,1314901319799.1562,2.2815400325693133e-07,3.3756066923442347e-07,0.6001284193589991,178.6158664454141,0.0006215082223957244,0.15618519442248363,0.000462610445531797,0.162109375,0.11207599178610989,0.4509147551508205
primary,uniform_3bar,13.3,1314553765496.3486,2.2821432479540017e-07,3.3756066923442347e-07,0.5912528617662947,178.6624445414063,0.0006123220980036552,0.15621956058288475,0.0004624881684845028,0.162109375,0.11208429433088854,0.4506369050071372
primary,uniform_3bar,13.4,1314197520215.809,2.2827618785244391e-07,3.3756066923442347e-07,0.5825075183095674,178.70745023427875,0.0006032705789241131,0.15625276393685472,0.00046236283376510797,0.1640625,0.11347850300869737,0.45036013891197474
primary,uniform_3bar,13.5,1313833830856.4873,2.28339378203125e-07,3.3756066923442347e-07,0.5738905092666633,178.75093693552674,0.000594351726892677,0.15628484415886687,0.00046223488005936767,0.1640625,0.11348837930530088,0.4500848400531101
primary,uniform_3bar,13.6,1313460834575.561,2.2840422196292108e-07,3.3756066923442347e-07,0.5653999811576363,178.79295622053903,0.0005855636305616065,0.1563158395478572,0.0004621036519792808,0.166015625,0.1148850504691011,0.44981009519195675
primary,uniform_3bar,13.7,1313082197800.7656,2.2847008397681368e-07,3.3756066923442347e-07,0.5570341064043931,178.8335578931889,0.0005769044051550122,0.15634578707638191,0.00046197043945264834,0.166015625,0.11489643636453198,0.44953731070278113
primary,uniform_3bar,13.8,1312693657163.8442,2.2853770821759628e-07,3.3756066923442347e-07,0.5487910829939857,178.87279004800973,0.00056837219212759,0.1563747224378877,0.000461833742535209,0.16796875,0.11629553608098822,0.44926457455886903
primary,uniform_3bar,13.9,1312301169410.2212,2.2860606009733802e-07,3.3756066923442347e-07,0.5406691341455396,178.91069913009474,0.0005599651588269068,0.15640268009220495,0.00046169565693757875,0.16796875,0.11630837177252823,0.44899426354643507
primary,uniform_3bar,14.0,1311898201522.4023,2.2867627964720335e-07,3.3756066923442347e-07,0.5326665079807966,178.94732999291074,0.0005516814981592275,0.15642969330941112,0.00046155388420428544,0.169921875,0.11770986809870321,0.44872351692763446
primary,uniform_3bar,14.1,1311492875043.996,2.287469537262534e-07,3.3756066923442347e-07,0.5247814771982593,178.98272595384188,0.0005435194282588722,0.15645579421193426,0.00046141128166830956,0.169921875,0.11772409786660039,0.44845563072239814
primary,uniform_3bar,14.2,1311076882210.631,2.288195330651887e-07,3.3756066923442347e-07,0.5170123387509163,179.01692884787636,0.0005354771921610874,0.156481013815208,0.0004612649264802181,0.169921875,0.11773937267752094,0.44818699928603006
primary,uniform_3bar,14.3,1310659283621.224,2.2889243890382342e-07,3.3756066923442347e-07,0.5093574135275318,179.04997907927932,0.0005275530574784208,0.15650538206676692,0.0004611180063527605,0.171875,0.11914353271876323,0.4479213237351105
primary,uniform_3bar,14.4,1310231828362.0208,2.289671136863187e-07,3.3756066923442347e-07,0.5018150460374773,179.0819156713888,0.0005197453160805809,0.15652892788388936,0.00046096761843776834,0.171875,0.11916012390676485,0.4476550213877622
primary,uniform_3bar,14.5,1309802215863.1304,2.2904221444022118e-07,3.3756066923442347e-07,0.49438360409909116,179.11277631467254,0.0005120522837777719,0.1565516791898931,0.0004608164715596528,0.173828125,0.12056659981710324,0.44739122950018173
primary,uniform_3bar,14.6,1309364127050.5596,2.2911884769271355e-07,3.3756066923442347e-07,0.4870614785315393,179.14259741301973,0.0005044723000074813,0.15657366294907007,0.0004606623425328473,0.173828125,0.1205844612706444,0.44712717812194136
primary,uniform_3bar,14.7,1308923355580.5583,2.291960019820552e-07,3.3756066923442347e-07,0.47984708285016053,179.17141412836762,0.0004970037275247069,0.1565949052003373,0.0004605072696897034,0.17578125,0.12199322776567588,0.4468652088035462
primary,uniform_3bar,14.8,1308475398421.0393,2.2927446733963463e-07,3.3756066923442347e-07,0.47273885296527407,179.19926042377452,0.0004896449520956064,0.1566154310896905,0.0004603496687670912,0.17578125,0.12201231661885625,0.44660331766180705
primary,uniform_3bar,14.9,1308024260084.6238,2.2935354423823243e-07,3.3756066923442347e-07,0.4657352468844256,179.22616910489955,0.00048239438219454774,0.15663526490143453,0.0004601909486383157,0.177734375,0.12342335000159535,0.4463430970613891
primary,uniform_3bar,15.0,1307567140986.8464,2.2943372511914312e-07,3.3756066923442347e-07,0.4588347444180532,179.2521718600514,0.0004752504487045464,0.15665443008831356,0.00046003012434960315,0.177734375,0.12344362643895765,0.44608326393696823
primary,uniform_3bar,15.1,1307106369791.3901,2.2951460335081912e-07,3.3756066923442347e-07,0.45203584688854637,179.2772992987996,0.00046821160462106573,0.15667294930053993,0.00045986801517471017,0.1796875,0.12485690452811604,0.44582470702317206
primary,uniform_3bar,15.2,1306640740857.7014,2.295963921981147e-07,3.3756066923442347e-07,0.44533707684267704,179.301580989189,0.00046127632475916275,0.15669084441375336,0.00045970419694346904,0.1796875,0.12487833160164734,0.4455668201215696
primary,uniform_3bar,15.3,1306171017085.3313,2.2967895939801058e-07,3.3756066923442347e-07,0.43873697776737985,179.3250454936815,0.00045444310546396,0.1567081365560059,0.00045953893806028055,0.181640625,0.1262938336626252,0.4453098329025376
primary,uniform_3bar,15.4,1305697480256.376,2.2976225698244778e-07,3.3756066923442347e-07,0.4322341138088553,179.347720403797,0.00044771046432441977,0.15672484613375381,0.0004593723376621213,0.181640625,0.12631637712008564,0.44505377326372714
primary,uniform_3bar,15.5,1305219434500.8025,2.2984640901760612e-07,3.3756066923442347e-07,0.4258270694949742,179.36963237354604,0.00044107693989040296,0.15674099285692691,0.00045920415092701,0.18359375,0.12773408379856893,0.444798255359133
primary,uniform_3bar,15.6,1304738545381.0303,2.299311237964456e-07,3.3756066923442347e-07,0.4195144494609556,179.39080715165628,0.00043454109139298626,0.15675659576307935,0.0004590349638354774,0.18359375,0.1277577119223551,0.4445438994817784
primary,uniform_3bar,15.7,1304252762275.6924,2.3001676414052796e-07,3.3756066923442347e-07,0.413294878178298,179.4112696126584,0.0004281014984680215,0.15677167324067212,0.00045886405493500844,0.185546875,0.12917760518042648,0.4442897467784204
primary,uniform_3bar,15.8,1303765033665.0295,2.301028116674263e-07,3.3756066923442347e-07,0.4071669996869335,179.43104378696535,0.0004217567608829089,0.1567862430515877,0.00045869246156409913,0.185546875,0.1292022886362459,0.4440369692117989
primary,uniform_3bar,15.9,1303272055326.898,2.3018985082493112e-07,3.3756066923442347e-07,0.4011294773305828,179.45015288981,0.00041550549826656493,0.15680032235277952,0.00045851902122663303,0.1875,0.13062435169092443,0.4437840763836514
primary,uniform_3bar,16.0,1302777960481.743,2.3027715320657222e-07,3.3756066923442347e-07,0.39518099349528585,179.468619349196,0.00040934634984256106,0.1568139277171716,0.0004583451880780839,0.1875,0.13065006338562132,0.44353275209908677
primary,uniform_3bar,16.1,1302278353298.9978,2.3036549693084028e-07,3.3756066923442347e-07,0.38932024935107845,179.48646483286933,0.00040327797416540785,0.15682707515381578,0.0004581694155711128,0.189453125,0.1320742741989787,0.44328104202783075
primary,uniform_3bar,16.2,1301778265337.8823,2.3045399357787992e-07,3.3756066923442347e-07,0.38354596459679413,179.50371027434872,0.0003972990488599645,0.15683978012733565,0.0004579934739160143,0.189453125,0.13210099559768093,0.4430310212561425
primary,uniform_3bar,16.3,1301272516159.4187,2.3054356122530068e-07,3.3756066923442347e-07,0.3778568772079599,179.52037589804732,0.0003914082703639449,0.15685205757668294,0.00045781554052340645,0.19140625,0.1335273374699646,0.4427804013497599
primary,uniform_3bar,16.4,1300766817595.3472,2.306331895478336e-07,3.3756066923442347e-07,0.37225174318776433,179.53648124351872,0.0003856043536735011,0.15686392193323143,0.00045763762493802575,0.19140625,0.13355504782049454,0.442531556737319
primary,uniform_3bar,16.5,1300255360539.8464,2.307239093984158e-07,3.3756066923442347e-07,0.3667293363210674,179.55204518885895,0.00037988603209185566,0.15687538713823332,0.0004574576833920307,0.193359375,0.13498350703965004,0.4422819305762425
primary,uniform_3bar,16.6,1299744421758.2654,2.3081460860910383e-07,3.3756066923442347e-07,0.3612884479314272,179.56708597329586,0.000374252056980959,0.1568864666596619,0.00045727792418590046,0.193359375,0.1350121855502275,0.44203414818921244
primary,uniform_3bar,16.7,1299227659757.229,2.309064140891654e-07,3.3756066923442347e-07,0.35592788664111824,179.5816212189929,0.0003687011975161495,0.15689717350846186,0.00045709611624645006,0.1953125,0.13644274943206067,0.44178542468252063
primary,uniform_3bar,16.8,1298711822358.9368,2.3099812817218375e-07,3.3756066923442347e-07,0.35064647813411076,179.59566795209747,0.00036323224044378696,0.15690752025422983,0.00045691463360204724,0.1953125,0.13647237706752402,0.44153859671737095
primary,uniform_3bar,16.9,1298190129479.498,2.3109095747036938e-07,3.3756066923442347e-07,0.3454430649219885,179.6092426230598,0.000357843989841838,0.15691751904034582,0.0004567310908739703,0.197265625,0.13790503390534428,0.4412906907774938
primary,uniform_3bar,17.0,1297669708473.6658,2.3118363481942064e-07,3.3756066923442347e-07,0.3403165061127741,179.62236112624808,0.00035253526688338525,0.1569271815985747,0.0004565479956182678,0.197265625,0.13793559328254895,0.4410447160622099
primary,uniform_3bar,17.1,1297143432066.323,2.3127743053218573e-07,3.3756066923442347e-07,0.335265677182638,179.63503881888633,0.0003473049096030374,0.1569365192631585,0.00045636284030690883,0.19921875,0.13937033229884196,0.44079754897780665
primary,uniform_3bar,17.2,1296618717896.9797,2.3137102361639354e-07,3.3756066923442347e-07,0.33028946975046125,179.64729053933712,0.0003421517726662105,0.15694554298441624,0.0004561782346243365,0.19921875,0.13940180758822585,0.4405523332032354
primary,uniform_3bar,17.3,1296088180581.6777,2.3146573242058386e-07,3.3756066923442347e-07,0.3253867913552278,179.65913062475454,0.0003370747271412605,0.1569542633418707,0.0004559915802343017,0.201171875,0.14083861888829793,0.4403058327730182
primary,uniform_3bar,17.4,1295559441000.455,2.3156019747602967e-07,3.3756066923442347e-07,0.32055656523621623,179.67057292812717,0.00033207266027443505,0.15696269055691758,0.00045580555832561804,0.201171875,0.14087099572123993,0.44006128851650894
primary,uniform_3bar,17.5,1295024942503.376,2.3165576982639309e-07,3.3756066923442347e-07,0.3157977301159664,179.68163083473513,0.00032714447526762373,0.15697083450505453,0.00045561751030699746,0.203125,0.14230987024877692,0.4398153890041028
primary,uniform_3bar,17.6,1294492452221.082,2.3175106157263557e-07,3.3756066923442347e-07,0.3111092399859922,179.69231727804032,0.00032228909105887785,0.15697870472768616,0.00045543016882134817,0.203125,0.1423431325602128,0.4395714476900792
primary,uniform_3bar,17.7,1293954243152.7427,2.3184745642090453e-07,3.3756066923442347e-07,0.3064900638952131,179.70264475503006,0.0003175054421056736,0.15698631044351868,0.000455240815344289,0.205078125,0.14378406512488517,0.43932607756486847
primary,uniform_3bar,17.8,1293418295273.7996,2.319435260009941e-07,3.3756066923442347e-07,0.30193918574107964,179.71262534103406,0.00031279247817089616,0.15699366055956085,0.00045505225740208723,0.205078125,0.14381819384011132,0.4390826935822596
primary,uniform_3bar,17.9,1292876627513.3853,2.3204070180849028e-07,3.3756066923442347e-07,0.2974556040633622,179.72227070403213,0.00030814916411151276,0.15700076368174312,0.0004548616870830813,0.205078125,0.1438530868593438,0.43883779637337395
primary,uniform_3bar,18.0,1292337374169.444,2.3213752538326394e-07,3.3756066923442347e-07,0.2930383318405799,179.7315921184715,0.00030357447966991515,0.15700762812517063,0.0004546719662075001,0.20703125,0.14529616856768726,0.43859487704252953
primary,uniform_3bar,18.1,1291792463577.613,2.3223544683729725e-07,3.3756066923442347e-07,0.2886863962890395,179.74060047861016,0.00029906741926790016,0.15701426192402151,0.00045448025499095007,0.20703125,0.14533192581705354,0.43835039421541405
primary,uniform_3bar,18.2,1291250122656.5156,2.3233298857916373e-07,3.3756066923442347e-07,0.284398838664459,179.74930631140342,0.0002946269918032652,0.15702067284110383,0.0004542894478395987,0.208984375,0.14677704060235472,0.4381078884063283
primary,uniform_3bar,18.3,1290702154419.382,2.3243162566421374e-07,3.3756066923442347e-07,0.28017471406614886,179.75771978894903,0.00029025222044899224,0.15702686837708305,0.00045409666087794565,0.208984375,0.14681365340162597,0.4378637607476175
primary,uniform_3bar,18.4,1290156942405.786,2.325298497720618e-07,3.3756066923442347e-07,0.2760130912437237,179.76585074050686,0.0002859421424549926,0.15703285577939186,0.0004539048436147631,0.2109375,0.1482607955554128,0.4376216289805993
primary,uniform_3bar,18.5,1289606087053.0383,2.3262917491770629e-07,3.3756066923442347e-07,0.27191305240631825,179.77370866410752,0.0002816958089523896,0.15703864205083315,0.0004537110409040038,0.2109375,0.1482982562573655,0.4373778026678774
primary,uniform_3bar,18.6,1289058205422.3262,2.3272804807267244e-07,3.3756066923442347e-07,0.2678736930342804,179.78130273776415,0.0002775122847603101,0.15704423395788702,0.00045351828441234467,0.212890625,0.14974742068991845,0.4371360103668478
primary,uniform_3bar,18.7,1288504642748.1245,2.3282803184950857e-07,3.3756066923442347e-07,0.2638941216933154,179.788641830302,0.00027339064819516143,0.15704963803873329,0.00045332352920791506,0.21484375,0.15119858522889104,0.4368924465929019
primary,uniform_3bar,18.8,1287954256276.2148,2.3292752715253418e-07,3.3756066923442347e-07,0.2599734598510548,179.79573451181764,0.0002693299908823663,0.15705486061099716,0.0004531298914594765,0.21484375,0.15123690482593738,0.4366509537990082
primary,uniform_3bar,18.9,1287398217690.8486,2.330281305951295e-07,3.3756066923442347e-07,0.2561108416960226,179.8025890637823,0.0002653294175705305,0.1570599077792308,0.0004529342651764727,0.216796875,0.15269010164987376,0.4364076466004427
primary,uniform_3bar,19.0,1286845414165.6008,2.331282349049843e-07,3.3756066923442347e-07,0.2523054139589752,179.80921348879997,0.00026138804594801903,0.15706478544213698,0.00045273977705690376,0.216796875,0.15272923825090462,0.4361663895091182
primary,uniform_3bar,19.1,1286287129605.3782,2.3322941907382484e-07,3.3756066923442347e-07,0.24855633573658537,179.81561552003384,0.0002575050064619123,0.1570694992995465,0.0004525433605918434,0.21875,0.15418445646991144,0.43592334194880883
primary,uniform_3bar,19.2,1285731974824.7686,2.3333012313152342e-07,3.3756066923442347e-07,0.2448627783174482,179.8218026303113,0.00025367944213932015,0.15707405485915593,0.00045234804525028137,0.21875,0.15422441263483633,0.43568225612809747
primary,uniform_3bar,19.3,1285171638693.818,2.3343185530059195e-07,3.3756066923442347e-07,0.24122392501037965,179.827782040919,0.0002499105084110253,0.15707845744303534,0.00045215090699870055,0.220703125,0.15568164455622185,0.43543946468618955
primary,uniform_3bar,19.4,1284614212288.8633,2.335331472516364e-07,3.3756066923442347e-07,0.23763897097498507,179.83356073009895,0.0002461973729374336,0.15708271219391318,0.0004519547924510425,0.220703125,0.1557224209501496,0.43519850012506583
primary,uniform_3bar,19.5,1284051970634.6235,2.336354032864647e-07,3.3756066923442347e-07,0.23410712305447023,179.8391454412558,0.00024253921543680458,0.15708682408124708,0.000451756983795558,0.22265625,0.15718166384420892,0.43495594835073786
primary,uniform_3bar,19.6,1283492380526.0635,2.3373726603428637e-07,3.3756066923442347e-07,0.2306275996106705,179.84454269088425,0.00023893522751573692,0.15709079790708622,0.00045156010801063163,0.22265625,0.15722325739585866,0.43471507528613373
primary,uniform_3bar,19.7,1282928369555.6155,2.3384002343319828e-07,3.3756066923442347e-07,0.2271996303612722,179.84975877622875,0.000235384612501885,0.15709463831173504,0.0004513616768718115,0.224609375,0.15868450899343914,0.43447275007537645
primary,uniform_3bar,19.8,1282366714947.1519,2.3394244134944146e-07,3.3756066923442347e-07,0.22382245621920166,179.85479978268106,0.0002318865852788811,0.1570983497792222,0.00045116407475160366,0.224609375,0.15872691732592656,0.4342319422320591
primary,uniform_3bar,19.9,1281801061750.1272,2.3404567912464535e-07,3.3756066923442347e-07,0.22049532913415706,179.85967159092803,0.00022844037212343854,0.15710193664258448,0.0004509650658423024,0.2265625,0.16019017579281067,0.4339898336046283
primary,uniform_3bar,20.0,1281237433801.694,2.3414863793812088e-07,3.3756066923442347e-07,0.21721751193625854,179.86437988385583,0.00022504521054461231,0.15710540308896911,0.0004507667694588303,0.2265625,0.16023339718156157,0.43374906797326895
primary,uniform_3bar,20.1,1280670257019.3044,2.342523365056005e-07,3.3756066923442347e-07,0.21398827818179067,179.86893015322002,0.00022170034912519075,0.1571087531645634,0.0004505672245195671,0.228515625,0.1616986610940892,0.43350716886744795
primary,uniform_3bar,20.2,1280104739469.3296,2.3435582319956544e-07,3.3756066923442347e-07,0.2108069120010145,179.87332770608901,0.00021840504736519588,0.15711199077935542,0.000450368263333803,0.228515625,0.16174269442725978,0.43326642550028155
primary,uniform_3bar,20.3,1279536149913.544,2.344599642771097e-07,3.3756066923442347e-07,0.20767270794802495,179.87757767106837,0.0002151585755274683,0.15711511971173261,0.0004501682213506016,0.23046875,0.1632099627491419,0.43302473158438737
primary,uniform_3bar,20.4,1278968869799.45,2.345639577975356e-07,3.3756066923442347e-07,0.20458497085262745,179.8816850043137,0.00021196021448531094,0.1571181436129236,0.00044996864005703176,0.23046875,0.1632548010895584,0.43278401564658836
primary,uniform_3bar,20.5,1278398920880.6318,2.3466853350700845e-07,3.3756066923442347e-07,0.20154301567421268,179.88565449533854,0.0002088092555721699,0.15712106601128784,0.00044976811982080206,0.232421875,0.16472407955067894,0.43254250290689433
primary,uniform_3bar,20.6,1277830006468.0232,2.3477301243630429e-07,3.3756066923442347e-07,0.19854616735760372,179.889490772624,0.00020570500043332786,0.15712389031645868,0.00044956796354601294,0.232421875,0.1647697153335808,0.43230182573227544
primary,uniform_3bar,20.7,1277258737327.576,2.3487801745454774e-07,3.3756066923442347e-07,0.1955937606908533,179.8931983090372,0.00020264676087958656,0.1571266198233446,0.0004493669788275389,0.234375,0.166241011176323,0.4320604690865459
primary,uniform_3bar,20.8,1276688254358.597,2.3498297174412308e-07,3.3756066923442347e-07,0.1926851401649668,179.8967814270633,0.0001996338587429153,0.15712925771599243,0.00044916627070102494,0.234375,0.16628744450323776,0.43181981945269055
primary,uniform_3bar,20.9,1276115754602.5957,2.350883914080546e-07,3.3756066923442347e-07,0.18981965983552865,179.90024430385728,0.00019666562573404195,0.15713180707131688,0.000448964853025643,0.236328125,0.16776075813583333,0.43157862117210366
primary,uniform_3bar,21.0,1275543763437.2275,2.351938119250298e-07,3.3756066923442347e-07,0.18699668318620907,179.9035909761209,0.00019374140330196454,0.15713427086270107,0.0004487636142833383,0.236328125,0.16780798958117257,0.4313379902523603
primary,uniform_3bar,21.1,1274970116903.2588,2.352996325346527e-07,3.3756066923442347e-07,0.18421558299412805,179.90682534480905,0.00019086054249535926,0.1571366519634704,0.00044856179314690687,0.23828125,0.16928332172132093,0.43109695473238313
primary,uniform_3bar,21.2,1274396672938.9033,2.3540551099224542e-07,3.3756066923442347e-07,0.18147574119705395,179.90995117967032,0.00018802240382586322,0.15713895315024395,0.0004483600432788038,0.23828125,0.16933135230333493,0.43085633596336526
primary,uniform_3bar,21.3,1273821958116.2983,2.3551171974114328e-07,3.3756066923442347e-07,0.17877654876241525,179.91297212362508,0.00018522635713320946,0.15714117710616568,0.0004481578462955506,0.240234375,0.1708087039602969,0.43061546960305846
primary,uniform_3bar,21.4,1273247112175.4573,2.3561804863426944e-07,3.3756066923442347e-07,0.17611740555810143,179.91589169698565,0.0001824717814521912,0.15714332642401851,0.00044795560318209383,0.240234375,0.17085753511378582,0.4303748585635592
primary,uniform_3bar,21.5,1272671402594.247,2.357246335452121e-07,3.3756066923442347e-07,0.17349772022503326,179.91871330151955,0.00017975806488143448,0.157145403609223,0.0004477530562214586,0.2421875,0.17233690757140246,0.4301341696556488
primary,uniform_3bar,21.6,1272095201282.7007,2.358314060909112e-07,3.3756066923442347e-07,0.17091691005147902,179.92144022436005,0.00017708460445395655,0.15714741108272234,0.0004475503362595597,0.2421875,0.17238654112208285,0.42989356395613676
primary,uniform_3bar,21.7,1271518642951.1182,2.3593834165397534e-07,3.3756066923442347e-07,0.1683744008490953,179.9240756417645,0.0001744508060094879,0.1571493511837557,0.0004473474906903658,0.244140625,0.17386792538307455,0.4296530971605964
primary,uniform_3bar,21.8,1270941051911.371,2.3604556603851086e-07,3.3756066923442347e-07,0.1658696268306716,179.92662262272196,0.00017185608406853739,0.15715122617251925,0.00044714428179232213,0.244140625,0.1739183740631046,0.42941246176897696
primary,uniform_3bar,21.9,1270363745580.8577,2.3615283499989118e-07,3.3756066923442347e-07,0.1634020304895573,179.92908413241062,0.00016929986170817883,0.1571530382327172,0.0004469411730610844,0.24609375,0.17540176672516236,0.42917224521170594
primary,uniform_3bar,22.0,1269784767866.141,2.362605124836602e-07,3.3756066923442347e-07,0.16097106248074916,179.9314630355054,0.0001667815704395371,0.15715478947400152,0.0004467374763010881,0.24609375,0.17545303825917824,0.42893156517230807
primary,uniform_3bar,22.1,1269206775144.915,2.3636810476822952e-07,3.3756066923442347e-07,0.15857618150361993,179.93376209933402,0.00016430065008695398,0.1571564819342999,0.00044653412608289733,0.248046875,0.17693844090813057,0.428691612847634
primary,uniform_3bar,22.2,1268626445696.6572,2.3647623066477787e-07,3.3756066923442347e-07,0.15621685418626616,179.93598399688244,0.0001618565486688121,0.15715811758203277,0.0004463299537540911,0.248046875,0.1769905385843771,0.4284508907133347
primary,uniform_3bar,22.3,1268047824511.006,2.3658413681336364e-07,3.3756066923442347e-07,0.1538925549714555,179.93813130964543,0.00015944872227999677,0.1571596983182156,0.00044612638242865567,0.25,0.17847795301725747,0.4282112181603235
primary,uniform_3bar,22.4,1267466175244.3013,2.3669270696093776e-07,3.3756066923442347e-07,0.15160276600415346,179.94020653032362,0.0001570766349759756,0.15716122597844845,0.0004459217457594533,0.25,0.17853088043085605,0.4279704581665676
primary,uniform_3bar,22.5,1266886980103.4565,2.3680091808623796e-07,3.3756066923442347e-07,0.14934697702060828,179.94221206536218,0.00015473975865847435,0.15716270233478796,0.00044571797250428846,0.251953125,0.18002030864289698,0.42773108240213736
primary,uniform_3bar,22.6,1266304040148.1184,2.3690992880738916e-07,3.3756066923442347e-07,0.14712468523897623,179.9441502373315,0.00015243757296273108,0.15716412909750357,0.00044551288174318217,0.251953125,0.18007406967709588,0.42749029039867803
primary,uniform_3bar,22.7,1265724322389.7156,2.370184365530666e-07,3.3756066923442347e-07,0.14493539525146548,179.94602328714674,0.00015016956514630702,0.1571655079167144,0.0004453089246199675,0.25390625,0.18156551384938535,0.4272512298574686
primary,uniform_3bar,22.8,1265140139819.9006,2.371278805861828e-07,3.3756066923442347e-07,0.14277861891798088,179.9478333761258,0.00014793522997943534,0.15716684038390707,0.0004451033966804752,0.25390625,0.1816201095704751,0.42701042298731284
primary,uniform_3bar,22.9,1264559926330.808,2.3723668111994257e-07,3.3756066923442347e-07,0.14065387526124895,179.9495825878859,0.000145734069636888,0.15716812803333463,0.0004448992651485868,0.255859375,0.18311357514567922,0.4267716877272568
primary,uniform_3bar,23.0,1263975261780.8772,2.373464173478484e-07,3.3756066923442347e-07,0.13856069036340513,179.951272930078,0.00014356559359134162,0.15716937234329587,0.0004446935676381672,0.2578125,0.1846091613676285,0.42653120904170794
primary,uniform_3bar,23.1,1263393861798.669,2.3745564156287407e-07,3.3756066923442347e-07,0.13649859726402444,179.95290633596323,0.0001414293185082239,0.15717057473729815,0.0004444890186725896,0.2578125,0.1846644994575923,0.4262924860254146
primary,uniform_3bar,23.2,1262808799204.3013,2.3756565537794059e-07,3.3756066923442347e-07,0.13446713585957587,179.95448466583414,0.00013932476814202023,0.1571717365851059,0.0004442831811216122,0.259765625,0.1861621124595945,0.4260523752113403
primary,uniform_3bar,23.3,1262226193963.0842,2.3767530846279836e-07,3.3756066923442347e-07,0.13246585280428277,179.95600970828764,0.00013725147323402298,0.1571728592036797,0.00044407820812010225,0.259765625,0.18621829410150062,0.42581365748623795
primary,uniform_3bar,23.4,1261640774986.6345,2.3778559313222744e-07,3.3756066923442347e-07,0.1304943014123712,179.95748318135867,0.00013520897141150483,0.15717394385801295,0.00044387224518627585,0.26171875,0.1877179366359716,0.4255739374443352
primary,uniform_3bar,23.5,1261056983650.777,2.3789567314515472e-07,3.3756066923442347e-07,0.12855204156168798,179.9589067335251,0.0001331968070882977,0.15717499176187316,0.0004436668548912688,0.26171875,0.18777496675938907,0.42533523748193924
primary,uniform_3bar,23.6,1260471247693.1743,2.380062223148992e-07,3.3756066923442347e-07,0.12663863959867,179.96028194460033,0.0001312145313667587,0.15717600407846097,0.00044346078043668393,0.263671875,0.1892766417170235,0.4250959323331081
primary,uniform_3bar,23.7,1259886287678.9722,2.3811672762362986e-07,3.3756066923442347e-07,0.12475366824464802,179.96161032652952,0.00012926170194110602,0.15717698192099785,0.0004432549789756057,0.263671875,0.18933452545511945,0.4248572639495154
primary,uniform_3bar,23.8,1259300272043.1343,2.3822753529090337e-07,3.3756066923442347e-07,0.12289670650346676,179.96289332411254,0.0001273378830021064,0.15717792635325975,0.0004430488061242278,0.265625,0.1908382358552573,0.42461839900343956
primary,uniform_3bar,23.9,1258714159165.5354,2.3833846454772942e-07,3.3756066923442347e-07,0.12106733957040453,179.96413231567655,0.00012544264514309676,0.15717883839007357,0.00044284259906111575,0.265625,0.19089697853181342,0.42437977732623816
primary,uniform_3bar,24.0,1258127899208.6091,2.384495250353376e-07,3.3756066923442347e-07,0.11926515874237469,179.96532861372702,0.0001235755652673227,0.15717971899779798,0.00044263634025234626,0.267578125,0.1924027275131775,0.4241413790539679
primary,uniform_3bar,24.1,1257540756666.1655,2.385608565048201e-07,3.3756066923442347e-07,0.11748976132939301,179.9664834656073,0.00012173622649657699,0.1571805690948098,0.00044242977093108957,0.267578125,0.19246231797134897,0.42390287035823493
primary,uniform_3bar,24.2,1256954177092.794,2.38672185086229e-07,3.3756066923442347e-07,0.11574075056729274,179.9675980541992,0.00011992421808112004,0.15718138955202127,0.00044222339967440945,0.26953125,0.19397012544204065,0.42366491650340493
primary,uniform_3bar,24.3,1256366030319.3296,2.387839154834115e-07,3.3756066923442347e-07,0.11401773553167244,179.9686734987002,0.00011813913531086696,0.157182181193453,0.000442016477043172,0.26953125,0.19403056712910532,0.42342654433279464
primary,uniform_3bar,24.4,1255779150588.8877,2.388955095004702e-07,3.3756066923442347e-07,0.11232033105305897,179.96971085551303,0.0001163805794278233,0.15718294479688982,0.0004418100001848061,0.271484375,0.19554043866156104,0.4231890577449897
primary,uniform_3bar,24.5,1255190012145.151,2.390076379649425e-07,3.3756066923442347e-07,0.11064815763327022,179.97071111928312,0.00011464815753975379,0.15718368109464573,0.0004416027286627282,0.271484375,0.19560173694238187,0.4229508415520673
primary,uniform_3bar,24.6,1254602861820.7952,2.391194928127395e-07,3.3756066923442347e-07,0.10900084136296137,179.9716752241203,0.00011294148253506762,0.15718439077446358,0.0004413961566036281,0.2734375,0.1971136764405532,0.42271385150780083
primary,uniform_3bar,24.7,1254012743148.3506,2.392320186849248e-07,3.3756066923442347e-07,0.10737801384033854,179.97260404503822,0.00011126017299890402,0.15718507448057586,0.0004411885402160973,0.2734375,0.1971758368209915,0.4224758119608657
primary,uniform_3bar,24.8,1253425350366.4424,2.393441299972864e-07,3.3756066923442347e-07,0.10577931209102528,179.97349839964238,0.00010960385313040272,0.15718573281494794,0.00044098188285523755,0.275390625,0.19868984827853572,0.4222393488246527
primary,uniform_3bar,24.9,1252834261888.4946,2.3945705280105177e-07,3.3756066923442347e-07,0.10420437848906483,179.9743590500936,0.00010797215266114264,0.15718636633872388,0.0004407739252693603,0.275390625,0.19875287639551903,0.42200150779260626
primary,uniform_3bar,25.0,1252246653464.2305,2.3956941643251855e-07,3.3756066923442347e-07,0.10265286067904435,179.97518670536934,0.00010636470677473433,0.157186975573892,0.0004405671920409014,0.27734375,0.2002689638883602,0.421765603006392
primary,uniform_3bar,25.1,1251655455645.9402,2.3968257290516053e-07,3.3756066923442347e-07,0.10112441149932554,179.9759820238372,0.0001047811560275503,0.1571875610051795,0.00044035919598674997,0.279296875,0.20178715478161882,0.4215283768347488
primary,uniform_3bar,25.2,1251066904874.5457,2.397953289557151e-07,3.3756066923442347e-07,0.09961868890636633,179.97674561615108,0.00010322114627057766,0.1571881230821849,0.00044015213122038826,0.279296875,0.20185101725997343,0.42129271526514034
primary,uniform_3bar,25.3,1250475561423.22,2.3990872693150206e-07,3.3756066923442347e-07,0.09813535590011963,179.97747804846838,0.00010168432857237898,0.15718866222174696,0.000439944083929416,0.28125,0.20337129017145447,0.42105610880679334
primary,uniform_3bar,25.4,1249886064687.3767,2.4002187757412627e-07,3.3756066923442347e-07,0.09667408045049403,179.97817984598205,0.00010017035914314556,0.15718917881054467,0.0004397366863525015,0.28125,0.20343602995030072,0.42082070981943864
primary,uniform_3bar,25.5,1249294574413.5789,2.4013551819099235e-07,3.3756066923442347e-07,0.09523453542486254,179.9788514967495,9.867889925982933e-05,0.1571896732079164,0.000439528587406239,0.283203125,0.2049583931280597,0.4205847456005474
primary,uniform_3bar,25.6,1248704139267.5342,2.4024906346188155e-07,3.3756066923442347e-07,0.09381639851660471,179.97949345579275,9.720961519233801e-05,0.15719014574887819,0.00043932085967651773,0.283203125,0.20502401620157082,0.42034963521416896
primary,uniform_3bar,25.7,1248112524890.9792,2.403629432580244e-07,3.3756066923442347e-07,0.0924193521746684,179.98010614943504,9.576217813078002e-05,0.1571905967473161,0.00043911271706824747,0.28515625,0.20654847396885762,0.4201143483352485
primary,uniform_3bar,25.8,1247521158223.0757,2.404768833157982e-07,3.3756066923442347e-07,0.09104308353413731,179.98068997983043,9.433626411374436e-05,0.15719102649932104,0.00043890466160918584,0.28515625,0.20661498642669893,0.41987955373995445
primary,uniform_3bar,25.9,1246929441518.8132,2.405909989859468e-07,3.3756066923442347e-07,0.08968728434779043,179.98124532963553,9.293155395760182e-05,0.15719143528662746,0.0004386964829998365,0.287109375,0.20814154316290465,0.41964498037120973
primary,uniform_3bar,26.0,1246337149607.9312,2.407053341019106e-07,3.3756066923442347e-07,0.08835165091863996,179.98177256676485,9.154773318681352e-05,0.15719182338011406,0.0004384881020204791,0.287109375,0.20820895118452798,0.4194105299307566
primary,uniform_3bar,26.1,1245745351466.2844,2.4081968248718717e-07,3.3756066923442347e-07,0.0870358840334346,179.98227204916813,9.018449196523347e-05,0.1571921910433206,0.00043827989475971377,0.2890625,0.20973761132123547,0.4191767073182092
primary,uniform_3bar,26.2,1245152140030.6228,2.4093441303696584e-07,3.3756066923442347e-07,0.08573968889711431,179.9827441295598,8.88415250283909e-05,0.1571925385359292,0.00043807119027184553,0.2890625,0.20980592117109192,0.418942630575265
primary,uniform_3bar,26.3,1244560386334.3245,2.410489706197441e-07,3.3756066923442347e-07,0.08446277506820436,179.98318916003404,8.751853161674002e-05,0.15719286611716168,0.0004378629986479057,0.291015625,0.21133667121899619,0.41870964647679965
primary,uniform_3bar,26.4,1243966154748.0752,2.4116411757260007e-07,3.3756066923442347e-07,0.08320485639513524,179.98360749649254,8.621521540986319e-05,0.15719317404903885,0.0004376539352492121,0.291015625,0.21140590721260102,0.41847592473396505
primary,uniform_3bar,26.5,1243374486005.02,2.4127887726239604e-07,3.3756066923442347e-07,0.08196565095347576,179.98399950281788,8.493128446161507e-05,0.15719346259945263,0.00043744577351364263,0.29296875,0.21293874775497684,0.4182438286870335
primary,uniform_3bar,26.6,1242779217745.6768,2.413944453820053e-07,3.3756066923442347e-07,0.080744880984067,179.98436555472543,8.366645113619445e-05,0.1571937320450014,0.00043723634539115223,0.29296875,0.21300892026008783,0.41801048376147787
primary,uniform_3bar,26.7,1242187653155.3772,2.4150940418538757e-07,3.3756066923442347e-07,0.0795422728320447,179.9847060432334,8.242043204513163e-05,0.15719398267354442,0.0004370282202987527,0.294921875,0.21454385538185652,0.4177793168300687
primary,uniform_3bar,26.8,1241592325355.3936,2.4162520488690035e-07,3.3756066923442347e-07,0.07835755688673735,179.9850213776962,8.119294798517802e-05,0.15719421478643478,0.0004368187712285899,0.296875,0.21608101150362058,0.41754683804381887
primary,uniform_3bar,26.9,1240999909846.0352,2.4174054939070827e-07,3.3756066923442347e-07,0.0771904675224287,179.98531198835508,7.998372387708647e-05,0.15719442870039682,0.00043661034676464145,0.296875,0.2161520052118198,0.4173161857075916
primary,uniform_3bar,27.0,1240404590449.9175,2.4185657027533613e-07,3.3756066923442347e-07,0.07604074303997209,179.9855783283678,7.879248870526941e-05,0.15719462474902032,0.0004364009006511386,0.298828125,0.21769128909266236,0.4170846389461099
primary,uniform_3bar,27.1,1239811277020.3687,2.4197231107704417e-07,3.3756066923442347e-07,0.07490812560924492,179.98582087529138,7.761897545832294e-05,0.15719480328385213,0.00043619216027963637,0.298828125,0.21776320847510525,0.41685451249148875
primary,uniform_3bar,27.2,1239215982665.6094,2.420885496930781e-07,3.3756066923442347e-07,0.0737923612124322,179.9860401320006,7.64629210704054e-05,0.15719496467507216,0.00043598272297621976,0.30078125,0.2193046248104088,0.4166239410823616
primary,uniform_3bar,27.3,1238621774550.5212,2.422046876326438e-07,3.3756066923442347e-07,0.07269319958812649,179.98623662703818,7.532406636345756e-05,0.15719510931175146,0.00043577366783518334,0.30078125,0.21937747651890346,0.41639437675968566
primary,uniform_3bar,27.4,1238026649617.837,2.4232111650634194e-07,3.3756066923442347e-07,0.07161039417623433,179.98641091440234,7.420215599025403e-05,0.15719523760169576,0.00043556429013808114,0.302734375,0.22092100713763724,0.41616488575188526
primary,uniform_3bar,27.5,1237431421278.6587,2.424376776290398e-07,3.3756066923442347e-07,0.07054370206367681,179.98656357279003,7.309693837827366e-05,0.15719534997088877,0.0004353548760603598,0.302734375,0.22099482080679966,0.41593586053415754
primary,uniform_3bar,27.6,1236836482280.0483,2.4255429419979953e-07,3.3756066923442347e-07,0.06949288393087383,179.98669520432236,7.200816567437777e-05,0.157195446862554,0.0004351455637788469,0.3046875,0.22254046990668855,0.41570749637750287
primary,uniform_3bar,27.7,1236240235055.61,2.4267127981520925e-07,3.3756066923442347e-07,0.06845770399900071,179.98680643279036,7.093559369028484e-05,0.15719552873586357,0.0004349357912354697,0.3046875,0.22261525291841594,0.4154790483203561
primary,uniform_3bar,27.8,1235645497397.4844,2.4278808172073604e-07,3.3756066923442347e-07,0.06743792997800695,179.9868979014676,6.987898184883119e-05,0.15719559606432848,0.0004347265497898514,0.306640625,0.22416302482590905,0.41525185844545737
primary,uniform_3bar,27.9,1235048232778.859,2.429054931117952e-07,3.3756066923442347e-07,0.06643333301538605,179.98697027054055,6.883809313100614e-05,0.15719564933390706,0.00043451641930540943,0.306640625,0.22423878454891957,0.41502402714736975
primary,uniform_3bar,28.0,1234453711283.0596,2.430224780872405e-07,3.3756066923442347e-07,0.06544368764568577,179.98702421421794,6.781269402375095e-05,0.15719568904087755,0.00043430725391032727,0.30859375,0.22578868363085405,0.4147980602214433
primary,uniform_3bar,28.1,1233855430431.479,2.4314031660507425e-07,3.3756066923442347e-07,0.06446877174074903,179.9870604175797,6.680255446851119e-05,0.15719571568951876,0.0004340967658933671,0.30859375,0.2258654275081081,0.41457088660825026
primary,uniform_3bar,28.2,1233261139358.2336,2.4325748247943213e-07,3.3756066923442347e-07,0.06350836646067475,179.98707957323194,6.580744781053197e-05,0.15719572978964796,0.0004338876815658743,0.310546875,0.22741745817134787,0.4143461925559319
primary,uniform_3bar,28.3,1232662939532.2727,2.4337553306651156e-07,3.3756066923442347e-07,0.06256225620548855,179.98708237783353,6.482715074888532e-05,0.15719573185406446,0.0004336772220554624,0.3125,0.22897181711711245,0.4141202400193863
primary,uniform_3bar,28.4,1232067796195.3496,2.4349309423264376e-07,3.3756066923442347e-07,0.06163022856751381,179.98706952856068,6.386144328722007e-05,0.15719572239594717,0.0004334678378833549,0.3125,0.22904936040950266,0.41389634892396093
primary,uniform_3bar,28.5,1231469850345.5952,2.4361132342445015e-07,3.3756066923442347e-07,0.06071207428443247,179.98704171957112,6.291010868522356e-05,0.15719570192625232,0.0004332574677272119,0.314453125,0.23060586276333894,0.413671744991679
primary,uniform_3bar,28.6,1230873695562.9507,2.4372931282993455e-07,3.3756066923442347e-07,0.059807587193026715,179.98699963852997,6.197293341078563e-05,0.1571956709511562,0.00043304772770683743,0.314453125,0.23068440241688035,0.4134486254643201
primary,uniform_3bar,28.7,1230276016525.726,2.4384771869908814e-07,3.3756066923442347e-07,0.058916564183591355,179.98694396325087,6.104970709285495e-05,0.157195629969583,0.00043283745142105667,0.31640625,0.23224305270460543,0.41322542323868056
primary,uniform_3bar,28.8,1229678850474.0781,2.4396613789392326e-07,3.3756066923442347e-07,0.05803880515500765,179.9868753585029,6.0140222474977666e-05,0.1571955794708545,0.00043262735561458855,0.31640625,0.23232259637075822,0.4130031210180981
primary,uniform_3bar,28.9,1229081450618.1567,2.4408471859136544e-07,3.3756066923442347e-07,0.0571741129704694,179.98679447302675,5.92442753695094e-05,0.1571955199324937,0.0004324171775507695,0.318359375,0.23388339915372122,0.41278137493061107
primary,uniform_3bar,29.0,1228483273237.1392,2.44203569178015e-07,3.3756066923442347e-07,0.05632229341385177,179.98670193679644,5.8361664612490516e-05,0.15719545181820962,0.0004322067259369695,0.318359375,0.2339639545495422,0.4125599371666811
primary,uniform_3bar,29.1,1227886164492.3064,2.443223229280712e-07,3.3756066923442347e-07,0.05548315514671417,179.98659835855614,5.74921920191758e-05,0.15719537557608404,0.00043199665029226614,0.3203125,0.2355269144222637,0.41233970299740136
primary,uniform_3bar,29.2,1227286975508.6213,2.444416065571557e-07,3.3756066923442347e-07,0.054656509665927784,179.9864843236541,5.663566234020896e-05,0.15719529163697726,0.0004317858427749822,0.3203125,0.23560848932743209,0.41211917826939776
primary,uniform_3bar,29.3,1226690169394.7532,2.4456053165243796e-07,3.3756066923442347e-07,0.05384217126191938,179.98636039218903,5.579188321843328e-05,0.1571952004131637,0.0004315758736023336,0.322265625,0.23717361091489864,0.4119005131662235
primary,uniform_3bar,29.4,1226090048334.763,2.4468023405576986e-07,3.3756066923442347e-07,0.053039956977522264,179.9862270974759,5.496066514632896e-05,0.1571951022972027,0.0004313647381606433,0.322265625,0.23725619769030126,0.4116809898820148
primary,uniform_3bar,29.5,1225493476002.8635,2.4479934481454476e-07,3.3756066923442347e-07,0.052249686567426026,179.9860849448336,5.414182142406884e-05,0.15719499766104622,0.00043115485123749824,0.32421875,0.23882350112319756,0.41146391399907245
primary,uniform_3bar,29.6,1224893153480.393,2.449193214506788e-07,3.3756066923442347e-07,0.05147118245821645,179.98593441068894,5.333516811818321e-05,0.15719488685537925,0.0004309436449169926,0.326171875,0.24039317503542706,0.41124579525963034
primary,uniform_3bar,29.7,1224296094477.7678,2.4503876256173725e-07,3.3756066923442347e-07,0.05070426970899733,179.98577594198775,5.254052402082563e-05,0.15719477020918637,0.00043073358677266327,0.326171875,0.24047659761915188,0.41103001693069413
primary,uniform_3bar,29.8,1223696104045.7756,2.4515890751645125e-07,3.3756066923442347e-07,0.049948775972585895,179.98560995589744,5.1757710609630884e-05,0.157194648029533,0.00043052249728870015,0.328125,0.24204845023792126,0.41081361431534785
primary,uniform_3bar,29.9,1223098034515.6663,2.4527878512926953e-07,3.3756066923442347e-07,0.04920453145727349,179.98543683978323,5.09865520081568e-05,0.15719452060154757,0.0004303120836191594,0.328125,0.24213291304858256,0.4105989363071345
primary,uniform_3bar,30.0,1222498386374.9739,2.45399096917893e-07,3.3756066923442347e-07,0.04847136888914381,179.985256951436,5.022687494690166e-05,0.15719438818858958,0.00043010111456060656,0.330078125,0.24370694910611648,0.41038431185919244
primary,uniform_9bar,0.1,892533588291.0029,1.0083654125816078e-06,1.0126820077032704e-06,1.4662031071431658,8.59857698979132,0.0015170764403653145,0.008831747696650013,0.0003140124317423773,1.0,1.0,0.49998605056097695
primary,uniform_9bar,0.2,896006483901.1578,1.0044570169642687e-06,1.0126820077032704e-06,1.483007262260537,16.671206518877653,0.0015344369752153487,0.016982474792141176,0.00031523427079699514,1.0,1.0,0.4999519646799034
primary,uniform_9bar,0.3,899183968087.6329,1.0009075249796798e-06,1.0126820077032704e-06,1.4626653542727637,24.2604650604128,0.0015134214768002443,0.02452383969365565,0.0003163521777859394,1.0,1.0,0.4999007671717207
primary,uniform_9bar,0.4,902097114059.7118,9.976752901355885e-07,1.0126820077032704e-06,1.4412902640605738,31.404501063850994,0.0014913376307284741,0.0315178233642268,0.00031737708492973055,1.0,1.0,0.49983492161432297
primary,uniform_9bar,0.5,904772873387.4465,9.94724782840165e-07,1.0126820077032704e-06,1.4201644403082911,38.1375971732809,0.0014695103564304909,0.038018311028066326,0.0003183184743679344,1.0,1.0,0.4997565016243118
primary,uniform_9bar,0.6,907234738279.5424,9.920255056665244e-07,1.0126820077032704e-06,1.3993401964971228,44.490648799933055,0.0014479937416064421,0.044072373382381354,0.0003191846111627058,1.0,1.0,0.499667264584018
primary,uniform_9bar,0.7,909503277457.6188,9.895511344563994e-07,1.0126820077032704e-06,1.3788161141581987,50.49157322529043,0.0014267863607590912,0.049721311881421884,0.0003199827318308306,1.0,1.0,0.49956870794781183
primary,uniform_9bar,0.8,911596575354.6819,9.87278829618058e-07,1.0126820077032704e-06,1.3585881598211929,56.165660728892036,0.001405884085335518,0.055001517274681826,0.0003207191988631544,1.0,1.0,0.4994621139683356
primary,uniform_9bar,0.9,913530594518.3922,9.851886793944482e-07,1.0126820077032704e-06,1.338652210764645,61.535877110621605,0.0013852826932898845,0.05994517920194461,0.0003213996282258139,1.0,1.0,0.4993485855853836
primary,uniform_9bar,1.0,915319476449.0939,9.832632465021671e-07,1.0126820077032704e-06,1.3190041896976912,66.62312528487546,0.0013649780082755755,0.06458087614745739,0.0003220289952014985,1.0,1.0,0.49922907544679845
primary,uniform_9bar,1.1,916975792733.4612,9.814871964254835e-07,1.0126820077032704e-06,1.2996400718247905,71.44647226805482,0.001344965906981181,0.06893406864679522,0.0003226117227436458,1.0,1.0,0.49910440953956425
primary,uniform_9bar,1.2,918510755790.8068,9.798469907139305e-07,1.0126820077032704e-06,1.2805558847213778,76.0233467885786,0.0013252423190373605,0.0730275137662385,0.00032315175562150605,1.0,1.0,0.4989753065562081
primary,uniform_9bar,1.3,919934396605.0537,9.783306324031148e-07,1.0126820077032704e-06,1.2617477077909802,80.36971186429305,0.0013058032264902902,0.0768816151378283,0.0003236526229500571,1.0,1.0,0.49884239386154955
primary,uniform_9bar,1.4,921255715316.7037,9.769274535144712e-07,1.0126820077032704e-06,1.2432116716997519,84.5002159726486,0.0012866446632508479,0.08051471994632804,0.0003241174911714833,1.0,1.0,0.4987062207306799
primary,uniform_9bar,1.5,922482809384.8213,9.756279367419167e-07,1.0126820077032704e-06,1.2249439578123762,88.428325850872,0.001267762714544306,0.0839433720176899,0.0003245492091453066,1.0,1.0,0.49856726938259494
primary,uniform_9bar,1.6,923622983118.1184,9.744235650802364e-07,1.0126820077032704e-06,1.2069407976308915,92.16644348051432,0.0012491535163621657,0.08718252839834216,0.00032495034668376824,1.0,1.0,0.49842596422239654
primary,uniform_9bar,1.7,924682841656.7533,9.733066944201872e-07,1.0126820077032704e-06,1.1891984722366338,95.72600941254798,0.001230813254916351,0.09024574542634534,0.00032532322761663813,1.0,1.0,0.4982826796193915
primary,uniform_9bar,1.8,925668371917.8553,9.722704451220753e-07,1.0126820077032704e-06,1.1717133117353864,99.11759425955748,0.001212738166095878,0.09314533919395088,0.00032566995826958413,1.0,1.0,0.49813774648222187
primary,uniform_9bar,1.9,926585012564.511,9.713086093515245e-07,1.0126820077032704e-06,1.1544816947058116,102.35097990757099,0.001194924534926098,0.09589252442194249,0.00032599245208075976,1.0,1.0,0.49799145784059606
primary,uniform_9bar,2.0,927437714694.5472,9.704155715690472e-07,1.0126820077032704e-06,1.1375000476512571,105.43523177145742,0.0011773686950306288,0.09849753506055031,0.00032629245095241826,1.0,1.0,0.4978440736027622
primary,uniform_9bar,2.1,934054133176.9368,9.635415850459216e-07,1.0126820077032704e-06,1.1207648444550038,108.3787632264742,0.0011600670280960646,0.10096972936253927,0.0003286202486782814,0.25,0.24501417463520914,0.496577285565254
primary,uniform_9bar,2.2,949188397167.6959,9.481784677157135e-07,1.0126820077032704e-06,1.1042726058390233,111.18939318767664,0.001143015963339555,0.10331768171244773,0.00033394480688058847,0.236328125,0.22765627060543583,0.4939414963426086
primary,uniform_9bar,2.3,963506086987.7354,9.340885461489111e-07,1.0126820077032704e-06,1.0880198988263214,113.87439767335712,0.0011262119769793486,0.10554926311990771,0.00033898207680107666,0.23046875,0.21856822851944807,0.49147800392603946
primary,uniform_9bar,2.4,976958444015.4473,9.212264917849153e-07,1.0126820077032704e-06,1.0720033362069212,116.44055607404258,0.0011096515917083758,0.1076717119771771,0.0003437149041124016,0.23046875,0.21551749254478328,0.4891156251297723
primary,uniform_9bar,2.5,989566675728.4305,9.094889935915641e-07,1.0126820077032704e-06,1.0562195760075461,118.8941927512985,0.0010933313761709545,0.10969169642795475,0.0003481507500593828,0.23046875,0.2127283779823169,0.4868259902320665
primary,uniform_9bar,2.6,1001370212787.4413,8.987684959139493e-07,1.0126820077032704e-06,1.040665320965067,121.241214507895,0.0010772479444426989,0.11161536948570072,0.0003523034871929603,0.232421875,0.2119946622923704,0.48459436947009404
primary,uniform_9bar,2.7,1012412775129.0775,8.889654715046978e-07,1.0126820077032704e-06,1.025337318003753,123.48714440018715,0.0010613979555136911,0.11344841786646453,0.0003561884971231787,0.232421875,0.2096376869974733,0.48241155162666083
primary,uniform_9bar,2.8,1022739246679.2607,8.799896972001576e-07,1.0126820077032704e-06,1.0102323577163836,125.63715230325519,0.0010457781127749914,0.11519610535724845,0.00035982157097645565,0.234375,0.20925600445661893,0.4802717071062008
primary,uniform_9bar,2.9,1032391287424.777,8.717624906008097e-07,1.0126820077032704e-06,0.9953472738492664,127.69608258743743,0.0010303851635085528,0.11686331142055614,0.000363217365628374,0.236328125,0.2090178847252881,0.47816977800579563
primary,uniform_9bar,3.0,1041409718275.3591,8.642131758578721e-07,1.0126820077032704e-06,0.980678942791197,129.66847922034913,0.001015215898380589,0.11845456563497866,0.00036639024274923865,0.23828125,0.20891076442875384,0.4761024139442906
primary,uniform_9bar,3.1,1049832937004.8685,8.572792568002906e-07,1.0126820077032704e-06,0.9662242830664077,131.55860857002457,0.0010002671509384635,0.11997407848686224,0.0003693537114982588,0.240234375,0.20892347685170026,0.47406693049409815
primary,uniform_9bar,3.2,1057696912971.5461,8.509053859971052e-07,1.0126820077032704e-06,0.9519802548315378,133.37048015161866,0.0009855357971111486,0.12142576895658033,0.00037212042666601885,0.2421875,0.2090460953417626,0.47206111600025885
primary,uniform_9bar,3.3,1065035255662.2559,8.450424483275586e-07,1.0126820077032704e-06,0.9379438593766577,135.10786553124143,0.0009710187547133002,0.1228132892823177,0.0003747022127898116,0.244140625,0.20926978677502647,0.47008310553235
primary,uniform_9bar,3.4,1071879328769.0194,8.396467548577402e-07,1.0126820077032704e-06,0.9241121386303786,136.7743155756374,0.0009567129829530015,0.12414004723297413,0.0003771101042882061,0.24609375,0.20958667765372618,0.4681313048075023
primary,uniform_9bar,3.5,1078258387526.7095,8.346793406953267e-07,1.0126820077032704e-06,0.9104821746690771,138.3731762145165,0.0009426154819432133,0.12540922617790207,0.00037935439377938956,0.248046875,0.20998973428723952,0.4662043537938108
primary,uniform_9bar,3.6,1084199723962.448,8.30105357996911e-07,1.0126820077032704e-06,0.8970510892302583,139.90760286341748,0.0009287232922169758,0.12662380320385222,0.00038144468318301655,0.25,0.2104726572880227,0.4643011265453862
primary,uniform_9bar,3.7,1089729293697.5233,8.258931876064749e-07,1.0126820077032704e-06,0.8838160432300792,141.3805736385664,0.0009150334942463952,0.12778656549762665,0.0003833901042425475,0.25390625,0.21270025696994035,0.4624210070538128
primary,uniform_9bar,3.8,1094870477357.1929,8.220150406945187e-07,1.0126820077032704e-06,0.870774236285055,142.79490148034233,0.0009015432079654518,0.12890012518519992,0.0003851988827626906,0.255859375,0.21331852591043549,0.4605632878426015
primary,uniform_9bar,3.9,1099645469834.9336,8.184456033225853e-07,1.0126820077032704e-06,0.8579229062379654,144.15324528958914,0.0008882495922966607,0.12996693279471233,0.0003868788273823188,0.2578125,0.2140019274887453,0.4587279102529581
primary,uniform_9bar,4.0,1104075068937.1006,8.151619625524514e-07,1.0126820077032704e-06,0.8452593286879748,145.45812016954645,0.0008751498446816143,0.13098928949012295,0.00038843725521513423,0.259765625,0.21474625119332058,0.45691544533156614
primary,uniform_9bar,4.1,1108178744197.6118,8.121433520651529e-07,1.0126820077032704e-06,0.8327808165249838,146.71190685647193,0.000862241200615434,0.13196935820479005,0.00038988101606014797,0.26171875,0.21554767529941984,0.45512722179480114
primary,uniform_9bar,4.2,1111974735761.3186,8.093709066005091e-07,1.0126820077032704e-06,0.8204847194682177,147.91686041322328,0.0008495209331851511,0.13290917378886874,0.0003912165271909677,0.263671875,0.21640272242690217,0.45336544070462054
primary,uniform_9bar,4.3,1115480144826.5635,8.068274493042934e-07,1.0126820077032704e-06,0.8083684236090674,149.07511825251228,0.0008369863526120456,0.13381065227122632,0.0003924498051754265,0.265625,0.21730822103820963,0.4516332167854297
primary,uniform_9bar,4.4,1118711016367.7625,8.044973070186841e-07,1.0126820077032704e-06,0.7964293509581867,150.18870754956353,0.0008246348057979559,0.134675599324869,0.000393586494979159,0.267578125,0.21826127199257198,0.4499345126748784
primary,uniform_9bar,4.5,1121682414846.362,8.023661493554518e-07,1.0126820077032704e-06,0.7846649589968484,151.25955209806352,0.0008124636758755762,0.13550571801492217,0.00039463189660233735,0.26953125,0.21925921940927198,0.44827395167224926
primary,uniform_9bar,4.6,1124408493572.133,8.004208480681164e-07,1.0126820077032704e-06,0.7730727402325723,152.28947865780566,0.0008004703817627647,0.13630261589928355,0.0003955909894824603,0.271484375,0.22029962521130575,0.44665652160013886
primary,uniform_9bar,4.7,1126902558318.6914,7.986493538028488e-07,1.0126820077032704e-06,0.7616502217590151,153.28022283768834,0.0007886523777208634,0.13706781154434852,0.00039646845487565556,0.2734375,0.22138024682104224,0.4450872089971267
primary,uniform_9bar,4.8,1129177696164.973,7.970401851335452e-07,1.0126820077032704e-06,0.7503949648201307,154.23343455357266,0.0007770071529170493,0.13780274051149266,0.0003972688970965785,0.27734375,0.22411109999568704,0.44357090141072364
primary,uniform_9bar,4.9,1131245463055.8396,7.955833012305084e-07,1.0126820077032704e-06,0.7393045643785974,155.1506830966113,0.0007655322309907223,0.13850876086394331,0.00039799638177412513,0.279296875,0.22526294070325725,0.44211138244900183
primary,uniform_9bar,5.0,1133116636489.1594,7.942695138503602e-07,1.0126820077032704e-06,0.7283766486885054,156.03346184426286,0.000754225169623936,0.13918715823840366,0.000398654700662867,0.28125,0.22644953936887435,0.4407114388613977
primary,uniform_9bar,5.1,1134801670897.8142,7.930901258613344e-07,1.0126820077032704e-06,0.7176088788723067,156.8831926433623,0.0007430835601158793,0.1398391505212916,0.0003992475318561943,0.283203125,0.22766924348876727,0.43937294294845985
primary,uniform_9bar,5.2,1136612536076.884,7.918265648436603e-07,1.0126820077032704e-06,0.7069989485020138,157.701229891665,0.0007321050269614084,0.1404658921651688,0.0003998846330094698,0.28515625,0.228859672266988,0.43798024826468046
primary,uniform_9bar,5.3,1138365477320.5283,7.906072504222543e-07,1.0126820077032704e-06,0.6965445831846455,158.4888643421287,0.0007212872274336336,0.141068478177515,0.00040050135528170634,0.287109375,0.23005770078743593,0.43660877412676785
primary,uniform_9bar,5.4,1139943491462.0518,7.895128194869478e-07,1.0126820077032704e-06,0.6862435401519077,159.24732665138075,0.0007106278511705594,0.14164794781029705,0.000401056534453005,0.2890625,0.2312872136024274,0.43530600721914403
primary,uniform_9bar,5.5,1141350076089.3767,7.885398344070579e-07,1.0126820077032704e-06,0.6760936078541028,159.97779069324335,0.0007001246197657801,0.1422052879769835,0.0004015514010497048,0.291015625,0.23254793308430005,0.434071948605161
primary,uniform_9bar,5.6,1142592918405.8054,7.87682109264005e-07,1.0126820077032704e-06,0.6660926055582496,160.68137665459884,0.0006897752863632188,0.14274143641971426,0.0004019886595945639,0.294921875,0.23543197978383493,0.4329053638633984
primary,uniform_9bar,5.7,1143678119908.3904,7.869347015855219e-07,1.0126820077032704e-06,0.6562383829504093,161.35915393062274,0.0006795776352559168,0.14325728464809148,0.00040237045672492143,0.296875,0.23675050843036624,0.4318033147468238
primary,uniform_9bar,5.8,1144613162932.2222,7.862918487626139e-07,1.0126820077032704e-06,0.6465288197421991,162.01214383447893,0.0006695294814888596,0.14375368066865585,0.0004026994248865112,0.298828125,0.2380974519536361,0.4307629954871371
primary,uniform_9bar,5.9,1145405190885.91,7.857481414973316e-07,1.0126820077032704e-06,0.6369618252814787,162.64132213531784,0.0006596286704658351,0.14423143152233717,0.0004029780772834721,0.30078125,0.2394717773971776,0.42978159529301124
primary,uniform_9bar,6.0,1146061270705.3044,7.852983282875667e-07,1.0126820077032704e-06,0.6275353381671965,163.24762143723464,0.000649873077560315,0.14469130564554553,0.0004032089002151891,0.302734375,0.24087245760545903,0.42885626166457225
primary,uniform_9bar,6.1,1146588164464.699,7.849374587083565e-07,1.0126820077032704e-06,0.6182473258683763,163.8319334107217,0.0006402606077303503,0.1451340350690735,0.00040339427272422163,0.3046875,0.24229851701916602,0.4279842362506931
primary,uniform_9bar,6.2,1146993281118.776,7.846602197374173e-07,1.0126820077032704e-06,0.6090957843472274,164.39511088703432,0.0006307891951374689,0.14556031746756665,0.0004035368014395046,0.30859375,0.24533596442642364,0.4271633594128488
primary,uniform_9bar,6.3,1147282320533.024,7.844625371563842e-07,1.0126820077032704e-06,0.6000787376863627,164.9379698246149,0.0006214568027695648,0.1459708180708504,0.0004036384916957909,0.310546875,0.2468092862202344,0.42639078318925333
primary,uniform_9bar,6.4,1147460736364.6248,7.843405630168856e-07,1.0126820077032704e-06,0.5911942377200985,165.46129115496606,0.0006122614220677655,0.1463661714466296,0.0004037012622064779,0.3125,0.2483054879061557,0.4256640187551052
primary,uniform_9bar,6.5,1147534118691.461,7.842904061329999e-07,1.0126820077032704e-06,0.5824403636698234,165.96582251243652,0.0006032010725572613,0.14674698316147525,0.0004037270796806872,0.314453125,0.24982377506197598,0.4249808482745049
primary,uniform_9bar,6.6,1147507958610.4023,7.843082858352224e-07,1.0126820077032704e-06,0.5738152217834089,166.45227984697078,0.0005942738014820843,0.14711383132259323,0.0004037178760039007,0.31640625,0.25136335808452004,0.424339125093024
primary,uniform_9bar,6.7,1147387570076.5032,7.843905786254871e-07,1.0126820077032704e-06,0.5653169449786458,166.92134890862093,0.0005854776834438219,0.14746726799486873,0.00040367552073931515,0.3203125,0.2545100826718902,0.4237371803675866
primary,uniform_9bar,6.8,1147178502538.4302,7.845335298809352e-07,1.0126820077032704e-06,0.556943692490678,167.37368657366397,0.0005768108200442424,0.14780782047320726,0.000403601966301824,0.322265625,0.2560901037364841,0.4231733929156641
primary,uniform_9bar,6.9,1146884218383.178,7.847348368510786e-07,1.0126820077032704e-06,0.5486936495234147,167.80992194877848,0.0005682713395318211,0.14813599236498057,0.0004034984308333259,0.32421875,0.25768953409136547,0.42264560733972
primary,uniform_9bar,7.0,1146509167259.588,7.849915427638493e-07,1.0126820077032704e-06,0.5405650269048962,168.23065713444333,0.0005598573964521452,0.14845226439588363,0.00040336647981558126,0.326171875,0.2593077395892988,0.42215217205229577
primary,uniform_9bar,7.1,1146057400421.58,7.853009802728316e-07,1.0126820077032704e-06,0.5325560607465882,168.63646744350496,0.0005515671713021786,0.14875709478877452,0.00040320753856648496,0.328125,0.2609441590307736,0.4216916026895007
primary,uniform_9bar,7.2,1145533524674.338,7.856601143610003e-07,1.0126820077032704e-06,0.5246650121065807,169.02790075004754,0.0005433988701883675,0.14905091897496725,0.0004030232278587643,0.33203125,0.26418726019480215,0.421262787585641
primary,uniform_9bar,7.3,1144941489229.292,7.860663697372236e-07,1.0126820077032704e-06,0.5168901666566641,169.40547548905639,0.0005353507244885631,0.1493341482824063,0.0004028149371095809,0.333984375,0.2658588735360008,0.4208645435686993
primary,uniform_9bar,7.4,1144283959477.7751,7.865180600895072e-07,1.0126820077032704e-06,0.5092298343532602,169.76967665498043,0.0005274209905177455,0.1496071671173126,0.0004025836040606901,0.3359375,0.2675472184983307,0.42049517351723537
primary,uniform_9bar,7.5,1143564286282.8374,7.870130352928872e-07,1.0126820077032704e-06,0.5016823491121771,170.12094899475673,0.0005196079491975195,0.14987032804337977,0.0004023304076174784,0.337890625,0.2692518258262444,0.42015351013021346
primary,uniform_9bar,7.6,1142785656424.3882,7.875492617014204e-07,1.0126820077032704e-06,0.4942460684871648,170.45968652138023,0.0005119099057293662,0.15012394411254207,0.0004020564689573693,0.33984375,0.27097224946958454,0.41983845693559585
primary,uniform_9bar,7.7,1141952629923.2966,7.881237596172897e-07,1.0126820077032704e-06,0.4869193733522422,170.7862175731998,0.0005043251892716231,0.1503682778772519,0.00040176339239336625,0.34375,0.2743018157797762,0.41954974541860235
primary,uniform_9bar,7.8,1141066717114.5737,7.887356510369863e-07,1.0126820077032704e-06,0.4797006675877689,171.1007850046433,0.0004968521526201706,0.1506035267847685,0.0004014517092936731,0.345703125,0.2760533730696568,0.41928571222724337
primary,uniform_9bar,7.9,1140130587612.8516,7.893832599337371e-07,1.0126820077032704e-06,0.47258837777023227,171.40352178778608,0.0004894891718927993,0.15082980517178848,0.0004011223588858924,0.34765625,0.27781957970878984,0.4190453696886729
primary,uniform_9bar,8.0,1139146884545.244,7.900649268415344e-07,1.0126820077032704e-06,0.4655809528657239,171.69442334363328,0.00048223464621723646,0.15104712385109365,0.0004007762710787508,0.349609375,0.2796000575030786,0.41882785089392677
primary,uniform_9bar,8.1,1138119461753.6216,7.90778147852137e-07,1.0126820077032704e-06,0.4586768639270735,171.97331922260508,0.00047508699742280114,0.1512553692466506,0.00040041480173635594,0.353515625,0.2829936107569989,0.4186329625047881
primary,uniform_9bar,8.2,1137049995694.0708,7.915219237572995e-07,1.0126820077032704e-06,0.4518746037946143,172.23984811170374,0.0004680446697356677,0.1514542850373158,0.0004000385406718637,0.35546875,0.28480249832383686,0.4184594987713492
primary,uniform_9bar,8.3,1135940489287.2827,7.922950264451639e-07,1.0126820077032704e-06,0.4451726868005491,172.49344124829878,0.0004611061294777091,0.15164346007920929,0.00039964819255566966,0.357421875,0.2866245877214648,0.4183064483876912
primary,uniform_9bar,8.4,1134793342329.502,7.930959465733924e-07,1.0126820077032704e-06,0.4385696484768873,172.73331979780014,0.0004542698647688932,0.15182232671932172,0.0003992446016874892,0.359375,0.28845950146685534,0.4181730494397493
primary,uniform_9bar,8.5,1133612366351.6335,7.939221789689178e-07,1.0126820077032704e-06,0.4320640452669241,172.9585112700715,0.0004475343852332064,0.15199017324193403,0.00039882910904552615,0.36328125,0.2919123340740756,0.4180592803159103
primary,uniform_9bar,8.6,1132398915369.5645,7.94772926558553e-07,1.0126820077032704e-06,0.4256544542402311,173.16788841860296,0.00044089822170807714,0.1521461729685648,0.0003984021910015685,0.365234375,0.29377288069956775,0.4179638500499504
primary,uniform_9bar,8.7,1131154993788.2642,7.956469316250633e-07,1.0126820077032704e-06,0.4193394728111295,173.36023134114726,0.00043435992595727287,0.1522894305055832,0.00039796455274821287,0.3671875,0.2956450776911967,0.41788582369071353
primary,uniform_9bar,8.8,1129883138855.594,7.965425529861151e-07,1.0126820077032704e-06,0.4131177184606133,173.53431002234558,0.00042791807038724026,0.15241904305803458,0.000397517086943597,0.37109375,0.29913965833120093,0.41782447906837267
primary,uniform_9bar,8.9,1128587390910.913,7.974570753210222e-07,1.0126820077032704e-06,0.40698782846169557,173.68898092352444,0.0004215712477668653,0.1525341720463962,0.00039706121506563944,0.373046875,0.3010350706194057,0.4177799351777927
primary,uniform_9bar,9.0,1127268468419.6072,7.983901131039086e-07,1.0126820077032704e-06,0.40094845960814285,173.8232881661764,0.0004153180709506195,0.15263411801674734,0.0003965971898858502,0.375,0.3029407641720479,0.4177505029307738
primary,uniform_9bar,9.1,1125928679793.7407,7.993401501815118e-07,1.0126820077032704e-06,0.3949982879465714,173.93655807199715,0.00040915717260506875,0.15271839053655337,0.0003961258235530328,0.376953125,0.3048562688348983,0.4177354563422303
primary,uniform_9bar,9.2,1124571385150.2358,8.003049089496133e-07,1.0126820077032704e-06,0.3891360085118713,174.0284757930784,0.00040308720493871427,0.15278676476626848,0.00039564829822828394,0.380859375,0.3083995926533966,0.4177344972502024
primary,uniform_9bar,9.3,1123198825217.0166,8.012828893638741e-07,1.0126820077032704e-06,0.3833603350659306,174.09913461369962,0.00039710683943513755,0.15283931777609638,0.00039516540224767706,0.3828125,0.3103345665299042,0.41774700672244985
primary,uniform_9bar,9.4,1121812291368.0347,8.022732563417204e-07,1.0126820077032704e-06,0.3776699998396246,174.14905194886202,0.0003912147665894192,0.15287644022608537,0.00039467758994422576,0.384765625,0.31227786352404807,0.4177717403155893
primary,uniform_9bar,9.5,1120413739542.2017,8.032746906225354e-07,1.0126820077032704e-06,0.3720637532780431,174.17915047856155,0.0003854096956478037,0.15289882228391388,0.0003941855494591293,0.388671875,0.31585386770569956,0.41780818131455144
primary,uniform_9bar,9.6,1119007005067.458,8.042845093232858e-07,1.0126820077032704e-06,0.3665403637889235,174.19070742032812,0.00037969035435058313,0.15290741601533872,0.00039369063014289845,0.390625,0.3178138815156383,0.41785662705725557
primary,uniform_9bar,9.7,1117591675269.066,8.053030636464972e-07,1.0126820077032704e-06,0.36109861749425826,174.18527883584005,0.0003740554886781663,0.15290337934654846,0.0003931926868077221,0.392578125,0.3197809888734765,0.4179156759981808
primary,uniform_9bar,9.8,1116169465364.356,8.063291712663087e-07,1.0126820077032704e-06,0.355737317985045,174.16460845578604,0.00036850386260030716,0.15288800860121335,0.0003926923229037919,0.39453125,0.3217547689541699,0.4179848065125455
primary,uniform_9bar,9.9,1114742951472.1177,8.073610143140798e-07,1.0126820077032704e-06,0.350455286079151,174.13053146602627,0.0003630342578284634,0.15286266732042164,0.00039219044476487087,0.3984375,0.3253675626920107,0.41806453780329605
primary,uniform_9bar,10.0,1113312438800.938,8.083984051856277e-07,1.0126820077032704e-06,0.3452513595822586,174.08488305059151,0.0003576454735712536,0.1528287185976637,0.00039168715976987636,0.400390625,0.327355276903989,0.41815398621235433
primary,uniform_9bar,10.1,1111878146885.7273,8.094412166664312e-07,1.0126820077032704e-06,0.3401243930518613,174.02941955492756,0.0003523363262929853,0.15278746673894433,0.00039118254515589185,0.40234375,0.3293489278183547,0.41825271988652674
primary,uniform_9bar,10.2,1110442115640.894,8.104879915154902e-07,1.0126820077032704e-06,0.3350732575642804,173.9657574254947,0.00034710564947522464,0.15274011206335555,0.00039067731860849476,0.40625,0.3329873195726061,0.4183611253959476
primary,uniform_9bar,10.3,1109004630250.6895,8.115385413643907e-07,1.0126820077032704e-06,0.3300968404846698,173.89533216130638,0.0003419522933813763,0.15268772050483465,0.0003901715804616128,0.408203125,0.3349936859958001,0.41847902703384876
primary,uniform_9bar,10.4,1107565300183.919,8.125931715724109e-07,1.0126820077032704e-06,0.325194045239981,173.81937687167704,0.00033687512482424734,0.1526312077242282,0.0003896651933180074,0.41015625,0.3370055263085808,0.4186058431573517
primary,uniform_9bar,10.5,1106125427531.6377,8.13650945542754e-07,1.0126820077032704e-06,0.320363791094854,173.73891801326673,0.00033187302693656214,0.1525713359444896,0.0003891586152811988,0.4140625,0.3406682487031566,0.41874207476827113
primary,uniform_9bar,10.6,1104685496881.394,8.147115197409255e-07,1.0126820077032704e-06,0.31560501293040616,173.65478463632425,0.0003269448989444013,0.1525087207988047,0.0003886520168394649,0.416015625,0.3426922208866706,0.41888783585607003
primary,uniform_9bar,10.7,1103244595647.1606,8.157755800943327e-07,1.0126820077032704e-06,0.31091666102588816,173.56762699412457,0.00032208965594353496,0.15244384512525774,0.00038814507692549636,0.41796875,0.3447214863174403,0.41904253419795734
primary,uniform_9bar,10.8,1101803784002.981,8.168423571120763e-07,1.0126820077032704e-06,0.3062977008431745,173.47794052712408,0.00031730622867861863,0.15237707675460313,0.0003876381685312276,0.421875,0.34840796863723555,0.41920676312214455
primary,uniform_9bar,10.9,1100363546696.9136,8.179115008868046e-07,1.0126820077032704e-06,0.3017471128140623,173.38609182544488,0.0003125935633252276,0.15230868777341944,0.0003871314622014073,0.423828125,0.3504491319408133,0.419380676032386
primary,uniform_9bar,11.0,1098922613928.6484,8.189839653790542e-07,1.0126820077032704e-06,0.2972638921303437,173.29234399033467,0.00030795062127469394,0.15223887334852013,0.000386624511193091,0.42578125,0.3524955775465327,0.41956377385235605
primary,uniform_9bar,11.1,1097482406408.2562,8.200587041257825e-07,1.0126820077032704e-06,0.2928470485366251,173.19687967695293,0.0003033763789217224,0.1521677688363636,0.0003861178153425091,0.4296875,0.35620559976466365,0.41975667105619424
primary,uniform_9bar,11.2,1096042716891.6096,8.211358792223089e-07,1.0126820077032704e-06,0.2884956061258614,173.09982087794648,0.0002988698274547535,0.1520954644772853,0.00038561130173673906,0.431640625,0.3582638987851281,0.41995950923566616
primary,uniform_9bar,11.3,1094602707532.2346,8.222161281046312e-07,1.0126820077032704e-06,0.2842086031375773,173.00124512652974,0.0002944299726490455,0.15202201743399185,0.000385104675603447,0.43359375,0.3603274288834612,0.4201717406970917
primary,uniform_9bar,11.4,1093163754075.8955,8.232984277463661e-07,1.0126820077032704e-06,0.279985091758743,172.90119823469965,0.00029005583466244544,0.15194746125844014,0.0003845984209594573,0.4375,0.36406102164866005,0.4203943078615497
primary,uniform_9bar,11.5,1091725310194.4407,8.243831956590861e-07,1.0126820077032704e-06,0.2758241379272787,172.7997039476317,0.00028574644783382295,0.1518718130687657,0.0003840923455948254,0.439453125,0.3661364300062604,0.4206269010408198
primary,uniform_9bar,11.6,1090286575877.949,8.254710457892949e-07,1.0126820077032704e-06,0.27172482113815544,172.6967710205046,0.00028150086048413486,0.15179507881137522,0.00038358616804892725,0.44140625,0.36821712667400136,0.42086922781942343
primary,uniform_9bar,11.7,1088849580077.7482,8.265604510181621e-07,1.0126820077032704e-06,0.2676862342520636,172.59239824790083,0.0002773181347200939,0.15171725700147481,0.0003830806021502941,0.4453125,0.37197428327508925,0.4211224377047557
primary,uniform_9bar,11.8,1087412750666.9233,8.276526088626597e-07,1.0126820077032704e-06,0.2637074833066223,172.48657793601842,0.0002731973462404137,0.151638341305967,0.000382575094791007,0.447265625,0.3740668690810162,0.42138573828827336
primary,uniform_9bar,11.9,1085975999383.33,8.28747597102573e-07,1.0126820077032704e-06,0.2597876873300972,172.37929823505695,0.0002691375841445997,0.15155832227872335,0.00038206961491855305,0.451171875,0.37784102567633643,0.4216592483225636
primary,uniform_9bar,12.0,1084541269656.6472,8.298439397192595e-07,1.0126820077032704e-06,0.2559259781576017,172.27054466564866,0.0002651379507442599,0.15147718849633554,0.000381564846273116,0.453125,0.37994551240581426,0.42194394922149914
primary,uniform_9bar,12.1,1083106376715.9128,8.309433120769636e-07,1.0126820077032704e-06,0.25212150024974994,172.16030109325303,0.00026119756137690575,0.15139492728311044,0.00038106002020548004,0.455078125,0.382055350398091,0.4222389233406654
primary,uniform_9bar,12.2,1081672603798.5093,8.32044739636994e-07,1.0126820077032704e-06,0.2483734105137355,172.04855033546608,0.0002573155442222164,0.15131152516284918,0.0003805555881860394,0.458984375,0.3858530836260689,0.4225447534470614
primary,uniform_9bar,12.3,1080240090322.4899,8.331481196289597e-07,1.0126820077032704e-06,0.24468087812680642,171.93527453194,0.0002534910401207382,0.1512269681338925,0.0003800515992650511,0.4609375,0.3879748399574172,0.42286175548087307
primary,uniform_9bar,12.4,1078807674197.3021,8.342543546231762e-07,1.0126820077032704e-06,0.2410430843621097,171.82045536478915,0.00024972320239499235,0.15114124183282263,0.00037954764459417035,0.462890625,0.3901019171138476,0.42318927736244555
primary,uniform_9bar,12.5,1077377286179.5961,8.353619586611298e-07,1.0126820077032704e-06,0.2374592224168755,171.7040741871769,0.00024601119667296136,0.15105433162976684,0.00037904440345493763,0.466796875,0.3939232756879517,0.4235284850970817
primary,uniform_9bar,12.6,1075947474285.7427,8.364720597512962e-07,1.0126820077032704e-06,0.2339284972429163,171.58611209686725,0.00024235420071393036,0.1509662226826889,0.0003785413650084151,0.46875,0.3960622996784609,0.4238786776723723
primary,uniform_9bar,12.7,1074518438135.4521,8.375845104730975e-07,1.0126820077032704e-06,0.2304501253794114,171.4665499775578,0.00023875140423665342,0.15087689996766188,0.0003780385994850921,0.47265625,0.39990065875374026,0.42423998385712286
primary,uniform_9bar,12.8,1073091429237.6232,8.386983396553676e-07,1.0126820077032704e-06,0.22702333478795053,171.34536852178255,0.000235202008749819,0.15078634829539328,0.0003775365471926027,0.474609375,0.4020516245087815,0.42461326006011885
primary,uniform_9bar,12.9,1071664792760.6215,8.398148432977714e-07,1.0126820077032704e-06,0.2236473646898104,171.22254824351177,0.00023170522738478853,0.15069455232005824,0.0003770346259257365,0.4765625,0.4042079042925422,0.42499752574805116
primary,uniform_9bar,13.0,1070240066580.9653,8.409328225537084e-07,1.0126820077032704e-06,0.22032146540543487,171.09806948513105,0.00022826028473057946,0.15060149654393049,0.0003765333767423892,0.48046875,0.4080698569126096,0.42539386056327455
primary,uniform_9bar,13.1,1068816540509.7545,8.420528368421018e-07,1.0126820077032704e-06,0.2170448981960966,170.9719124214311,0.00022486641667106993,0.15050716531977307,0.00037603254978289574,0.482421875,0.4102380614231824,0.4258018058183965
primary,uniform_9bar,13.2,1067393836945.8784,8.431751888086215e-07,1.0126820077032704e-06,0.2138169351077084,170.8440570620614,0.00022152287022439456,0.15041154285207187,0.00037553201219909827,0.486328125,0.4141169793817558,0.4262213342363424
primary,uniform_9bar,13.3,1065973612114.2285,8.442985734092984e-07,1.0126820077032704e-06,0.21063685881676342,170.7144832532288,0.00021822890338450931,0.1503146131976947,0.0003750323466863849,0.48828125,0.4162970950191989,0.4266533635047716
primary,uniform_9bar,13.4,1064553906376.0112,8.454245431908743e-07,1.0126820077032704e-06,0.2075039624783749,170.58317067905674,0.0002149837849648975,0.15021636026628618,0.0003745328638018586,0.490234375,0.41848255496226905,0.42709689030897935
primary,uniform_9bar,13.5,1063136496283.1826,8.465516922299987e-07,1.0126820077032704e-06,0.2044175495763908,170.45009886281946,0.00021178679444439153,0.15011676782055797,0.0003740341885745458,0.494140625,0.4223849568704262,0.42755302093457437
primary,uniform_9bar,13.6,1061720464411.0298,8.476807504122648e-07,1.0126820077032704e-06,0.201376933775559,170.31524716816142,0.00020863722181508647,0.15001581947655684,0.00037353599823478415,0.49609375,0.42458226834363744,0.42802118241035275
primary,uniform_9bar,13.7,1060305730487.6232,8.488117852443367e-07,1.0126820077032704e-06,0.19838143877571587,170.178594800361,0.00020553436743231792,0.14991349870395468,0.0003730382645411895,0.5,0.428501566714613,0.428501566714613
primary,uniform_9bar,13.8,1058893543502.293,8.499437979603197e-07,1.0126820077032704e-06,0.19543039816797458,170.04012080766287,0.00020247754186668133,0.1498097888263783,0.0003725414269149579,0.501953125,0.4307107110370431,0.4289916431791451
primary,uniform_9bar,13.9,1057482046395.2094,8.510782788870591e-07,1.0126820077032704e-06,0.19252315529288824,169.8998040826984,0.000199466065758067,0.14970467302179397,0.00037204483200266856,0.50390625,0.43292521012218393,0.4294830488859365
primary,uniform_9bar,14.0,1056073644130.2866,8.522132949745008e-07,1.0126820077032704e-06,0.18965906310056327,169.75762336399944,0.00019649926967168642,0.1495981343229503,0.0003715493259221336,0.5078125,0.43686779926946173,0.4299748135009169
primary,uniform_9bar,14.1,1054666356847.9066,8.533504403135038e-07,1.0126820077032704e-06,0.18683748401269804,169.61355723761295,0.00019357649395606558,0.14949015561788512,0.0003710542121163368,0.509765625,0.4390940549416798,0.4304677466472558
primary,uniform_9bar,14.2,1053261271662.4359,8.544888378735004e-07,1.0126820077032704e-06,0.18405778978652368,169.4675841388186,0.00019069708860298102,0.14938071965049798,0.0003705598730553949,0.513671875,0.4430534337770941,0.4309614110100844
primary,uniform_9bar,14.3,1051858418616.0247,8.556284610852558e-07,1.0126820077032704e-06,0.18131936138062293,169.31968235395436,0.0001878604131093153,0.14926980902119238,0.0003700663193087799,0.515625,0.4452913916133632,0.4314557984297682
primary,uniform_9bar,14.4,1050456999575.7122,8.567699585642411e-07,1.0126820077032704e-06,0.1786215888226027,169.16983002235142,0.00018506583634080698,0.14915740618758794,0.0003695732700762225,0.51953125,0.44926747227056674,0.43195124113139827
primary,uniform_9bar,14.5,1049058745868.4092,8.579119172730231e-07,1.0126820077032704e-06,0.1759638710785982,169.01800513838174,0.00018231273639767332,0.149043493465306,0.0003690813344756097,0.521484375,0.45151709701346865,0.43244703185292305
primary,uniform_9bar,14.6,1047661559209.1167,8.590560492449614e-07,1.0126820077032704e-06,0.1733456159245837,168.86418555362133,0.00017960050048208007,0.14892805302883041,0.00036858977428534,0.5234375,0.4537720095000158,0.4329440387894756
primary,uniform_9bar,14.7,1046267858421.1606,8.602003710198249e-07,1.0126820077032704e-06,0.1707662398194695,168.70834897913136,0.0001769285247674385,0.14881106691244525,0.0003680994404992633,0.52734375,0.45777103092794086,0.4334412673688478
primary,uniform_9bar,14.8,1044875674240.8943,8.613464952697392e-07,1.0126820077032704e-06,0.16822516777995958,168.55047298786056,0.0001742962142695033,0.1486925170112523,0.000367609640288253,0.529296875,0.46003748638251546,0.43393953542014385
primary,uniform_9bar,14.9,1043486302254.2056,8.624933533442296e-07,1.0126820077032704e-06,0.16572183325714948,168.39053501717083,0.00017170298271925133,0.14857238508226975,0.00036712082946717205,0.533203125,0.4640530263887836,0.434438309560367
primary,uniform_9bar,15.0,1042099338053.0002,8.636412740473565e-07,1.0126820077032704e-06,0.1632556780148412,168.2285123714896,0.0001691482524375176,0.14845065274561475,0.0003666328657565916,0.53515625,0.46633095128946056,0.43493776053212463
primary,uniform_9bar,15.1,1040714650185.5043,8.647903628910938e-07,1.0126820077032704e-06,0.16082615200955358,168.064382225091,0.00016663145421136685,0.14832730148577192,0.00036614570290896244,0.5390625,0.4703628880794221,0.4354379464876391
primary,uniform_9bar,15.2,1039333086640.195,8.659399104760432e-07,1.0126820077032704e-06,0.15843271327220573,167.8981216250095,0.00016415202717217793,0.14820231265295006,0.000365659639264792,0.541015625,0.47265221892891995,0.4359385152518043
primary,uniform_9bar,15.3,1037953381217.8292,8.670909660162495e-07,1.0126820077032704e-06,0.15607482779145254,167.72970749408765,0.0001617094186754202,0.1480756674645289,0.0003651742293480686,0.544921875,0.4767004464072818,0.43644000004106176
primary,uniform_9bar,15.4,1036577462628.344,8.682419138440089e-07,1.0126820077032704e-06,0.15375196939865077,167.55911663416214,0.0001593030841821,0.14794734700659945,0.00036469015172025505,0.546875,0.4790010845116886,0.43694159255379555
primary,uniform_9bar,15.5,1035203234160.9293,8.693945017757633e-07,1.0126820077032704e-06,0.15146361965443378,167.38632572938948,0.0001569324871418548,0.1478173322355982,0.0003642066687135833,0.548828125,0.4813068086150139,0.4374441773906125
primary,uniform_9bar,15.6,1033833088105.3235,8.705467162493361e-07,1.0126820077032704e-06,0.1492092677368756,167.21131134971532,0.0001545970988776765,0.14768560398003955,0.0003637246219868188,0.552734375,0.48537728895814825,0.43794674624373525
primary,uniform_9bar,15.7,1032464883519.9503,8.717003496832339e-07,1.0126820077032704e-06,0.14698841033122206,167.0340499544896,0.00015229639847223986,0.1475521429423477,0.0003632432583108627,0.5546875,0.4876941599590932,0.43845020581330774
primary,uniform_9bar,15.8,1031100460938.4755,8.728538431462324e-07,1.0126820077032704e-06,0.1448005515211695,166.85451789623067,0.00015002987265581792,0.14741692970079043,0.00036276322522487705,0.55859375,0.49178061272347307,0.438953776741645
primary,uniform_9bar,15.9,1029738523187.1465,8.74008284369519e-07,1.0126820077032704e-06,0.1426452026816702,166.6726914245407,0.0001477970156957622,0.14727994471151762,0.00036228406635535436,0.560546875,0.49410851356967966,0.4394580109293958
primary,uniform_9bar,16.0,1028380132890.063,8.751627644446266e-07,1.0126820077032704e-06,0.140521882373245,166.48854669017535,0.0001455973292875285,0.14714116831070612,0.00036180615555621103,0.564453125,0.49821079376803484,0.4399624560934063
primary,uniform_9bar,16.1,1027024774758.2511,8.763177112371499e-07,1.0126820077032704e-06,0.13843011623778312,166.30205974927122,0.0001434303224472277,0.1470005807168145,0.0003613293115377501,0.56640625,0.5005495654652887,0.44046733212126277
primary,uniform_9bar,16.2,1025672675678.5802,8.774729222503313e-07,1.0126820077032704e-06,0.13636943689580908,166.1132065677326,0.00014129551140568163,0.14685816203294902,0.0003608536141236314,0.5703125,0.5046675418835992,0.44097254191021046
primary,uniform_9bar,16.3,1024324198083.9354,8.78628076622136e-07,1.0126820077032704e-06,0.13433938384519836,165.92196302578097,0.00013919241950396507,0.14671389224934395,0.0003603791908255062,0.572265625,0.5070170215967457,0.4414779288969185
primary,uniform_9bar,16.4,1022978668900.8702,8.797837407176794e-07,1.0126820077032704e-06,0.13233950336132227,165.72830492267033,0.000137120577090414,0.14656775124595858,0.0003599058048417208,0.576171875,0.5111505436032244,0.4419837822929734
primary,uniform_9bar,16.5,1021637342145.0851,8.809388252296174e-07,1.0126820077032704e-06,0.1303693483986019,165.53220798156963,0.0001350795214190803,0.1464197187951926,0.0003594338973618559,0.578125,0.5135105742355662,0.4424895594258943
primary,uniform_9bar,16.6,1020298742663.7527,8.820945889341372e-07,1.0126820077032704e-06,0.12842847849345446,165.33364785461688,0.00013306879654961516,0.14626977456472395,0.0003589629493955535,0.58203125,0.5176594398947201,0.4429958971595155
primary,uniform_9bar,16.7,1018964799354.5273,8.832493532358658e-07,1.0126820077032704e-06,0.12651645966861216,165.13260012814635,0.0001310879532485616,0.14611789812047,0.0003584936395703195,0.583984375,0.5200298743144544,0.44350195694441036
primary,uniform_9bar,16.8,1017633501015.8032,8.844048462453513e-07,1.0126820077032704e-06,0.12463286433879543,164.92904032809088,0.0001291365488920375,0.14596406892967492,0.0003580252603023551,0.587890625,0.5241938632678128,0.4440086110391987
primary,uniform_9bar,16.9,1016307170513.979,8.855590377708752e-07,1.0126820077032704e-06,0.12277727121772286,164.72294392556418,0.0001272141473697912,0.14580826636412683,0.0003575586288258082,0.58984375,0.52657454753812,0.4445148445485944
primary,uniform_9bar,17.0,1014983499303.6554,8.867139225587987e-07,1.0126820077032704e-06,0.12094926522643953,164.51428634262268,0.00012532031899061108,0.1456504697035054,0.00035709293294496525,0.59375,0.530753450228888,0.44502166320764397
primary,uniform_9bar,17.1,1013665105155.2762,8.87867201329906e-07,1.0126820077032704e-06,0.11914843740294649,164.30304295821153,0.0001234546403890715,0.14549065813886358,0.00035662909364753316,0.595703125,0.5331441724568728,0.44552791730650987
primary,uniform_9bar,17.2,1012349450946.7078,8.890210778090084e-07,1.0126820077032704e-06,0.11737438481311337,164.08918911429632,0.00012161669443359712,0.14532881077624576,0.0003561662183196077,0.59765625,0.5355394508925834,0.4460347170399619
primary,uniform_9bar,17.3,1011039237037.4703,8.901731674006682e-07,1.0126820077032704e-06,0.11562671046285725,163.8727001221828,0.00011980607013582794,0.14516490664044418,0.0003557052570055018,0.6015625,0.5397383125977256,0.4465408701627249
primary,uniform_9bar,17.4,1009731907068.2783,8.913257011092369e-07,1.0126820077032704e-06,0.11390502321157088,163.65355126902705,0.00011802236256126824,0.1449989246788968,0.0003552453103232691,0.603515625,0.5421433551079483,0.44704750009831506
primary,uniform_9bar,17.5,1008430138740.3827,8.924763009604003e-07,1.0126820077032704e-06,0.11220893768678268,163.4317178245385,0.00011626517274120147,0.14483084376572863,0.0003547873203455581,0.607421875,0.5463565412870327,0.44755341820229627
primary,uniform_9bar,17.6,1007131474894.3296,8.936271206243752e-07,1.0126820077032704e-06,0.1105380742000328,163.20717504787703,0.00011453410758585496,0.1446606427059384,0.0003543304225910479,0.609375,0.5487711001970172,0.4480597086567842
primary,uniform_9bar,17.7,1005838446439.8672,8.947758988389448e-07,1.0126820077032704e-06,0.10889205866394784,162.9798981947474,0.0001128287797987969,0.1444883002397341,0.0003538755074879925,0.61328125,0.5529983751071148,0.4485652416137153
primary,uniform_9bar,17.8,1004548802891.9164,8.959246155179927e-07,1.0126820077032704e-06,0.10727052251049882,162.74986252469225,0.00011114880779254973,0.14431379504701897,0.0003534217832675424,0.615234375,0.5554221840274555,0.44907101369822455
primary,uniform_9bar,17.9,1003264805562.0319,8.970712368364376e-07,1.0126820077032704e-06,0.10567310261042559,162.51704330858541,0.00010949381560540302,0.14413710575202968,0.00035297004550753294,0.619140625,0.5596633013007369,0.44957600931678243
primary,uniform_9bar,18.0,1001984489873.1498,8.982174964743607e-07,1.0126820077032704e-06,0.10409944119381244,162.2814158363277,0.00010786343281941004,0.14395821092813058,0.0003525196030276778,0.62109375,0.5620961075613752,0.45008110126192746
primary,uniform_9bar,18.1,1000709929871.3873,8.993615163943354e-07,1.0126820077032704e-06,0.10254918577179875,162.04295542474682,0.00010625729447955188,0.14377708910276446,0.00035207118552182086,0.625,0.5663507435760493,0.45058535222259344
primary,uniform_9bar,18.2,999439195853.7711,9.005050069415927e-07,1.0126820077032704e-06,0.10102198905940928,161.80163742570204,0.00010467504101405302,0.14359371876256327,0.00035162411407912763,0.626953125,0.5687923134007808,0.4510896229118995
primary,uniform_9bar,18.3,998174467299.9133,9.016459842281102e-07,1.0126820077032704e-06,0.0995175088994893,161.5574372343967,0.00010311631815583372,0.14340807835862018,0.0003511791554872036,0.630859375,0.573060135970836,0.4515929231721443
primary,uniform_9bar,18.4,996913590401.9536,9.027863685127632e-07,1.0126820077032704e-06,0.0980354081877285,161.31033029789842,0.0001015807768650824,0.14322014631192573,0.0003507355519903153,0.6328125,0.5755102127542872,0.45209621847891496
primary,uniform_9bar,18.5,995659050372.6829,9.039238880650189e-07,1.0126820077032704e-06,0.09657535479875962,161.06029212386832,0.00010006807325293386,0.14302990101896912,0.0003502941779395485,0.63671875,0.5797908957885118,0.45259837470443176
primary,uniform_9bar,18.6,994408431938.7952,9.050607085513873e-07,1.0126820077032704e-06,0.09513702151331661,160.80729828950143,9.857786850623813e-05,0.14283732085750772,0.0003498541835900262,0.638671875,0.5822491382409919,0.4531004798102156
primary,uniform_9bar,18.7,993164362734.4669,9.061944163220289e-07,1.0126820077032704e-06,0.09372008594643799,160.55132445067767,9.710982881340451e-05,0.14264238419250613,0.0003494164933997276,0.642578125,0.5865423845865118,0.45360132882860166
primary,uniform_9bar,18.8,991924355155.6321,9.073272526500176e-07,1.0126820077032704e-06,0.09232423047670063,160.29234635132514,9.566362529130674e-05,0.1424450693822462,0.0003489802321762655,0.64453125,0.5890084660789063,0.4541020471290716
primary,uniform_9bar,18.9,990691098470.9,9.084567342828871e-07,1.0126820077032704e-06,0.09094914217647018,160.03033983299602,9.423893391323436e-05,0.142245354784611,0.00034854634606193245,0.6484375,0.5933139300738521,0.4546013951403821
primary,uniform_9bar,19.0,989462142467.8293,9.095850779649834e-07,1.0126820077032704e-06,0.0895945127431543,159.7652808446554,9.283543543787663e-05,0.14204321876354312,0.00034811397301951565,0.65234375,0.5976273246138896,0.45510048551611476
primary,uniform_9bar,19.1,988240065128.1565,9.107098889815671e-07,1.0126820077032704e-06,0.08826003843144377,159.49714545268293,9.145281533932358e-05,0.14183863969567928,0.0003476840200382024,0.654296875,0.6001047627626801,0.45559812322599663
primary,uniform_9bar,19.2,987022488028.5544,9.118333279291638e-07,1.0126820077032704e-06,0.08694541998652919,159.22590985108857,9.009076373807158e-05,0.14163159597716365,0.0003472556503377276,0.658203125,0.60442979989089,0.4560953923865605
primary,uniform_9bar,19.3,985811872123.1268,9.129530952611524e-07,1.0126820077032704e-06,0.08565036257827886,158.95155037194047,8.87489753330188e-05,0.14142206603063975,0.00034682972973445125,0.66015625,0.6069142026858138,0.45659114578408
primary,uniform_9bar,19.4,984606081482.3016,9.140711365961409e-07,1.0126820077032704e-06,0.08437457573636484,158.67404349600668,8.74271493344372e-05,0.14121002831242369,0.0003464055067626047,0.6640625,0.6112504568639211,0.45708635958381133
primary,uniform_9bar,19.5,983407242619.1248,9.151854501325566e-07,1.0126820077032704e-06,0.08311777328632389,158.39336586360855,8.612498939790759e-05,0.14099546131985893,0.0003459837295750209,0.666015625,0.6137414727436604,0.4575800356649021
primary,uniform_9bar,19.6,982213695367.8513,9.16297547310149e-07,1.0126820077032704e-06,0.08187967328654047,158.1094942856858,8.48422035592043e-05,0.14077834359885433,0.00034556381408983516,0.669921875,0.6180884701780731,0.4580729327037669
primary,uniform_9bar,19.7,981026909749.139,9.174060273536649e-07,1.0126820077032704e-06,0.08065999796613885,157.82240575507208,8.357850417011655e-05,0.14055865375160567,0.0003451462774917982,0.671875,0.6205857592466665,0.4585643532053868
primary,uniform_9bar,19.8,979845992140.8665,9.185116918563796e-07,1.0126820077032704e-06,0.07945847366377162,157.53207745798065,8.233360783519358e-05,0.14033637044450295,0.00034473080538550906,0.67578125,0.6249430525412907,0.45905470067092813
primary,uniform_9bar,19.9,978671686895.229,9.196138113029409e-07,1.0126820077032704e-06,0.07827483076729234,157.2384867856971,8.110723534940038e-05,0.14011147241622215,0.0003443176596500119,0.677734375,0.6274461661232917,0.4595436131794267
primary,uniform_9bar,20.0,977503748720.6288,9.207125815915623e-07,1.0126820077032704e-06,0.07710880365429967,156.9416113464792,7.989911163667185e-05,0.13988393848600408,0.000343906753986469,0.681640625,0.6318133139787131,0.4600311912971098
primary,uniform_9bar,20.1,976341496272.7985,9.218086124944668e-07,1.0126820077032704e-06,0.07596013063354097,156.64142897766095,7.87089656893525e-05,0.13965374756211923,0.000343497848683375,0.68359375,0.6343223423081986,0.4605177422118025
primary,uniform_9bar,20.2,975184835352.5667,9.22901964194937e-07,1.0126820077032704e-06,0.07482855388716352,156.33791775795953,7.753653050850999e-05,0.13942087865052025,0.0003430909105994438,0.6875,0.6387002353559613,0.4610032983339838
primary,uniform_9bar,20.3,974033294678.5914,9.239930553882959e-07,1.0126820077032704e-06,0.07371381941380103,156.03105601998098,7.638154304510929e-05,0.1391853108636804,0.00034268577392780597,0.689453125,0.641215885309283,0.46148807103014833
primary,uniform_9bar,20.4,972887880897.6066,9.250809036388051e-07,1.0126820077032704e-06,0.07261567697248432,155.7208223629249,7.524374414203678e-05,0.1389470234296205,0.00034228279282834173,0.693359375,0.6456043613883672,0.4619715717679739
primary,uniform_9bar,20.5,971747365837.9463,9.261666474638931e-07,1.0126820077032704e-06,0.07153388002736406,155.4071956654819,7.412287847696147e-05,0.1387059957011215,0.0003418815352039553,0.6953125,0.6481262728375413,0.4624543712184422
primary,uniform_9bar,20.6,970613543502.569,9.272485491519601e-07,1.0126820077032704e-06,0.07046818569323443,155.09015509892345,7.301869450602166e-05,0.1384622071651244,0.0003414826322233096,0.69921875,0.6525249143704932,0.4629356036966848
primary,uniform_9bar,20.7,969484372201.5989,9.283285278298947e-07,1.0126820077032704e-06,0.06941835468184668,154.76968014037826,7.193094440832658e-05,0.13821563745231588,0.00034108536557617955,0.701171875,0.6550527113779372,0.4634162293450462
primary,uniform_9bar,20.8,968362489264.5348,9.294040299759487e-07,1.0126820077032704e-06,0.06838415124900082,154.4457505862934,7.085938403125991e-05,0.1379662663468995,0.00034069066313156647,0.705078125,0.6594610827634757,0.46389497529611773
primary,uniform_9bar,20.9,967245416808.0004,9.3047739938648e-07,1.0126820077032704e-06,0.06736534314240529,154.11834656607445,6.980377283657567e-05,0.13771407379655093,0.0003402976531170297,0.708984375,0.6638761866381306,0.4643730133362562
primary,uniform_9bar,21.0,966135392145.5436,9.315464554106919e-07,1.0126820077032704e-06,0.066361701550293,153.78744855590128,6.87638738472739e-05,0.13745903992255695,0.00033990712266739195,0.7109375,0.6664120206484493,0.46484925684915457
primary,uniform_9bar,21.1,965030796222.3896,9.326127244053221e-07,1.0126820077032704e-06,0.06537300105078371,153.4530373927138,6.773945359524627e-05,0.13720114503013595,0.00033951850216450824,0.71484375,0.670836163252537,0.46532446926895144
primary,uniform_9bar,21.2,963932933868.6487,9.336749149009152e-07,1.0126820077032704e-06,0.06439901956198185,153.11509428836422,6.673028206968028e-05,0.1369403696189397,0.0003391322506755567,0.716796875,0.6733768472112125,0.46579800779603137
primary,uniform_9bar,21.3,962841171159.1527,9.347336060801191e-07,1.0126820077032704e-06,0.0634395382927995,152.7736008439278,6.57361326662114e-05,0.13667669439373278,0.00033874814517208664,0.720703125,0.6778095461533319,0.46627016298842006
primary,uniform_9bar,21.4,961755803794.7441,9.357884781655824e-07,1.0126820077032704e-06,0.06249434169449419,152.42853906416954,6.475678213681274e-05,0.13641010027525005,0.00033836628968798735,0.72265625,0.6803546462613862,0.4667407768078184
primary,uniform_9bar,21.5,960677234462.7611,9.368391044504207e-07,1.0126820077032704e-06,0.06156321741291167,152.07989137215796,6.379201054041198e-05,0.13614056841122757,0.0003379868258972887,0.7265625,0.6847954001859492,0.46720963788021835
primary,uniform_9bar,21.6,959604698779.6019,9.378861953725263e-07,1.0126820077032704e-06,0.060645956241423084,151.72764062402123,6.284160119422479e-05,0.1358680801876066,0.0003376094848734689,0.728515625,0.6873444657894175,0.46767710188392553
primary,uniform_9bar,21.7,958539686401.3009,9.389282601108779e-07,1.0126820077032704e-06,0.05974235207454761,151.3717701238381,6.19053406257955e-05,0.13559261723990618,0.00033723479070942475,0.732421875,0.6917927541544293,0.46814242671672335
primary,uniform_9bar,21.8,957480338430.4197,9.399670822226531e-07,1.0126820077032704e-06,0.05885220186224977,151.01226363865706,6.0983018525734016e-05,0.13531416146476316,0.0003368620894052254,0.736328125,0.6962466340295789,0.4686065029279044
primary,uniform_9bar,21.9,956429234492.4865,9.410000944581857e-07,1.0126820077032704e-06,0.05797530556490277,150.64910541363608,6.0074427701140056e-05,0.13503269503163512,0.00033649228852837955,0.73828125,0.6988006004422914,0.46906805179276684
primary,uniform_9bar,22.0,955384002560.5948,9.420295897647898e-07,1.0126820077032704e-06,0.05711146610890774,150.2822801872944,5.917936402970425e-05,0.13474820039466315,0.0003361245535490198,0.7421875,0.703261191877645,0.4695282175132923
primary,uniform_9bar,22.1,954346593308.4999,9.430536099887015e-07,1.0126820077032704e-06,0.05626048934295999,149.91177320686953,5.8297626414477074e-05,0.13446066030469095,0.0003357595707559508,0.744140625,0.7058178946801305,0.4699860250878046
primary,uniform_9bar,22.2,953315848955.8268,9.440732586013082e-07,1.0126820077032704e-06,0.055422183994952814,149.5375702437695,5.742901673929579e-05,0.13417005782143612,0.0003353969328172404,0.748046875,0.7102846277908316,0.4704420255093444
primary,uniform_9bar,22.3,952292484259.135,9.450877906488808e-07,1.0126820077032704e-06,0.054596361629509815,149.15965760911274,5.6573339824860257e-05,0.13387637632580957,0.00033503689119955435,0.75,0.712843555463608,0.47089584845559584
primary,uniform_9bar,22.4,951276602108.1627,9.460970636778761e-07,1.0126820077032704e-06,0.05378283660613682,148.77802216934492,5.573040338544824e-05,0.13357959953237783,0.0003346794821017059,0.75390625,0.7173158405810682,0.47134742385238115
primary,uniform_9bar,22.5,950267635352.7306,9.471016022406449e-07,1.0126820077032704e-06,0.05298142603798467,148.3926513619244,5.49000179862614e-05,0.1332797115019643,0.0003343245059881155,0.755859375,0.7198764641255821,0.4717970138423484
primary,uniform_9bar,22.6,949266992986.8275,9.480999620224748e-07,1.0126820077032704e-06,0.052191949751213766,148.00353321106525,5.408199700139256e-05,0.13297669665438386,0.00033397245857304475,0.759765625,0.7243536916920443,0.47224389969245373
primary,uniform_9bar,22.7,948272896674.321,9.490938770436037e-07,1.0126820077032704e-06,0.05141423024495241,147.61065634352755,5.3276156572406044e-05,0.13267053978130475,0.00033362271419975565,0.763671875,0.7288351592018137,0.4726889458409659
primary,uniform_9bar,22.8,947287758764.733,9.500808932373448e-07,1.0126820077032704e-06,0.05064809265183976,147.21401000444533,5.2482315567521567e-05,0.1323612260592338,0.00033327612158447526,0.765625,0.7313970050605417,0.4731309306560904
primary,uniform_9bar,22.9,946309480543.4576,9.510630702792256e-07,1.0126820077032704e-06,0.049893364699145626,146.81358407317913,5.170029554139391e-05,0.13204874106261677,0.0003329319423544572,0.76953125,0.7358824550031909,0.47357088050359647
primary,uniform_9bar,23.0,945339642521.6455,9.520387800508351e-07,1.0126820077032704e-06,0.049149876670458316,146.40936907918328,5.0929920695479064e-05,0.13173307077704888,0.0003325907325673739,0.771484375,0.7384445670415252,0.4740079851397415
primary,uniform_9bar,23.1,944377566606.3258,9.530086607565244e-07,1.0126820077032704e-06,0.048417461367933026,146.00135621787442,5.017101783897929e-05,0.13141420161258796,0.0003322522536555956,0.775390625,0.7429333392854236,0.4744425628344168
primary,uniform_9bar,23.2,943423392923.6085,9.539725289310008e-07,1.0126820077032704e-06,0.047695954075092126,145.58953736649127,4.9423416350358186e-05,0.13109212041716467,0.0003319165549184889,0.77734375,0.7454951264008522,0.47487452263473656
primary,uniform_9bar,23.3,942477905975.6049,9.54929547200755e-07,1.0126820077032704e-06,0.04698519252016976,145.17390509993044,4.8686948139417836e-05,0.13076681449008015,0.0003315839123606981,0.78125,0.749986540807455,0.4753034480745067
primary,uniform_9bar,23.4,941539763878.2657,9.558810307626725e-07,1.0126820077032704e-06,0.046285016839993004,144.7544527065469,4.7961447609930265e-05,0.1304382715955855,0.00033125385387867566,0.783203125,0.7525473943794582,0.47572999408451244
primary,uniform_9bar,23.5,940611254829.7664,9.568246131212662e-07,1.0126820077032704e-06,0.04559526954439153,144.33117420390593,4.724675162281471e-05,0.13010647997653446,0.00033092718450954595,0.787109375,0.7570407508547758,0.47615298311002546
primary,uniform_9bar,23.6,939690196309.2174,9.577624663265542e-07,1.0126820077032704e-06,0.044915795481128645,143.90406435447167,4.654269945985344e-05,0.12977142836810035,0.0003306031363957171,0.791015625,0.7615367792811748,0.47657349631852713
primary,uniform_9bar,23.7,938778374031.4814,9.586927275870747e-07,1.0126820077032704e-06,0.044246441801345876,143.47311868121918,4.584913278793817e-05,0.12943310601154953,0.0003302823377899224,0.79296875,0.764094623419197,0.47699060687930167
primary,uniform_9bar,23.8,937874886591.3958,9.596162695761606e-07,1.0126820077032704e-06,0.04358705792551382,143.03833348315575,4.516589562383938e-05,0.12909150266806196,0.00032996447155852007,0.796875,0.7685914955763076,0.47740474912544134
primary,uniform_9bar,23.9,936980028721.2446,9.605327460696108e-07,1.0126820077032704e-06,0.04293749550988201,142.59970585073634,4.449283429949125e-05,0.1287466086325898,0.0003296496413946402,0.798828125,0.7711467754596615,0.4778157508137882
primary,uniform_9bar,24.0,936094505976.0839,9.614413867983902e-07,1.0126820077032704e-06,0.042297608413420514,142.15723368115835,4.3829797427784534e-05,0.12839841474774405,0.0003293380955276622,0.802734375,0.7756437412244465,0.47822322877417817
primary,uniform_9bar,24.1,935216987886.0255,9.623435113538407e-07,1.0126820077032704e-06,0.04166725266524635,141.7109156935204,4.317663586886049e-05,0.12804691241769967,0.0003290293658697848,0.8046875,0.7781957872477855,0.47862783931337893
primary,uniform_9bar,24.2,934349825010.4202,9.632366549541152e-07,1.0126820077032704e-06,0.04104628643252758,141.26075144383034,4.253320269689823e-05,0.1276920936221091,0.0003287242793981295,0.80859375,0.7826920770458079,0.47902835641665653
primary,uniform_9bar,24.3,933490828417.9529,9.64123023603015e-07,1.0126820077032704e-06,0.040434569988858214,140.806741339845,4.1899353167388685e-05,0.12733395093001262,0.00032842206599977935,0.8125,0.7871896706020274,0.4794258770701046
primary,uniform_9bar,24.4,932641617398.7982,9.650008998206215e-07,1.0126820077032704e-06,0.03983196568309716,140.34888665572777,4.127494468488798e-05,0.12697247751373622,0.0003281232953756981,0.814453125,0.7897350278554207,0.4798195469542443
primary,uniform_9bar,24.5,931801581271.4972,9.65870865739354e-07,1.0126820077032704e-06,0.03923833790866461,139.8871895465056,4.0659836771243595e-05,0.1266076671627639,0.00032782775267506956,0.818359375,0.7942307419234057,0.4802096553037961
primary,uniform_9bar,24.6,930970659508.5615,9.667329370778342e-07,1.0126820077032704e-06,0.038653553073289104,139.4216530623102,4.0053891034286235e-05,0.12623951429757435,0.0003275354166030269,0.8203125,0.7967710830373388,0.4805962096006531
primary,uniform_9bar,24.7,930149981744.9388,9.67585892236026e-07,1.0126820077032704e-06,0.03807747956919877,138.95228116238644,3.9456971136980765e-05,0.12586801398342976,0.00032724668458933824,0.82421875,0.8012640999524401,0.4809786021987135
primary,uniform_9bar,24.8,929337986059.5159,9.684313064788067e-07,1.0126820077032704e-06,0.03750998774375053,138.47907872885065,3.886894276702977e-05,0.1254931619441043,0.00032696100711670416,0.828125,0.8057573658311454,0.481357615774745
primary,uniform_9bar,24.9,928536809042.3315,9.692669059918437e-07,1.0126820077032704e-06,0.03695094987049058,138.00205158018196,3.828967360692287e-05,0.12511495457554003,0.00032667913588325974,0.830078125,0.8082881809434542,0.4817321196564675
primary,uniform_9bar,25.0,927744774851.9205,9.700943884525257e-07,1.0126820077032704e-06,0.03640024012064035,137.52120648442883,3.7719033304425857e-05,0.12473338895941778,0.000326400481292086,0.833984375,0.8127774739592869,0.4821029571830314
primary,uniform_9bar,25.1,926962843689.7859,9.709127028409682e-07,1.0126820077032704e-06,0.03585773453500125,137.0365511721142,3.715689344350259e-05,0.12434846287662926,0.0003261253811626363,0.8359375,0.8153013875874774,0.48246960545580286
primary,uniform_9bar,25.2,926191169980.6404,9.717216371419436e-07,1.0126820077032704e-06,0.03532331099627271,136.54809434882154,3.660312751566428e-05,0.1239601748206389,0.000325853889824832,0.83984375,0.8197858443025795,0.48283195857580546
primary,uniform_9bar,25.3,925428866953.9707,9.725220728874934e-07,1.0126820077032704e-06,0.03479684920177703,136.05584570744244,3.605761089173912e-05,0.12356852401071886,0.0003255856952938144,0.841796875,0.8223020899391688,0.48319045393878485
primary,uniform_9bar,25.4,924677952692.4797,9.733118404947124e-07,1.0126820077032704e-06,0.0342782306365855,135.55981594007088,3.552022079405685e-05,0.12317351040504695,0.0003253215075742998,0.845703125,0.8267808297113545,0.4835440129378178
primary,uniform_9bar,25.5,923936440664.9707,9.740929791147287e-07,1.0126820077032704e-06,0.033767338547039706,135.06001674952398,3.499083626904183e-05,0.122775134713651,0.00032506062776206754,0.849609375,0.831258238259132,0.4838936479970462
primary,uniform_9bar,25.6,923205904061.1755,9.748637828689212e-07,1.0126820077032704e-06,0.03326405791466257,134.55646086047219,3.446933816020905e-05,0.12237339841118597,0.0003248036093389584,0.8515625,0.8337607519967631,0.4842385109147468
primary,uniform_9bar,25.7,922485753845.2012,9.756248226582647e-07,1.0126820077032704e-06,0.032768275430453075,134.04916203016145,3.3955609081556766e-05,0.12196830374953029,0.00032455024506952967,0.85546875,0.8382310743734761,0.4845788845426755
primary,uniform_9bar,25.8,921775804345.971,9.763762465414011e-07,1.0126820077032704e-06,0.03227987946955956,133.538135058709,3.344953339135065e-05,0.12155985377018554,0.00032430046963072024,0.857421875,0.8407239031287118,0.4849148415850566
primary,uniform_9bar,25.9,921077413374.715,9.771165668936664e-07,1.0126820077032704e-06,0.03179876006632571,133.02339579895514,3.2950997166293135e-05,0.12114805231646569,0.00032405476072960095,0.861328125,0.8451862176033601,0.48524564237346607
primary,uniform_9bar,26.0,920388937313.7333,9.778474767708085e-07,1.0126820077032704e-06,0.03132480888970411,132.50496116585322,3.245988817607297e-05,0.12073290404545996,0.0003238125401062637,0.865234375,0.8496460038748471,0.4855721268475772
primary,uniform_9bar,26.1,919712196888.0503,9.785669941588807e-07,1.0126820077032704e-06,0.030857919219031717,131.9828491453805,3.19760958582889e-05,0.12031441443975496,0.00032357444833076653,0.8671875,0.852121916407055,0.4858933098396953
primary,uniform_9bar,26.2,919046078293.4971,9.792762531244764e-07,1.0126820077032704e-06,0.030397985920162313,131.45707880295197,3.14995112937425e-05,0.11989258981890032,0.00032334009354294843,0.87109375,0.8565722653738378,0.48620975355338253
primary,uniform_9bar,26.3,918390879506.1693,9.799748887793198e-07,1.0126820077032704e-06,0.029944905421950507,130.92767029132034,3.103002718209461e-05,0.11946743735060275,0.00032310958057718157,0.873046875,0.859036392897026,0.48652127580022725
primary,uniform_9bar,26.4,917747512187.4338,9.806618792731642e-07,1.0126820077032704e-06,0.029498575693082216,130.3946448579445,3.056753781787994e-05,0.11903896506163279,0.00032288323017546,0.876953125,0.863476346167796,0.4868273682614229
primary,uniform_9bar,26.5,917114566967.2518,9.813386815740514e-07,1.0126820077032704e-06,0.029058896219246753,129.8580248518096,3.0111939066875076e-05,0.11860718184842828,0.00032266054649121947,0.880859375,0.8679125232830092,0.4871287531799048
primary,uniform_9bar,26.6,916494008851.3958,9.820031460193973e-07,1.0126820077032704e-06,0.028625767980645214,129.31783372968314,2.966312834281419e-05,0.11817209748738049,0.00032244222085557524,0.8828125,0.8703564306652851,0.4874243623690032
primary,uniform_9bar,26.7,915884405741.3766,9.826567570734882e-07,1.0126820077032704e-06,0.028199093429830648,128.7740960617887,2.9221004584447934e-05,0.11773372264478467,0.00032222774942560774,0.88671875,0.8747807298436397,0.4877149315937816
primary,uniform_9bar,26.8,915286333796.4702,9.832988506087874e-07,1.0126820077032704e-06,0.027778776469874835,128.226837536883,2.8785468232940115e-05,0.11729206888644181,0.0003220173349064897,0.888671875,0.8772106811384215,0.48800013004689985
primary,uniform_9bar,26.9,914700460724.1246,9.839286615068642e-07,1.0126820077032704e-06,0.02736472243285715,127.67608496672018,2.8356421209597472e-05,0.11684714868689454,0.0003218112122120017,0.892578125,0.8816221126860474,0.48827957684975465
primary,uniform_9bar,27.0,914125508688.4697,9.84547517212668e-07,1.0126820077032704e-06,0.026956838058670687,127.1218662898868,2.7933766893927626e-05,0.1163989754382816,0.0003216089317721171,0.896484375,0.8860284758471072,0.4885539295573952
primary,uniform_9bar,27.1,913563489333.4645,9.851532055606114e-07,1.0126820077032704e-06,0.026555031474141063,126.56421057499401,2.7517410102020432e-05,0.1159475634587954,0.0003214112013262642,0.8984375,0.8884348032701338,0.48882208919059
primary,uniform_9bar,27.2,913012847298.9058,9.857473557602136e-07,1.0126820077032704e-06,0.026159212172453275,126.00314802321213,2.710725706524797e-05,0.11549292800072773,0.00032121747366541234,0.90234375,0.8928267724681682,0.48908486294071635
primary,uniform_9bar,27.3,912474242695.3557,9.863292111583248e-07,1.0126820077032704e-06,0.025769290992882284,125.43870997013272,2.670321540927871e-05,0.11503508525808709,0.0003210279810305948,0.904296875,0.8952169158379987,0.4893418740617917
primary,uniform_9bar,27.4,911948290302.2478,9.86898061623332e-07,1.0126820077032704e-06,0.025385180100822642,124.8709288869457,2.6305194133401015e-05,0.11457405237377315,0.0003208429397143831,0.908203125,0.8995934763601373,0.48959276894425935
primary,uniform_9bar,27.5,911433746683.5538,9.874552080991537e-07,1.0126820077032704e-06,0.025006792968113,124.29983838091765,2.5913103590151665e-05,0.11410984744629256,0.00032066191224935177,0.912109375,0.9039636398829433,0.48983819164507175
primary,uniform_9bar,27.6,910932577743.044,9.87998477593006e-07,1.0126820077032704e-06,0.024634044353651033,123.72547319515961,2.5526855465244862e-05,0.11364248953600187,0.000320485590282551,0.9140625,0.9063266789070551,0.4900770628430307
primary,uniform_9bar,27.7,910443289170.9012,9.885294457160407e-07,1.0126820077032704e-06,0.024266850284294747,123.14786920767153,2.5146362757797416e-05,0.11317199867086163,0.0003203134480837835,0.91796875,0.9106798734640875,0.49031016275376205
primary,uniform_9bar,27.8,909966441330.8331,9.890474627654872e-07,1.0126820077032704e-06,0.023905128036045692,122.567063429654,2.4771539760845656e-05,0.1126983958516889,0.0003201456828010028,0.919921875,0.9130244598775813,0.490537167675985
primary,uniform_9bar,27.9,909502776631.537,9.895516793618467e-07,1.0126820077032704e-06,0.023548796115510195,121.98309400307407,2.44023020421499e-05,0.11222170305689143,0.0003199825556294889,0.923828125,0.9173596529163199,0.4907576549244474
primary,uniform_9bar,28.0,909050994137.8892,9.900434692924208e-07,1.0126820077032704e-06,0.023197774241634474,121.39600019747812,2.4038566425282328e-05,0.11174194324667205,0.0003198236088724031,0.927734375,0.9216870930256762,0.49097230437025563
primary,uniform_9bar,28.1,908612926578.6901,9.905207967807354e-07,1.0126820077032704e-06,0.022851983327709546,120.80582240604029,2.368025097099395e-05,0.11125914036668759,0.00031966948732298895,0.9296875,0.9240010441122148,0.4911801049524746
primary,uniform_9bar,28.2,908187314955.8396,9.909849930504285e-07,1.0126820077032704e-06,0.022511345463642123,120.21260214083978,2.332727495885679e-05,0.11077331935115003,0.00031951974803875094,0.93359375,0.9283088999111517,0.491381715347325
primary,uniform_9bar,28.3,907774446076.3179,9.914357072839828e-07,1.0126820077032704e-06,0.02217578389848744,119.6163820273584,2.2979558869177076e-05,0.11028450612535666,0.00031937449192452714,0.935546875,0.9306021075467602,0.49157696005018287
primary,uniform_9bar,28.4,907375360718.7765,9.918717643898395e-07,1.0126820077032704e-06,0.021845223023240358,119.01720579819217,2.2637024365175666e-05,0.1097927276076365,0.0003192340851485376,0.939453125,0.9348893366588986,0.49176525489487677
primary,uniform_9bar,28.5,906988613468.5765,9.922947064992908e-07,1.0126820077032704e-06,0.021519588353880775,118.41511828597056,2.2299594275431617e-05,0.10929801171070105,0.0003190980191829558,0.943359375,0.9391674397549142,0.49194736292690167
primary,uniform_9bar,28.6,906615821092.6986,9.927027292721135e-07,1.0126820077032704e-06,0.021198806514669738,117.81016541547864,2.1967192576585116e-05,0.10880038734238738,0.0003189668628410319,0.9453125,0.9414264597472292,0.49212238801204855
primary,uniform_9bar,28.7,906256124738.4504,9.930967365983253e-07,1.0126820077032704e-06,0.020882805221692585,117.20239419497756,2.163974437629609e-05,0.10829988440578288,0.0003188403139599947,0.94921875,0.9456823435275207,0.4922907766898366
primary,uniform_9bar,28.8,905909373137.3114,9.934768605861244e-07,1.0126820077032704e-06,0.02057151326664538,116.59185270672045,2.1317175896454526e-05,0.10779653379872026,0.00031871831932033895,0.951171875,0.9479183270774286,0.49245259281249515
primary,uniform_9bar,28.9,905577066968.9662,9.938414220364114e-07,1.0126820077032704e-06,0.020264860500861213,115.97859009666095,2.0999414456639015e-05,0.10729036741263318,0.0003186014068933177,0.955078125,0.9521509481036662,0.4926070024004562
primary,uniform_9bar,29.0,905257533985.0891,9.941922228893864e-07,1.0126820077032704e-06,0.01996277781957278,115.3626565633533,2.0686388457819796e-05,0.10678141813076296,0.00031848898834615553,0.958984375,0.956373064015983,0.4927548969940101
primary,uniform_9bar,29.1,904952096579.059,9.945277804230973e-07,1.0126820077032704e-06,0.019665197146407687,114.74410334604275,2.0378027366302665e-05,0.1062697198257066,0.0003183815289251647,0.9609375,0.9585713180374564,0.49289554001697067
primary,uniform_9bar,29.2,904660452030.15,9.948483964124976e-07,1.0126820077032704e-06,0.019372051418113347,114.1229827119481,2.007426169791042e-05,0.10575530735629891,0.00031827892212671057,0.96484375,0.962768582446815,0.49302907938681206
primary,uniform_9bar,29.3,904381855213.6921,9.9515486164563e-07,1.0126820077032704e-06,0.019083274569507667,113.49934794273626,1.9775023002398024e-05,0.10523821656381993,0.00031818090579997587,0.966796875,0.964941526572243,0.49315590530038117
primary,uniform_9bar,29.4,904118419597.5762,9.954448228149037e-07,1.0126820077032704e-06,0.018798801518652628,112.87325332019296,1.9480243848098438e-05,0.1047184842675216,0.0003180882235082287,0.970703125,0.9691129043646033,0.4932748498531779
primary,uniform_9bar,29.5,903868168102.0594,9.95720428887122e-07,1.0126820077032704e-06,0.018518568152247256,112.24475411109147,1.918985780679547e-05,0.10419614825946617,0.0003180001796724725,0.974609375,0.9732724039135181,0.49338697626276373
primary,uniform_9bar,29.6,903632054458.1758,9.959806046717173e-07,1.0126820077032704e-06,0.018242511311236765,111.61390655126525,1.890379943882039e-05,0.1036712472986717,0.0003179171098357111,0.9765625,0.9754041209611912,0.4934917499989268
primary,uniform_9bar,29.7,903410479757.9974,9.962248835557996e-07,1.0126820077032704e-06,0.01797056877663478,110.98076782888954,1.8622004278369053e-05,0.10314382110455948,0.0003178391551107255,0.98046875,0.9795361635866515,0.49358893814161503
primary,uniform_9bar,29.8,903202324047.5782,9.964544776266435e-07,1.0126820077032704e-06,0.017702679255555482,110.34539606697837,1.8344408819036298e-05,0.1026139103496989,0.0003177659214737316,0.984375,0.9836555088020585,0.49367913948363895
primary,uniform_9bar,29.9,903009358608.1042,9.966674114953328e-07,1.0126820077032704e-06,0.01743878236745253,109.70785030510497,1.807095049956435e-05,0.1020815566518467,0.000317698032099386,0.986328125,0.985743908499668,0.49376137357036354
primary,uniform_9bar,30.0,902830327383.9379,9.96865050610186e-07,1.0126820077032704e-06,0.017178818630561806,109.0681904803542,1.78015676898022e-05,0.10154680256527826,0.00031763504508041464,0.990234375,0.9898342444880115,0.49383631512836745
stress,layered_3bar,0.1,896357791672.2949,3.3468778069112704e-07,3.3756066923442336e-07,3.24582976049852,8.598576989787476,0.003352278585389204,0.0088317476966461,0.00031535786839483564,1.0,1.0,0.7999932937587348
stress,layered_3bar,0.2,903355445010.5089,3.320951920498028e-07,3.3756066923442336e-07,3.8087337257099483,16.67120651887066,0.003931357752177614,0.016982474792134175,0.0003178197927078804,1.0,1.0,0.7999777380426953
stress,layered_3bar,0.3,909791393186.657,3.2974592005010387e-07,3.3756066923442336e-07,3.9056603436707507,24.260465060396104,0.004031001679033863,0.024523839693639186,0.0003200840971148774,1.0,1.0,0.7999550826837427
stress,layered_3bar,0.4,915724195241.8749,3.2760955925245536e-07,3.3756066923442336e-07,3.894795182252762,31.404501063822043,0.004019832908195297,0.031517823364198665,0.0003221713839406565,1.0,1.0,0.7999264910772402
stress,layered_3bar,0.5,921204453831.3239,3.256606052568339e-07,3.3756066923442336e-07,3.8541457964028236,38.13759717323786,0.003978045419039516,0.03801831102802505,0.0003240994562830599,1.0,1.0,0.7998928781730151
stress,layered_3bar,0.6,926276259102.6234,3.238774577798637e-07,3.3756066923442336e-07,3.804601388993889,44.490648799873846,0.003927109123490081,0.04407237338232529,0.0003258838260002983,1.0,1.0,0.7998549971158404
stress,layered_3bar,0.7,930978233870.5511,3.222416906061778e-07,3.3756066923442336e-07,3.752521295573071,50.491573225213614,0.003873560288188557,0.04972131188135,0.0003275380814257948,1.0,1.0,0.7998134785905793
stress,layered_3bar,0.8,935344362867.9127,3.207374865446913e-07,3.3756066923442336e-07,3.700002124785819,56.165660728795736,0.003819554161938768,0.05500151727459271,0.00032907417911640113,1.0,1.0,0.7997688556602576
stress,layered_3bar,0.9,939404670032.9777,3.193511907807192e-07,3.3756066923442336e-07,3.6477704158645583,61.535877110506014,0.0037658378280254336,0.05994517920183877,0.0003305026821366229,1.0,1.0,0.7997215818246867
stress,layered_3bar,1.0,943185778867.9344,3.1807095348710324e-07,3.3756066923442336e-07,3.5960845316961523,66.62312528474087,0.0037126771304622948,0.06458087614733535,0.00033183295720472515,1.0,1.0,0.7996720449405662
stress,layered_3bar,1.1,946711379777.6155,3.1688644121978407e-07,3.3756066923442336e-07,3.5450357486381074,71.44647226790079,0.0036601661438468553,0.06893406864665684,0.00033307333911250514,1.0,1.0,0.7996205782471266
stress,layered_3bar,1.2,950002622238.9805,3.1578860202822966e-07,3.3756066923442336e-07,3.494653769958456,76.02334678840488,0.0036083356334030143,0.07302751376608381,0.00033423126869891527,1.0,1.0,0.7995674692322974
stress,layered_3bar,1.3,953078445645.1136,3.1476947293350855e-07,3.3756066923442336e-07,3.4449450591425665,80.36971186410037,0.003557192462739516,0.07688161513765816,0.00033531340924806746,1.0,1.0,0.799512966834906
stress,layered_3bar,1.4,955955859763.1893,3.138220211070377e-07,3.3756066923442336e-07,3.395907159002246,84.5002159724356,0.0035067343158903573,0.08051471994614143,0.0003363257451603516,1.0,1.0,0.7994572873411443
stress,layered_3bar,1.5,958650183548.445,3.129400120589865e-07,3.3756066923442336e-07,3.3475341598238444,88.4283258506411,0.0034569553200011977,0.0839433720174891,0.0003372736659723061,1.0,1.0,0.79940061924411
stress,layered_3bar,1.6,961175249356.6399,3.1211789962424043e-07,3.3756066923442336e-07,3.2998188253329523,92.16644348026738,0.0034078482316934017,0.08718252839812893,0.00033816203820293445,1.0,1.0,0.7993431272724935
stress,layered_3bar,1.7,963543578265.6544,3.1135073365336496e-07,3.3756066923442336e-07,3.2527534316196953,95.72600941228744,0.003359405300001982,0.09024574542612188,0.0003389952670355988,1.0,1.0,0.7992849557485995
stress,layered_3bar,1.8,965766531163.6487,3.1063408217152757e-07,3.3756066923442336e-07,3.206330102332806,99.11759425928598,0.003311618611287037,0.09314533919371949,0.00033977734947406984,1.0,1.0,0.7992262314014824
stress,layered_3bar,1.9,967854439422.2576,3.099639654275692e-07,3.3756066923442336e-07,3.1605409440092327,102.35097990728703,0.003264480228586401,0.09589252442170196,0.0003405119203161556,1.0,1.0,0.79916706573478
stress,layered_3bar,2.0,969816718300.8546,3.093367997672882e-07,3.3756066923442336e-07,3.1153781011712622,105.43523177116388,0.0032179822484399117,0.09849753506030309,0.0003412022920517503,1.0,1.0,0.7991075570286432
stress,layered_3bar,2.1,985010613687.9492,3.0456524613148974e-07,3.3756066923442336e-07,3.070833778884723,108.37876322617393,0.0031721168242386344,0.10096972936228775,0.000346547829856413,0.091796875,0.14088851856760504,0.7985469142156051
stress,layered_3bar,2.2,1019630827427.7194,2.942241367464605e-07,3.3756066923442336e-07,3.026900251998637,111.18939318737267,0.003126876175869357,0.10331768171219446,0.0003587279625107839,0.083984375,0.12414119193676468,0.7974462360811407
stress,layered_3bar,2.3,1052573753873.1287,2.8501565699894917e-07,3.3756066923442336e-07,2.983569868885217,113.8743976730527,0.0030822525936977895,0.10554926311965533,0.00037031798957255595,0.080078125,0.11444110622669376,0.7964746850140226
stress,layered_3bar,2.4,1083797795132.13,2.7680440147364004e-07,3.3756066923442336e-07,2.940835052887481,116.44055607373738,0.0030382384401901963,0.10767171197692531,0.0003813032760124054,0.080078125,0.1111133625220572,0.7955851007571988
stress,layered_3bar,2.5,1113338181234.4434,2.694599045075118e-07,3.3756066923442336e-07,2.8986883027999104,118.89419275099546,0.002994826150537232,0.10969169642770582,0.0003916962165093089,0.080078125,0.10813096074300607,0.7947523071423798
stress,layered_3bar,2.6,1141283409699.8347,2.628619652667185e-07,3.3756066923442336e-07,2.857122192933654,121.24121450759398,0.002952008232847526,0.11161536948545454,0.00040152794638607047,0.080078125,0.10544677678315724,0.7939655928837459
stress,layered_3bar,2.7,1167717991470.1768,2.5691134519756344e-07,3.3756066923442336e-07,2.8161293729972905,123.48714439989088,0.0029097772681487845,0.11344841786622323,0.0004108281984020107,0.080078125,0.10302177829778181,0.7932165971405659
stress,layered_3bar,2.8,1192722733802.1526,2.5152534742392494e-07,3.3756066923442336e-07,2.775702567890639,125.63715230296708,0.0028681259102967815,0.1151961053570147,0.00041962540228067895,0.080078125,0.10082332207080079,0.7924988053304403
stress,layered_3bar,2.9,1216374834170.916,2.46634500790606e-07,3.3756066923442336e-07,2.735834577453092,127.69608258716086,0.0028270468858349676,0.11686331142033261,0.0004279467177471717,0.080078125,0.09882388386110397,0.7918071413909403
stress,layered_3bar,3.0,1238747875659.8567,2.4218003186499584e-07,3.3756066923442336e-07,2.6965182761844244,129.6684792200885,0.0027865329938232012,0.11845456563476878,0.0004358180329061535,0.080078125,0.09700009392584902,0.7911376400873429
stress,layered_3bar,3.1,1259911792060.6267,2.3811190742912268e-07,3.3756066923442336e-07,2.657746612945996,131.55860856979058,0.0027465771056438097,0.11997407848667445,0.00044326395196329866,0.080078125,0.09533199150316557,0.7904871868484699
stress,layered_3bar,3.2,1279951884969.2761,2.3438381045643852e-07,3.3756066923442336e-07,2.6195126106460678,133.3704801514186,0.0027071721647888222,0.12142576895642032,0.0004503144858470011,0.08203125,0.09618180809328009,0.7898564400325664
stress,layered_3bar,3.3,1298916702980.5679,2.3096169239459543e-07,3.3756066923442336e-07,2.581809365911101,135.1078655310959,0.002668311186630356,0.12281328928220167,0.0004569867149926629,0.08203125,0.09473861536279604,0.7892410315620123
stress,layered_3bar,3.4,1316861429470.956,2.2781440270486456e-07,3.3756066923442336e-07,2.5446300487441285,136.7743155755707,0.002629987258175297,0.12414004723292114,0.0004633000540939824,0.08203125,0.09340916659082249,0.7886387245676398
stress,layered_3bar,3.5,1333857890923.0596,2.2491151571805994e-07,3.3756066923442336e-07,2.507967902170964,138.37317621454338,0.0025921935378051125,0.12540922617792336,0.000469279773245852,0.083984375,0.0944655665602971,0.7880507917901413
stress,layered_3bar,3.6,1349950721897.1252,2.2223033414019827e-07,3.3756066923442336e-07,2.4718162418748455,139.90760286356877,0.0025549232550014394,0.1266238032039718,0.0004749415758425043,0.083984375,0.09330089392827808,0.7874748733286174
stress,layered_3bar,3.7,1365179902093.948,2.1975125735432545e-07,3.3756066923442336e-07,2.436168455820035,141.38057363886045,0.002518169710058021,0.12778656549785847,0.0004802995275989238,0.083984375,0.09222199342660736,0.7869086007540155
stress,layered_3bar,3.8,1379609972640.1558,2.1745276270067173e-07,3.3756066923442336e-07,2.401018003864874,142.79490148080077,0.002481926273779548,0.1289001251855604,0.0004853763354657347,0.0859375,0.09342855002113436,0.7863540569714284
stress,layered_3bar,3.9,1393272964715.8909,2.1532033391688933e-07,3.3756066923442336e-07,2.366358417364753,144.1532452902298,0.0024461863871679122,0.1299669327952149,0.0004901832686981226,0.0859375,0.0924741323312748,0.7858087824472342
stress,layered_3bar,4.0,1406201596478.915,2.1334067657951082e-07,3.3756066923442336e-07,2.3321832987654667,145.4581201703874,0.002410943561096385,0.13098928949078104,0.0004947318382447123,0.0859375,0.09158612321687506,0.7852709676589871
stress,layered_3bar,4.1,1418456994156.1926,2.114974237752362e-07,3.3756066923442336e-07,2.298486321187377,146.71190685752435,0.002376191375972209,0.1319693582056118,0.0004990435496212899,0.087890625,0.09290556378011357,0.7847435913320827
stress,layered_3bar,4.2,1430055253804.9548,2.0978210401436488e-07,3.3756066923442336e-07,2.2652612280008353,147.91686041450433,0.0023419234813880853,0.13290917378986683,0.000503124065765518,0.087890625,0.09211405568174556,0.7842231621579858
stress,layered_3bar,4.3,1441028321519.109,2.0818466613046495e-07,3.3756066923442336e-07,2.2325018323932637,149.07511825402926,0.00230813359576302,0.13381065227240577,0.0005069846259974226,0.08984375,0.09349026113724553,0.7837090102867985
stress,layered_3bar,4.4,1451430557622.9243,2.0669263053915856e-07,3.3756066923442336e-07,2.200202016928333,150.18870755132218,0.0022748155059730065,0.1346755993262336,0.0005106443554433158,0.08984375,0.09278195996065816,0.7832041586902095
stress,layered_3bar,4.5,1461266803413.9268,2.0530131752744697e-07,3.3756066923442336e-07,2.168355733097611,151.25955210006512,0.002241963066971968,0.13550571801647232,0.0005141049573753536,0.08984375,0.09211949084818949,0.7827045180179368
stress,layered_3bar,4.6,1470573723998.0342,2.040020130268566e-07,3.3756066923442336e-07,2.1369570008650998,152.28947866004012,0.002209570201403428,0.13630261590101087,0.0005173793313630537,0.091796875,0.0935714216849983,0.7822110672586281
stress,layered_3bar,4.7,1479387155387.2122,2.0278667345971282e-07,3.3756066923442336e-07,2.1059999082050247,153.2802228401507,0.002177630899203314,0.13706781154624867,0.0005204800852829253,0.091796875,0.09297572085645311,0.7817249076371517
stress,layered_3bar,4.8,1487713710670.7915,2.016517007595055e-07,3.3756066923442336e-07,2.0754786106332586,154.23343455626008,0.002146139217194332,0.1378027405135629,0.0005234095457614273,0.091796875,0.09241740004902173,0.7812430706748028
stress,layered_3bar,4.9,1495593166427.914,2.0058930913446352e-07,3.3756066923442336e-07,2.04538733073275,155.15068309950578,0.002115089278672316,0.13850876086616942,0.0005261817070509964,0.09375,0.09393043782852947,0.7807677130500188
stress,layered_3bar,5.0,1503041956617.9395,1.9959522665291603e-07,3.3756066923442336e-07,2.0157203576732954,156.03346184734994,0.002084475272984946,0.13918715824077416,0.0005288023509705013,0.09375,0.093426606280353,0.7802977612314758
stress,layered_3bar,5.1,1510070313781.7178,1.9866624571189692e-07,3.3756066923442336e-07,1.9864720467260186,156.8831926466188,0.0020542914551032413,0.1398391505237884,0.0005312750775469631,0.09375,0.09295370916964425,0.7798314438797502
stress,layered_3bar,5.2,1517742462681.6206,1.9766199297734974e-07,3.3756066923442336e-07,1.957636818772887,157.70122989506635,0.002024532145186198,0.14046589216777286,0.0005339743038442737,0.095703125,0.09445361686770884,0.7793113160621972
stress,layered_3bar,5.3,1525372780742.891,1.966732354132432e-07,3.3756066923442336e-07,1.929209159811588,158.48886434556405,0.0019951917281389453,0.1410684781801414,0.0005366588131566629,0.095703125,0.09394270473577149,0.7787839221982983
stress,layered_3bar,5.4,1532599860890.9614,1.957458092326839e-07,3.3756066923442336e-07,1.9011836204561006,159.24732665483964,0.0019662646531647893,0.14164794781293788,0.0005392014547350465,0.09765625,0.09545027246962273,0.7782657236745756
stress,layered_3bar,5.5,1539447100003.5874,1.9487516004889088e-07,3.3756066923442336e-07,1.8735548154332593,159.97779069672472,0.001937745433311497,0.14220528797963805,0.0005416104601021097,0.09765625,0.09498690370254217,0.7777569141135638
stress,layered_3bar,5.6,1545908756015.977,1.9406061246017e-07,3.3756066923442336e-07,1.8463174230756212,160.6813766581024,0.0019096286450121563,0.14274143642238238,0.0005438838090764809,0.09765625,0.09455131157217267,0.7772536613990557
stress,layered_3bar,5.7,1552016936868.6868,1.9329685963690126e-07,3.3756066923442336e-07,1.8194661848109295,161.35915393415087,0.001881908927620963,0.14325728465077509,0.0005460327979193033,0.099609375,0.09610437510359168,0.7767577674017848
stress,layered_3bar,5.8,1557780771120.4785,1.9258165562296445e-07,3.3756066923442336e-07,1.7929959046484578,162.01214383804316,0.0018545809829442486,0.1437536806713638,0.0005480606382530556,0.099609375,0.09570979220611935,0.7762678710618856
stress,layered_3bar,5.9,1563205045063.6904,1.9191340313757555e-07,3.3756066923442336e-07,1.7669014486625187,162.6413221389634,0.0018276395747670775,0.1442314315251038,0.0005499690139978903,0.1015625,0.09728892274942486,0.7757821368380612
stress,layered_3bar,6.0,1568330514249.6672,1.9128620993740488e-07,3.3756066923442336e-07,1.7411777444734025,163.24762144112256,0.0018010795283757183,0.14469130564849286,0.0005517722638296316,0.1015625,0.09693152433091966,0.7753040218651995
stress,layered_3bar,6.1,1573144997666.1208,1.9070079391605517e-07,3.3756066923442336e-07,1.715819780726014,163.8319334153944,0.0017748957300762931,0.1451340350726121,0.0005534661022072759,0.1015625,0.09659564542176949,0.774829514150894
stress,layered_3bar,6.2,1577673205652.392,1.9015344808112234e-07,3.3756066923442336e-07,1.690822606566455,164.3951108942251,0.0017490831267098965,0.14556031747300677,0.0005550592227574245,0.103515625,0.0982111244486574,0.7743600080310117
stress,layered_3bar,6.3,1581931299856.0938,1.8964161087607952e-07,3.3756066923442336e-07,1.6661813311168099,164.93796983959658,0.0017236367251644699,0.14597081808217385,0.0005565573114938414,0.103515625,0.0979070550328575,0.7738957790893132
stress,layered_3bar,6.4,1585916119664.0107,1.8916511174850625e-07,3.3756066923442336e-07,1.6418911229483668,165.46129119302498,0.0016985515918837132,0.1463661714753687,0.0005579592564451066,0.103515625,0.09762153952312916,0.7734344437367664
stress,layered_3bar,6.5,1589663878658.085,1.8871913995633155e-07,3.3756066923442336e-07,1.6179472095535121,165.9658226158559,0.001673822852373293,0.1467469832394996,0.0005592777983249332,0.10546875,0.09926884662493216,0.7729793408918232
stress,layered_3bar,6.6,1593164252878.6292,1.8830450122009779e-07,3.3756066923442336e-07,1.5943448768165183,166.45228012745477,0.0016494456907046179,0.1471138315340214,0.0005605093049431951,0.10546875,0.09901071663819253,0.7725272507683908
stress,layered_3bar,6.7,1596434230843.0654,1.8791879690626038e-07,3.3756066923442336e-07,1.571079468483456,166.9213496482962,0.0016254153490164334,0.14746726855197226,0.0005616597532241643,0.107421875,0.10067720292869196,0.772078940450082
stress,layered_3bar,6.8,1599492767945.477,1.8755946010643437e-07,3.3756066923442336e-07,1.5481463856314244,167.37368845440298,0.0016017271270144758,0.14780782188859784,0.0005627358120814467,0.107421875,0.1004441375897807,0.7716355372271414
stress,layered_3bar,6.9,1602330945284.8416,1.8722723971774126e-07,3.3756066923442336e-07,1.525541086137323,167.8099265490913,0.001578376381469433,0.148135995824379,0.0005637343436546466,0.107421875,0.10022585101478157,0.7711942642708014
stress,layered_3bar,7.0,1604981171079.4102,1.8691808066398606e-07,3.3756066923442336e-07,1.5032590841463511,168.2306679575187,0.0015553585257134382,0.1484522725287074,0.0005646667498490312,0.109375,0.10191868369627481,0.7707583169022773
stress,layered_3bar,7.1,1607433477869.3025,1.866329177103231e-07,3.3756066923442336e-07,1.48129594954043,168.63649194911505,0.0015326690291353222,0.14875711318993476,0.0005655295238987416,0.109375,0.10172227704687133,0.7703249068919367
stress,layered_3bar,7.2,1609701941865.5845,1.8636990625252723e-07,3.3756066923442336e-07,1.4596473074067398,169.02795419259556,0.0015103034166748426,0.14905095907705376,0.0005663276181163009,0.111328125,0.10343157626436617,0.7698947429294656
stress,layered_3bar,7.3,1611802135297.6936,1.861270645013702e-07,3.3756066923442336e-07,1.4383088375065367,169.40558784790352,0.0014882572683160978,0.14933423253783967,0.0005670665111455356,0.111328125,0.1032553269992854,0.7694688092943616
stress,layered_3bar,7.4,1613725189421.0366,1.8590525943740912e-07,3.3756066923442336e-07,1.417276273744443,169.7699045991109,0.0014665262185803369,0.14960733793789396,0.0005677430827721557,0.111328125,0.10309096431936193,0.7690446521785109
stress,layered_3bar,7.5,1615499509402.052,1.85701077749655e-07,3.3756066923442336e-07,1.3965454036383564,170.12139563200986,0.001445105956018351,0.14987066254467887,0.0005683673265420675,0.11328125,0.10482272305610883,0.7686252040721319
stress,layered_3bar,7.6,1617114884386.1965,1.8551557647301608e-07,3.3756066923442336e-07,1.3761120677901544,170.4605325598579,0.0014239922227026467,0.15012457736030713,0.000568935650057957,0.11328125,0.10467612501473325,0.7682079227574123
stress,layered_3bar,7.7,1618582816118.0996,1.853473279294413e-07,3.3756066923442336e-07,1.3559721593573442,170.78776830049173,0.0014031808137195815,0.15036943790656052,0.0005694520998799176,0.115234375,0.1064224102043762,0.7677934218421489
stress,layered_3bar,7.8,1619916965370.5623,1.8519467751322293e-07,3.3756066923442336e-07,1.3361216235258107,171.1035379077949,0.0013826675766616424,0.15060558496533924,0.0005699214821603931,0.115234375,0.10629229207273341,0.7673826735281501
stress,layered_3bar,7.9,1621105555672.3567,1.850588932659443e-07,3.3756066923442336e-07,1.3165564569837978,171.40825936029614,0.0013624484111200315,0.1508333452775016,0.0005703396536845893,0.115234375,0.10617203892298488,0.766973041736103
stress,layered_3bar,8.0,1622181231293.7913,1.84936179887084e-07,3.3756066923442336e-07,1.297272707397278,171.70233430947874,0.0013425192681777369,0.15105303220282737,0.0005707180994059424,0.1171875,0.10793774053948814,0.7665683136162613
stress,layered_3bar,8.1,1623123997328.4954,1.8482876261688626e-07,3.3756066923442336e-07,1.2782664728868331,171.98614879020658,0.0013228761499032439,0.1512649463436348,0.0005710497846881607,0.1171875,0.10783213339151086,0.7661647496459357
stress,layered_3bar,8.2,1623953088990.6067,1.8473440029383463e-07,3.3756066923442336e-07,1.2595339015061693,172.26007389550279,0.0013035151088450294,0.15146937613439063,0.0005713414768915379,0.119140625,0.10961091163202882,0.7657642897256304
stress,layered_3bar,8.3,1624670964956.5947,1.846527736820944e-07,3.3756066923442336e-07,1.2410711907224092,172.52446641777016,0.0012844322475270141,0.15166659839948302,0.0005715940410311139,0.119140625,0.10951896634873011,0.7653664965024407
stress,layered_3bar,8.4,1625273965197.6743,1.8458426482178494e-07,3.3756066923442336e-07,1.2228745868982591,172.77966945839805,0.0012656237179450864,0.1518568788811669,0.0005718061894303749,0.12109375,0.11131039261612756,0.7649700803059108
stress,layered_3bar,8.5,1625786048419.0618,1.845261252498288e-07,3.3756066923442336e-07,1.204940384776179,173.02601300757178,0.0012470857210648604,0.15204047273954588,0.0005719863512749395,0.12109375,0.1112312147894332,0.7645777768459684
stress,layered_3bar,8.6,1626188729646.2568,1.844804323943745e-07,3.3756066923442336e-07,1.18726492696466,173.26381449598173,0.0012288145063207875,0.15221762502632327,0.0005721280231548859,0.12109375,0.1111596911093448,0.764186213686731
stress,layered_3bar,8.7,1626505397602.137,1.8444451548840396e-07,3.3756066923442336e-07,1.1698446034267116,173.49337932001754,0.0012108063711167524,0.15238857113393062,0.0005722394337238385,0.123046875,0.11296767468286001,0.7637981101898357
stress,layered_3bar,8.8,1626727880026.4587,1.8441928959570085e-07,3.3756066923442336e-07,1.1526758509706627,173.71500134192578,0.0011930576603282764,0.15255353722152626,0.0005723177078056185,0.123046875,0.11290763112151286,0.7634116401060639
stress,layered_3bar,8.9,1626862038966.298,1.844040814859869e-07,3.3756066923442336e-07,1.1357551527433678,173.92896336632282,0.0011755647658064452,0.15271274061925902,0.0005723649077939344,0.125,0.11472724771174181,0.7630270378664474
stress,layered_3bar,9.0,1626919545915.7737,1.8439756332949675e-07,3.3756066923442336e-07,1.1190790377259205,174.13553759435746,0.0011583241258836807,0.15286639021208956,0.0005723851399703857,0.125,0.11467798188882339,0.762645412953778
stress,layered_3bar,9.1,1626886160561.0544,1.844013473545935e-07,3.3756066923442336e-07,1.1026440802319453,174.3349860567393,0.0011413322248814525,0.15301468680437533,0.0005723733942875817,0.126953125,0.11650892988285115,0.7622641205035435
stress,layered_3bar,9.2,1626792601407.0852,1.844119525380904e-07,3.3756066923442336e-07,1.0864468994085648,174.52756102677375,0.0011245855926200448,0.1531578234663454,0.0005723404781734599,0.126953125,0.11646979897170169,0.7618871028552272
stress,layered_3bar,9.3,1626614253613.8853,1.8443217212285168e-07,3.3756066923442336e-07,1.0704841587401175,174.71350541447129,0.0011080808039304725,0.1532959858635127,0.0005722777316001396,0.126953125,0.11643686789923605,0.7615102386535143
stress,layered_3bar,9.4,1626373457655.1262,1.8445947859511567e-07,3.3756066923442336e-07,1.0547525655546988,174.89305314273352,0.0010918144781686431,0.1534293525700029,0.0005721930144247238,0.12890625,0.11828221646323045,0.7611362967499083
stress,layered_3bar,9.5,1626062668423.267,1.8449473432097112e-07,3.3756066923442336e-07,1.0392488705336054,175.06642950655817,0.0010757832787318595,0.1535580953667149,0.0005720836721167864,0.12890625,0.11825849644749038,0.7607636890345664
stress,layered_3bar,9.6,1625686282977.2534,1.8453744928608566e-07,3.3756066923442336e-07,1.0239698672237367,175.23385151614696,0.001059983912577736,0.1536823795251666,0.000571951251655836,0.130859375,0.1201144392485462,0.7603925964075143
stress,layered_3bar,9.7,1625254160641.5234,1.845865140757944e-07,3.3756066923442336e-07,1.0089123915530402,175.39552822474684,0.0010444131297456364,0.1538023640778257,0.000571799221763367,0.130859375,0.1200994192325703,0.7600240266975543
stress,layered_3bar,9.8,1624753201776.0444,1.8464342748921193e-07,3.3756066923442336e-07,0.9940733213490378,175.5516610420071,0.0010290677228806848,0.1539182020756721,0.0005716229737054613,0.1328125,0.12196573626225482,0.7596556172311553
stress,layered_3bar,9.9,1624209908331.5103,1.8470519017346638e-07,3.3756066923442336e-07,0.9794495758605087,175.70244403358723,0.0010139445267604427,0.15403004083369334,0.0005714318314359647,0.1328125,0.12195894632838039,0.7592908744534946
stress,layered_3bar,10.0,1623601694480.3125,1.8477438217753582e-07,3.3756066923442336e-07,0.9650381152823805,175.84806420770772,0.0009990404178243236,0.15413802216496733,0.0005712178487770043,0.1328125,0.12195717293575262,0.75892605933537
stress,layered_3bar,10.1,1622949308926.6216,1.8484865691733315e-07,3.3756066923442336e-07,0.950835940283873,175.98870178929778,0.000984352313705803,0.15424228260394904,0.000570988325567082,0.134765625,0.12383644223885246,0.7585638673412437
stress,layered_3bar,10.2,1622243665214.6785,1.849290624046294e-07,3.3756066923442336e-07,0.9368400915399497,176.1245304823473,0.0009698771727674941,0.1543429536195321,0.0005707400649964571,0.134765625,0.12384221448705819,0.7582025831087715
stress,layered_3bar,10.3,1621490134851.751,1.8501500166538374e-07,3.3756066923442336e-07,0.9230476492661229,176.2557177210526,0.0009556119936391542,0.15444016181843417,0.0005704749568764281,0.13671875,0.12573132111455596,0.7578426520700117
stress,layered_3bar,10.4,1620695213113.7705,1.851057481829808e-07,3.3756066923442336e-07,0.9094557327566517,176.38242491030653,0.0009415538147586741,0.15453402913941594,0.0005701952863841768,0.13671875,0.12574426041445402,0.7574847055640951
stress,layered_3bar,10.5,1619848675194.0442,1.8520248501858518e-07,3.3756066923442336e-07,0.8960614999261773,176.5048076560064,0.0009276997139161083,0.15462467303878083,0.0005698974562137242,0.138671875,0.12764304248384983,0.7571268867586993
stress,layered_3bar,10.6,1618971940672.0256,1.8530277916705077e-07,3.3756066923442336e-07,0.8828621468548273,176.623015985755,0.0009140468078007943,0.15471220666766836,0.0005695890022318649,0.138671875,0.12766279960958488,0.7567720912829248
stress,layered_3bar,10.7,1618042254157.2046,1.8540924949840823e-07,3.3756066923442336e-07,0.8698549073368297,176.73719456029008,0.0009005922515516145,0.15479673904147068,0.0005692619186048654,0.138671875,0.12768691158892548,0.7564166006943476
stress,layered_3bar,10.8,1617088156960.5654,1.8551864269655636e-07,3.3756066923442336e-07,0.8570370524326637,176.84748287621363,0.000887333238310442,0.1548783752018705,0.000568926246777199,0.140625,0.12959735995576063,0.7560644165549463
stress,layered_3bar,10.9,1616086620814.6597,1.8563361402544858e-07,3.3756066923442336e-07,0.8444058900247827,176.95401546033386,0.0008742669987788183,0.15495721637180093,0.0005685738849111814,0.140625,0.12962779743471362,0.7557117897830662
stress,layered_3bar,11.0,1615056991916.5737,1.8575195891012657e-07,3.3756066923442336e-07,0.8319587643769298,177.05692205602566,0.0008613908007778953,0.1550333601036918,0.0005682116394132844,0.142578125,0.1315475049566607,0.7553613702829505
stress,layered_3bar,11.1,1613989701481.6409,1.8587479196713605e-07,3.3756066923442336e-07,0.8196930556970751,177.15632780202398,0.0008487019488116867,0.1551069004213681,0.000567836143780128,0.142578125,0.13158397764920132,0.7550114519555349
stress,layered_3bar,11.2,1612890502348.5771,1.860014672807368e-07,3.3756066923442336e-07,0.807606179703998,177.25235340395238,0.0008361977836336587,0.15517792795587954,0.000567449421983581,0.14453125,0.13351283051700488,0.7546626555652753
stress,layered_3bar,11.3,1611762966194.9722,1.8613158776580895e-07,3.3756066923442336e-07,0.7956955871975335,177.3451152989299,0.000823875681816697,0.15524653007556485,0.0005670527306163139,0.14453125,0.13355507641240305,0.7543152848720224
stress,layered_3bar,11.4,1610599770865.2815,1.8626601433007e-07,3.3756066923442336e-07,0.7839587636324988,177.4347258135591,0.000811733055326472,0.1553127910106225,0.0005666434935871878,0.146484375,0.13549296179556333,0.7539679920407928
stress,layered_3bar,11.5,1609417050468.227,1.864028965722223e-07,3.3756066923442336e-07,0.7723932286963224,177.52129331563003,0.0007997673510982402,0.15537679197247878,0.0005662273872211949,0.146484375,0.13554073778099815,0.7536230181265439
stress,layered_3bar,11.6,1608195599183.7087,1.8654447267003755e-07,3.3756066923442336e-07,0.7609965358903835,177.60492235980462,0.0007879760506170978,0.1554386112681887,0.0005657976544994932,0.146484375,0.13559201774704463,0.75327721113484
stress,layered_3bar,11.7,1606961752220.3394,1.8668770403868664e-07,3.3756066923442336e-07,0.7497662721150791,177.68571382748598,0.0007763566695017151,0.15549832441005879,0.0005653635607124936,0.1484375,0.13754062993792388,0.752934402711627
stress,layered_3bar,11.8,1605691831776.8904,1.86835352875909e-07,3.3756066923442336e-07,0.7387000572586273,177.76376506123358,0.0007649067570915713,0.15555600422079213,0.0005649167755026167,0.1484375,0.1375971049286533,0.7525907605158291
stress,layered_3bar,11.9,1604406115552.081,1.8698507634195166e-07,3.3756066923442336e-07,0.7277955437896152,177.83916999385144,0.0007536238960377052,0.15561172093428352,0.0005644644329985592,0.150390625,0.13955444213224658,0.7522492149151104
stress,layered_3bar,12.0,1603091847752.8628,1.8713837290141896e-07,3.3756066923442336e-07,0.7170504163532995,177.91201927253624,0.0007425057018970047,0.15566554229237808,0.0005640020454391358,0.150390625,0.13961591111647584,0.7519076181167544
stress,layered_3bar,12.1,1601758508020.2751,1.8729415108323094e-07,3.3756066923442336e-07,0.7064623913716668,177.98240037813312,0.000731549822730045,0.15571753363765806,0.0005635329479650897,0.15234375,0.14158188170184435,0.7515672602477426
stress,layered_3bar,12.2,1600403707490.926,1.874527024623885e-07,3.3756066923442336e-07,0.696029216647253,178.05039773972464,0.0007207539387024896,0.1557677580024491,0.0005630563001231175,0.15234375,0.14164815577226683,0.751227605855113
stress,layered_3bar,12.3,1599026690362.4768,1.8761412915002327e-07,3.3756066923442336e-07,0.6857486709707297,178.1160928449668,0.0007101157616900677,0.15581627619437557,0.0005625718360057689,0.154296875,0.14362267130352369,0.7508883768036211
stress,layered_3bar,12.4,1597634895986.0007,1.8777757092921481e-07,3.3756066923442336e-07,0.6756185637322528,178.17956434600526,0.0006996330348871324,0.15586314687836372,0.0005620821729360805,0.154296875,0.143693572135107,0.7505505794544395
stress,layered_3bar,12.5,1596217877340.5562,1.8794426767091923e-07,3.3756066923442336e-07,0.6656367345365783,178.24088816152062,0.000689303532418813,0.1559084266555188,0.0005615836354283411,0.15625,0.14567654651764372,0.750212437359963
stress,layered_3bar,12.6,1594792378763.4539,1.8811226087787646e-07,3.3756066923442336e-07,0.655801052821939,178.30013757470152,0.0006791250589567641,0.155952170138746,0.0005610821144990298,0.15625,0.14575190511328165,0.7498764296573855
stress,layered_3bar,12.7,1593338788425.788,1.8828387420129194e-07,3.3756066923442336e-07,0.6461094174826809,178.35738332770245,0.0006690954493385166,0.15599443002554408,0.0005605707102867114,0.158203125,0.14774325400951419,0.7495393495453065
stress,layered_3bar,12.8,1591882647138.8743,1.8845610292894178e-07,3.3756066923442336e-07,0.6365597564956543,178.41269371235248,0.0006592125681904333,0.1560352571678163,0.000560058408595814,0.158203125,0.1478229098120399,0.7492050812241642
stress,layered_3bar,12.9,1590398966549.3262,1.8863191331852234e-07,3.3756066923442336e-07,0.6271500265503537,178.4661346575436,0.0006494743095542724,0.15607470063902887,0.0005595364179884409,0.158203125,0.14790546082264633,0.7488695713464734
stress,layered_3bar,13.0,1588911752348.917,1.888084719346462e-07,3.3756066923442336e-07,0.6178782126827994,178.51776981337724,0.0006398785965173568,0.15611280779879042,0.0005590131841810875,0.16015625,0.14990635083182352,0.7485364893422518
stress,layered_3bar,13.1,1587401819027.0461,1.8898806616202358e-07,3.3756066923442336e-07,0.6087423279131526,178.56766063200524,0.0006304233808463475,0.15614962435481766,0.0005584819573002287,0.16015625,0.1499929556407322,0.7482026923072168
stress,layered_3bar,13.2,1585885328997.9783,1.8916878447292986e-07,3.3756066923442336e-07,0.5997404128870564,178.61586644566833,0.0006211066426246236,0.15618519442267123,0.0005579484236293531,0.162109375,0.15200200239467768,0.7478706334169822
stress,layered_3bar,13.3,1584351696511.5608,1.893518974736118e-07,3.3756066923442336e-07,0.5908705355206888,178.66244454163464,0.0006119263898932574,0.15621956058305322,0.000557408858874842,0.162109375,0.15209252088232147,0.7475385306881733
stress,layered_3bar,13.4,1582808609295.3494,1.8953649748819412e-07,3.3756066923442336e-07,0.582130790649521,178.70745023448688,0.0006028806582955856,0.15625276393700824,0.0005568659677438977,0.1640625,0.15410964925637896,0.7472075086057905
stress,layered_3bar,13.5,1581253636465.2522,1.8972288384463262e-07,3.3756066923442336e-07,0.5735192996807641,178.7509369357128,0.0005939675107253676,0.1562848441590041,0.0005563188949994342,0.1640625,0.1542039497556231,0.7468770861654496
stress,layered_3bar,13.6,1579686430479.1296,1.8991110780701456e-07,3.3756066923442336e-07,0.5650342102494956,178.79295622070146,0.0005851850369785251,0.156315839547977,0.0005557675183686838,0.166015625,0.15622908825764442,0.7465471158218566
stress,layered_3bar,13.7,1578112283332.6838,1.90100541747546e-07,3.3756066923442336e-07,0.5566736958784481,178.83355789332285,0.0005765313534084522,0.15634578707648072,0.0005552136996890729,0.166015625,0.15632704830603777,0.7462183588814876
stress,layered_3bar,13.8,1576523381479.3083,1.9029213491175707e-07,3.3756066923442336e-07,0.548435955641447,178.87279004810804,0.0005680046025848907,0.15637472243796022,0.0005546546899875625,0.16796875,0.15836011591221452,0.7458894742461216
stress,layered_3bar,13.9,1574931891457.862,1.904844276931239e-07,3.3756066923442336e-07,0.5403192138304814,178.9106991301773,0.0005596029529563553,0.15640268009226585,0.0005540947697130942,0.16796875,0.15846163746897615,0.7455623390330457
stress,layered_3bar,14.0,1573323448396.3972,1.9067916410053738e-07,3.3756066923442336e-07,0.5323217196263914,178.94732999296488,0.0005513245985161006,0.15642969330945106,0.0005535288849960645,0.169921875,0.1605025658352197,0.7452345539556547
stress,layered_3bar,14.1,1571716328861.8604,1.9087413834864299e-07,3.3756066923442336e-07,0.5244417467731542,178.98272595386743,0.0005431677584716171,0.1564557942119531,0.0005529634659241537,0.169921875,0.16060755509620794,0.7449089975100985
stress,layered_3bar,14.2,1570090239522.324,1.9107182023580403e-07,3.3756066923442336e-07,0.5166775932557535,179.01692884787792,0.0005351306769176439,0.15648101381520915,0.0005523913728685681,0.171875,0.1626562895523241,0.7445823024027951
stress,layered_3bar,14.3,1568469084428.7769,1.912693102964522e-07,3.3756066923442336e-07,0.5090275809816086,179.0499790792501,0.0005272116225126794,0.15650538206674539,0.0005518210157863983,0.171875,0.16276465768027387,0.7442582784858156
stress,layered_3bar,14.4,1566827413793.9248,1.9146971603820633e-07,3.3756066923442336e-07,0.5014900554655513,179.08191567133196,0.0005194088881589835,0.15652892788384745,0.0005512434408974161,0.171875,0.1628755956331876,0.7439327067027398
stress,layered_3bar,14.5,1565193280194.0918,1.916696192068998e-07,3.3756066923442336e-07,0.4940633855183229,179.11277631459672,0.0005117207906860481,0.1565516791898372,0.0005506685176987744,0.173828125,0.16493282155845185,0.7436100945675573
stress,layered_3bar,14.6,1563539866498.0176,1.9187230618681532e-07,3.3756066923442336e-07,0.4867459629385771,179.14259741291647,0.0005041456705375233,0.15657366294899394,0.0005500868113493533,0.173828125,0.16504701403873764,0.7432859839758306
stress,layered_3bar,14.7,1561891689424.6443,1.9207477831610162e-07,3.3756066923442336e-07,0.4795362022083652,179.17141412824205,0.0004966818914615835,0.15659490520024474,0.0005495069473559511,0.17578125,0.16711194346194824,0.74296432476214
stress,layered_3bar,14.8,1560227703982.1147,1.9227962638678986e-07,3.3756066923442336e-07,0.4724325401920819,179.19926042361885,0.0004893278402047122,0.1566154310895758,0.0005489215216397122,0.17578125,0.16722933064499548,0.74264158947007
stress,layered_3bar,14.9,1558566760211.6929,1.9248453621534466e-07,3.3756066923442336e-07,0.4654334358388504,179.22616910471643,0.0004820819262088904,0.15663526490129953,0.0005483371660488641,0.177734375,0.16930194037002508,0.7423208151545966
stress,layered_3bar,15.0,1556893224615.526,1.9269144168450273e-07,3.3756066923442336e-07,0.4585373698883264,179.25217185984334,0.00047494258131216947,0.15665443008816024,0.0005477483803840399,0.177734375,0.16942247351768353,0.741999354044738
stress,layered_3bar,15.1,1555220643522.4316,1.928986740560025e-07,3.3756066923442336e-07,0.4517428445798926,179.27729929855738,0.00046790825945260627,0.15667294930036144,0.0005471599305338394,0.1796875,0.1715027487156957,0.7416793819072606
stress,layered_3bar,15.2,1553538444775.3152,1.9310754813241093e-07,3.3756066923442336e-07,0.4450483833652283,179.30158098891977,0.00046097743637554556,0.15669084441355494,0.0005465680969869726,0.1796875,0.17162638941720154,0.7413590808169004
stress,layered_3bar,15.3,1551855224163.7844,1.9331700233934818e-07,3.3756066923442336e-07,0.4384525306242232,179.32504549338879,0.0004541486093442246,0.15670813655579016,0.0005459759039263195,0.181640625,0.17371432305649134,0.7410398159928199
stress,layered_3bar,15.4,1550165130621.8894,1.9352776944456693e-07,3.3756066923442336e-07,0.4319538513842166,179.34772040348346,0.000447420296853682,0.15672484613352275,0.000545381292821567,0.181640625,0.1738410422746026,0.7407205505126219
stress,layered_3bar,15.5,1548472152928.5542,1.9373935749030021e-07,3.3756066923442336e-07,0.4255509310425347,179.36963237319165,0.0004407910383479488,0.15674099285666573,0.0005447856670105678,0.18359375,0.17593663436368356,0.7404018889933749
stress,layered_3bar,15.6,1546774830210.293,1.9395195353625794e-07,3.3756066923442336e-07,0.4192423750923029,179.3908071512613,0.0004342593939404986,0.1567565957627883,0.0005441885125267423,0.18359375,0.1760664113695654,0.7400835275520322
stress,layered_3bar,15.7,1545073021641.3914,1.941655803952219e-07,3.3756066923442336e-07,0.41302680885150794,179.4112696122636,0.0004278239441379382,0.15677167324038122,0.0005435897798245882,0.185546875,0.17816965156407988,0.7397653834631817
stress,layered_3bar,15.8,1543368904417.7234,1.9437996913199629e-07,3.3756066923442336e-07,0.40690287719528423,179.43104378657057,0.00042148328956691163,0.15678624305129682,0.0005429902348882428,0.185546875,0.17830248937196883,0.7394477662602782
stress,layered_3bar,15.9,1541659082739.276,1.9459555186932062e-07,3.3756066923442336e-07,0.40086924429139936,179.45015288941536,0.000415236050704198,0.15680032235248875,0.0005423886830025337,0.1875,0.18041337463703896,0.7391300470685207
stress,layered_3bar,16.0,1539948555515.688,1.9481170258933613e-07,3.3756066923442336e-07,0.39492459333891317,179.4686193488014,0.0004090808676099788,0.15681392771688088,0.0005417868828909337,0.1875,0.18054928038862733,0.738813016717875
stress,layered_3bar,16.1,1538231351725.2224,1.9502918053485992e-07,3.3756066923442336e-07,0.389067626309985,179.48646483247478,0.00040301639966425245,0.15682707515352512,0.000541182733820114,0.189453125,0.1826678251596583,0.7384956102824377
stress,layered_3bar,16.2,1536514852625.8047,1.952470550397345e-07,3.3756066923442336e-07,0.38329706369480143,179.5037102739543,0.0003970413253063689,0.15683978012704508,0.0005405788326746973,0.189453125,0.18280679812463052,0.7381790299130812
stress,layered_3bar,16.3,1534790837503.225,1.9546637409435904e-07,3.3756066923442336e-07,0.37761164424960014,179.520375897653,0.0003911543417776644,0.15685205757639245,0.0005399722872313619,0.19140625,0.18493302044871285,0.737861826030596
stress,layered_3bar,16.4,1533068753696.7822,1.956859399009938e-07,3.3756066923442336e-07,0.37201012474776296,179.53648124312443,0.0003853541648671696,0.15686392193294096,0.0005393664212664061,0.19140625,0.18507506423223422,0.7375455620076262
stress,layered_3bar,16.5,1531338447540.5173,1.9590705143061613e-07,3.3756066923442336e-07,0.366491279733951,179.55204518846477,0.0003796395286603675,0.15687538713794294,0.000538757662502685,0.193359375,0.18720898507942174,0.7372284541969527
stress,layered_3bar,16.6,1529611123975.5605,1.96128280775234e-07,3.3756066923442336e-07,0.3610539012812555,179.56708597290168,0.0003740091852909753,0.15688646665937156,0.0005381499530784643,0.193359375,0.18735410688557147,0.7369123776554636
stress,layered_3bar,16.7,1527875004653.3972,1.9635114069298872e-07,3.3756066923442336e-07,0.35569679875133814,179.58162121859883,0.0003684619046957265,0.15689717350817156,0.0005375391491184797,0.1953125,0.18949574956852847,0.7365952644778835
stress,layered_3bar,16.8,1526142751192.226,1.9657400971543413e-07,3.3756066923442336e-07,0.3504187985575338,179.5956679517035,0.0003629964743721282,0.15690752025393964,0.0005369297052511872,0.1953125,0.1896439595906485,0.7362792524115106
stress,layered_3bar,16.9,1524401260679.946,1.9679857773548913e-07,3.3756066923442336e-07,0.3452187439308875,179.6092426226658,0.00035761169913916646,0.1569175190400556,0.0005363170115914847,0.197265625,0.19179334929075997,0.7359620383706624
stress,layered_3bar,17.0,1522664357832.0554,1.970230658233408e-07,3.3756066923442336e-07,0.34009549468910133,179.62236112585413,0.0003523064009009376,0.1569271815982845,0.0005357059319703685,0.197265625,0.19194466021902765,0.7356459743308933
stress,layered_3bar,17.1,1520917907458.0469,1.9724930486313919e-07,3.3756066923442336e-07,0.3350479270083608,179.6350388184923,0.00034707941841317534,0.15693651926286825,0.0005350914933250847,0.19921875,0.19410182360931866,0.7353285704167881
stress,layered_3bar,17.2,1519176610939.8123,1.9747539413104194e-07,3.3756066923442336e-07,0.33007493319801723,179.64729053894328,0.0003419296070526538,0.15694554298412616,0.0005344788679166423,0.19921875,0.19425625024040838,0.7350123448922411
stress,layered_3bar,17.3,1517425585564.7324,1.9770326983668893e-07,3.3756066923442336e-07,0.32517542147809514,179.65913062436076,0.00033685583858943465,0.1569542633415807,0.0005338628196879989,0.201171875,0.19642121519141625,0.7346946688406945
stress,layered_3bar,17.4,1515680413152.5933,1.9793090772744392e-07,3.3756066923442336e-07,0.32034831575960104,179.67057292773345,0.0003318570009619377,0.1569626905566276,0.0005332488306570709,0.201171875,0.19657873738730777,0.7343782290255113
stress,layered_3bar,17.5,1513924891257.885,1.9816042508604042e-07,3.3756066923442336e-07,0.3155925554276046,179.6816308343415,0.0003269319980548056,0.15697083450476465,0.0005326312004565202,0.203125,0.1987515694762805,0.7340601557240595
stress,layered_3bar,17.6,1512176074937.7341,1.9838959561131327e-07,3.3756066923442336e-07,0.31090709512706466,179.6923172776467,0.00032207974947953856,0.15697870472739628,0.0005320159294207121,0.203125,0.1989122022788936,0.7337434094333243
stress,layered_3bar,17.7,1510416382013.969,1.9862072708717844e-07,3.3756066923442336e-07,0.3062909045513743,179.70264475463657,0.0003172991903578717,0.15698631044322892,0.0005313968317628084,0.205078125,0.20109293426378563,0.733424866842574
stress,layered_3bar,17.8,1508664126008.9546,1.9885141750776898e-07,3.3756066923442336e-07,0.3017429682335973,179.71262534064067,0.0003125892711078707,0.15699366055927114,0.0005307803505721976,0.205078125,0.20125669555627498,0.7331077266928304
stress,layered_3bar,17.9,1506900580992.7388,1.9908413586406707e-07,3.3756066923442336e-07,0.29726228534036847,179.72227070363874,0.00030794895723271844,0.15700076368145344,0.0005301598976656695,0.20703125,0.20344535939522107,0.7327886512720009
stress,layered_3bar,18.0,1505145075308.3733,1.9931633496427989e-07,3.3756066923442336e-07,0.29284786946843094,179.7315921180782,0.000303377229112166,0.157007628124881,0.0005295422731682647,0.20703125,0.20361226826131545,0.7324710364568875
stress,layered_3bar,18.1,1503377980694.157,1.9955061458428474e-07,3.3756066923442336e-07,0.2884987484437848,179.74060047821686,0.0002988730817966248,0.15701426192373188,0.0005289205714371384,0.208984375,0.20580889650231327,0.7321513708483837
stress,layered_3bar,18.2,1501619402661.3604,1.9978431250175773e-07,3.3756066923442336e-07,0.2842139641234172,179.7493063110102,0.00029443552480386937,0.15702067284081425,0.0005283018660217551,0.208984375,0.20597897310773092,0.7318332068293548
stress,layered_3bar,18.3,1499849046011.9333,2.0002012922413331e-07,3.3756066923442336e-07,0.2799925721995906,179.75771978855585,0.0002900635819183294,0.15702686837679355,0.0005276790166367786,0.2109375,0.20818359880549173,0.7315128995464546
stress,layered_3bar,18.4,1498087561590.362,2.002553173070348e-07,3.3756066923442336e-07,0.2758336420066603,179.76585074011368,0.0002857562909929424,0.15703285577910236,0.0005270592886915782,0.2109375,0.20835686429979966,0.7311941177210487
stress,layered_3bar,18.5,1496314216836.2139,2.0049264828500786e-07,3.3756066923442336e-07,0.27173625633039344,179.77370866371444,0.0002815127037535399,0.15703864205054371,0.0005264353880273646,0.212890625,0.21056952094689907,0.7308731228223369
stress,layered_3bar,18.6,1494549981737.796,2.007293189694288e-07,3.3756066923442336e-07,0.26769951121976676,179.78130273737116,0.00027733188560574555,0.15704423395759767,0.0005258146923351383,0.212890625,0.21074599737983468,0.7305536601873771
stress,layered_3bar,18.7,1492773979529.0413,2.0096813322981937e-07,3.3756066923442336e-07,0.26372251580121225,179.788641829909,0.00027321291544435427,0.1570496380384439,0.0005251898567214796,0.21484375,0.21296670897324296,0.7302319494599904
stress,layered_3bar,18.8,1491007070991.8435,2.0120628925014746e-07,3.3756066923442336e-07,0.25980439209528733,179.79573451142477,0.00026915488546517055,0.1570548606107079,0.0005245682204562336,0.21484375,0.21314642909544065,0.729911735773336
stress,layered_3bar,18.9,1489228914202.346,2.0144653191929506e-07,3.3756066923442336e-07,0.25594427483574206,179.8025890633894,0.00026515690097927795,0.1570599077789415,0.0005239426268149248,0.216796875,0.21537519298422897,0.7295893194456425
stress,layered_3bar,19.0,1487459217381.568,2.016862018765809e-07,3.3756066923442336e-07,0.252141311290957,179.80921348840715,0.000261218080229715,0.15706478544184777,0.0005233200095717987,0.216796875,0.21555821728024893,0.7292682558820736
stress,layered_3bar,19.1,1485679149023.087,2.0192785245540125e-07,3.3756066923442336e-07,0.24839466108772645,179.81561551964106,0.0002573375542105318,0.15706949929925726,0.0005226937433995814,0.21875,0.2177950661352983,0.7289451039652471
stress,layered_3bar,19.2,1483906790787.9888,2.0216903235592923e-07,3.3756066923442336e-07,0.24470349603736044,179.82180262991844,0.0002535144664882018,0.15707405485886666,0.000522070189813898,0.21875,0.2179814207438044,0.7286231411764817
stress,layered_3bar,19.3,1482125044098.7058,2.0241207123143433e-07,3.3756066923442336e-07,0.24106699996408035,179.82778204052602,0.0002497479730253637,0.15707845744274596,0.0005214433331689599,0.220703125,0.22022638743513082,0.7282992280144233
stress,layered_3bar,19.4,1480350144503.9136,2.0265475780429924e-07,3.3756066923442336e-07,0.2374843685356818,179.83356072970574,0.00024603724200686794,0.15708271219362366,0.0005208188854785077,0.220703125,0.22041609916769006,0.72797632101868
stress,layered_3bar,19.5,1478566943717.843,2.0289916616534977e-07,3.3756066923442336e-07,0.23395480909644004,179.8391454408621,0.00024238145366810217,0.15708682408095723,0.0005201915172511774,0.22265625,0.22266921671929632,0.7276516250272674
stress,layered_3bar,19.6,1476789616665.8694,2.0314335678856309e-07,3.3756066923442336e-07,0.23047754050223174,179.84454269048982,0.00023877980012557221,0.15709079790679584,0.0005195662155293,0.22265625,0.22286231300595666,0.7273277329492448
stress,layered_3bar,19.7,1475005177723.5444,2.0338911654737802e-07,3.3756066923442336e-07,0.22705179295784877,179.84975877583327,0.00023523148520971168,0.15709463831144382,0.0005189384116920817,0.224609375,0.22512361455156354,0.7270022363753746
stress,layered_3bar,19.8,1473225531575.1335,2.0363480917904538e-07,3.3756066923442336e-07,0.22367680785647814,179.8547997822838,0.00023173572429989684,0.15709834977892975,0.0005183122940624098,0.224609375,0.2253201233885709,0.7266773222061585
stress,layered_3bar,19.9,1471440062782.4685,2.0388190289769943e-07,3.3756066923442336e-07,0.2203518376213239,179.85967159052808,0.00022829174416164156,0.15710193664229,0.0005176841279017855,0.2265625,0.22758964212780344,0.7263510109061208
stress,layered_3bar,20.0,1469658208937.414,2.0412909489812922e-07,3.3756066923442336e-07,0.21707614554934562,179.8643798834518,0.0002248987827859479,0.15710540308867163,0.000517057233557152,0.2265625,0.22778959078446864,0.7260250427768311
stress,layered_3bar,20.1,1467871903561.3613,2.0437750683294492e-07,3.3756066923442336e-07,0.21384900565708984,179.86893015281,0.00022155608923078815,0.15710875316426154,0.0005164287730685751,0.228515625,0.2300673611817754,0.7256979045187104
stress,layered_3bar,20.2,1466088275256.28,2.0462615045984078e-07,3.3756066923442336e-07,0.2106697025285885,179.8733277056701,0.00021826292346469343,0.157111990779047,0.0005158012544309005,0.228515625,0.23027072609508692,0.725370915146502
stress,layered_3bar,20.3,1464300993819.8193,2.048759109405581e-07,3.3756066923442336e-07,0.20753753116530224,179.87757767063633,0.0002150185562124261,0.15711511971141454,0.0005151724505433676,0.23046875,0.23255683389229023,0.72504287977608
stress,layered_3bar,20.4,1462515689276.588,2.0512600459581438e-07,3.3756066923442336e-07,0.2044517968380827,179.88168500386251,0.00021182226880271055,0.1571181436125914,0.0005145443421692119,0.23046875,0.2327636425095209,0.7247148437333701
stress,layered_3bar,20.5,1460727617426.834,2.053770986602344e-07,3.3756066923442336e-07,0.20141181494113092,179.88565449485952,0.0002086733530179997,0.15712106601093517,0.0005139152601973542,0.232421875,0.2350581227913818,0.7243859055505528
stress,layered_3bar,20.6,1458940731306.51,2.0562864108355116e-07,3.3756066923442336e-07,0.19841691084792754,179.88949077210486,0.00020557111094625285,0.1571238903160765,0.0005132865953905048,0.232421875,0.2352684028979528,0.7240568005060494
stress,layered_3bar,20.7,1457152049307.5535,2.0588105417177405e-07,3.3756066923442336e-07,0.19546641976911253,179.893198308461,0.00020251485483470253,0.15712661982292042,0.00051265729875509,0.234375,0.23757129067319555,0.7237269567011225
stress,layered_3bar,20.8,1455363673130.019,2.0613404438960367e-07,3.3756066923442336e-07,0.19255968661228895,179.89678142640608,0.00019950390694558506,0.1571292577155086,0.0005120281097142014,0.234375,0.23778507034603133,0.7233967632661613
stress,layered_3bar,20.9,1453574556325.9343,2.0638776228876914e-07,3.3756066923442336e-07,0.18969606584373042,179.900244303086,0.00019653759941381477,0.15713180707074906,0.0005113986601050304,0.236328125,0.24009640050334904,0.7230660137802857
stress,layered_3bar,21.0,1451784778860.4785,2.0664219956588417e-07,3.3756066923442336e-07,0.18687492135196615,179.90359097519,0.00019361527410657507,0.15713427086201576,0.0005107689780610396,0.236328125,0.240313708064903,0.7227347153693178
stress,layered_3bar,21.1,1449995398108.374,2.068972083576073e-07,3.3756066923442336e-07,0.18409562631322396,179.9068253436565,0.00019073628248480752,0.15713665196262191,0.0005101394355893022,0.23828125,0.24263351532855126,0.722403062768447
stress,layered_3bar,21.2,1448204305737.5364,2.0715309215105328e-07,3.3756066923442336e-07,0.18135756305870668,179.90995117821168,0.0001878999854665738,0.15713895314917015,0.0005095092909334367,0.23828125,0.2428543793013747,0.7220706454727228
stress,layered_3bar,21.3,1446414907027.623,2.0740936680229521e-07,3.3756066923442336e-07,0.17866012294367944,179.91297212174686,0.00018510575329226805,0.15714117710478295,0.0005088797421437576,0.240234375,0.2451826847585503,0.721738110073382
stress,layered_3bar,21.4,1444622504871.7468,2.0766670807653928e-07,3.3756066923442336e-07,0.17600270621834713,179.915891694536,0.00018235296539165932,0.15714332642221515,0.0005082491366774642,0.240234375,0.2454071472480156,0.7214045473075945
stress,layered_3bar,21.5,1442833532123.2312,2.0792419452473415e-07,3.3756066923442336e-07,0.17338472190049903,179.9187132982966,0.00017964101025274036,0.15714540360685036,0.0005076197377501274,0.2421875,0.24774393658796104,0.7210711910382384
stress,layered_3bar,21.6,1441039621940.9897,2.0818303357677207e-07,3.3756066923442336e-07,0.17080558764989878,179.92144022009754,0.00017696928529236107,0.15714741107958444,0.0005069886017278612,0.2421875,0.24797207495301318,0.7207364194747203
stress,layered_3bar,21.7,1439251237852.0696,2.0844171754732573e-07,3.3756066923442336e-07,0.16826472964439834,179.92407563611317,0.00017433719672862573,0.1571493511795954,0.0005063594099035776,0.244140625,0.2503173800215574,0.7204022533987234
stress,layered_3bar,21.8,1437455897842.4495,2.0870205510324543e-07,3.3756066923442336e-07,0.16576158245775482,179.926622615227,0.0001717441594550318,0.15715122616700175,0.000505727770837417,0.244140625,0.25054922522960327,0.7200662652615824
stress,layered_3bar,21.9,1435668262066.235,2.0896192242087704e-07,3.3756066923442336e-07,0.16329558893912835,179.9290841224835,0.00016918959691632904,0.15715303822540927,0.0005050988422855698,0.24609375,0.2529030774897806,0.7197313026881521
stress,layered_3bar,22.0,1433871569303.6323,2.092237592420475e-07,3.3756066923442336e-07,0.16086620009423985,179.93146302238935,0.0001666729409860776,0.15715478946434608,0.0005044667272919379,0.24609375,0.2531386605648941,0.7193940924795958
stress,layered_3bar,22.1,1432084838763.3628,2.0948479578839526e-07,3.3756066923442336e-07,0.15847287496816945,179.93376208206263,0.00016419363184588535,0.15715648192158557,0.0005038381172214837,0.248046875,0.2555010910489727,0.7190583488924163
stress,layered_3bar,22.2,1430286869455.6619,2.0974813263452102e-07,3.3756066923442336e-07,0.15611508052977272,179.93598397422923,0.0001617511178663018,0.15715811756535666,0.0005032055531119464,0.248046875,0.25574044302790416,0.7187199133201021
stress,layered_3bar,22.3,1428501198641.3936,2.1001032430726792e-07,3.3756066923442336e-07,0.1537922915576959,179.9381312800641,0.00015934485548934948,0.15715969829643947,0.0005025773158757955,0.25,0.2581114822885607,0.7183834063147626
stress,layered_3bar,22.4,1426702530161.4072,2.102750879442683e-07,3.3756066923442336e-07,0.1515039905279692,179.94020649187644,0.00015697430911267176,0.15716122595014587,0.0005019445057824742,0.251953125,0.2604911104826244,0.7180438433954752
stress,layered_3bar,22.5,1424917569620.091,2.105384945741005e-07,3.3756066923442336e-07,0.14924966750315838,179.94221201563641,0.00015463895097527698,0.15716270229818285,0.0005013165184355598,0.251953125,0.26073431223719684,0.7177064934574597
stress,layered_3bar,22.6,1423120111504.7136,2.108044131867406e-07,3.3756066923442336e-07,0.14702882002305476,179.94415017334188,0.00015233826104485903,0.15716412905039845,0.0005006841341744302,0.25390625,0.26312264302063415,0.7173661694091981
stress,layered_3bar,22.7,1421334177332.0535,2.110692930519138e-07,3.3756066923442336e-07,0.14484095299688424,179.9460232052228,0.0001500717269066748,0.15716550785640732,0.0005000558042831567,0.25390625,0.2633696412676636,0.717027632919209
stress,layered_3bar,22.8,1419538185746.2312,2.113363367131221e-07,3.3756066923442336e-07,0.1426855785970147,179.9478332717818,0.0001478388436539573,0.1571668403070961,0.0004994239359785332,0.255859375,0.2657666843125314,0.7166865914541639
stress,layered_3bar,22.9,1417751245585.749,2.1160270599942511e-07,3.3756066923442336e-07,0.14056221615414488,179.94958245567395,0.00014563911377984794,0.15716812793600946,0.0004987952521591988,0.255859375,0.26601752900035164,0.7163468513072213
stress,layered_3bar,23.0,1415956867720.4788,2.1187086050365654e-07,3.3756066923442336e-07,0.1384703920539536,179.95127276342214,0.00014347204707082582,0.15716937222061583,0.0004981639515960266,0.2578125,0.2684233129444991,0.7160051168533885
stress,layered_3bar,23.1,1414168996802.9788,2.12138719402145e-07,3.3756066923442336e-07,0.13640963963519087,179.95290612697397,0.00014133716050161637,0.15717057458345574,0.0004975349403164392,0.2578125,0.26867803420511427,0.7156641791629527
stress,layered_3bar,23.2,1412376378582.2168,2.124079703889897e-07,3.3756066923442336e-07,0.1343794990891936,179.95448440510324,0.00013923397813156072,0.15717173639317564,0.0004969042588338913,0.259765625,0.2710925869748089,0.7153217780746851
stress,layered_3bar,23.3,1410587652432.9844,2.126773189050389e-07,3.3756066923442336e-07,0.1323795173608056,179.95600938466384,0.00013716203100242618,0.15717285896545316,0.0004962749466654639,0.259765625,0.27135121470129914,0.7149796509005549
stress,layered_3bar,23.4,1408796938731.5151,2.1294765182420177e-07,3.3756066923442336e-07,0.13040924805068468,179.95748278170322,0.00013512085703763982,0.15717394356381859,0.0004956449352335923,0.26171875,0.2737745634560643,0.7146366114344869
stress,layered_3bar,23.5,1407007433345.2651,2.1321848974651655e-07,3.3756066923442336e-07,0.1284682513189791,179.9589062424508,0.00013311000094292735,0.15717499140038446,0.0004950153489128933,0.26171875,0.2740371272557587,0.7142933047571659
stress,layered_3bar,23.6,1405218768196.042,2.1348988982343782e-07,3.3756066923442336e-07,0.1265560937903543,179.9602813441933,0.000131129014108338,0.15717600363649153,0.0004943860582055755,0.263671875,0.27646929833180095,0.7139496570536493
stress,layered_3bar,23.7,1403428725214.5747,2.1376219155991126e-07,3.3756066923442336e-07,0.12467234846035347,179.9616095960587,0.00012917745451163873,0.1571769813832876,0.0004937562827473655,0.263671875,0.2767357949407482,0.7136052164278066
stress,layered_3bar,23.8,1401642086994.8557,2.1403466889554171e-07,3.3756066923442336e-07,0.1228165946030737,179.96289243972785,0.00012725488662305914,0.15717792570225264,0.0004931277051572581,0.265625,0.2791768463307822,0.7132609588239186
stress,layered_3bar,23.9,1399851805864.3235,2.1430839946287614e-07,3.3756066923442336e-07,0.12098841768014088,179.96413125010162,0.00012536088131136997,0.1571788376056917,0.0004924978459131065,0.265625,0.2794472595139211,0.7129154438838663
stress,layered_3bar,24.0,1398067115485.305,2.145819729805048e-07,3.3756066923442336e-07,0.11918740925096569,179.96532733595078,0.0001234950157512776,0.15717971805721426,0.0004918699536150744,0.267578125,0.28189726085880984,0.7125705643843905
stress,layered_3bar,24.1,1396276677105.68,2.1485713033742375e-07,3.3756066923442336e-07,0.11741316688426483,179.96648194057903,0.0001216568733321178,0.15718056797222368,0.0004912400390473241,0.267578125,0.282171616655421,0.7122239920851767
stress,layered_3bar,24.2,1394494074694.4175,2.151317853865679e-07,3.3756066923442336e-07,0.11566529407082939,179.96759624253534,0.00011984604356783097,0.1571813882184429,0.0004906128813410666,0.26953125,0.2846305938878925,0.7118785251073839
stress,layered_3bar,24.3,1392703561028.8486,2.1540836714625572e-07,3.3756066923442336e-07,0.11394340013752487,179.96867135640784,0.00011806212200820291,0.15718217961649963,0.000489982940286109,0.26953125,0.28490891781625466,0.7115309142839331
stress,layered_3bar,24.4,1390923186635.9211,2.1568408872784577e-07,3.3756066923442336e-07,0.11224710016250637,179.96970833373842,0.00011630471015135403,0.15718294294060087,0.0004893565664444192,0.271484375,0.2873768958426424,0.7111848960932646
stress,layered_3bar,24.5,1389132680848.8486,2.1596209212836377e-07,3.3756066923442336e-07,0.11057601489163206,179.97070816409254,0.00011457341535746042,0.15718367891932122,0.0004887266281612851,0.271484375,0.2876592128478613,0.7108362674594265
stress,layered_3bar,24.6,1387354674613.7827,2.1623886486237932e-07,3.3756066923442336e-07,0.10892977065606009,179.97167177632204,0.00011286785076369116,0.15718438823653336,0.0004881010874882499,0.2734375,0.29013621548380875,0.7104897361738703
stress,layered_3bar,24.7,1385566509561.7222,2.165179353930076e-07,3.3756066923442336e-07,0.10730799929101206,179.97260004005187,0.00011118763520034488,0.15718507153250333,0.00048747197272582465,0.275390625,0.2926220114767908,0.7101405826813882
stress,layered_3bar,24.8,1383788893068.08,2.1679607453334322e-07,3.3756066923442336e-07,0.10571033805568836,179.97349376742437,0.00010953239310817082,0.15718572940517517,0.0004868465691721693,0.275390625,0.29290857236576656,0.7097931350944972
stress,layered_3bar,24.9,1382003596234.1562,2.1707613555961417e-07,3.3756066923442336e-07,0.10413642955431908,179.9743537151255,0.00010790175445685731,0.15718636241166312,0.0004862184635103131,0.27734375,0.2954033964827037,0.7094435788203116
stress,layered_3bar,25.0,1380226206822.3748,2.1735567584292933e-07,3.3756066923442336e-07,0.10258592165833626,179.9751805867148,0.00010629535466467355,0.15718697106996754,0.0004855931398489198,0.27734375,0.2956939809821508,0.7090951887030151
stress,layered_3bar,25.1,1378443653373.336,2.1763675233720155e-07,3.3756066923442336e-07,0.1010584674296514,179.9759750352738,0.00010471283451924837,0.1571875558609247,0.00048496599936862124,0.279296875,0.2981979095806677,0.7087452169663783
stress,layered_3bar,25.2,1376666579479.4016,2.179176893459908e-07,3.3756066923442336e-07,0.09955372504502379,179.97673766638013,0.00010315384009947067,0.1571881172303967,0.000484340786713164,0.279296875,0.29849253980435136,0.7083959117886997
stress,layered_3bar,25.3,1374886910457.9587,2.1819976444467967e-07,3.3756066923442336e-07,0.09807135772150535,179.97746904140604,0.00010161802269849776,0.1571886555917001,0.00048371466103626934,0.28125,0.3010055924401639,0.7080455691614723
stress,layered_3bar,25.4,1373110242266.0986,2.184820932548708e-07,3.3756066923442336e-07,0.0966110336429466,179.97816968113233,0.00010010503874785523,0.15718917132826635,0.0004830895911154907,0.28125,0.3013042896741913,0.7076953783197426
stress,layered_3bar,25.5,1371333599481.5427,2.1876514956931003e-07,3.3756066923442336e-07,0.09517242588755002,179.9788400696588,9.861454974261473e-05,0.15718966479652072,0.0004824645301335459,0.283203125,0.30382648449926525,0.7073447112982904
stress,layered_3bar,25.6,1369557429030.746,2.1904886472144067e-07,3.3756066923442336e-07,0.0937552123564565,179.9794806585831,9.714622216763476e-05,0.15719013632895878,0.00048183963532873344,0.283203125,0.3041292691435351,0.7069936661374745
stress,layered_3bar,25.7,1367783955187.7026,2.193328843068865e-07,3.3756066923442336e-07,0.09235907570335043,179.98009187141193,9.569972742485017e-05,0.15719058623739351,0.0004812156892482819,0.28515625,0.3066606228322585,0.7066427231693645
stress,layered_3bar,25.8,1366008376472.583,2.196179797774624e-07,3.3756066923442336e-07,0.09098370326507041,179.9806741081582,9.427474176159645e-05,0.1571910148163398,0.00048059100262875387,0.28515625,0.306967514340865,0.7062908570096761
stress,layered_3bar,25.9,1364238367111.2756,2.1990291963070862e-07,3.3756066923442336e-07,0.08962878699321093,179.98122775007317,9.287094619995453e-05,0.15719142234649766,0.00047996827542717575,0.287109375,0.30950800757135377,0.7059397212486879
stress,layered_3bar,26.0,1362463324359.4688,2.201894132754276e-07,3.3756066923442336e-07,0.08829402338670223,179.98175316445142,9.148802646710232e-05,0.15719180909828961,0.0004793437773710199,0.287109375,0.30981905883525696,0.7055870366922641
stress,layered_3bar,26.1,1360697178835.1707,2.204752127558727e-07,3.3756066923442336e-07,0.08697911342535457,179.98225070944704,9.012567292665962e-05,0.15719217533540586,0.0004787224095500535,0.2890625,0.3123686458571942,0.7052358160437375
stress,layered_3bar,26.2,1358922515733.9573,2.2076313882986131e-07,3.3756066923442336e-07,0.08568376250435403,179.98272073882958,8.878358051101268e-05,0.15719252131830522,0.0004780980450631073,0.2890625,0.31268393349777385,0.7048822949992163
stress,layered_3bar,26.3,1357160382371.3972,2.2104977709104886e-07,3.3756066923442336e-07,0.08440768036969643,179.983163606611,8.746144865460489e-05,0.15719284730762112,0.00047747808880656875,0.291015625,0.3152426233668656,0.7045310453311983
stress,layered_3bar,26.4,1355388239816.399,2.2133879517844868e-07,3.3756066923442336e-07,0.0831505810545469,179.98357967147237,8.615898122818105e-05,0.1571931535674203,0.0004768546111017636,0.29296875,0.3178106140709885,0.7041771717162261
stress,layered_3bar,26.5,1353628225562.4475,2.2162658426788248e-07,3.3756066923442336e-07,0.08191218281651214,179.98396930092073,8.487588647397157e-05,0.15719344036826244,0.0004762354003930184,0.29296875,0.31812996630131624,0.7038255051690183
stress,layered_3bar,26.6,1351859927086.8857,2.2191648260960592e-07,3.3756066923442336e-07,0.08069220807581275,179.98433287511006,8.36118769418041e-05,0.15719370799001314,0.00047561327511768764,0.294921875,0.320707196960039,0.7034715919092818
stress,layered_3bar,26.7,1350100960005.9358,2.2220560453396096e-07,3.3756066923442336e-07,0.0794903833543436,179.98467079026653,8.236666942612984e-05,0.15719395672436506,0.00047499443282683173,0.294921875,0.3210306977960107,0.7031192958823606
stress,layered_3bar,26.8,1348336654768.8367,2.2249636167566253e-07,3.3756066923442336e-07,0.07830643921560959,179.98498346166366,8.113998490395208e-05,0.15719418687702807,0.0004743737124583152,0.296875,0.3236171756366259,0.7027654027064196
stress,layered_3bar,26.9,1346578841226.684,2.2278680669503983e-07,3.3756066923442336e-07,0.07714011020552496,179.98527132610243,7.993154847364435e-05,0.15719439876955496,0.00047375527600711356,0.296875,0.3239448377721541,0.7024125221589027
stress,layered_3bar,27.0,1344818905391.0942,2.2307836304008184e-07,3.3756066923442336e-07,0.07599113479406404,179.9855348438595,7.874108929464623e-05,0.1571945927407755,0.0004731360928876275,0.298828125,0.3265405132913579,0.7020587609529039
stress,layered_3bar,27.1,1343062128842.316,2.2337015805709009e-07,3.3756066923442336e-07,0.07485925531775188,179.98577450007903,7.756834052802457e-05,0.15719476914782107,0.00047251802127290407,0.298828125,0.32687240278449303,0.701705293149797
stress,layered_3bar,27.2,1341306904005.433,2.2366245868423923e-07,3.3756066923442336e-07,0.07374421792298297,179.98599080559356,7.64130392778884e-05,0.15719492836672905,0.00047190049558365856,0.30078125,0.3294772313882247,0.7013517707485664
stress,layered_3bar,27.3,1339551086724.0947,2.2395562436790477e-07,3.3756066923442336e-07,0.07264577251015653,179.9861842971706,7.527492653364543e-05,0.15719507079262438,0.0004712827614597652,0.30078125,0.3298134058652991,0.7009977225753504
stress,layered_3bar,27.4,1337800729223.8843,2.2424864439567386e-07,3.3756066923442336e-07,0.0715636726786171,179.98635553719419,7.415374711308892e-05,0.15719519683948535,0.0004706669482038047,0.302734375,0.33242738562810265,0.7006445069224949
stress,layered_3bar,27.5,1336045983154.7566,2.2454316975799063e-07,3.3756066923442336e-07,0.07049767567238935,179.98650511280016,7.30492496063031e-05,0.15719530693950712,0.0004700495909553092,0.302734375,0.33276785636409684,0.7002899288344512
stress,layered_3bar,27.6,1334300651183.266,2.2483688345198524e-07,3.3756066923442336e-07,0.0694475423266957,179.9866336344955,7.1961186320376e-05,0.1571954015420857,0.000469435545787984,0.3046875,0.33539098304858234,0.6999370902672187
stress,layered_3bar,27.7,1332547090985.007,2.251327566804732e-07,3.3756066923442336e-07,0.06841303701524624,179.98674173430152,7.088931322490839e-05,0.15719548111245127,0.000468818605754258,0.3046875,0.3357357597826886,0.6995820351167893
stress,layered_3bar,27.8,1330806944675.8813,2.2542713742229917e-07,3.3756066923442336e-07,0.06739392759829003,179.98683006346778,6.983338989830806e-05,0.15719554612998554,0.00046820638501401403,0.306640625,0.33836802674462063,0.6992296464229759
stress,layered_3bar,27.9,1329056616374.177,2.257240183028736e-07,3.3756066923442336e-07,0.06638998537141695,179.9868992898125,6.879317947485799e-05,0.15719559708626435,0.0004675905820307133,0.30859375,0.3410101102046251,0.6988746064784176
stress,layered_3bar,28.0,1327319889306.4119,2.260193661053059e-07,3.3756066923442336e-07,0.06540098501509992,179.98695009474878,6.77684485925482e-05,0.15719563448286872,0.00046697956425280986,0.30859375,0.3413585156954697,0.6985223059924099
stress,layered_3bar,28.1,1325574926381.9163,2.2631689392227225e-07,3.3756066923442336e-07,0.06442670454496695,179.98698317006108,6.675896734166041e-05,0.15719565882901237,0.00046636564892412136,0.310546875,0.34400977819213346,0.6981678018301108
stress,layered_3bar,28.2,1323839769650.5686,2.2661352746577926e-07,3.3756066923442336e-07,0.06346692526279286,179.9869992144981,6.576450921409495e-05,0.15719567063903397,0.00046575518362420155,0.310546875,0.3443624445859079,0.6978152046561407
stress,layered_3bar,28.3,1322100412337.479,2.269116605671416e-07,3.3756066923442336e-07,0.06252143170820056,179.98699893024903,6.478485105342974e-05,0.15719567042980337,0.000465143240469661,0.3125,0.34702285382164055,0.6974613323869208
stress,layered_3bar,28.4,1320366875416.1067,2.2720957756945894e-07,3.3756066923442336e-07,0.06159001161106176,179.9869830193687,6.381977300570085e-05,0.15719565871809046,0.00046453334505358195,0.3125,0.34737980362149107,0.6971084832887309
stress,layered_3bar,28.5,1318633290917.3855,2.2750828609164508e-07,3.3756066923442336e-07,0.06067245584458781,179.98695218021547,6.286905847089507e-05,0.15719563601794337,0.00046392343289877253,0.314453125,0.35004934384997966,0.6967553246184478
stress,layered_3bar,28.6,1316901501606.412,2.2780747051624388e-07,3.3756066923442336e-07,0.0597685583791002,179.98690710396176,6.193249405514374e-05,0.15719560283811998,0.0004633141523294603,0.314453125,0.35041057833764333,0.6964022880747608
stress,layered_3bar,28.7,1315173859478.7642,2.2810672356193073e-07,3.3756066923442336e-07,0.05887811623647186,179.98684847123113,6.100986952360879e-05,0.15719555967961277,0.0004627063308280622,0.31640625,0.35308923093531375,0.6960499274213746
stress,layered_3bar,28.8,1313443948686.4873,2.2840715837171102e-07,3.3756066923442336e-07,0.058000929445229284,179.98677694891222,6.0100977754050756e-05,0.15719550703330348,0.00046209771116185956,0.31640625,0.35345474940249627,0.695696770624906
stress,layered_3bar,28.9,1311722420931.9385,2.287069239747074e-07,3.3756066923442336e-07,0.05713680099630669,179.98669318719155,5.9205614691069665e-05,0.1571954453777795,0.0004614920408278692,0.318359375,0.35614249275562815,0.6953452951759568
stress,layered_3bar,29.0,1309994600632.3755,2.290085774820603e-07,3.3756066923442336e-07,0.05628553679944234,179.98659781684083,5.832357930100862e-05,0.15719537517733687,0.0004608841566417755,0.318359375,0.3565122712181863,0.6949921062253401
stress,layered_3bar,29.1,1308279283908.7766,2.2930883618647768e-07,3.3756066923442336e-07,0.05544694564020853,179.9864914467867,5.745467352751158e-05,0.15719529688019168,0.00046028067148149484,0.3203125,0.3592091018019816,0.6946415878621071
stress,layered_3bar,29.2,1306554472313.3467,2.296115518772278e-07,3.3756066923442336e-07,0.054620839137666154,179.98637466198494,5.659870224772568e-05,0.15719521091691532,0.0004596738458219524,0.322265625,0.3619159642355979,0.6942886224411476
stress,layered_3bar,29.3,1304844762931.7485,2.299124068413737e-07,3.3756066923442336e-07,0.053807031702634664,179.98624802161078,5.575547322913889e-05,0.15719511769910244,0.00045907233344468006,0.322265625,0.3622890251656808,0.6939389711758247
stress,layered_3bar,29.4,1303126514980.9453,2.302155596952048e-07,3.3756066923442336e-07,0.05300534049656928,179.9861120575751,5.492479708704453e-05,0.15719501761827884,0.0004584678170158908,0.32421875,0.3650049454951442,0.6935871097740341
stress,layered_3bar,29.5,1301419178582.6897,2.3051758029777534e-07,3.3756066923442336e-07,0.05221558539103642,179.9859672733625,5.410648724262341e-05,0.15719491104504626,0.00045786713950498047,0.32421875,0.36538222431956713,0.693237616646237
stress,layered_3bar,29.6,1299707675195.7368,2.3082113441764496e-07,3.3756066923442336e-07,0.05143758892777879,179.98581414318951,5.330035988163471e-05,0.15719479832846284,0.0004572649959582021,0.326171875,0.36810716961419776,0.6928869565003579
stress,layered_3bar,29.7,1298002857670.241,2.3112429855390605e-07,3.3756066923442336e-07,0.0506711762793623,179.98565311146896,5.2506233913707667e-05,0.1571946797956486,0.0004566652046406753,0.326171875,0.3684886548936536,0.6925377017535382
stress,layered_3bar,29.8,1296298282631.53,2.3142821680746943e-07,3.3756066923442336e-07,0.04991617521039607,179.98548459256634,5.172393093222496e-05,0.15719455575160649,0.00045606549863519283,0.328125,0.3712225886785165,0.692188343132218
stress,layered_3bar,29.9,1294596133394.963,2.3173250117260643e-07,3.3756066923442336e-07,0.04917241603931733,179.9853089708275,5.09532751747895e-05,0.1571944264792425,0.00045546664607885786,0.328125,0.3716082664453636,0.6918394100480765
stress,layered_3bar,30.0,1292898673442.0703,2.320367451544468e-07,3.3756066923442336e-07,0.04843973160073373,179.98512660085635,5.019409348426675e-05,0.15719429223957024,0.00045486944331295,0.330078125,0.3743511485709825,0.691491456310662
stress,layered_9bar,0.1,896308112034.1678,1.0041189942568449e-06,1.01268200770327e-06,1.4653026606257895,8.598576989793793,0.0015161461633354989,0.008831747696652532,0.0003153403900341543,1.0,1.0,0.7999822079940793
stress,layered_9bar,0.2,903180353642.3127,9.964787169810691e-07,1.01268200770327e-06,1.482028249337685,16.67120651889374,0.0015334255640761323,0.016982474792157285,0.00031775819181461916,1.0,1.0,0.7999389615443204
stress,layered_9bar,0.3,909424264267.4839,9.896371092813596e-07,1.01268200770327e-06,1.4616946362902192,24.26046506044543,0.0015124185928965357,0.024523839693687825,0.00031995493329831646,1.0,1.0,0.7998743257948352
stress,layered_9bar,0.4,915107038426.1783,9.834915066852072e-07,1.01268200770327e-06,1.4403331444859222,31.404501063905084,0.0014903487521051005,0.03151782336427938,0.000321954254955254,1.0,1.0,0.7997915596162359
stress,layered_9bar,0.5,920286892334.903,9.779559042904196e-07,1.01268200770327e-06,1.4192210734286275,38.13759717335751,0.0014685356442437675,0.038018311028139795,0.000323776638497215,1.0,1.0,0.7996933636611004
stress,layered_9bar,0.6,925014516768.7756,9.729577035653935e-07,1.01268200770327e-06,1.3984104137102114,44.49064880003273,0.0014470330234830986,0.044072373382475744,0.00032543991802452956,1.0,1.0,0.7995819944564594
stress,layered_9bar,0.7,929334248173.33,9.684352016177297e-07,1.01268200770327e-06,1.3778997281841585,50.491573225416424,0.0014258394449746048,0.04972131188153978,0.0003269596920482896,1.0,1.0,0.799459350053278
stress,layered_9bar,0.8,933285027546.4625,9.643356246333808e-07,1.01268200770327e-06,1.3576849844032954,56.16566072904495,0.0014049507811646452,0.05500151727482334,0.0003283496608455541,1.0,1.0,0.7993270366491109
stress,layered_9bar,0.9,936901191044.7115,9.606135722769612e-07,1.01268200770327e-06,1.337762061951457,61.5358771108016,0.0013843628123327892,0.05994517920210945,0.00032962190461157016,1.0,1.0,0.7991864210025079
stress,layered_9bar,1.0,940213125808.9833,9.57229776201664e-07,1.01268200770327e-06,1.3181268859058184,66.623125285083,0.001364071364524295,0.06458087614764559,0.00033078711419330973,1.0,1.0,0.7990386720466466
stress,layered_9bar,1.1,943247817057.1323,9.541501010921367e-07,1.01268200770327e-06,1.2987754338196609,71.44647226829119,0.0013440723168013703,0.06893406864700755,0.00033185478356835617,1.0,1.0,0.798884794201218
stress,layered_9bar,1.2,946029306885.4379,9.513447347239403e-07,1.01268200770327e-06,1.2797037355925507,76.02334678884301,0.0013243616011443429,0.07302751376647396,0.00033283337126108973,1.0,1.0,0.7987256542419523
stress,layered_9bar,1.3,948579080943.6316,9.487875266073695e-07,1.01268200770327e-06,1.2609078729271699,80.3697118645845,0.00130493520192477,0.07688161513808567,0.000333730436383244,1.0,1.0,0.7985620031269318
stress,layered_9bar,1.4,950916395853.8783,9.464554443735743e-07,1.01268200770327e-06,1.242383978763945,84.50021597296588,0.0012857891553546775,0.08051471994660601,0.00033455275382691534,1.0,1.0,0.7983944938430841
stress,layered_9bar,1.5,953058557686.8624,9.443281241651729e-07,1.01268200770327e-06,1.2241282367170658,88.42832585121363,0.0012669195489363357,0.08394337201798696,0.0003353064122384145,1.0,1.0,0.7982236960884466
stress,layered_9bar,1.6,955021159808.6715,9.423874966082486e-07,1.01268200770327e-06,1.2061368805134367,92.1664434808797,0.001248322520914183,0.08718252839865766,0.0003359968976978941,1.0,1.0,0.7980501084210363
stress,layered_9bar,1.7,956818286838.3281,9.406174739551893e-07,1.01268200770327e-06,1.188406193434744,95.72600941293692,0.0012299942597291118,0.0902457454266789,0.00033662916547597615,1.0,1.0,0.7978741683660833
stress,layered_9bar,1.8,958462690209.2369,9.390036870433901e-07,1.01268200770327e-06,1.1709325077627384,99.11759425997015,0.001211931003475237,0.09314533919430255,0.00033720770180003,1.0,1.0,0.7976962608677992
stress,layered_9bar,1.9,959965939834.5596,9.375332630604643e-07,1.01268200770327e-06,1.1537122042278054,102.35097990800519,0.0011941290393592476,0.09589252442231026,0.0003377365772132985,1.0,1.0,0.7975167253910234
stress,layered_9bar,2.0,961338555580.6902,9.361946369209762e-07,1.01268200770327e-06,1.1367417114609106,105.4352317719133,0.0011765847031624446,0.09849753506093423,0.00033821949283008285,1.0,1.0,0.7973358619157512
stress,layered_9bar,2.1,971692088212.487,9.262193352378005e-07,1.01268200770327e-06,1.1200175054489898,108.378763226953,0.0011592943787055658,0.10096972936294028,0.0003418620873514384,0.25,0.3878181225569657,0.7957856917176751
stress,layered_9bar,2.2,995821409810.0581,9.037765116655455e-07,1.01268200770327e-06,1.103536108993857,111.18939318818053,0.0011422544973164845,0.10331768171286758,0.0003503512994668672,0.236328125,0.3569150429285465,0.7926033123323809
stress,layered_9bar,2.3,1018540590675.8181,8.83617214904352e-07,1.01268200770327e-06,1.087294091174694,113.87439767388594,0.001125461537300873,0.10554926312034613,0.0003583443938718771,0.232421875,0.34285692630534076,0.7896741604958575
stress,layered_9bar,2.4,1039620459036.8632,8.657005469417061e-07,1.01268200770327e-06,1.0712880668141909,116.44055607459302,0.0011089120234159156,0.1076717119776313,0.0003657607430285911,0.23046875,0.3328490951518368,0.7868987521689562
stress,layered_9bar,2.5,1059058706822.9407,8.4981124672484e-07,1.01268200770327e-06,1.0555146959483823,118.89419275187196,0.0010926025263471425,0.10969169642842577,0.0003725995349084626,0.23046875,0.32661073344126984,0.7842328365780933
stress,layered_9bar,2.6,1076919580887.0522,8.357169987183958e-07,1.01268200770327e-06,1.0399706833002547,121.24121450848996,0.0010765296621884721,0.11161536948618732,0.00037888337293035164,0.232421875,0.32389274062737916,0.781651615551287
stress,layered_9bar,2.7,1093281074890.9335,8.232100789724039e-07,1.01268200770327e-06,1.0246527777571595,123.48714440080423,0.0010606900919255216,0.11344841786696712,0.0003846396969348461,0.234375,0.3217011628933942,0.7791375837423851
stress,layered_9bar,2.8,1108234617131.84,8.121024069156399e-07,1.01268200770327e-06,1.0095577718520874,125.63715230389583,0.0010450805209222581,0.11519610535776817,0.00038990067335503936,0.234375,0.3172274302045748,0.7766796052839858
stress,layered_9bar,2.9,1121863170236.9766,8.02236871551714e-07,1.01268200770327e-06,0.9946825012488523,127.69608258810385,0.0010296976984110536,0.11686331142109475,0.0003946954902199916,0.236328125,0.3159579221978783,0.7742678782855458
stress,layered_9bar,3.0,1134249856605.4846,7.934759654221746e-07,1.01268200770327e-06,0.9800238442312216,129.66847922103975,0.0010145384169862035,0.11845456563553483,0.00039905339176995227,0.23828125,0.31506218031247524,0.7718952289003421
stress,layered_9bar,3.1,1145474034660.373,7.857009174955635e-07,1.01268200770327e-06,0.9655787211960328,131.55860857073708,0.000999599512100964,0.11997407848743405,0.00040300229799775447,0.240234375,0.31450350513175673,0.769555962787737
stress,layered_9bar,3.2,1155610300638.9775,7.788092573269366e-07,1.01268200770327e-06,0.951344094150336,133.37048015233015,0.0009848778615681594,0.12142576895714945,0.00040656845345731944,0.2421875,0.3142501718377757,0.7672453804123643
stress,layered_9bar,3.3,1164728468033.4373,7.727122884869357e-07,1.01268200770327e-06,0.9373169662125929,135.10786553195052,0.0009703703850644162,0.12281328928288313,0.0004097764200303767,0.244140625,0.3142746955790097,0.764959541474962
stress,layered_9bar,3.4,1172893732425.3135,7.673329434022783e-07,1.01268200770327e-06,0.9234943811179612,136.77431557633398,0.0009560740436380608,0.12414004723352791,0.00041264913491881235,0.24609375,0.31455319184465075,0.7626951089155788
stress,layered_9bar,3.5,1180167620065.6448,7.626035358858083e-07,1.01268200770327e-06,0.9098734227276946,138.3731762151821,0.0009419858392207272,0.12540922617842964,0.0004152082443754489,0.25,0.31764753058556267,0.7604493896915395
stress,layered_9bar,3.6,1186607299674.6008,7.584649110508623e-07,1.01268200770327e-06,0.8964512145426852,139.90760286404821,0.0009281028141427216,0.1266238032043508,0.00041747386158042383,0.251953125,0.31835951117954264,0.7582200825422879
stress,layered_9bar,3.7,1192265429634.2107,7.548654667242358e-07,1.01268200770327e-06,0.8832249192211662,141.38057363915624,0.0009144220506521708,0.12778656549809164,0.0004194645128803189,0.25390625,0.31927198613006785,0.7560051704946279
stress,layered_9bar,3.8,1197192525251.6946,7.517587865082823e-07,1.01268200770327e-06,0.8701917381005976,142.79490148088038,0.0009009406704379933,0.12890012518562302,0.0004211979706421,0.255859375,0.3203703815895664,0.7538033694845853
stress,layered_9bar,3.9,1201436814871.063,7.491030646472966e-07,1.01268200770327e-06,0.8573489107237532,144.15324529005733,0.0008876558341567268,0.1299669327950796,0.0004226912026300957,0.2578125,0.32164150310960843,0.751614109792423
stress,layered_9bar,4.0,1205044922807.3303,7.468601236071075e-07,1.01268200770327e-06,0.8446937143690249,145.45812016994503,0.0008745647409632378,0.13098928949043487,0.0004239606122768808,0.259765625,0.3230731855433261,0.7494377187678106
stress,layered_9bar,4.1,1208062539302.664,7.449945435105632e-07,1.01268200770327e-06,0.8322234635849545,146.71190685678457,0.0008616646280453409,0.13196935820503417,0.000425022274388197,0.26171875,0.32465397251535494,0.747275616890002
stress,layered_9bar,4.2,1210534980040.4875,7.434729395179465e-07,1.01268200770327e-06,0.819935509729008,147.91686041346117,0.0008489527701623514,0.1329091737890541,0.0004258921319919982,0.263671875,0.32637284394060856,0.7451304796720991
stress,layered_9bar,4.3,1212507524131.3535,7.422634351442599e-07,1.01268200770327e-06,0.8078272405105986,149.07511825266545,0.0008364264791875922,0.13381065227134542,0.00042658611524911896,0.265625,0.32821901620355404,0.7430063101411056
stress,layered_9bar,4.4,1214025437796.0508,7.41335372373964e-07,1.01268200770327e-06,0.795896079538369,150.18870754963532,0.0008240831036548771,0.1346755993249247,0.00042712014978549896,0.267578125,0.330181837630499,0.7409083737729176
stress,layered_9bar,4.5,1215133643424.6184,7.406592722291225e-07,1.01268200770327e-06,0.7841394858717345,151.2595520980455,0.0008119200283089817,0.1355057180149082,0.0004275100402600563,0.26953125,0.3322507907098503,0.7388429714113389
stress,layered_9bar,4.6,1215876068283.739,7.402070190183021e-07,1.01268200770327e-06,0.772554953576692,152.28947865768797,0.0007999346736601225,0.13630261589919257,0.0004277712412259996,0.271484375,0.3344155945851285,0.7368170608131194
stress,layered_9bar,4.7,1216296219596.947,7.399513255892874e-07,1.01268200770327e-06,0.7611400112858989,153.28022283748032,0.000788124495542453,0.137067811544188,0.00042791905945636195,0.275390625,0.3391721137176656,0.7348380872718437
stress,layered_9bar,4.8,1216433364165.7776,7.398679011219118e-07,1.01268200770327e-06,0.7498922217630184,154.23343455328805,0.0007764869846765898,0.1378027405112734,0.00042796730985290025,0.27734375,0.34149843889954345,0.7329128426305855
stress,layered_9bar,4.9,1216321889138.2097,7.399357094836708e-07,1.01268200770327e-06,0.7388091814713303,155.1506830962374,0.0007650196662361751,0.13850876086365577,0.0004279280905507424,0.279296875,0.3438935617226294,0.7310470235317305
stress,layered_9bar,5.0,1215993362117.1692,7.401356191887493e-07,1.01268200770327e-06,0.7278885201466072,156.0334618438213,0.0007537200994184837,0.1391871582380646,0.00042781250770868094,0.28125,0.3463499790700169,0.7292454519401735
stress,layered_9bar,5.1,1215474966566.0781,7.40451284276674e-07,1.01268200770327e-06,0.7171279003742469,156.8831926428537,0.0007425858770190804,0.13983915052090162,0.00042763012505133563,0.283203125,0.3488612548527187,0.727511589302413
stress,layered_9bar,5.2,1215031010933.8706,7.407218349993073e-07,1.01268200770327e-06,0.706525017170658,157.70122989109902,0.0007316146250105286,0.14046589216473548,0.00042747393195173236,0.28515625,0.3513521903556269,0.7257032674295979
stress,layered_9bar,5.3,1214526152402.8794,7.410297408741631e-07,1.01268200770327e-06,0.6960775975688912,158.4888643414937,0.0007208040021251542,0.14106847817702953,0.0004272963119079802,0.287109375,0.35386173476968624,0.7239139988632917
stress,layered_9bar,5.4,1213875334998.4495,7.414270428364455e-07,1.01268200770327e-06,0.685783400208505,159.24732665074535,0.0007101516994418632,0.1416479478098119,0.0004270673404065529,0.2890625,0.356415261944685,0.7222034258088652
stress,layered_9bar,5.5,1213089848021.4138,7.419071237533866e-07,1.01268200770327e-06,0.6756402149296579,159.9777906926079,0.0006996554399770104,0.14220528797649898,0.0004267909892652662,0.29296875,0.3615231324461541,0.7205729967215924
stress,layered_9bar,5.6,1212177645195.5708,7.424654328242421e-07,1.01268200770327e-06,0.6656458623714144,160.68137665396327,0.00068931297827932,0.14274143641923023,0.0004264700567744972,0.294921875,0.3641602373763189,0.7190210107246443
stress,layered_9bar,5.7,1211146314457.7773,7.430976664474469e-07,1.01268200770327e-06,0.6557981935742548,161.35915392998706,0.0006791221000288493,0.14325728464760798,0.0004261072125329429,0.296875,0.3668364343243644,0.7175448372271485
stress,layered_9bar,5.8,1210003474811.212,7.437995168901647e-07,1.01268200770327e-06,0.6460950895867705,162.01214383384257,0.000669080621639991,0.14375368066817237,0.00042570513706909757,0.298828125,0.36955028783157945,0.7161417049713837
stress,layered_9bar,5.9,1208756145747.3616,7.445670519784941e-07,1.01268200770327e-06,0.6365344610765341,162.64132213467826,0.000659186389868508,0.14423143152185178,0.0004252662999904028,0.30078125,0.3723004949127107,0.7148085667515439
stress,layered_9bar,6.0,1207410680474.3108,7.453967523680097e-07,1.01268200770327e-06,0.6271142479451276,163.24762143658194,0.0006494372814225915,0.1446913056450507,0.0004247929364915293,0.302734375,0.3750859098382802,0.7135423821187112
stress,layered_9bar,6.1,1205974553690.9407,7.462844031372872e-07,1.01268200770327e-06,0.6178324189473104,163.8319334100236,0.0006398312025779314,0.1451340350685448,0.00042428767633162886,0.306640625,0.3804325640503509,0.7123405050968192
stress,layered_9bar,6.2,1204454398062.5461,7.472262971912565e-07,1.01268200770327e-06,0.6086869713143112,164.3951108861897,0.0006303660887967898,0.14556031746692763,0.00042375285302440405,0.30859375,0.3832869794517871,0.711200243721678
stress,layered_9bar,6.3,1202852943451.525,7.482211394998096e-07,1.01268200770327e-06,0.5996759303812232,164.93796982332515,0.0006210399043510649,0.14597081806987558,0.0004231894269939117,0.310546875,0.38617374781397384,0.7101182372473482
stress,layered_9bar,6.4,1201175103591.7551,7.492662787538795e-07,1.01268200770327e-06,0.5907973492184871,165.46129115239245,0.0006118506419493325,0.14636617144468625,0.00042259912699696775,0.3125,0.38909199457335963,0.7090918791952247
stress,layered_9bar,6.5,1199425682439.4363,7.503591203496216e-07,1.01268200770327e-06,0.5820493082674345,165.96582250633534,0.0006027963223678488,0.14674698315687223,0.0004219836431682493,0.314453125,0.3920408408052956,0.7081186274471696
stress,layered_9bar,6.6,1197609124685.658,7.51497280246781e-07,1.01268200770327e-06,0.5734299149798796,166.45227983161666,0.0005938749940855052,0.14711383131101932,0.0004213445392452735,0.31640625,0.3950194850326316,0.7071961603775873
stress,layered_9bar,6.7,1195733738192.2092,7.526759271346484e-07,1.01268200770327e-06,0.564937303461729,166.92134887006432,0.0005850847329227099,0.14746726796582893,0.00042068473811174734,0.3203125,0.4005749117020993,0.7063232783551591
stress,layered_9bar,6.8,1193800133128.8938,7.538950407394766e-07,1.01268200770327e-06,0.5565696341205932,167.3736864794234,0.0005764236416841892,0.1478078204022845,0.00042000445443847554,0.322265625,0.4036131970008946,0.7054970029500207
stress,layered_9bar,6.9,1191811610149.7131,7.551529053211218e-07,1.01268200770327e-06,0.5483250933173736,167.80992172651278,0.0005678898498056839,0.14813599219783855,0.000419304849466226,0.32421875,0.40667911733105316,0.704715342887163
stress,layered_9bar,7.0,1189772003224.5752,7.564474517477116e-07,1.01268200770327e-06,0.5402018930218017,168.23065662992846,0.0005594815130045242,0.14845226401677414,0.00041858727206772436,0.326171875,0.40977191735132895,0.7039763820353195
stress,layered_9bar,7.1,1187684653009.706,7.577769046011618e-07,1.01268200770327e-06,0.5321982704719053,168.63646634177854,0.0005511968129340644,0.14875709396149273,0.00041785289755737784,0.328125,0.41289097533579866,0.7032785045290917
stress,layered_9bar,7.2,1185557858688.022,7.591362947026222e-07,1.01268200770327e-06,0.5243124878373805,169.02789843450802,0.000543033956841957,0.14905091723743838,0.00041710464576547984,0.33203125,0.41860485502671085,0.702621182818109
stress,layered_9bar,7.3,1183390028953.361,7.605269420733561e-07,1.01268200770327e-06,0.5165428318868384,169.40547080180679,0.0005349911772322449,0.14933414476754034,0.00041634195683644165,0.333984375,0.4217771366683449,0.7020018797426284
stress,layered_9bar,7.4,1181184270696.6736,7.619471595817742e-07,1.01268200770327e-06,0.5088876136589048,169.76966750906425,0.0005270667315312506,0.14960716026339166,0.00041556592384103976,0.3359375,0.4249737452714734,0.7014190344285105
stress,layered_9bar,7.5,1178943299181.9033,7.633954920686443e-07,1.01268200770327e-06,0.5013451681371435,170.12093177798735,0.0005192589017572386,0.1498703151491708,0.00041477750206728235,0.337890625,0.42819414207178513,0.7008714217770469
stress,layered_9bar,7.6,1176672432502.758,7.648687732793386e-07,1.01268200770327e-06,0.49391385392878095,170.4596552268626,0.000511565994193834,0.1501239206890227,0.00041397856253443354,0.341796875,0.4340272846808738,0.7003582900256163
stress,layered_9bar,7.7,1174374622073.6418,7.663653344371771e-07,1.01268200770327e-06,0.48659205294719765,170.7861625995483,0.0005039863390671643,0.15036823675387875,0.00041317014361329083,0.34375,0.4372963324243438,0.6998786906877075
stress,layered_9bar,7.8,1172049773293.3716,7.678854776543045e-07,1.01268200770327e-06,0.4793781700981656,171.1006915958109,0.0004965182902267113,0.15060345694841207,0.00041235221202113215,0.345703125,0.4405873987288883,0.6994307026825025
stress,layered_9bar,7.9,1169700151753.9043,7.694279586529052e-07,1.01268200770327e-06,0.47227063296979943,171.40336813314693,0.0004891602248298398,0.1508296903543359,0.0004115255648417301,0.34765625,0.4438999859511934,0.6990133732629558
stress,layered_9bar,8.0,1167329644578.7468,7.709904431706454e-07,1.01268200770327e-06,0.4652678915261951,171.6941784338967,0.00048191054302998475,0.1510469409374928,0.0004106915696483848,0.3515625,0.4498442069230506,0.6986259576717625
stress,layered_9bar,8.1,1164943102390.0771,7.725699204995491e-07,1.01268200770327e-06,0.4583684178047254,171.97294064974997,0.00047476766766846773,0.151255086643902,0.0004098519329938641,0.353515625,0.4532010743188502,0.6982683141232949
stress,layered_9bar,8.2,1162538842128.6655,7.741676814445665e-07,1.01268200770327e-06,0.45157070561696594,172.23928009659076,0.00046773004396991936,0.15145386121552334,0.0004090060627418851,0.35546875,0.45657772000541424,0.6979383695342006
stress,layered_9bar,8.3,1160118858283.571,7.757825791501878e-07,1.01268200770327e-06,0.444873270253219,172.49261325583942,0.00046079613924127945,0.15164284255184277,0.0004081546605964147,0.357421875,0.4599736337612288,0.6976353280513631
stress,layered_9bar,8.4,1157687152724.3352,7.774120995314398e-07,1.01268200770327e-06,0.43827464819060913,172.73214613103562,0.0004539644425743511,0.15182145175244224,0.0004072991345008655,0.361328125,0.4660204700180424,0.6973586326980978
stress,layered_9bar,8.5,1155248062245.6772,7.790534599560352e-07,1.01268200770327e-06,0.4317733968047184,172.95689199881392,0.0004472334645518799,0.1519889665548018,0.00040644101023250094,0.36328125,0.46945600366179635,0.6971081445782132
stress,layered_9bar,8.6,1152799892149.7754,7.80707914815687e-07,1.01268200770327e-06,0.42536809408473253,173.16571188358074,0.00044060173695713225,0.15214455160224796,0.00040557969156033183,0.365234375,0.4729088385331611,0.6968818118619488
stress,layered_9bar,8.7,1150344584275.6995,7.823742662001352e-07,1.01268200770327e-06,0.41905733835206704,173.35737828595776,0.000434067812486945,0.15228730589596093,0.00040471586166493145,0.3671875,0.47637836584415993,0.696678856029376
stress,layered_9bar,8.8,1147887677908.6387,7.840488379836339e-07,1.01268200770327e-06,0.41283974798244394,173.5306591674516,0.0004276302644682189,0.15241632517331202,0.00040385146938546403,0.37109375,0.48251784624332933,0.6964991075276161
stress,layered_9bar,8.9,1145430724167.036,7.857306260529072e-07,1.01268200770327e-06,0.4067139611313879,173.68441555017048,0.00042128768657782796,0.15253077426747125,0.00040298706043861814,0.373046875,0.48602135299071375,0.6963416477011106
stress,layered_9bar,9.0,1142973301343.0608,7.874199676776764e-07,1.01268200770327e-06,0.400678635463112,173.81770307292078,0.0004150386925659174,0.15262996228799483,0.00040212248645854726,0.375,0.4895391642099,0.6962047390399344
stress,layered_9bar,9.1,1140517393037.0903,7.891155413275942e-07,1.01268200770327e-06,0.3947324478827615,173.92986614860249,0.0004088819159825603,0.15271341222858834,0.00040125844531834685,0.376953125,0.4930705225315181,0.6960875538305356
stress,layered_9bar,9.2,1138071116370.6323,7.908117401926046e-07,1.01268200770327e-06,0.388874094271986,174.02061345631043,0.00040281600990774597,0.1527809166932038,0.0004003977927952077,0.380859375,0.499290143578243,0.6959906894268479
stress,layered_9bar,9.3,1135630804466.9375,7.925110841128142e-07,1.01268200770327e-06,0.38310228922780787,174.09006547358524,0.0003968396466846701,0.15283257290213131,0.0003995392388033559,0.3828125,0.5028487247283975,0.6959118651713737
stress,layered_9bar,9.4,1133198220075.4722,7.942123311313171e-07,1.01268200770327e-06,0.3774157658047578,174.13876830196156,0.00039095151765629945,0.1528687927648522,0.00039868340351580637,0.384765625,0.5064182236952772,0.6958501292788978
stress,layered_9bar,9.5,1130778406061.658,7.959119091551928e-07,1.01268200770327e-06,0.3718132752602446,174.16767251462494,0.00038515033290518086,0.15289028710774702,0.00039783206112061766,0.388671875,0.5126919418303457,0.6958056554997588
stress,layered_9bar,9.6,1128372907996.4192,7.976086572284631e-07,1.01268200770327e-06,0.36629358680313034,174.1780803263036,0.00037943482099646585,0.15289802651084403,0.00039698575538274223,0.390625,0.5162834105180534,0.6957776730820024
stress,layered_9bar,9.7,1125980192986.067,7.993035806546704e-07,1.01268200770327e-06,0.3608554873454775,174.17156823360594,0.00037380372872412144,0.1528931840387094,0.00039614394699735044,0.392578125,0.5198833696270142,0.6957647852044941
stress,layered_9bar,9.8,1123603025464.2021,8.009946392127029e-07,1.01268200770327e-06,0.35549778125743936,174.14989477700718,0.00036825582086029885,0.15287706699134415,0.00039530760855138893,0.396484375,0.5262033465146179,0.6957668380999192
stress,layered_9bar,9.9,1121246473179.2468,8.026781100573616e-07,1.01268200770327e-06,0.35021929012526193,174.1149039294498,0.00036278987990783006,0.1528510454290689,0.00039447852298728843,0.3984375,0.5298204901713661,0.6957844465442532
stress,layered_9bar,10.0,1118906440484.852,8.043567964538714e-07,1.01268200770327e-06,0.34501885251236536,174.06843386649925,0.0003574047058558223,0.15281648467391415,0.00039365524936894707,0.400390625,0.533444044848679,0.6958159115226323
stress,layered_9bar,10.1,1116583977718.7632,8.060298356051507e-07,1.01268200770327e-06,0.33989532372347564,174.01223885973315,0.00035209911593832234,0.15277468750813167,0.00039283815722767864,0.404296875,0.5398033841449933,0.6958609699163786
stress,layered_9bar,10.2,1114286377641.3079,8.076918268579182e-07,1.01268200770327e-06,0.33484757557177475,173.9479292794081,0.0003468719443960206,0.1527268497599024,0.0003920298123127554,0.40625,0.5434401576101993,0.6959213036888606
stress,layered_9bar,10.3,1112007837267.812,8.093468137880104e-07,1.01268200770327e-06,0.32987449614903885,173.87693175915993,0.00034172204224096537,0.15267403080206557,0.00039122817300988656,0.408203125,0.5470816370411347,0.6959949553984232
stress,layered_9bar,10.4,1109748797643.6306,8.109943456672377e-07,1.01268200770327e-06,0.3249749895987327,173.800468952159,0.0003366482770242573,0.15261713855112607,0.0003904333944882739,0.41015625,0.5507274490226098,0.6960819763001899
stress,layered_9bar,10.5,1107516144515.8955,8.126292374666895e-07,1.01268200770327e-06,0.3201479758920314,173.71955632588046,0.0003316495326066962,0.15255692708606222,0.00038964789930123024,0.4140625,0.55712603765312,0.6961839825760389
stress,layered_9bar,10.6,1105304579902.039,8.142551983994903e-07,1.01268200770327e-06,0.3153923906067381,173.63501224780856,0.0003267247089323499,0.1524940041190471,0.00038886982350502163,0.416015625,0.5607808958194581,0.6962996212985711
stress,layered_9bar,10.7,1103114006469.5554,8.158721534870103e-07,1.01268200770327e-06,0.31070718470906517,173.54747718580091,0.000321872721805014,0.15242884522898073,0.00038809913285598786,0.41796875,0.5644387295468009,0.6964287089129035
stress,layered_9bar,10.8,1100950884193.444,8.174751598109114e-07,1.01268200770327e-06,0.30609132433825303,173.45743804319056,0.00031709250266753763,0.15236181191045106,0.00038733810011168704,0.421875,0.5708644804201702,0.6965731642697681
stress,layered_9bar,10.9,1098810125560.5063,8.19067807134474e-07,1.01268200770327e-06,0.3015437905939913,173.36525426726234,0.0003123829983839808,0.152293170946133,0.0003865849353760165,0.423828125,0.574528653020434,0.6967315476049696
stress,layered_9bar,11.0,1096691211020.3442,8.206503261411698e-07,1.01268200770327e-06,0.2970635793266152,173.27118320041686,0.00030774317102457755,0.15222311322442464,0.0003858394558600191,0.42578125,0.5781946810543719,0.6969038392948357
stress,layered_9bar,11.1,1094601280215.3872,8.222172002419958e-07,1.01268200770327e-06,0.29264970093004633,173.17540300773015,0.0003031719976534743,0.1521517707640656,0.00038510417344281116,0.4296875,0.5846430579445252,0.6970920667965755
stress,layered_9bar,11.2,1092534055358.1475,8.237729483910392e-07,1.01268200770327e-06,0.28830118013744765,173.07803228666694,0.00029866847011921497,0.15207923127987313,0.0003843768794643032,0.431640625,0.5883127839099201,0.6972945784963412
stress,layered_9bar,11.3,1090490165655.2332,8.253169339305549e-07,1.01268200770327e-06,0.2840170558195638,172.97914607453154,0.00029423159484794406,0.15200555007640038,0.0003836577952928557,0.435546875,0.5947781170908998,0.6975116814710086
stress,layered_9bar,11.4,1088475762039.6104,8.268443188055559e-07,1.01268200770327e-06,0.27979638078571456,172.87878839532078,0.0002898603926392963,0.15193075937299166,0.0003829490849584205,0.4375,0.5984497045945317,0.6977451053514246
stress,layered_9bar,11.5,1086484443782.3787,8.283597663550797e-07,1.01268200770327e-06,0.27563822158741613,172.77698174290973,0.0002855538984649491,0.15185487535372738,0.00038224849654748614,0.439453125,0.6021211899565294,0.6979932835910275
stress,layered_9bar,11.6,1084518811401.9333,8.298611241575331e-07,1.01268200770327e-06,0.27154165832459687,172.67373401442669,0.00028131116126980357,0.15177790332306032,0.00038155694497811937,0.443359375,0.6086014961375739,0.6982568900544371
stress,layered_9bar,11.7,1082581877192.8729,8.31345895364232e-07,1.01268200770327e-06,0.2675057844543804,172.56904342562513,0.0002771312437757693,0.15169984136167977,0.00038087549004007425,0.4453125,0.6122721164745788,0.6985370148065698
stress,layered_9bar,11.8,1080668868853.002,8.328175502596277e-07,1.01268200770327e-06,0.263529706602407,172.4629018963937,0.00027301322228812314,0.15162068284500635,0.00038020245273523,0.447265625,0.615941342143134,0.6988322967389221
stress,layered_9bar,11.9,1078784113090.8806,8.342725750950884e-07,1.01268200770327e-06,0.2596125443766637,172.35529731974074,0.00026895618650441395,0.1515404181313512,0.00037953935529232326,0.451171875,0.6224318900010123,0.6991441341826885
stress,layered_9bar,12.0,1076926973332.4435,8.357112620320387e-07,1.01268200770327e-06,0.2557534301837951,172.2462150434626,0.00026495923932588457,0.15145903566439198,0.00037888597375096417,0.453125,0.6260974287848657,0.6994723848066109
stress,layered_9bar,12.1,1075094386402.8333,8.371358007098493e-07,1.01268200770327e-06,0.2519515090478653,172.13563881393335,0.0002610214966713834,0.15137652267540924,0.0003782412304206341,0.455078125,0.6297603410371599,0.6998163022701178
stress,layered_9bar,12.2,1073293228176.0642,8.385406488862734e-07,1.01268200770327e-06,0.24820593843154468,172.02355136310734,0.00025714208729373856,0.15129286561995917,0.0003776075443810717,0.458984375,0.6362560904048229,0.7001779177792528
stress,layered_9bar,12.3,1071518038454.649,8.399298637081149e-07,1.01268200770327e-06,0.24451588805969107,171.90993476533916,0.0002533201525985648,0.15120805044317057,0.00037698299461785996,0.4609375,0.639912336028074,0.7005557265474318
stress,layered_9bar,12.4,1069769912012.5192,8.413024052124094e-07,1.01268200770327e-06,0.2408805397452996,171.794770649562,0.0002495548464654787,0.1511220627373214,0.00037636796629591477,0.46484375,0.6464129064848815,0.700950225664563
stress,layered_9bar,12.5,1068053117310.6841,8.426547195200972e-07,1.01268200770327e-06,0.23729908721779078,171.67804032283763,0.0002458453350716907,0.15103488783339025,0.00037576396115123677,0.466796875,0.6500603737241664,0.701362534999492
stress,layered_9bar,12.6,1066361930398.3069,8.439911200354203e-07,1.01268200770327e-06,0.23377073595361259,171.55972484090228,0.00024219079671795093,0.15094651085310765,0.0003751689653753318,0.46875,0.6537029931499837,0.7017912862710496
stress,layered_9bar,12.7,1064701844289.942,8.453070733621365e-07,1.01268200770327e-06,0.23029470300912658,171.43980504774902,0.00023859042165681898,0.1508569167379224,0.000374584911528364,0.47265625,0.6601998648412499,0.7022379730470126
stress,layered_9bar,12.8,1063070480697.3066,8.466042622213132e-07,1.01268200770327e-06,0.226870216855752,171.31826159753646,0.00023504341192323157,0.15076609026478385,0.0003740109628775795,0.474609375,0.6638305727201829,0.7027020726889864
stress,layered_9bar,12.9,1061466398862.3384,8.478836456477612e-07,1.01268200770327e-06,0.22349651721734098,171.19507496664156,0.00023154898116734183,0.1506740160545651,0.0003734466125334355,0.478515625,0.6703261093826736,0.7031832235504124
stress,layered_9bar,13.0,1059895814741.3901,8.491400640350637e-07,1.01268200770327e-06,0.22017285490975766,171.07022546034554,0.00022810635448960274,0.15058067857647303,0.0003728940474025038,0.48046875,0.6739426774708687,0.7036832041075385
stress,layered_9bar,13.1,1058351943743.9241,8.503787471833297e-07,1.01268200770327e-06,0.2168984916826357,170.943693216676,0.00022471476827806981,0.1504860621503264,0.0003723508805205278,0.482421875,0.6775519991409542,0.7042002479905313
stress,layered_9bar,13.2,1056840050920.3187,8.515952808717468e-07,1.01268200770327e-06,0.21367270006328598,170.81545820879077,0.00022137347004789478,0.15039015094773495,0.0003718189642449922,0.486328125,0.6840344603017338,0.7047357613969601
stress,layered_9bar,13.3,1055358305335.2473,8.527909388215826e-07,1.01268200770327e-06,0.21049476320273128,170.68550024665075,0.000218081718282987,0.15029292899273688,0.00037129765441363594,0.48828125,0.6876263688612407,0.7052894223804266
stress,layered_9bar,13.4,1053905263082.2136,8.539667003539694e-07,1.01268200770327e-06,0.207363974723839,170.5537989783748,0.0002148387822798141,0.15019438016218797,0.00037078644302922947,0.4921875,0.6941009797772417,0.7058607515273079
stress,layered_9bar,13.5,1052486572223.5657,8.551177979388273e-07,1.01268200770327e-06,0.20427963857152892,170.42033389148241,0.00021164394199331884,0.1500944881860556,0.0003702873172010713,0.494140625,0.6976731382088468,0.7064514586518199
stress,layered_9bar,13.6,1051095684307.8262,8.562493533523291e-07,1.01268200770327e-06,0.20124106886502852,170.2850843141285,0.00020849648788492432,0.14999323664769595,0.00036979797304368366,0.49609375,0.7012355292489557,0.7070597176278057
stress,layered_9bar,13.7,1049738733523.024,8.573561889819131e-07,1.01268200770327e-06,0.19824758975215215,170.1480294163843,0.00020539572077260475,0.14989060898415407,0.0003693205686957909,0.5,0.7076872578181227,0.7076872578181227
stress,layered_9bar,13.8,1048401562027.7449,8.584496938933237e-07,1.01268200770327e-06,0.1952985352655784,170.00914821159085,0.00020234095168299529,0.14978658848650742,0.0003688501231255652,0.501953125,0.7090535829893542,0.7083268753750132
stress,layered_9bar,13.9,1047066508257.0472,8.595442533045441e-07,1.01268200770327e-06,0.19239324918110087,169.86841955779946,0.00019933150170551667,0.1496811583002623,0.00036838042261620247,0.505859375,0.7111502560505232,0.7089676655984006
stress,layered_9bar,14.0,1045734159385.3479,8.606393813595931e-07,1.01268200770327e-06,0.18953108487782805,169.7258221593091,0.00019636670184848998,0.14957430142581224,0.00036791167374823814,0.5078125,0.7125221584821362,0.7096092450769319
stress,layered_9bar,14.1,1044403318905.8162,8.617360589613002e-07,1.01268200770327e-06,0.1867114052003081,169.58133456830308,0.00019344589289721766,0.14946600071895866,0.00036744345556494364,0.509765625,0.7138970725394114,0.7102524398252315
stress,layered_9bar,14.2,1043075972961.613,8.628326443419299e-07,1.01268200770327e-06,0.18393358232255408,169.43493518659062,0.00019056842527400607,0.14935623889149902,0.00036697646683402015,0.513671875,0.71600414841478,0.7108959137413117
stress,layered_9bar,14.3,1041750238670.3046,8.639306875981759e-07,1.01268200770327e-06,0.18119699761394628,169.28660226745657,0.00018773365890010623,0.14924499851188405,0.00036651004511710174,0.515625,0.7173845203569428,0.7115409614569896
stress,layered_9bar,14.4,1040427483824.7164,8.650290519926571e-07,1.01268200770327e-06,0.17850104150698728,169.1363139176212,0.00018494096305954804,0.14913226200594662,0.0003660446716329985,0.51953125,0.7194993203255828,0.7121866635478582
stress,layered_9bar,14.5,1039107084238.3052,8.661282495824051e-07,1.01268200770327e-06,0.17584511336688768,168.98404809931307,0.00018218971626484643,0.14901801165770337,0.0003655801267795163,0.521484375,0.7208850346392359,0.7128334588239108
stress,layered_9bar,14.6,1037789191672.2498,8.672281492446245e-07,1.01268200770327e-06,0.17322862136295747,168.8297826324583,0.00017947930612455373,0.14890222961023247,0.000365116463949488,0.525390625,0.7230074172989976,0.7134812562229367
stress,layered_9bar,14.7,1036474413041.297,8.683282372202088e-07,1.01268200770327e-06,0.1706509823417819,168.67349519698877,0.00017680912921263706,0.1487848978666294,0.00036465389666852,0.52734375,0.7243983125524726,0.7141296500387351
stress,layered_9bar,14.8,1035161598613.0814,8.694294699550562e-07,1.01268200770327e-06,0.16811162170215815,168.51516333527127,0.00017417859093965752,0.14866599829104168,0.00036419202043614225,0.53125,0.7265281685827796,0.7147794437444882
stress,layered_9bar,14.9,1033852670755.1432,8.705302268481108e-07,1.01268200770327e-06,0.16560997327177018,168.3547644546611,0.0001715871054257273,0.14854551260978618,0.0003637315115824267,0.533203125,0.7279241164731841,0.7154293216676373
stress,layered_9bar,15.0,1032545635744.4569,8.716321766747941e-07,1.01268200770327e-06,0.1631454791855805,168.19227583018315,0.00016903409537522468,0.14842342241255088,0.00036327166867291345,0.53515625,0.7293229179014349,0.7160806722578406
stress,layered_9bar,15.1,1031242363996.3633,8.727337349798537e-07,1.01268200770327e-06,0.16071758976591569,168.02767460734188,0.0001665189919532422,0.14829970915368237,0.00036281314975977806,0.5390625,0.731462154105051,0.7167322101717027
stress,layered_9bar,15.2,1029941495018.8882,8.738360424865636e-07,1.01268200770327e-06,0.1583257634042244,167.86093780506476,0.00016404123466374766,0.14817435415356262,0.0003623554761928064,0.541015625,0.7328658311524152,0.7173848890301808
stress,layered_9bar,15.3,1028644002127.0408,8.749382664352007e-07,1.01268200770327e-06,0.15596946644448664,167.6920423187808,0.00016160027122943596,0.14804733860007657,0.00036189899040506415,0.544921875,0.7350121182001343,0.7180380414088099
stress,layered_9bar,15.4,1027349560583.2037,8.760406725526702e-07,1.01268200770327e-06,0.15364817306825196,167.52096492363683,0.00015919555747324934,0.1479186435501725,0.0003614435781469026,0.546875,0.7364205054660335,0.7186919018765169
stress,layered_9bar,15.5,1026058097391.5557,8.771433140949616e-07,1.01268200770327e-06,0.15136136518128646,167.3476822778554,0.00015682655720154585,0.14778824993151848,0.00036098921373682846,0.55078125,0.7385736861101561,0.719346530296435
stress,layered_9bar,15.6,1024770320283.2761,8.782455758000622e-07,1.01268200770327e-06,0.14910853230180723,167.1721709262361,0.00015449274208889437,0.14765613854425663,0.0003605361461698282,0.552734375,0.7399866291050331,0.7200014382509441
stress,layered_9bar,15.7,1023485185637.9595,8.793483409718445e-07,1.01268200770327e-06,0.1468891714502834,166.99440730380365,0.00015219359156447507,0.14752229006285703,0.00036008400827789187,0.556640625,0.7421465044114031,0.7206573659840194
stress,layered_9bar,15.8,1022204291483.8856,8.804502265330079e-07,1.01268200770327e-06,0.14470278704078374,166.81436773960547,0.00014992859270006523,0.1473866850380752,0.00035963336228159333,0.55859375,0.7435638555880094,0.7213131958331143
stress,layered_9bar,15.9,1020925814479.9604,8.815527898649935e-07,1.01268200770327e-06,0.14254889077384994,166.63202846066102,0.000147697240099589,0.14724930389901353,0.0003591835666904851,0.5625,0.7457301966549066,0.72197021967789
stress,layered_9bar,16.0,1019651994739.2695,8.826540865348229e-07,1.01268200770327e-06,0.14042700153087675,166.4473655960667,0.00014549903579021253,0.1471101269552908,0.00035873540962432735,0.564453125,0.7471518219362726,0.7226268605563213
stress,layered_9bar,16.1,1018380748737.3401,8.83755904769295e-07,1.01268200770327e-06,0.13833664526997752,166.26035518125823,0.0001433334891149622,0.14696913439932124,0.0003582881580545875,0.56640625,0.7485758829170323,0.7232845983709639
stress,layered_9bar,16.2,1017113962575.2303,8.848565973092046e-07,1.01268200770327e-06,0.13627735492331705,166.0709731624333,0.00014120011662684795,0.14682630630870572,0.0003578424755520126,0.5703125,0.7507501418468447,0.7239421001328994
stress,layered_9bar,16.3,1015850212821.7025,8.859573868671955e-07,1.01268200770327e-06,0.13424867029589158,165.87919540113813,0.00013909844198447144,0.14668162264873796,0.0003573978613230076,0.572265625,0.752178171157375,0.7246003817444554
stress,layered_9bar,16.4,1014590778033.376,8.870571460786465e-07,1.01268200770327e-06,0.13225013796573684,165.68499767901932,0.0001370279958490991,0.1465350632750274,0.00035695476519117397,0.576171875,0.7543583764593826,0.7252585361516679
stress,layered_9bar,16.5,1013334707087.7356,8.881566906817464e-07,1.01268200770327e-06,0.13028131118554553,165.48835570274483,0.00013498831578318194,0.1463866079362422,0.00035651285253124066,0.578125,0.7557902301619509,0.7259172454832515
stress,layered_9bar,16.6,1012082908659.2626,8.892552105165552e-07,1.01268200770327e-06,0.12834174978567545,165.28924510909584,0.00013297894615030243,0.14623623627697357,0.0003560724430343513,0.58203125,0.7579761570718595,0.7265758623243831
stress,layered_9bar,16.7,1010834768411.9534,8.903532289593901e-07,1.01268200770327e-06,0.1264310200785292,165.0876414702331,0.0001309994380165296,0.1460839278407254,0.0003556333205639426,0.583984375,0.7594116331605212,0.7272348291473553
stress,layered_9bar,16.8,1009590888974.6823,8.91450200104341e-07,1.01268200770327e-06,0.1245486947642882,164.88352029913892,0.0001290493490531642,0.14592966207303001,0.00035519569713775897,0.587890625,0.7616030503816341,0.7278937145546368
stress,layered_9bar,16.9,1008351001802.8054,8.925463438732273e-07,1.01268200770327e-06,0.12269435283798193,164.6768570552393,0.00012712824344085548,0.14577341832469434,0.0003547594782760434,0.58984375,0.7630418861432617,0.7285527126300869
stress,layered_9bar,17.0,1007115257288.5836,8.936415107274158e-07,1.01268200770327e-06,0.12086757949787513,164.4676271502065,0.00012523569177507103,0.14561517585517675,0.0003543247168900141,0.59375,0.7652386044565205,0.7292117155251425
stress,layered_9bar,17.1,1005883877133.0134,8.947354863318763e-07,1.01268200770327e-06,0.11906796605515513,164.2558059539465,0.00012337127097290234,0.1454549138360996,0.0003538914909788299,0.595703125,0.7666805807022042,0.7298705624681975
stress,layered_9bar,17.2,1004656561197.1606,8.95828519675967e-07,1.01268200770327e-06,0.11729510984490191,164.0413688007719,0.0001215345641811879,0.14529261135489738,0.00035345969494718555,0.599609375,0.7688823442038938,0.7305294705148824
stress,layered_9bar,17.3,1003433939023.3539,8.969200313036785e-07,1.01268200770327e-06,0.11554861413832315,163.82429099576453,0.00011972516068593617,0.14512824741860486,0.00035302955028155533,0.6015625,0.7703272363906747,0.7311879808658405
stress,layered_9bar,17.4,1002215414098.2188,8.980105348008533e-07,1.01268200770327e-06,0.11382808805623827,163.60454782132757,0.00011794265582303178,0.14496180095778619,0.00035260084711575846,0.60546875,0.7725337273449574,0.7318465258743277
stress,layered_9bar,17.5,1001001736136.1989,8.990993397013886e-07,1.01268200770327e-06,0.11213314648379324,163.38211454393237,0.00011618665089020675,0.14479325083060882,0.0003521738492153929,0.607421875,0.7739813531458923,0.7325045561768635
stress,layered_9bar,17.6,999792294713.8057,9.001869735929786e-07,1.01268200770327e-06,0.11046340998639102,163.156966421059,0.00011445675306026115,0.14462257582706303,0.00035174834182040193,0.611328125,0.7761922980403398,0.7331625149226959
stress,layered_9bar,17.7,998587834591.18,9.012727461960903e-07,1.01268200770327e-06,0.10881850472681952,162.92907870833488,0.00011275257529551478,0.1444497546733307,0.0003513245869533536,0.61328125,0.7776424005393361,0.7338198528898957
stress,layered_9bar,17.8,997387757552.0028,9.023571757176646e-07,1.01268200770327e-06,0.10719806238356229,162.69842666687222,0.00011107373626347476,0.14427476603630499,0.000350902374148935,0.6171875,0.7798575258681267,0.7344770049548536
stress,layered_9bar,17.9,996192845051.9932,9.034395342932094e-07,1.01268200770327e-06,0.10560172007027523,162.46498557080614,0.00010941986025370217,0.1440975885282631,0.00035048197834000426,0.619140625,0.7813097958698157,0.7351333912902702
stress,layered_9bar,18.0,995002361421.9089,9.045204663774408e-07,1.01268200770327e-06,0.10402912025641323,162.2287307150363,0.00010779057709586115,0.14391820071169545,0.0003500631407023664,0.623046875,0.7835288598494893,0.7357895488614167
stress,layered_9bar,18.1,993817262912.357,9.055990810247874e-07,1.01268200770327e-06,0.10247991068899158,161.9896374231717,0.00010618552207893519,0.14373658110429144,0.0003496461976654649,0.625,0.7849830289872053,0.7364447651340106
stress,layered_9bar,18.2,992636696679.1384,9.066761313690557e-07,1.01268200770327e-06,0.10095374431546607,161.74768105568208,0.00010460433587159398,0.14355270818408614,0.00034923084918044516,0.62890625,0.7872057065638906,0.7370996647725094
stress,layered_9bar,18.3,991461653962.7671,9.077506895025091e-07,1.01268200770327e-06,0.09945027920771753,161.50283701825614,0.00010304666444369656,0.14336656039476875,0.0003488174439869494,0.630859375,0.788661517663616,0.7377535052181687
stress,layered_9bar,18.4,990291359101.8749,9.088234404228643e-07,1.01268200770327e-06,0.09796917848712398,161.25508077036883,0.00010151215898891336,0.14317811615115547,0.0003484057091906959,0.634765625,0.7908874499864581,0.7384068550083299
stress,layered_9bar,18.5,989126588500.3986,9.098936480561885e-07,1.01268200770327e-06,0.09651011025070769,161.0043878340572,0.00010000047584845433,0.14298735384482794,0.00034799591794721794,0.63671875,0.7923446582774079,0.7390591274926955
stress,layered_9bar,18.6,987966866577.366,9.109617239674126e-07,1.01268200770327e-06,0.09507274749834005,160.7507338029077,9.851127643588573e-05,0.14279425184994046,0.00034758790293694397,0.640625,0.7945735182085235,0.7397106683484395
stress,layered_9bar,18.7,986812688006.8456,9.12027187062026e-07,1.01268200770327e-06,0.09365676806099196,160.49409435125474,9.704422716302269e-05,0.14259878852919708,0.0003471818381968057,0.642578125,0.7960317879121386,0.7403610979519519
stress,layered_9bar,18.8,985663795961.0953,9.130902481027349e-07,1.01268200770327e-06,0.09226185453001326,160.23444524359093,9.559899936688131e-05,0.1424009422399999,0.000346777633369303,0.646484375,0.7982632746728341,0.7410105983289306
stress,layered_9bar,18.9,984520523292.166,9.141505724943798e-07,1.01268200770327e-06,0.09088769418742877,159.9717623441908,9.417526923767697e-05,0.14220069134077218,0.0003463754055589161,0.6484375,0.7997222655490089,0.741658908578186
stress,layered_9bar,19.0,983382728809.4354,9.152082639173606e-07,1.01268200770327e-06,0.08953397893723596,159.70602162694672,9.277271774785407e-05,0.14199801419745536,0.0003459751050917601,0.65234375,0.8019560606787013,0.7423061233069312
stress,layered_9bar,19.1,982250641618.6033,9.162630818107012e-07,1.01268200770327e-06,0.0882004052376903,159.43719918541888,9.13910305821325e-05,0.14179288919018393,0.00034557681257212704,0.654296875,0.8034154512170473,0.7429520576190988
stress,layered_9bar,19.2,981124322795.985,9.173149407153633e-07,1.01268200770327e-06,0.08688667403456549,159.16527124309806,9.002989806855817e-05,0.14158529472013814,0.00034518054948797265,0.658203125,0.8056511365271554,0.7435966522864773
stress,layered_9bar,19.3,980003632016.2427,9.183639433543276e-07,1.01268200770327e-06,0.08559249069537408,158.89021416388104,8.868901511054243e-05,0.14137520921657598,0.0003447862664698377,0.66015625,0.807110652796811,0.7442400003773486
stress,layered_9bar,19.4,978889112780.2664,9.194095513472374e-07,1.01268200770327e-06,0.08431756494453597,158.61200446276024,8.736808111987779e-05,0.14116261114404735,0.0003443941547329756,0.6640625,0.8093478437865929,0.7448816751787438
stress,layered_9bar,19.5,977780102007.3121,9.204523574905695e-07,1.01268200770327e-06,0.08306161079948089,158.33061881672353,8.606679995071568e-05,0.1409474790097891,0.00034400398099137934,0.666015625,0.8108071440927701,0.7455221663713498
stress,layered_9bar,19.6,976677680522.1688,9.21491314840763e-07,1.01268200770327e-06,0.08182434650767266,158.04603407586728,8.478487983449375e-05,0.1407297913713041,0.0003436161255023576,0.669921875,0.8130454674406703,0.7461606350751271
stress,layered_9bar,19.7,975580710490.4971,9.22527465254518e-07,1.01268200770327e-06,0.08060549448454185,157.75822727471854,8.352203331579904e-05,0.14050952684412435,0.00034323018795142095,0.671875,0.8145041368234415,0.7467979339535745
stress,layered_9bar,19.8,974490626913.9244,9.235594218593709e-07,1.01268200770327e-06,0.07940478125231418,157.46717564376692,8.227797718915399e-05,0.14028666410975893,0.00034284667320287523,0.67578125,0.8167432578158539,0.7474329489117719
stress,layered_9bar,19.9,973405989388.7252,9.245885168275754e-07,1.01268200770327e-06,0.07822193737972265,157.172856621204,8.105243243671308e-05,0.1400611819238278,0.0003424650744918408,0.677734375,0.8182009290693661,0.7480667666929929
stress,layered_9bar,20.0,972328581158.8728,9.256130257194869e-07,1.01268200770327e-06,0.07705669742259058,156.87524786486884,7.984512416685698e-05,0.13983305912438193,0.00034208601920173896,0.681640625,0.8204404222944098,0.7486980002130372
stress,layered_9bar,20.1,971255764899.8071,9.266354265530072e-07,1.01268200770327e-06,0.07590879986527362,156.5743272643977,7.865578155367193e-05,0.13960227464041017,0.0003417085794653062,0.685546875,0.8226820128531179,0.7493286619063672
stress,layered_9bar,20.2,970189432907.6914,9.276538884810039e-07,1.01268200770327e-06,0.0747779870629486,156.27007295357524,7.748413777730186e-05,0.13936880750053285,0.00034133342103285987,0.6875,0.8241384757196406,0.7499572783438881
stress,layered_9bar,20.3,969127806053.9192,9.286700829115689e-07,1.01268200770327e-06,0.07366400518473747,155.96246332288533,7.632992996516142e-05,0.13913263684188276,0.0003409599179688527,0.69140625,0.8263814945972545,0.7505852080009757
stress,layered_9bar,20.4,968072485569.9923,9.296824498323471e-07,1.01268200770327e-06,0.07256660415765466,155.65147703225887,7.519289913399766e-05,0.13889374191917325,0.00034058863362082054,0.693359375,0.8278377665152238,0.7512111965951229
stress,layered_9bar,20.5,967022321548.119,9.306920636114975e-07,1.01268200770327e-06,0.0714855376113661,155.33709302401476,7.407279013278868e-05,0.13865210211395282,0.0003402191634265747,0.697265625,0.8300818524121455,0.7518361189683108
stress,layered_9bar,20.6,965978264185.0419,9.316979826241689e-07,1.01268200770327e-06,0.07042056282374862,155.01929053599113,7.296935158646738e-05,0.13840769694404623,0.0003398518416856796,0.69921875,0.8315376020662552,0.7524592206414226
stress,layered_9bar,20.7,964939837917.5525,9.32700635453398e-07,1.01268200770327e-06,0.06937144066723869,154.6980491148645,7.188233584045897e-05,0.1381605060731822,0.00033948650108481346,0.703125,0.8337823833282343,0.7530808539520824
stress,layered_9bar,20.8,963907297290.3143,9.336997474031298e-07,1.01268200770327e-06,0.06833793555595893,154.37334862965022,7.08114989060208e-05,0.13791050932080512,0.00033912323117824033,0.705078125,0.8352372695868415,0.7537008029102688
stress,layered_9bar,20.9,962880885198.8564,9.34695052975457e-07,1.01268200770327e-06,0.06731981539361193,154.04516928538285,6.975660040637314e-05,0.13765768667207187,0.00033876211742180947,0.708984375,0.8374823641710509,0.7543188588887256
stress,layered_9bar,21.0,961860116910.9025,9.356869925020161e-07,1.01268200770327e-06,0.06631685152213013,153.71349163697033,6.871740352361e-05,0.13740201828803128,0.00033840298927632456,0.7109375,0.838936036069489,0.7549353826702538
stress,layered_9bar,21.1,960845996913.8103,9.366745585564757e-07,1.01268200770327e-06,0.06532881867107153,153.37829660321762,6.769367494637904e-05,0.1371434845159855,0.0003380462001419512,0.71484375,0.8411810515251289,0.755549566609113
stress,layered_9bar,21.2,959837258537.7509,9.376589541555107e-07,1.01268200770327e-06,0.06435549490775024,153.03956548101434,6.668518481831941e-05,0.1368820659000311,0.0003376913043771153,0.716796875,0.8426331482633327,0.7561623861459732
stress,layered_9bar,21.3,958835710041.4694,9.38638382545301e-07,1.01268200770327e-06,0.06339666158809179,152.6972799596818,6.569170668724746e-05,0.13661774319177908,0.00033733893816597087,0.720703125,0.8448776817275766,0.7567723969673403
stress,layered_9bar,21.4,957839540780.4535,9.396145822782327e-07,1.01268200770327e-06,0.062452103308203076,152.35142213547263,6.471301745507936e-05,0.13635049736125085,0.0003369884644849998,0.724609375,0.8471231815284614,0.7573810055073043
stress,layered_9bar,21.5,956850564978.0787,9.405857434181678e-07,1.01268200770327e-06,0.0615216078566462,152.00197452621703,6.374889732848027e-05,0.13608030960794815,0.000336640521616841,0.7265625,0.8485714708929127,0.7579867569975677
stress,layered_9bar,21.6,955867395399.9454,9.415531948586133e-07,1.01268200770327e-06,0.06060496616740701,151.64892008611005,6.279912977023e-05,0.13580716137209506,0.0003362946215027222,0.73046875,0.8508158603869754,0.7585907266484954
stress,layered_9bar,21.7,954891105484.0522,9.425158479654841e-07,1.01268200770327e-06,0.05970197227354808,151.29224222063183,6.186350145129501e-05,0.1355310343460484,0.000335951141801121,0.732421875,0.8522616149708137,0.7591920410998938
stress,layered_9bar,21.8,953921218479.0227,9.434741387082286e-07,1.01268200770327e-06,0.05881242326153628,150.9319248015944,6.0941802203596646e-05,0.13525191048587404,0.00033560991478069277,0.736328125,0.8545044652183156,0.759791055306025
stress,layered_9bar,21.9,952957878617.3234,9.44427891509579e-07,1.01268200770327e-06,0.05793611922623571,150.5679521823073,6.003382497346574e-05,0.13496977202308635,0.0003352709911855082,0.73828125,0.855947289838426,0.7603876312562206
stress,layered_9bar,22.0,952001558485.0007,9.453766036184278e-07,1.01268200770327e-06,0.057072863226556414,150.20030921285385,5.9139365775774284e-05,0.1346846014765458,0.00033493453728145983,0.7421875,0.8581881616021332,0.7609813674409392
stress,layered_9bar,22.1,951051434652.3627,9.463210581549425e-07,1.01268200770327e-06,0.05622246124174926,149.8289812554704,5.825822364873384e-05,0.134396381664513,0.00033460026336834656,0.744140625,0.8596276514289211,0.7615728972770535
stress,layered_9bar,22.2,950108967061.3457,9.472597683018076e-07,1.01268200770327e-06,0.055384722128338386,149.4539542000191,5.739020060935207e-05,0.1341050957168532,0.0003342686830850092,0.748046875,0.8618660952495384,0.7621610269786477
stress,layered_9bar,22.3,949172551035.4475,9.481942972520587e-07,1.01268200770327e-06,0.054559457577681485,149.07521447954582,5.653510160953738e-05,0.13381072708738806,0.000333939231871887,0.751953125,0.8641044958581046,0.7627470170344097
stress,layered_9bar,22.4,948243998923.7242,9.491228006942494e-07,1.01268200770327e-06,0.05374648207414949,148.69274908591356,5.569273449284291e-05,0.13351325956638957,0.0003336125473521928,0.75390625,0.865537392189536,0.7633293861040407
stress,layered_9bar,22.5,947321872015.703,9.500466806334662e-07,1.01268200770327e-06,0.05294561285391645,148.30654558550177,5.486290995184051e-05,0.13321267729321173,0.00033328812335676957,0.7578125,0.867772666542114,0.7639092641470815
stress,layered_9bar,22.6,946407211740.0511,9.509648582931574e-07,1.01268200770327e-06,0.052156669864351135,147.91659213496123,5.404544148611593e-05,0.132908964769054,0.00033296632628252663,0.759765625,0.8692011589959008,0.7644857855897694
stress,layered_9bar,22.7,945499662674.2747,9.518776531917713e-07,1.01268200770327e-06,0.051379475724001714,147.52287749701404,5.324014536087627e-05,0.13260210686985174,0.0003326470310842185,0.763671875,0.8714328323856563,0.7650592091978936
stress,layered_9bar,22.8,944599165993.8976,9.527850885333243e-07,1.01268200770327e-06,0.050613855683164934,147.1253910562878,5.2446840566161115e-05,0.1322920888592871,0.0003323302170661348,0.765625,0.8728564830561386,0.7656295551585152
stress,layered_9bar,22.9,943706484661.3232,9.53686357599833e-07,1.01268200770327e-06,0.04985963758503153,146.72412283517335,5.1665348776648514e-05,0.13197889640191515,0.00033201615265478934,0.76953125,0.8750840709776435,0.7661961766303941
stress,layered_9bar,23.0,942820424830.6489,9.54582629201801e-07,1.01268200770327e-06,0.04911665182739962,146.31906350969288,5.089549431204758e-05,0.13166251557639794,0.0003317044178296249,0.771484375,0.8765024328841612,0.7667600138800251
stress,layered_9bar,23.1,941942902210.1022,9.554719271075873e-07,1.01268200770327e-06,0.04838473132494796,145.91020442536902,5.013710409806918e-05,0.13134293288884022,0.00033139568657782466,0.775390625,0.8787254412054636,0.7673194804483462
stress,layered_9bar,23.2,941072112483.799,9.56356041222605e-07,1.01268200770327e-06,0.04766371147206087,145.49753761307946,4.939000762796651e-05,0.13102013528621964,0.00033108932410241766,0.779296875,0.8809472917509855,0.7678760148104854
stress,layered_9bar,23.3,940209481956.0126,9.572334860180726e-07,1.01268200770327e-06,0.04695343010619726,145.08105580488703,4.865403692463744e-05,0.1306941101699038,0.0003307858322077943,0.78125,0.8823559836366434,0.7684284246664466
stress,layered_9bar,23.4,939354294250.6589,9.581049509311579e-07,1.01268200770327e-06,0.04625372747179558,144.6607524498307,4.792902650328053e-05,0.13036484540924687,0.00033048495885750563,0.78515625,0.8845724898717547,0.7689772640533945
stress,layered_9bar,23.5,938506792737.0455,9.589701502055783e-07,1.01268200770327e-06,0.04556444618470726,144.23662172966473,4.721481333459684e-05,0.13003232935525733,0.00033018678967408627,0.787109375,0.8859747209481253,0.7695223037974971
stress,layered_9bar,23.6,937667500224.3407,9.598285104097897e-07,1.01268200770327e-06,0.04488543119715085,143.80865857453176,4.6511236808529724e-05,0.1296965508543287,0.0003298915085929986,0.791015625,0.8881853654140793,0.7700630838709001
stress,layered_9bar,23.7,936835405375.1295,9.606810276770231e-07,1.01268200770327e-06,0.04421652976317962,143.3768586785565,4.581813869853488e-05,0.12935749926202456,0.0003295987598040803,0.79296875,0.8895806584046095,0.7706004033765851
stress,layered_9bar,23.8,936012301967.6138,9.6152582408168e-07,1.01268200770327e-06,0.04355759140465501,142.94121851534447,4.513536312637311e-05,0.12901516445690825,0.00032930917439692004,0.796875,0.8917849148073154,0.7711327556219489
stress,layered_9bar,23.9,935196466638.0376,9.623646282961628e-07,1.01268200770327e-06,0.04290846787771878,142.50173535337282,4.44627565274182e-05,0.12866953685440907,0.00032902214605523924,0.80078125,0.8939870783349579,0.7716615267309758
stress,layered_9bar,24.0,934389272666.6436,9.631959894311496e-07,1.01268200770327e-06,0.04226901313975651,142.05840727125585,4.380016761647255e-05,0.1283206074207141,0.00032873815792843885,0.802734375,0.8953701178819903,0.7721855525465845
stress,layered_9bar,24.1,933590072988.3588,9.640205332509168e-07,1.01268200770327e-06,0.04163908331684579,141.61123317287237,4.314744735408343e-05,0.12796836768667627,0.0003284569823651679,0.806640625,0.8975650814583848,0.7727053340806314
stress,layered_9bar,24.2,932798986862.7256,9.64838097677359e-07,1.01268200770327e-06,0.04101853667168143,141.1602128023376,4.25044489133523e-05,0.1276128097617283,0.00032817866132348766,0.80859375,0.8989399384771211,0.7732207403846482
stress,layered_9bar,24.3,932016717932.8857,9.656479145525464e-07,1.01268200770327e-06,0.040407233571971596,140.70534675880413,4.187102764723063e-05,0.1272539263477915,0.00032790344236012536,0.8125,0.9011271548440744,0.7737311547669138
stress,layered_9bar,24.4,931242101406.4441,9.664511501796798e-07,1.01268200770327e-06,0.03980503645929734,140.24663651107653,4.124704105629457e-05,0.12689171075316907,0.0003276309156761699,0.81640625,0.9033115768387008,0.7742375104872018
stress,layered_9bar,24.5,930476977349.8597,9.672458555216887e-07,1.01268200770327e-06,0.03921180981842953,139.7840844120221,4.063234875699233e-05,0.1265261569064119,0.00032736172864641043,0.818359375,0.9046722392780233,0.7747382446334328
stress,layered_9bar,24.6,929719738938.7777,9.680336582154305e-07,1.01268200770327e-06,0.03862742014709587,139.31769371276198,4.0026812450356685e-05,0.12615725937014566,0.00032709531595562544,0.822265625,0.906848071841665,0.7752346595040291
stress,layered_9bar,24.7,928971427716.2097,9.688134351048522e-07,1.01268200770327e-06,0.038051735926192196,138.84746857662563,3.943029589117664e-05,0.12578501335484765,0.00032683204404095317,0.82421875,0.9081992613117595,0.7757258537404136
stress,layered_9bar,24.8,928231862790.5406,9.695853332316483e-07,1.01268200770327e-06,0.03748462759043098,138.37341409285122,3.884266485762091e-05,0.12540941473256018,0.00032657184926084925,0.828125,0.9103659384186533,0.7762119432742407
stress,layered_9bar,24.9,927500645767.1549,9.70349728711608e-07,1.01268200770327e-06,0.03692596749942133,137.8955362900156,3.826378712130744e-05,0.12503046005052904,0.00032631459145155556,0.830078125,0.9117071340613331,0.7766932271174525
stress,layered_9bar,25.0,926779049553.5881,9.711052493401883e-07,1.01268200770327e-06,0.036375629909173715,137.4138421491757,3.769353241781193e-05,0.12464814654475395,0.00032606071844920495,0.833984375,0.9138640829684996,0.7771686047213539
stress,layered_9bar,25.1,926065640956.7203,9.718533548768834e-07,1.01268200770327e-06,0.035833490944023584,136.92833961670394,3.7131772417609245e-05,0.12426247215343719,0.00032580972602576315,0.837890625,0.9160172149380409,0.7776392421034551
stress,layered_9bar,25.2,925361875531.8468,9.725924784644168e-07,1.01268200770327e-06,0.035299428568967776,136.43903761680073,3.657838069744164e-05,0.12387343553031842,0.0003255621262767566,0.83984375,0.9173413997629175,0.7781038829415676
stress,layered_9bar,25.3,924666881702.4974,9.73323493908335e-07,1.01268200770327e-06,0.03477332256240756,135.94594606366587,3.603323271210725e-05,0.1234810360578814,0.00032531761256291667,0.84375,0.9194839251817444,0.7785632238367423
stress,layered_9bar,25.4,923980916348.884,9.74046091294131e-07,1.01268200770327e-06,0.034255054489292655,135.4490758733106,3.549620576666316e-05,0.12308527386041822,0.0003250762752602034,0.845703125,0.9207967718875695,0.779017014050889
stress,layered_9bar,25.5,923304631229.8597,9.747595425804185e-07,1.01268200770327e-06,0.03374450767466024,134.9484389749937,3.496717898903677e-05,0.1226861498169385,0.00032483834367134,0.849609375,0.922928103075915,0.7794646684749308
stress,layered_9bar,25.6,922636914476.2504,9.754649807296073e-07,1.01268200770327e-06,0.03324156717756327,134.4440483222625,3.444603330303961e-05,0.12228366557390745,0.0003246034266169382,0.853515625,0.925054861853738,0.7799070901077992
stress,layered_9bar,25.7,921979463234.9216,9.761605717791122e-07,1.01268200770327e-06,0.03274611976538248,133.9359179035818,3.393265140177794e-05,0.12187782355780007,0.00032437212118961305,0.85546875,0.9263486165138982,0.7803428094561845
stress,layered_9bar,25.8,921330898113.1786,9.768477339066096e-07,1.01268200770327e-06,0.03225805388851652,133.4240627525328,3.342691772145423e-05,0.12146862698745547,0.0003241439420894721,0.859375,0.928463282196728,0.7807729571264153
stress,layered_9bar,25.9,920691949665.9923,9.775256537504222e-07,1.01268200770327e-06,0.03177725965544463,132.90849895756332,3.2928718415553806e-05,0.12105607988621694,0.0003239191463414004,0.861328125,0.9297443248111974,0.7811968795187932
stress,layered_9bar,26.0,920062827528.7838,9.781940679174366e-07,1.01268200770327e-06,0.031303628808156486,132.38924367127333,3.24379413294112e-05,0.12064018709384305,0.00032369780769962893,0.865234375,0.9318462980672214,0.7816143627128667
stress,layered_9bar,26.1,919442660260.362,9.788538632144212e-07,1.01268200770327e-06,0.030837054697944018,131.86631511921658,3.1954475975150806e-05,0.12022095427817404,0.0003234796195724829,0.8671875,0.9331140798459041,0.7820261116732484
stress,layered_9bar,26.2,918833271056.9779,9.79503059314218e-07,1.01268200770327e-06,0.030377432261549656,131.33973260820187,3.1478213506996e-05,0.11979838794653871,0.0003232652233994508,0.87109375,0.9352027577811274,0.7824305405190467
stress,layered_9bar,26.3,918232974700.8943,9.801434110914679e-07,1.01268200770327e-06,0.02992465799766608,130.80951653407618,3.1009046696941806e-05,0.11937249545688575,0.0003230540262848404,0.875,0.9372857805286602,0.7828290474007404
stress,layered_9bar,26.4,917642794092.6073,9.807737888793068e-07,1.01268200770327e-06,0.02947862994378223,130.2756883889728,3.054686991078569e-05,0.11894328502862478,0.0003228463881069537,0.876953125,0.9385315040397127,0.7832207259927088
stress,layered_9bar,26.5,917062665746.1608,9.813942205004303e-07,1.01268200770327e-06,0.029039247653370525,129.73827076800728,3.0091579084511097e-05,0.1185107657531605,0.0003226422865300717,0.880859375,0.9406003130005632,0.7836055945521315
stress,layered_9bar,26.6,916491958581.0052,9.82005342843881e-07,1.01268200770327e-06,0.02860641217341044,129.19728737540544,2.9643071701018936e-05,0.11807494760410556,0.0003224414995265412,0.8828125,0.9418313752081756,0.7839841574299684
stress,layered_9bar,26.7,915932283511.2957,9.826053914704064e-07,1.01268200770327e-06,0.02818002602224333,128.6527630300461,2.9201246767201603e-05,0.11763584144715555,0.0003222445938504628,0.88671875,0.9438853611954173,0.7843550017224431
stress,layered_9bar,26.8,915382069368.679,9.831960119348988e-07,1.01268200770327e-06,0.027759993167753894,128.10472367040265,2.8766004791354842e-05,0.11719345904961007,0.00032205101673116025,0.890625,0.9459329059856695,0.7847194367880468
stress,layered_9bar,26.9,914842383663.7167,9.83776020953165e-07,1.01268200770327e-06,0.027346219005873397,127.55319635886895,2.8337247760922387e-05,0.11674781308952556,0.000321861143741712,0.892578125,0.9471397592257349,0.7850765136585203
stress,layered_9bar,27.0,914313049406.8102,9.843455702441343e-07,1.01268200770327e-06,0.026938610339399944,126.99820928545243,2.7914879120568545e-05,0.11629891716448283,0.00032167491261338665,0.896484375,0.9491715558233726,0.785426348969367
stress,layered_9bar,27.1,913793517072.1168,9.84905214564979e-07,1.01268200770327e-06,0.026537075357131245,126.43979177082151,2.7498803750573974e-05,0.1158467857999547,0.00032149213001122346,0.8984375,0.950362340302334,0.7857693807146197
stress,layered_9bar,27.2,913285341622.9014,9.854532411532048e-07,1.01268200770327e-06,0.02614152361330534,125.8779742686915,2.7088927945550043e-05,0.11539143445725746,0.0003213133430046017,0.90234375,0.9523777775725405,0.7861042377171568
stress,layered_9bar,27.3,912786986558.8656,9.859912698722059e-07,1.01268200770327e-06,0.02575186600734459,125.31278836753513,2.6685159393466843e-05,0.11493287954107098,0.00032113801101980925,0.90625,0.9543859836483026,0.7864322075110536
stress,layered_9bar,27.4,912299488515.3824,9.865181459923892e-07,1.01268200770327e-06,0.02536801476389872,124.74426679160564,2.6287407154990577e-05,0.11447113840651274,0.00032096649876737186,0.908203125,0.9555504055994384,0.7867523641015772
stress,layered_9bar,27.5,911822707825.0612,9.870339839931586e-07,1.01268200770327e-06,0.024989883413182555,124.17244340125784,2.5895581643125782e-05,0.1140062293657497,0.0003207987571093103,0.912109375,0.9575413271991216,0.7870647939230483
stress,layered_9bar,27.6,911356026337.9396,9.875394181749465e-07,1.01268200770327e-06,0.024617386771603866,123.59735319255567,2.550959460315765e-05,0.11353817169413351,0.00032063456856722887,0.9140625,0.9586882771070642,0.7873699977095591
stress,layered_9bar,27.7,910901090812.6744,9.880326295328631e-07,1.01268200770327e-06,0.024250440922677453,123.01903229615498,2.5129359092890517e-05,0.11306698563584466,0.00032047451250609166,0.91796875,0.960661305885193,0.7876665200486469
stress,layered_9bar,27.8,910456324320.1707,9.885152927813662e-07,1.01268200770327e-06,0.023888963198220956,122.43751797544942,2.475478946317771e-05,0.11259269240903055,0.00032031803412846995,0.921875,0.9626263154132237,0.7879556910133795
stress,layered_9bar,27.9,910022661179.6812,9.889863608817296e-07,1.01268200770327e-06,0.02353287215982859,121.85284862396985,2.4385801338739035e-05,0.11211531421042316,0.0003201654621478873,0.923828125,0.9637447639048555,0.7882366706526179
stress,layered_9bar,28.0,909600141630.2161,9.894457562275547e-07,1.01268200770327e-06,0.02318208758061833,121.26506376202771,2.4022311599261088e-05,0.11163487421942322,0.0003200168107212891,0.927734375,0.9656909629147103,0.7885093918795851
stress,layered_9bar,28.1,909187995323.6575,9.898942843824212e-07,1.01268200770327e-06,0.022836530427249035,120.67420403259219,2.3664238360776862e-05,0.11115139660163606,0.00031987180882370907,0.931640625,0.9676286720568442,0.7887744912752525
stress,layered_9bar,28.2,908787924982.6313,9.903300596970418e-07,1.01268200770327e-06,0.0224961228422031,120.0803111963947,2.3311500957320132e-05,0.11066490651184685,0.0003197310555094342,0.93359375,0.9687173403088577,0.7890304608488379
stress,layered_9bar,28.3,908398417703.8849,9.90754698004524e-07,1.01268200770327e-06,0.02216078812633109,119.48342812625188,2.2964019922850827e-05,0.11017543009642192,0.00031959401850669827,0.9375,0.97063532933162,0.7892785826477658
stress,layered_9bar,28.4,908020179340.6365,9.911673996645534e-07,1.01268200770327e-06,0.02183045072165428,118.88359880060098,2.2621716973447306e-05,0.1096829944951235,0.00031946094614978084,0.939453125,0.9717043118290077,0.7895182139917569
stress,layered_9bar,28.5,907653564892.6107,9.915677465625155e-07,1.01268200770327e-06,0.02150503619442147,118.28086829624212,2.22845149897617e-05,0.10918762784232626,0.00031933196333518794,0.943359375,0.9736019874635716,0.7897490162791
stress,layered_9bar,28.6,907297650126.9178,9.919567188056786e-07,1.01268200770327e-06,0.021184471218416347,117.67528278028206,2.1952337999734523e-05,0.10868935926762362,0.0003192067448979948,0.947265625,0.975490401557387,0.7899717644876965
stress,layered_9bar,28.7,906953927496.4452,9.923326562842716e-07,1.01268200770327e-06,0.020868683558511562,117.06688950127571,2.1625111161564573e-05,0.10818821889581319,0.00031908581591509085,0.94921875,0.9765275277489314,0.7901851307971789
stress,layered_9bar,28.8,906621279212.0118,9.926967529178592e-07,1.01268200770327e-06,0.020557602054466093,116.45573677956246,2.1302760746930566e-05,0.10768423784625049,0.0003189687831243027,0.953125,0.9783947390542602,0.7903900602792021
stress,layered_9bar,28.9,906299985802.6857,9.93048674940554e-07,1.01268200770327e-06,0.020251156604962267,115.84187399679409,2.098521412446077e-05,0.10717744823156038,0.0003188557452217645,0.955078125,0.9794108451422909,0.7905862813040138
stress,layered_9bar,29.0,905990844629.9862,9.933875218877814e-07,1.01268200770327e-06,0.019949278151878833,115.22535158465506,2.0672399743446926e-05,0.10666788315569826,0.0003187469827363359,0.958984375,0.9812562769272972,0.7907730711751928
stress,layered_9bar,29.1,905692712566.6931,9.937145209542869e-07,1.01268200770327e-06,0.019651898664796778,114.60622101277235,2.0364247117799e-05,0.1061555767113503,0.0003186420934913784,0.962890625,0.9830916947188758,0.790951400949155
stress,layered_9bar,29.2,905406809890.2867,9.940283087875803e-07,1.01268200770327e-06,0.01935895112573431,113.98453477581783,2.0060686810237102e-05,0.10564056397666587,0.0003185415068066443,0.96484375,0.9840739337835233,0.7911201794697821
stress,layered_9bar,29.3,905132537159.361,9.943295186631244e-07,1.01268200770327e-06,0.01907036951410781,113.36034637980354,1.9761650416717256e-05,0.1051228810113141,0.0003184450117858087,0.96875,0.9858867112229328,0.7912799048655087
stress,layered_9bar,29.4,904869626560.2537,9.946184219059657e-07,1.01268200770327e-06,0.018786088791915255,112.7337103275728,1.9467070551087425e-05,0.10460256485185737,0.00031835251420628946,0.970703125,0.9868466462982566,0.7914307869941017
stress,layered_9bar,29.5,904619438608.5823,9.948935006131556e-07,1.01268200770327e-06,0.01850604488913901,112.10468210349146,1.9176880829970507e-05,0.10407965350643615,0.00031826449272661896,0.974609375,0.988636228810812,0.7915716120027723
stress,layered_9bar,29.6,904380549700.9674,9.951562981950288e-07,1.01268200770327e-06,0.018230174689364668,111.47331815734339,1.8891015857871005e-05,0.10355418594875923,0.0003181804464926391,0.978515625,0.9904150711914507,0.7917036019092522
stress,layered_9bar,29.7,904153849278.3367,9.954058158557284e-07,1.01268200770327e-06,0.017958416015612738,110.83967588743653,1.8609411212501947e-05,0.10302620211139482,0.0003181006884287172,0.98046875,0.9913392144966431,0.7918259559282657
stress,layered_9bar,29.8,903939372937.7847,9.95641994302138e-07,1.01268200770327e-06,0.01769070761638018,110.20381362292612,1.8332003430328985e-05,0.10249574287835866,0.0003180252310586737,0.984375,0.9930940381936403,0.7919386208183096
stress,layered_9bar,29.9,903736360217.5026,9.958656524380592e-07,1.01268200770327e-06,0.01742698915188862,109.5657906053627,1.8058729992328442e-05,0.10196285007699546,0.00031795380683575744,0.98828125,0.9948376998572748,0.7920422417661991
stress,layered_9bar,30.0,903546332472.8027,9.960750961568321e-07,1.01268200770327e-06,0.017167201180536114,108.92566696947507,1.7789529309956002e-05,0.10142756646915223,0.00031788695100534996,0.990234375,0.9957249360454888,0.7921354651853789
stress,reversed_3bar,0.1,896380333640.8358,3.346793640390206e-07,3.3756066923442336e-07,3.245829760427778,8.598576989796513,0.003352278585316387,0.0088317476966553,0.0003153657991421494,1.0,1.0,0.19999329392738188
stress,reversed_3bar,0.2,903430859236.8137,3.320674702803813e-07,3.3756066923442336e-07,3.8087337255990246,16.671206518902395,0.00393135775206357,0.01698247479216595,0.0003178463250478401,1.0,1.0,0.19997773990102036
stress,reversed_3bar,0.3,909944638390.6678,3.2969038702242515e-07,3.3756066923442336e-07,3.905660343544635,24.260465060458802,0.004031001678904225,0.024523839693701012,0.0003201380120596992,1.0,1.0,0.1999550902483382
stress,reversed_3bar,0.4,915976622363.6418,3.275192757931548e-07,3.3756066923442336e-07,3.8947951821215687,31.404501063925768,0.004019832908060437,0.03151782336429948,0.00032226019320832287,1.0,1.0,0.19992651133501205
stress,reversed_3bar,0.5,921574507971.7816,3.2552983769076423e-07,3.3756066923442336e-07,3.854145796270579,38.13759717338591,0.003978045418903563,0.03801831102816703,0.0003242296492551182,1.0,1.0,0.1998929211873069
stress,reversed_3bar,0.6,926779931836.7479,3.237014416199561e-07,3.3756066923442336e-07,3.804601388862226,44.49064880006223,0.003927109123354712,0.04407237338250368,0.0003260610288553164,1.0,1.0,0.19985507591987509
stress,reversed_3bar,0.7,931629411516.764,3.220164544951163e-07,3.3756066923442336e-07,3.7525212954426563,50.49157322543221,0.003873560288054457,0.049721311881554556,0.0003277671796679967,1.0,1.0,0.19981360896277353
stress,reversed_3bar,0.8,936155111199.8723,3.2045971486016807e-07,3.3756066923442336e-07,3.7000021246569244,56.16566072904541,0.0038195541618062166,0.05500151727482377,0.00032935941774337227,1.0,1.0,0.19976905584063723
stress,reversed_3bar,0.9,940385472535.9061,3.190181141261147e-07,3.3756066923442336e-07,3.647770415737288,61.53587711078796,0.0037658378278945387,0.05994517920209696,0.00033084774946298906,1.0,1.0,0.19972187220905374
stress,reversed_3bar,1.0,944345738423.5687,3.176802603046646e-07,3.3756066923442336e-07,3.59608453157054,66.62312528501819,0.0037126771303330913,0.06458087614758681,0.0003322410558192378,1.0,1.0,0.19967244777459808
stress,reversed_3bar,1.1,948058390619.5571,3.164362057952461e-07,3.3756066923442336e-07,3.5450357485141564,71.44647226816483,0.0036601661437193475,0.06893406864689403,0.0003335472463756159,1.0,1.0,0.19962111733334245
stress,reversed_3bar,1.2,951543517352.1853,3.1527722540194026e-07,3.3756066923442336e-07,3.4946537698361553,76.02334678864429,0.0036083356332771905,0.073027513766297,0.0003347733886010737,1.0,1.0,0.19956816965695318
stress,reversed_3bar,1.3,954819123690.0046,3.141956340805331e-07,3.3756066923442336e-07,3.444945059021902,80.36971186431664,0.0035571924626153634,0.07688161513784914,0.0003359258170643418,1.0,1.0,0.19951385471818134
stress,reversed_3bar,1.4,957901394812.2148,3.1318463635686783e-07,3.3756066923442336e-07,3.3959071588831984,84.50021597266236,0.003506734315767856,0.0805147199463401,0.00033701022605810057,1.0,1.0,0.19945838961168844
stress,reversed_3bar,1.5,960804920317.1559,3.122382011750854e-07,3.3756066923442336e-07,3.347534159706396,88.42832585089008,0.0034569553198803295,0.0839433720177056,0.0003380317485155112,1.0,1.0,0.19940196343762615
stress,reversed_3bar,1.6,963542886135.3811,3.1135095730222535e-07,3.3756066923442336e-07,3.299818825217085,92.16644348053944,0.003407848231574149,0.08718252839836386,0.0003389950235293453,1.0,1.0,0.19934474135323738
stress,reversed_3bar,1.7,966127239377.9839,3.105181054548749e-07,3.3756066923442336e-07,3.2527534315053908,95.72600941258341,0.003359405299884326,0.09024574542637571,0.0003399042543491566,1.0,1.0,0.19928686795222983
stress,reversed_3bar,1.8,968568830471.1099,3.097353441098044e-07,3.3756066923442336e-07,3.2063301022200443,99.1175942596062,0.0033116186111709586,0.09314533919399239,0.0003407632583872467,1.0,1.0,0.19922847009751177
stress,reversed_3bar,1.9,970877536146.0708,3.089988065753993e-07,3.3756066923442336e-07,3.1605409438979963,102.35097990763106,0.0032644802284718813,0.09589252442199336,0.0003415755104892209,1.0,1.0,0.19916965930682212
stress,reversed_3bar,2.0,973062366227.465,3.083050073790146e-07,3.3756066923442336e-07,3.1153781010615313,105.43523177152908,0.0032179822483269314,0.09849753506061065,0.0003423441805043361,1.0,1.0,0.19911053377069435
stress,reversed_3bar,2.1,990378007140.3942,3.0291464252746934e-07,3.3756066923442336e-07,3.0708337787764797,108.37876322656028,0.0031721168241271762,0.10096972936261135,0.00034843619382638705,0.091796875,0.035031241893288295,0.19855478927270123
stress,reversed_3bar,2.2,1029395438995.5928,2.9143319334377234e-07,3.3756066923442336e-07,3.026900251891864,111.18939318778018,0.0031268761757594025,0.103317681712534,0.0003621633619889355,0.083984375,0.03074090418928025,0.19747046050647504
stress,reversed_3bar,2.3,1066488706481.3441,2.812969309255858e-07,3.3756066923442336e-07,2.983569868779895,113.87439767348023,0.0030822525935893194,0.10554926312000978,0.00037521356791650625,0.080078125,0.028236985550386184,0.19652068136719206
stress,reversed_3bar,2.4,1101741012878.0696,2.7229629876109657e-07,3.3756066923442336e-07,2.9408350527835934,116.44055607418363,0.0030382384400831942,0.10767171197729351,0.0003876160843051152,0.080078125,0.02732593592852755,0.1956570028628063
stress,reversed_3bar,2.5,1135247394318.0955,2.6425958033596707e-07,3.3756066923442336e-07,2.8986883026974386,118.89419275146021,0.0029948261504316787,0.10969169642808757,0.0003994043469015025,0.080078125,0.026511033579796475,0.19485358270732817
stress,reversed_3bar,2.6,1167109542436.2249,2.5704528074869467e-07,3.3756066923442336e-07,2.8571221928325814,121.24121450807698,0.002952008232743405,0.11161536948584955,0.0004106141330007205,0.080078125,0.025778355109999238,0.19409912396517445
stress,reversed_3bar,2.7,1197422122331.129,2.5053821405601153e-07,3.3756066923442336e-07,2.816129372897599,123.48714440039184,0.002909777268046077,0.11344841786663125,0.00042127874781192293,0.080078125,0.025116536137897202,0.19338487120416664
stress,reversed_3bar,2.8,1226273404103.3337,2.446436487949143e-07,3.3756066923442336e-07,2.7757025677923117,125.63715230348565,0.002868125910195472,0.1151961053574354,0.00043142924664695475,0.080078125,0.024516202489739274,0.19270403697658312
stress,reversed_3bar,2.9,1253745785543.1238,2.3928295788451224e-07,3.3756066923442336e-07,2.735834577356112,127.69608258769654,0.0028270468857350376,0.11686331142076556,0.00044109461881315046,0.080078125,0.023969549235895907,0.19205134952651293
stress,reversed_3bar,3.0,1279916236343.9707,2.3439033858726407e-07,3.3756066923442336e-07,2.696518276088774,129.6684792206399,0.002786532993724633,0.11845456563521284,0.0004503019438971324,0.080078125,0.0234700242244944,0.1914226968895733
stress,reversed_3bar,3.1,1304856687557.8542,2.2991030575279073e-07,3.3756066923442336e-07,2.6577466128516587,131.5586085703555,0.002746577105546587,0.1199740784871278,0.00045907652878353366,0.080078125,0.023012086576356446,0.19081484918647315
stress,reversed_3bar,3.2,1328639142599.09,2.2579494339835464e-07,3.3756066923442336e-07,2.619512610553029,133.37048015199645,0.00270717216469293,0.12142576895688253,0.00046744370581560665,0.08203125,0.023164319532189268,0.19022814526206638
stress,reversed_3bar,3.3,1351322967274.1763,2.220046630341417e-07,3.3756066923442336e-07,2.581809365819343,135.10786553168597,0.0026683111865357764,0.12281328928267217,0.00047542436115551436,0.08203125,0.02276612861839074,0.18965827996014656
stress,reversed_3bar,3.4,1372966024747.8594,2.1850504279965268e-07,3.3756066923442336e-07,2.5446300486536337,136.77431557617237,0.0026299872580820127,0.12414004723339944,0.0004830388523038693,0.08203125,0.022398028506364718,0.18910298934069777
stress,reversed_3bar,3.5,1393627437154.5408,2.152655666800945e-07,3.3756066923442336e-07,2.5079679020817176,138.37317621515567,0.002592193537713108,0.12540922617840872,0.0004903079796937718,0.083984375,0.022603537720605898,0.18856326645402977
stress,reversed_3bar,3.6,1413356861119.4817,2.1226061743697068e-07,3.3756066923442336e-07,2.4718162417868323,139.90760286419115,0.0025549232549106995,0.12662380320446376,0.0004972492135894844,0.083984375,0.02227880526439894,0.1880367766576542
stress,reversed_3bar,3.7,1432200333875.193,2.094679025721712e-07,3.3756066923442336e-07,2.436168455733239,141.3805736394921,0.0025181697099685295,0.12778656549835643,0.0005038787508753831,0.083984375,0.021976606376043175,0.18752121842290875
stress,reversed_3bar,3.8,1450207769224.1973,2.0686690994662643e-07,3.3756066923442336e-07,2.4010180037792797,142.7949014814408,0.002481926273691289,0.1289001251860637,0.0005102141522961986,0.0859375,0.02222008495500316,0.18701835730851948
stress,reversed_3bar,3.9,1467418863791.394,2.0444060479424743e-07,3.3756066923442336e-07,2.366358417280345,144.15324529087746,0.00244618638708087,0.12996693279572294,0.0005162693839747529,0.0859375,0.021950397342521067,0.18652583782260954
stress,reversed_3bar,4.0,1483871554453.921,2.0217383310538823e-07,3.3756066923442336e-07,2.3321832986822293,145.45812017104174,0.002410943561010544,0.13098928949129313,0.0005220577929169167,0.0859375,0.021698062796628427,0.18604192611509618
stress,reversed_3bar,4.1,1499609092586.9907,2.0005213457492913e-07,3.3756066923442336e-07,2.2984863211052957,146.71190685818456,0.0023761913758875543,0.13196935820612726,0.0005275945958828041,0.087890625,0.02196948314583539,0.18556919954142553
stress,reversed_3bar,4.2,1514661815724.6428,1.9806401461072967e-07,3.3756066923442336e-07,2.2652612279198943,147.9168604151694,0.002341923481304601,0.132909173790385,0.0005328904662666284,0.087890625,0.0217421783379646,0.18510443083037828
stress,reversed_3bar,4.3,1529062487380.9905,1.9619865275345688e-07,3.3756066923442336e-07,2.23250183231345,149.0751182546985,0.0023081335956806927,0.13381065227292613,0.0005379569309743509,0.08984375,0.022026914399610128,0.18464694689957314
stress,reversed_3bar,4.4,1542848047568.7947,1.944455907195379e-07,3.3756066923442336e-07,2.2002020168496306,150.1887075519946,0.00227481550589182,0.13467559932675538,0.0005428069862936046,0.08984375,0.021821100933278628,0.18419935303622637
stress,reversed_3bar,4.5,1556041729677.6663,1.9279688602062423e-07,3.3756066923442336e-07,2.1683557330200056,151.2595521007399,0.0022419630668919083,0.1355057180169949,0.0005474488062284437,0.08984375,0.021627176083435343,0.18375794608344498
stress,reversed_3bar,4.6,1568673488004.3323,1.9124438724444832e-07,3.3756066923442336e-07,2.1369570007885774,152.2894786607164,0.00220957020132448,0.13630261590153364,0.0005518929293419876,0.091796875,0.021929941938068777,0.18332352955035114
stress,reversed_3bar,4.7,1580771918784.872,1.8978069918562813e-07,3.3756066923442336e-07,2.1059999081295713,153.28022284082672,0.002177630899125464,0.13706781154677028,0.0005561494164025346,0.091796875,0.021753151982771224,0.18289700330307546
stress,reversed_3bar,4.8,1592357239151.2495,1.8839993477839466e-07,3.3756066923442336e-07,2.07547861055886,154.23343455693495,0.0021461392171175657,0.13780274051408278,0.0005602253802300993,0.091796875,0.021586021932891646,0.18247570316410755
stress,reversed_3bar,4.9,1603456954945.914,1.8709576148872623e-07,3.3756066923442336e-07,2.0453873306593917,155.150683100178,0.002115089278596618,0.13850876086668643,0.0005641304979691478,0.09375,0.021902945461429523,0.18206145986709552
stress,reversed_3bar,5.0,1614091799778.0757,1.8586303458158173e-07,3.3756066923442336e-07,2.0157203576009652,156.0334618480179,0.0020844752729103047,0.13918715824128708,0.0005678720641474519,0.09375,0.02174970920533969,0.1816532792539989
stress,reversed_3bar,5.1,1624280080794.274,1.8469721050405287e-07,3.3756066923442336e-07,1.9864720466547032,156.8831926472817,0.0020542914550296426,0.13983915052429663,0.0005714565196112478,0.09375,0.021604438549805174,0.18124957744066442
stress,reversed_3bar,5.2,1635492815596.299,1.8343094946009916e-07,3.3756066923442336e-07,1.9576368187025712,157.70122989572369,0.0020245321451136267,0.14046589216827612,0.0005754013998576126,0.095703125,0.02191331317794609,0.1808008364141135
stress,reversed_3bar,5.3,1646731884220.5264,1.821790194716511e-07,3.3756066923442336e-07,1.9292091597422591,158.48886434621528,0.001995191728067388,0.14106847818063928,0.0005793555449066193,0.095703125,0.021754853678097267,0.1803474822442309
stress,reversed_3bar,5.4,1657512169168.9421,1.8099414627550915e-07,3.3756066923442336e-07,1.901183620387747,159.24732665548385,0.001966264653094235,0.1416479478134297,0.0005831482800327108,0.09765625,0.022064253438042563,0.1799036474703991
stress,reversed_3bar,5.5,1667854802744.4736,1.798717727144753e-07,3.3756066923442336e-07,1.8735548153658672,159.97779069736157,0.001937745433241931,0.14220528798012366,0.0005867870400326473,0.09765625,0.021918471740220557,0.1794694034471701
stress,reversed_3bar,5.6,1677772871060.0344,1.7880846995127348e-07,3.3756066923442336e-07,1.8463174230091783,160.68137665873132,0.0019096286449435665,0.14274143642286133,0.0005902764288812167,0.09765625,0.021780019061765417,0.17904140386465922
stress,reversed_3bar,5.7,1687288206784.9387,1.7780009295011798e-07,3.3756066923442336e-07,1.8194661847454228,161.35915393477134,0.0018819089275533356,0.14325728465124707,0.0005936241277790738,0.099609375,0.022099902267430062,0.178621116120584
stress,reversed_3bar,5.8,1696416224066.0562,1.7684339240811128e-07,3.3756066923442336e-07,1.7929959045838748,162.01214383865468,0.0018545809828775712,0.14375368067182837,0.0005968355597532122,0.099609375,0.021972036076891223,0.17820732106071252
stress,reversed_3bar,5.9,1705170617101.2935,1.759354735480871e-07,3.3756066923442336e-07,1.766901448598847,162.6413221395655,0.0018276395747013373,0.1442314315255607,0.0005999155427157437,0.1015625,0.022297260659027946,0.17779841765001578
stress,reversed_3bar,6.0,1713573474584.731,1.750727380235051e-07,3.3756066923442336e-07,1.7411777444106304,163.24762144171498,0.0018010795283109036,0.144691305648942,0.0006028718479423192,0.1015625,0.02217889539833362,0.17739725978285809
stress,reversed_3bar,6.1,1721633087304.8347,1.7425315661750033e-07,3.3756066923442336e-07,1.7158197806641295,163.83193341597658,0.0017748957300123918,0.145134035073053,0.0006057073923098846,0.1015625,0.02206610652291402,0.17700042814271116
stress,reversed_3bar,6.2,1729366436867.1628,1.7347393450254857e-07,3.3756066923442336e-07,1.6908226065054461,164.39511089479677,0.0017490831266468957,0.14556031747343928,0.0006084281503109704,0.103515625,0.02239910759169523,0.17660904741685635
stress,reversed_3bar,6.3,1736787865299.742,1.7273266700779532e-07,3.3756066923442336e-07,1.6661813310566644,164.9379698401574,0.0017236367251023577,0.1459708180825977,0.0006110391677781992,0.103515625,0.022294351245691423,0.1762232999532732
stress,reversed_3bar,6.4,1743906409315.4272,1.7202758037787442e-07,3.3756066923442336e-07,1.641891122889074,165.4612911935748,0.0016985515918224784,0.14636617147578385,0.0006135436240206926,0.103515625,0.02219436380429105,0.1758411668873182
stress,reversed_3bar,6.5,1750740500269.918,1.713560633079248e-07,3.3756066923442336e-07,1.6179472094950598,165.96582261639432,0.0016738228523129233,0.14674698323990584,0.0006159480035841299,0.10546875,0.022533907756625036,0.17546537264872747
stress,reversed_3bar,6.6,1757296510399.1018,1.7071677899813653e-07,3.3756066923442336e-07,1.5943448767588955,166.45228012798177,0.001649445690645102,0.14711383153441865,0.0006182545483575703,0.10546875,0.022440768172329484,0.17509321748138795
stress,reversed_3bar,6.7,1763587237949.0713,1.701078310982104e-07,3.3756066923442336e-07,1.5710794684266511,166.9213496488116,0.0016254153489577597,0.14746726855236045,0.0006204677610380893,0.107421875,0.02278375143034917,0.1747253017775979
stress,reversed_3bar,6.8,1769625591970.0688,1.6952738554488205e-07,3.3756066923442336e-07,1.5481463855754272,167.37368845490658,0.0016017271269566332,0.14780782188897684,0.0006225921833060348,0.107421875,0.022696845082112928,0.1743625130203333
stress,reversed_3bar,6.9,1775417151892.2532,1.6897437296933721e-07,3.3756066923442336e-07,1.5255410860821224,167.80992654958314,0.0015783763814124104,0.14813599582474887,0.0006246297781244316,0.107421875,0.02261369707213641,0.17400254823910133
stress,reversed_3bar,7.0,1780977486519.0718,1.684468233151848e-07,3.3756066923442336e-07,1.503259084091936,168.2306679579986,0.0015553585256572247,0.14845227252906804,0.0006265860229317692,0.109375,0.022961768123358425,0.17364798199922277
stress,reversed_3bar,7.1,1786311245827.5095,1.6794385676110147e-07,3.3756066923442336e-07,1.48129594948679,168.6364919495832,0.0015326690290799068,0.14875711319028626,0.0006284625536895393,0.109375,0.022884001031726966,0.17329651356478373
stress,reversed_3bar,7.2,1791428782246.3684,1.6746409512512908e-07,3.3756066923442336e-07,1.4596473073538636,169.0279541930519,0.001510303416620214,0.14905095907739618,0.0006302630126039126,0.111328125,0.023234807156827395,0.17294869254735995
stress,reversed_3bar,7.3,1796340529199.9731,1.6700619683374255e-07,3.3756066923442336e-07,1.4383088374544146,169.40558784834798,0.001488257268262246,0.14933423253817296,0.0006319910703770188,0.111328125,0.023161972052732176,0.17260528414636286
stress,reversed_3bar,7.4,1801050531401.9463,1.6656945197782906e-07,3.3756066923442336e-07,1.4172762736930646,169.76990459954345,0.0014665262185272509,0.14960733793821815,0.000633648150025736,0.111328125,0.023092145809220303,0.17226428483978007
stress,reversed_3bar,7.5,1805571887266.366,1.6615234326349624e-07,3.3756066923442336e-07,1.3965454035877114,170.1213956324301,0.0014451059559660205,0.14987066254499362,0.0006352388598526654,0.11328125,0.0234470112856433,0.17192802580288732
stress,reversed_3bar,7.6,1809907789321.086,1.6575430072740497e-07,3.3756066923442336e-07,1.3761120677402334,170.46053256026502,0.0014239922226510623,0.15012457736061185,0.0006367643230574803,0.11328125,0.023381483962845947,0.17159444165099433
stress,reversed_3bar,7.7,1814066618519.4558,1.6537430154844257e-07,3.3756066923442336e-07,1.3559721593081369,170.78776830088353,0.0014031808136687322,0.15036943790685361,0.000638227488239064,0.115234375,0.02373858306083395,0.17126400241235099
stress,reversed_3bar,7.8,1818057067313.8691,1.650113219180969e-07,3.3756066923442336e-07,1.336121623477307,171.1035379081659,0.0013826675766115185,0.1506055849656166,0.0006396314135883346,0.115234375,0.02367701904304201,0.17093745764745713
stress,reversed_3bar,7.9,1821881251409.8582,1.6466495814029908e-07,3.3756066923442336e-07,1.3165564569359876,171.4082593606374,0.001362448411070622,0.1508333452777566,0.0006409768434558104,0.115234375,0.023617906219421256,0.17061269196962228
stress,reversed_3bar,8.0,1825552184482.4553,1.6433383967330963e-07,3.3756066923442336e-07,1.297272707350153,171.70233430978425,0.0013425192681290337,0.15105303220305555,0.0006422683563310815,0.1171875,0.02397830343327339,0.17029268478623275
stress,reversed_3bar,8.1,1829069522853.7861,1.640178223143362e-07,3.3756066923442336e-07,1.2782664728403834,171.9861487904742,0.0013228761498552365,0.1512649463438346,0.0006435058313009111,0.1171875,0.02392267232105715,0.16997445634486752
stress,reversed_3bar,8.2,1832442541947.9775,1.637159109398787e-07,3.3756066923442336e-07,1.259533901460386,172.26007389573542,0.0013035151087977092,0.1514693761345642,0.0006446925316581588,0.119140625,0.024284933150270426,0.16965951936687854
stress,reversed_3bar,8.3,1835676143264.0613,1.6342752020874585e-07,3.3756066923442336e-07,1.2410711906772829,172.52446641796286,0.0012844322474803711,0.15166659839962673,0.0006458301818551593,0.119140625,0.024232526716588758,0.169347508407118
stress,reversed_3bar,8.4,1838773527009.7588,1.6315222924046798e-07,3.3756066923442336e-07,1.22287458685378,172.7796694585507,0.0012656237178991106,0.1518568788812807,0.0006469199077935278,0.12109375,0.024596542276318804,0.16903739604310433
stress,reversed_3bar,8.5,1841744634203.8098,1.628890316434616e-07,3.3756066923442336e-07,1.2049403847323388,173.02601300769777,0.0012470857210195433,0.15204047273963975,0.0006479652069365636,0.12109375,0.024547126919050793,0.1687313022990384
stress,reversed_3bar,8.6,1844588638408.9546,1.6263788779419365e-07,3.3756066923442336e-07,1.1872649269214501,173.26381449607675,0.0012288145062761204,0.15221762502639402,0.0006489657885259388,0.12109375,0.024499586670535145,0.16842657790610369
stress,reversed_3bar,8.7,1847315032031.219,1.6239785569770112e-07,3.3756066923442336e-07,1.169844603384123,173.4933793200878,0.0012108063710727258,0.1523885711339829,0.0006499249921933923,0.123046875,0.024866161082438724,0.16812532342337536
stress,reversed_3bar,8.8,1849925274246.582,1.6216871252931059e-07,3.3756066923442336e-07,1.152675850928686,173.7150013419764,0.0011930576602848812,0.15255353722156392,0.0006508433313082846,0.123046875,0.024821271698078795,0.1678261030572343
stress,reversed_3bar,8.9,1852424196083.8325,1.6194994679632403e-07,3.3756066923442336e-07,1.135755152701996,173.92896336634996,0.0011755647657636736,0.15271274061927922,0.0006517225055300095,0.125,0.025189344391481495,0.1675290850271206
stress,reversed_3bar,9.0,1854817950152.917,1.61740940654185e-07,3.3756066923442336e-07,1.1190790376851445,174.1355375943499,0.0011583241258415235,0.15286639021208392,0.0006525646794785169,0.125,0.025146922128594942,0.16723510908892983
stress,reversed_3bar,9.1,1857106085976.7327,1.6154166004050166e-07,3.3756066923442336e-07,1.1026440801917565,174.33498605670079,0.0011413322248399011,0.1530146868043467,0.0006533696946663139,0.126953125,0.025516415976346414,0.16694212539901945
stress,reversed_3bar,9.2,1859299273012.463,1.6135110918100655e-07,3.3756066923442336e-07,1.086446899368955,174.52756102671057,0.0011245855925790906,0.15315782346629844,0.0006541413048369453,0.126953125,0.025476292332878216,0.16665314723948826
stress,reversed_3bar,9.3,1861394232710.8293,1.6116951193251359e-07,3.3756066923442336e-07,1.0704841587010792,174.71350541439074,0.0011080808038901077,0.15329598586345286,0.0006548783565265584,0.126953125,0.025437635085903524,0.1663650003176417
stress,reversed_3bar,9.4,1863399315531.1135,1.609960879021214e-07,3.3756066923442336e-07,1.054752565516224,174.89305314263413,0.0010918144781288598,0.1534293525699291,0.0006555837876055701,0.12890625,0.0258091563848922,0.16607979035577275
stress,reversed_3bar,9.5,1865315295332.0154,1.6083071894105803e-07,3.3756066923442336e-07,1.039248870495686,175.06642950643806,0.0010757832786926491,0.1535580953666257,0.0006562578703340448,0.12890625,0.025772549924684543,0.16579629156057152
stress,reversed_3bar,9.6,1867145830700.1667,1.606730417449515e-07,3.3756066923442336e-07,1.0239698671863657,175.2338515160057,0.0010599839125390916,0.15368237952506175,0.0006569018918811154,0.130859375,0.02614530598828469,0.1655146311190297
stress,reversed_3bar,9.7,1868895849155.1062,1.6052258885139295e-07,3.3756066923442336e-07,1.008912391516209,175.39552822458836,0.001044413129707549,0.1538023640777081,0.0006575175858536882,0.130859375,0.026110615110837496,0.1652355603622893
stress,reversed_3bar,9.8,1870564445821.62,1.6037939813842077e-07,3.3756066923442336e-07,0.9940733213127383,175.55166104183317,0.001029067722843146,0.15391820207554308,0.0006581046338972834,0.1328125,0.026484548680142737,0.1649572805548533
stress,reversed_3bar,9.9,1872160527357.5303,1.6024266916012613e-07,3.3756066923442336e-07,0.9794495758247342,175.70244403339612,0.0010139445267234458,0.1540300408335516,0.0006586661695648765,0.1328125,0.026451648528715368,0.16468242754422424
stress,reversed_3bar,10.0,1873680643218.57,1.6011266438909578e-07,3.3756066923442336e-07,0.9650381152471241,175.84806420749777,0.0009990404177878617,0.15413802216481165,0.0006592009788810942,0.1328125,0.026419906902082395,0.16440817174201924
stress,reversed_3bar,10.1,1875132094668.793,1.5998872871566384e-07,3.3756066923442336e-07,0.950835940249127,175.9887017890631,0.0009843523136698676,0.15424228260377507,0.0006597116305870017,0.134765625,0.026795481358705672,0.16413653040445317
stress,reversed_3bar,10.2,1876514645623.1387,1.598708545652615e-07,3.3756066923442336e-07,0.9368400915057068,176.1245304820865,0.000969877172732078,0.15434295361933884,0.0006601980416228184,0.134765625,0.02676534505154772,0.16386620539628274
stress,reversed_3bar,10.3,1877831599032.1729,1.5975873457162978e-07,3.3756066923442336e-07,0.9230476492323761,176.2557177207761,0.0009556119936042503,0.1544401618182293,0.0006606613740372927,0.13671875,0.027141956836539655,0.16359752183480747
stress,reversed_3bar,10.4,1879086466280.7026,1.5965204655738565e-07,3.3756066923442336e-07,0.9094557327233945,176.38242491001785,0.0009415538147242756,0.1545340291392021,0.0006611028632108029,0.13671875,0.027113324025658504,0.16333094010597718
stress,reversed_3bar,10.5,1880278509019.619,1.5955083173099745e-07,3.3756066923442336e-07,0.8960614998934023,176.50480765570222,0.0009276997138822076,0.15462467303855557,0.0006615222493763192,0.138671875,0.02749092917261004,0.16306506969369983
stress,reversed_3bar,10.6,1881414832928.26,1.594544673239744e-07,3.3756066923442336e-07,0.8828621468225276,176.62301598543877,0.0009140468077673843,0.15471220666743424,0.0006619220324640153,0.138671875,0.027463705347962258,0.16280205192191874
stress,reversed_3bar,10.7,1882491435373.963,1.5936327484029378e-07,3.3756066923442336e-07,0.8698549073049983,176.73719455997127,0.0009005922515186879,0.1547967390412347,0.0006623008042619958,0.138671875,0.02743741809008957,0.16253912217981725
stress,reversed_3bar,10.8,1883517075684.0635,1.5927649601533066e-07,3.3756066923442336e-07,0.8570370524012946,176.84748287588388,0.0008873332382779928,0.15487837520162645,0.0006626616464892158,0.140625,0.027816359971339636,0.16227923145635087
stress,reversed_3bar,10.9,1884487560787.893,1.5919447081655014e-07,3.3756066923442336e-07,0.8444058899938693,176.95401545999397,0.0008742669987468396,0.1549572163715494,0.0006630030839336115,0.140625,0.02779134146049804,0.16201960390587988
stress,reversed_3bar,11.0,1885409233299.862,1.5911664942625586e-07,3.3756066923442336e-07,0.8319587643464655,177.05692205568403,0.0008613908007463804,0.155033360103439,0.0006633273480627718,0.142578125,0.028171167550366027,0.1617621841653571
stress,reversed_3bar,11.1,1886281151093.4824,1.5904309907676762e-07,3.3756066923442336e-07,0.8196930556670535,177.1563278016742,0.000848701948780629,0.15510690042110933,0.0006636341074164208,0.142578125,0.02814733963206421,0.16150571022349586
stress,reversed_3bar,11.2,1887106148255.7715,1.5897356928081985e-07,3.3756066923442336e-07,0.8076061796744133,177.25235340360868,0.0008361977836030522,0.15517792795562535,0.0006639243590870688,0.14453125,0.02852801583013031,0.16125063112647897
stress,reversed_3bar,11.3,1887886461067.0396,1.5890786135011478e-07,3.3756066923442336e-07,0.7956955871683792,177.34511529859583,0.0008238756817865351,0.1552465300753178,0.0006641988898460234,0.14453125,0.02850530613834443,0.16099716085435856
stress,reversed_3bar,11.4,1888621551389.0698,1.5884601114466357e-07,3.3756066923442336e-07,0.7839587636037686,177.4347258132303,0.000811733055296748,0.1553127910103794,0.0006644575103647347,0.146484375,0.028886800145461185,0.16074431035755318
stress,reversed_3bar,11.5,1889316695635.1135,1.5878756626302498e-07,3.3756066923442336e-07,0.7723932286680105,177.5212933153127,0.0007997673510689484,0.15537679197224416,0.0006647020769983891,0.146484375,0.028865141418787706,0.16049370359630777
stress,reversed_3bar,11.6,1889968287068.6265,1.587328221603682e-07,3.3756066923442336e-07,0.7609965358624838,177.60492235950014,0.0007879760505882318,0.15543861126796366,0.0006649313208198252,0.146484375,0.028844199095425693,0.16024304537252165
stress,reversed_3bar,11.7,1890584057305.0579,1.5868112229171996e-07,3.3756066923442336e-07,0.749766272087586,177.6857138272046,0.000776356669473269,0.1554983244098508,0.0006651479619769458,0.1484375,0.029226752816448227,0.1599951060639645
stress,reversed_3bar,11.8,1891159188996.6013,1.5863286482994167e-07,3.3756066923442336e-07,0.7387000572315346,177.76376506096017,0.0007649067570635389,0.1555560042205901,0.0006653503056236197,0.1484375,0.029206762279100688,0.1597471069409465
stress,reversed_3bar,11.9,1891699809104.748,1.585875298797941e-07,3.3756066923442336e-07,0.7277955437629173,177.83916999359832,0.0007536238960100807,0.15561172093409653,0.0006655405073561204,0.150390625,0.02959005431669852,0.15950115803484022
stress,reversed_3bar,12.0,1892203742768.4155,1.585452946843244e-07,3.3756066923442336e-07,0.717050416326991,177.9120192723166,0.0007425057018697824,0.15566554229221582,0.00066571780201174,0.150390625,0.029570960550964236,0.15925570614023393
stress,reversed_3bar,12.1,1892674331644.0571,1.5850587445723285e-07,3.3756066923442336e-07,0.706462391345742,177.98240037793119,0.0007315498227032191,0.1557175336375089,0.0006658833652567873,0.15234375,0.029954966341226588,0.15901167376249684
stress,reversed_3bar,12.2,1893111909043.8584,1.5846923711526332e-07,3.3756066923442336e-07,0.6960292166217066,178.05039773955517,0.0007207539386760548,0.15576775800232395,0.0006660373143576275,0.15234375,0.029936718555037687,0.1587686707575653
stress,reversed_3bar,12.3,1893517176485.4646,1.5843532011514494e-07,3.3756066923442336e-07,0.685748670945556,178.116092844816,0.0007101157616640181,0.1558162761942642,0.0006661798961231927,0.154296875,0.030321415565597094,0.15852649383108444
stress,reversed_3bar,12.4,1893892845428.3787,1.5840389318971378e-07,3.3756066923442336e-07,0.6756185637074467,178.17956434588882,0.0006996330348614625,0.15586314687827774,0.0006663120645030074,0.154296875,0.030303967001860492,0.15828585548413202
stress,reversed_3bar,12.5,1894237118178.0503,1.583751036874156e-07,3.3756066923442336e-07,0.6656367345121345,178.24088816142188,0.0006893035323935175,0.1559084266554459,0.0006664331870296273,0.15625,0.030689334723325187,0.15804548607220878
stress,reversed_3bar,12.6,1894554958689.348,1.5834853384646063e-07,3.3756066923442336e-07,0.6558010527978523,178.30013757462757,0.0006791250589318376,0.15595217013869137,0.0006665450101286884,0.15625,0.030672642458664415,0.15780714219236666
stress,reversed_3bar,12.7,1894842207151.0903,1.5832452901239323e-07,3.3756066923442336e-07,0.6461094174589462,178.3573833276539,0.000669095449313954,0.15599443002550822,0.0006666460702895264,0.158203125,0.031058662358921792,0.15756854509724041
stress,reversed_3bar,12.8,1895105958752.0042,1.5830249417692764e-07,3.3756066923442336e-07,0.6365597564722666,178.41269371231928,0.0006592125681662293,0.1560352571677918,0.0006667388637514929,0.158203125,0.031042687071450484,0.15733243864777924
stress,reversed_3bar,12.9,1895340644891.366,1.582828927394183e-07,3.3756066923442336e-07,0.6271500265273079,178.4661346575576,0.0006494743095304218,0.15607470063903922,0.0006668214313615907,0.158203125,0.031027231526048304,0.15709595469768872
stress,reversed_3bar,13.0,1895552915733.8406,1.5826516765102208e-07,3.3756066923442336e-07,0.6178782126600907,178.51776981340942,0.0006398785964938545,0.15611280779881417,0.0006668961127901755,0.16015625,0.031414048192895005,0.15686167543810348
stress,reversed_3bar,13.1,1895738595728.2031,1.5824966621242529e-07,3.3756066923442336e-07,0.6087423278907762,178.567660632079,0.0006304233808231887,0.15614962435487212,0.0006669614389888985,0.16015625,0.03139925134742002,0.15662738489396086
stress,reversed_3bar,13.2,1895902320280.6453,1.5823600023633698e-07,3.3756066923442336e-07,0.5997404128650075,178.61586644577548,0.0006211066426018033,0.1561851944227503,0.0006670190407929345,0.162109375,0.031786677904918396,0.15639480115004536
stress,reversed_3bar,13.3,1896042013663.1558,1.5822434199145177e-07,3.3756066923442336e-07,0.5908705354989627,178.66244454177496,0.0006119263898707708,0.15621956058315675,0.0006670681879167133,0.162109375,0.03177250843466734,0.15616267081177698
stress,reversed_3bar,13.4,1896160146369.0264,1.5821448445400174e-07,3.3756066923442336e-07,0.582130790628113,178.70745023465562,0.0006028806582734279,0.15625276393713272,0.0006671097495326854,0.1640625,0.032160532443071654,0.15593177609660522
stress,reversed_3bar,13.5,1896256639022.4495,1.5820643357359834e-07,3.3756066923442336e-07,0.5735192996596696,178.7509369359148,0.0005939675107035341,0.1562848441591531,0.0006671436977147417,0.1640625,0.03214696145162145,0.15570177635565
stress,reversed_3bar,13.6,1896331914757.591,1.5820015349915636e-07,3.3756066923442336e-07,0.5650342102287101,178.79295622093392,0.0005851850369570108,0.15631583954814846,0.000667170181330544,0.166015625,0.032535571548142544,0.15547256513954003
stress,reversed_3bar,13.7,1896387790088.8708,1.5819549227636666e-07,3.3756066923442336e-07,0.5566736958579674,178.83355789359408,0.0005765313533872532,0.15634578707668076,0.0006671898394687696,0.166015625,0.03252257218143913,0.15524466624785663
stress,reversed_3bar,13.8,1896422790366.2876,1.5819257262883665e-07,3.3756066923442336e-07,0.5484359556212665,178.87279004841963,0.000568004602564002,0.15637472243819003,0.0006672021533159653,0.16796875,0.03291175716425023,0.1550171462447677
stress,reversed_3bar,13.9,1896440422787.7039,1.5819110181115526e-07,3.3756066923442336e-07,0.5403192138105968,178.91069913052152,0.0005596029529357725,0.1564026800925197,0.000667208356779453,0.16796875,0.032899304853383146,0.15479129883278064
stress,reversed_3bar,14.0,1896437549989.5903,1.5819134144525177e-07,3.3756066923442336e-07,0.5323217196067982,178.94732999334326,0.000551324598495819,0.15642969330973006,0.0006672073460675499,0.169921875,0.03328905430572779,0.15456546384775371
stress,reversed_3bar,14.1,1896419184567.3855,1.5819287341181192e-07,3.3756066923442336e-07,0.5244417467538486,178.9827259542804,0.000543167758451633,0.15645579421225764,0.0006672008847186863,0.169921875,0.033277125508071395,0.1543416197782603
stress,reversed_3bar,14.2,1896380687380.6794,1.5819608478209417e-07,3.3756066923442336e-07,0.516677593236731,179.0169288483229,0.0005351306768979526,0.15648101381553722,0.0006671873405839092,0.171875,0.033667429530661236,0.15411744768589158
stress,reversed_3bar,14.3,1896328460338.367,1.5820044168217052e-07,3.3756066923442336e-07,0.5090275809628653,179.0499790797326,0.0005272116224932767,0.15650538206710113,0.0006671689659918777,0.171875,0.03365600144546604,0.1538955572631746
stress,reversed_3bar,14.4,1896256559381.7617,1.5820644021809438e-07,3.3756066923442336e-07,0.501490055447083,179.08191567184872,0.0005194088881398653,0.15652892788422842,0.0006671436696954421,0.171875,0.03364496578973716,0.1536730556196124
stress,reversed_3bar,14.5,1896172409150.4226,1.582134612613705e-07,3.3756066923442336e-07,0.4940633855001258,179.11277631514272,0.0005117207906672103,0.1565516791902397,0.0006671140638418124,0.173828125,0.034035900788970064,0.15345301902412758
stress,reversed_3bar,14.6,1896069710414.4265,1.5822203073663817e-07,3.3756066923442336e-07,0.48674596292064726,179.14259741349505,0.0005041456705189619,0.1565736629494205,0.0006670779322269913,0.173828125,0.0340253294589292,0.15323240250186793
stress,reversed_3bar,14.7,1895954991260.0676,1.5823160432759929e-07,3.3756066923442336e-07,0.4795362021906987,179.17141412885715,0.0004966818914432944,0.15659490520069816,0.0006670375715715491,0.17578125,0.03441679218385791,0.1530138913806161
stress,reversed_3bar,14.8,1895823383356.6777,1.5824258875256123e-07,3.3756066923442336e-07,0.4724325401746751,179.19926042426368,0.0004893278401866917,0.15661543109005108,0.0006669912690924916,0.17578125,0.034406664260109646,0.1527950852632683
stress,reversed_3bar,14.9,1895679986177.4023,1.5825455888519638e-07,3.3756066923442336e-07,0.46543343582169955,179.22616910539915,0.00048208192619113456,0.15663526490180277,0.0006669408188936867,0.177734375,0.03479864463198702,0.15257804011556222
stress,reversed_3bar,15.0,1895521272287.1736,1.5826780969754777e-07,3.3756066923442336e-07,0.4585373698714275,179.25217186055775,0.0004749425812946743,0.15665443008868676,0.0006668849799479307,0.177734375,0.034788939719834815,0.15236096052659834
stress,reversed_3bar,15.1,1895351003030.6118,1.5828202771956678e-07,3.3756066923442336e-07,0.4517428445632422,179.2772992993085,0.0004679082594353681,0.15667294930091502,0.0006668250755768176,0.1796875,0.035181427450215456,0.1521453128956674
stress,reversed_3bar,15.2,1895166903735.0784,1.5829740346813085e-07,3.3756066923442336e-07,0.44504838334882274,179.30158098970287,0.00046097743635856067,0.15669084441413206,0.0006667603055017964,0.1796875,0.03517212568084215,0.15192986844036604
stress,reversed_3bar,15.3,1894971485053.3838,1.5831372786675395e-07,3.3756066923442336e-07,0.43845253060805894,179.32504549420264,0.0004541486093274893,0.15670813655638993,0.0006666915530242966,0.181640625,0.035565110329281065,0.15171554279681873
stress,reversed_3bar,15.4,1894763638968.7083,1.5833109409007106e-07,3.3756066923442336e-07,0.4319538513682901,179.34772040432298,0.0004474202968371927,0.15672484613414142,0.0006666184283202705,0.181640625,0.035556192400797285,0.15150163657883767
stress,reversed_3bar,15.5,1894544710162.018,1.5834939043182809e-07,3.3756066923442336e-07,0.4255509310268425,179.3696323740588,0.00044079103833170175,0.15674099285730475,0.0006665414044772812,0.18359375,0.03594966346407967,0.15128855245905962
stress,reversed_3bar,15.6,1894314673331.002,1.5836861965096528e-07,3.3756066923442336e-07,0.41924237507684187,179.3908071521367,0.00043425939392449073,0.15675659576343334,0.0006664604725934336,0.18359375,0.035941110706911604,0.1510760842407119
stress,reversed_3bar,15.7,1894073825321.2678,1.583887576024735e-07,3.3756066923442336e-07,0.4130268088362744,179.41126961310258,0.0004278239441221657,0.1567716732409994,0.00066637573710537,0.185546875,0.03633505703770358,0.15086417449103656
stress,reversed_3bar,15.8,1893823034348.7163,1.5840973235557337e-07,3.3756066923442336e-07,0.40690287718027496,179.43104378737388,0.00042148328955137106,0.15678624305188868,0.000666287503470039,0.185546875,0.03632685217752901,0.15065302673267245
stress,reversed_3bar,15.9,1893561767004.5352,1.5843158920269934e-07,3.3756066923442336e-07,0.4008692442766111,179.45015289018133,0.00041523605068888607,0.1568003223530531,0.0006661955840227963,0.1875,0.036721262873906306,0.1504422208770539
stress,reversed_3bar,16.0,1893291579976.974,1.584541985887079e-07,3.3756066923442336e-07,0.3949245933243428,179.46861934954262,0.00040908086759489234,0.15681392771742697,0.0006661005264399079,0.1875,0.036713389326040735,0.15023227931697514
stress,reversed_3bar,16.1,1893011278726.2844,1.5847766115892108e-07,3.3756066923442336e-07,0.3890676262956293,179.48646483321627,0.0004030163996493881,0.15682707515407138,0.0006660019104567067,0.189453125,0.037108254289018816,0.15002249505978252
stress,reversed_3bar,16.2,1892722997914.3755,1.5850179890590182e-07,3.3756066923442336e-07,0.38329706368065714,179.5037102746961,0.00039704132529172324,0.15683978012759156,0.0006659004870929702,0.189453125,0.037100695768576546,0.14981366061007742
stress,reversed_3bar,16.3,1892424962761.0464,1.5852676111516742e-07,3.3756066923442336e-07,0.3776116442356643,179.52037589839512,0.00039115434176323436,0.15685205757693915,0.0006657956319430136,0.19140625,0.037496005247434565,0.14960481818500262
stress,reversed_3bar,16.4,1892119806511.0112,1.5855232790633237e-07,3.3756066923442336e-07,0.37201012473403244,179.53648124386686,0.000385354164852952,0.15686392193348792,0.0006656882714387234,0.19140625,0.03748874636350744,0.14939699532318668
stress,reversed_3bar,16.5,1891805253169.569,1.5857869064343378e-07,3.3756066923442336e-07,0.366491279720423,179.55204518920752,0.0003796395286463595,0.15687538713849009,0.0006655776048364187,0.193359375,0.037884491030012894,0.14918901861548498
stress,reversed_3bar,16.6,1891484357443.1558,1.5860559397146155e-07,3.3756066923442336e-07,0.3610539012679269,179.56708597364474,0.0003740091852771736,0.1568864666599189,0.0006654647068472464,0.193359375,0.037877517316855104,0.1489821163226573
stress,reversed_3bar,16.7,1891154419336.7173,1.5863326491615565e-07,3.3756066923442336e-07,0.35569679873820603,179.5816212193422,0.0003684619046821281,0.15689717350871915,0.0006653486275551208,0.1953125,0.03827368832143526,0.14877493366350375
stress,reversed_3bar,16.8,1890818840069.8635,1.5866141887443608e-07,3.3756066923442336e-07,0.35041879854459546,179.59566795244717,0.0003629964743587303,0.15690752025448743,0.0006652305635819443,0.1953125,0.038266986252599666,0.1485688660520666
stress,reversed_3bar,16.9,1890474571081.6238,1.5869031225760249e-07,3.3756066923442336e-07,0.34521874391813995,179.6092426234097,0.0003576116991259661,0.15691751904060355,0.0006651094423786765,0.197265625,0.038663575263189975,0.1483624107223648
stress,reversed_3bar,17.0,1890125287222.0513,1.5871963727913244e-07,3.3756066923442336e-07,0.3400954946765418,179.62236112659838,0.0003523064008879317,0.1569271815988327,0.0006649865568362706,0.197265625,0.03865713225034801,0.14815709739772254
stress,reversed_3bar,17.1,1889767665040.5117,1.5874967359734605e-07,3.3756066923442336e-07,0.3350479269959866,179.63503881923688,0.00034707941840036126,0.1569365192634167,0.0006648607376936147,0.19921875,0.039054131475883,0.14795130789048055
stress,reversed_3bar,17.2,1889405582092.9324,1.5878009615473031e-07,3.3756066923442336e-07,0.3300749331858256,179.64729053968807,0.0003419296070400286,0.15694554298467472,0.00066473334915793,0.19921875,0.039047935854908414,0.1477466740982239
stress,reversed_3bar,17.3,1889035511975.5076,1.588112018530913e-07,3.3756066923442336e-07,0.32517542146608347,179.65913062510577,0.00033685583857699577,0.15695426334212942,0.0006646031505648326,0.201171875,0.039445338056040155,0.1475414941916654
stress,reversed_3bar,17.4,1888661536691.5205,1.5884264817799363e-07,3.3756066923442336e-07,0.3203483157477668,179.67057292847872,0.00033185700094968235,0.15696269055717646,0.0006644715780505016,0.201171875,0.03943937758455282,0.14733750276989077
stress,reversed_3bar,17.5,1888279784669.0386,1.5887476126986203e-07,3.3756066923442336e-07,0.3155925554159451,179.68163083508702,0.0003269319980427312,0.1569708345053137,0.0006643372695130138,0.203125,0.03983717755301231,0.14713284949204103
stress,reversed_3bar,17.6,1887894691424.5923,1.5890716858450515e-07,3.3756066923442336e-07,0.31090709511557724,179.69231727839244,0.00032207974946764215,0.15697870472794548,0.0006642017854620799,0.203125,0.039831442223100116,0.14692943863913768
stress,reversed_3bar,17.7,1887502026102.8088,1.5894022673947558e-07,3.3756066923442336e-07,0.3062909045400566,179.70264475538252,0.0003172991903461509,0.15698631044377825,0.0006640636373921678,0.205078125,0.04022963393133376,0.1467252642024506
stress,reversed_3bar,17.8,1887106524935.192,1.5897353754860383e-07,3.3756066923442336e-07,0.30174296822244684,179.71262534138688,0.00031258927109632307,0.15699366055982067,0.0006639244916109561,0.205078125,0.040224114629018246,0.1465223760744451
stress,reversed_3bar,17.9,1886703657675.7659,1.5900748311982953e-07,3.3756066923442336e-07,0.2972622853293828,179.72227070438515,0.00030794895722134136,0.15700076368200308,0.0006637827542808867,0.20703125,0.04062269252321142,0.14631863883990473
stress,reversed_3bar,18.0,1886298401254.142,1.5904164463084905e-07,3.3756066923442336e-07,0.2928478694576075,179.73159211882475,0.0003033772291009568,0.1570076281254308,0.0006636401763923873,0.20703125,0.04061738093001564,0.1461162206084371
stress,reversed_3bar,18.1,1885885987274.5217,1.5907642456878283e-07,3.3756066923442336e-07,0.28849874843312123,179.7406004789636,0.0002988730817855811,0.15701426192428178,0.0006634950803216914,0.208984375,0.041016339974969465,0.14591288350549533
stress,reversed_3bar,18.2,1885471574824.5437,1.5911138836867223e-07,3.3756066923442336e-07,0.2842139641129112,179.74930631175712,0.00029443552479298875,0.15702067284136428,0.0006633492811463224,0.208984375,0.041011228528784006,0.14571088707395619
stress,reversed_3bar,18.3,1885050217064.3357,1.591469539030117e-07,3.3756066923442336e-07,0.27999257218923995,179.75771978930288,0.0002900635819076095,0.15702686837734361,0.000663201038462067,0.2109375,0.04141056419040787,0.14550791732137483
stress,reversed_3bar,18.4,1884627198118.9067,1.5918267565035538e-07,3.3756066923442336e-07,0.27583364199646265,179.76585074086094,0.0002857562909823809,0.1570328557796526,0.0006630522113372731,0.2109375,0.04140564604644957,0.14530629903277875
stress,reversed_3bar,18.5,1884197450915.047,1.5921898198848912e-07,3.3756066923442336e-07,0.27173625632034654,179.77370866446185,0.0002815127037431345,0.15703864205109405,0.0006629010170670644,0.212890625,0.04180535427324965,0.14510366785685797
stress,reversed_3bar,18.6,1883766328862.6843,1.592554211228118e-07,3.3756066923442336e-07,0.2676995112098684,179.78130273811865,0.0002773318855954939,0.15704423395814807,0.0006627493390957072,0.212890625,0.041800623265904495,0.14490238820456844
stress,reversed_3bar,18.7,1883328718715.9736,1.592924257027927e-07,3.3756066923442336e-07,0.2637225157914603,179.78864183065673,0.00027321291543425417,0.1570496380389945,0.0006625953784738028,0.21484375,0.04220070008247601,0.14470007842185292
stress,reversed_3bar,18.8,1882889936829.6638,1.5932954663570416e-07,3.3756066923442336e-07,0.25980439208567957,179.79573451217252,0.0002691548854552197,0.15705486061125848,0.0006624410056088124,0.21484375,0.04219615107626311,0.14449909391212984
stress,reversed_3bar,18.9,1882444994270.3313,1.593672064326561e-07,3.3756066923442336e-07,0.25594427482627646,179.8025890641373,0.00026515690096947427,0.1570599077794922,0.0006622844652871096,0.216796875,0.04259659190176585,0.14429711270626552
stress,reversed_3bar,19.0,1881998910197.5522,1.5940498072260264e-07,3.3756066923442336e-07,0.2521413112816315,179.8092134891551,0.00026121808022005626,0.15706478544239846,0.0006621275233565285,0.216796875,0.0425922214192444,0.14409636255266087
stress,reversed_3bar,19.1,1881547064558.3787,1.594432611604183e-07,3.3756066923442336e-07,0.2483946610785388,179.8156155203891,0.0002573375542010158,0.15706949929980804,0.0006619685543834943,0.21875,0.04299302348212352,0.14389469205124406
stress,reversed_3bar,19.2,1881094061467.6362,1.594816581186477e-07,3.3756066923442336e-07,0.24470349602830888,179.82180263066658,0.0002535144664788267,0.15707405485941753,0.0006618091781942091,0.21875,0.042988827237960804,0.14369414710022843
stress,reversed_3bar,19.3,1880635706007.218,1.5952052757571572e-07,3.3756066923442336e-07,0.2410669999551627,179.82778204127416,0.0002497479730161273,0.15707845744329682,0.0006616479189266404,0.220703125,0.043389988176096524,0.14349277241526281
stress,reversed_3bar,19.4,1880176132962.4102,1.59559519313395e-07,3.3756066923442336e-07,0.2374843685268961,179.833560730454,0.00024603724199776807,0.1570827121941746,0.0006614862312868064,0.220703125,0.04338596242836732,0.14329240664170417
stress,reversed_3bar,19.5,1879711627471.3997,1.5959894891088266e-07,3.3756066923442336e-07,0.2339548090877844,179.83914544161044,0.00024238145365913696,0.1570868240815082,0.0006613228083067602,0.22265625,0.0437874802726233,0.14309131565431008
stress,reversed_3bar,19.6,1879245801920.932,1.596385101370695e-07,3.3756066923442336e-07,0.23047754049370425,179.8445426912383,0.00023877980011673965,0.1570907979073469,0.0006611589209015251,0.22265625,0.043783621793476585,0.14289110594647286
stress,reversed_3bar,19.7,1878775475135.2363,1.5967847354320274e-07,3.3756066923442336e-07,0.22705179294944744,179.84975877658167,0.00023523148520100974,0.15709463831199486,0.000660993449865334,0.224609375,0.04418549495214397,0.1426902891080548
stress,reversed_3bar,19.8,1878303685214.7454,1.5971858137822966e-07,3.3756066923442336e-07,0.2236768078482013,179.85479978303226,0.00023173572429132375,0.15709834977948078,0.000660827464066986,0.224609375,0.044181801000347215,0.1424902150690737
stress,reversed_3bar,19.9,1877827837047.6406,1.5975905462753506e-07,3.3756066923442336e-07,0.22035183761316962,179.85967159127665,0.00022829174415319538,0.1571019366428411,0.0006606600504905639,0.2265625,0.044584028244502485,0.14228966521826167
stress,reversed_3bar,20.0,1877350345712.555,1.5979968826017604e-07,3.3756066923442336e-07,0.2170761455413122,179.86437988420042,0.00022489878277762683,0.1571054030892228,0.0006604920588124542,0.2265625,0.044580496492202526,0.14208970989914677
stress,reversed_3bar,20.1,1876869247313.5918,1.598406497572472e-07,3.3756066923442336e-07,0.2138490056491753,179.8689301535586,0.00022155608922259018,0.15710875316481265,0.0006603227980920202,0.228515625,0.04498307698956795,0.1418894211777621
stress,reversed_3bar,20.2,1876386373873.8782,1.598817835053009e-07,3.3756066923442336e-07,0.21066970252079115,179.87332770641876,0.0002182629234566168,0.15711199077959817,0.000660152912874234,0.228515625,0.044979703589189596,0.14168960730978492
stress,reversed_3bar,20.3,1875900189965.9219,1.599232206514409e-07,3.3756066923442336e-07,0.20753753115762044,179.877577671385,0.0002150185562044691,0.15711511971196573,0.0006599818629628198,0.23046875,0.045382638800477194,0.14148953860807909
stress,reversed_3bar,20.4,1875412147567.035,1.5996483780335372e-07,3.3756066923442336e-07,0.20445179683051473,179.88168500461123,0.0002118222687948714,0.15711814361314264,0.0006598101591944929,0.23046875,0.04537942226523076,0.14128985335049205
stress,reversed_3bar,20.5,1874921102540.1772,1.600067328665481e-07,3.3756066923442336e-07,0.2014118149336751,179.8856544956082,0.0002086733530102767,0.15712106601148634,0.0006596373990373387,0.232421875,0.04578271202938951,0.14109000326374527
stress,reversed_3bar,20.6,1874428082588.962,1.6004881850982498e-07,3.3756066923442336e-07,0.1984169108405822,179.8894907728536,0.00020557111093864422,0.1571238903166277,0.0006594639440594985,0.232421875,0.045779651266078185,0.14089043584068608
stress,reversed_3bar,20.7,1873932379374.0767,1.6009115553049187e-07,3.3756066923442336e-07,0.19546641976187604,179.8931983092097,0.0002025148548272066,0.15712661982347162,0.0006592895450520318,0.234375,0.04618329573564014,0.14069080476139564
stress,reversed_3bar,20.8,1873434553084.2478,1.6013369642729605e-07,3.3756066923442336e-07,0.1925596866051598,179.8967814271548,0.00019950390693820028,0.1571292577160598,0.0006591143991013301,0.234375,0.046180390025416934,0.1404913463321002
stress,reversed_3bar,20.9,1872934374651.7712,1.6017646109772428e-07,3.3756066923442336e-07,0.18969606583670687,179.90024430383463,0.00019653759940653932,0.15713180707130023,0.0006589384256164691,0.236328125,0.04658438965617933,0.14029193633179873
stress,reversed_3bar,21.0,1872431894469.2039,1.6021944557029877e-07,3.3756066923442336e-07,0.18687492134504663,179.9035909759386,0.00019361527409940735,0.15713427086256687,0.0006587616423266296,0.236328125,0.046581638636696905,0.14009257987174342
stress,reversed_3bar,21.1,1871927405211.7458,1.6026262512357687e-07,3.3756066923442336e-07,0.18409562630640716,179.9068253444051,0.0001907362824777462,0.157136651963173,0.0006585841522012152,0.23828125,0.046985994178187065,0.13989339459309838
stress,reversed_3bar,21.2,1871420406128.4976,1.6030604294874887e-07,3.3756066923442336e-07,0.18135756305199094,179.90995117896023,0.0001878999854596171,0.1571389531497212,0.000658405779065335,0.23828125,0.04698339782706396,0.13969413478524653
stress,reversed_3bar,21.3,1870911772939.5706,1.6034962435916525e-07,3.3756066923442336e-07,0.1786601229370632,179.91297212249546,0.00018510575328541438,0.15714117710533407,0.0006582268310160793,0.240234375,0.04738810981215254,0.13949518845213502
stress,reversed_3bar,21.4,1870400353901.2397,1.6039346836855897e-07,3.3756066923442336e-07,0.1760027062118291,179.91589169528459,0.00018235296538490734,0.15714332642276624,0.0006580469028453389,0.240234375,0.04738566893328794,0.13929601247904333
stress,reversed_3bar,21.5,1869887777954.7642,1.6043743562414873e-07,3.3756066923442336e-07,0.1733847218940776,179.9187132990452,0.00017964101024608843,0.15714540360740145,0.0006578665676495356,0.2421875,0.04779073686979658,0.13909734393391188
stress,reversed_3bar,21.6,1869371972372.2317,1.604817042481386e-07,3.3756066923442336e-07,0.1708055876435726,179.92144022084614,0.00017696928528580775,0.15714741108013555,0.0006576850961985983,0.2421875,0.047788453879589604,0.13889821725994955
stress,reversed_3bar,21.7,1868855570329.369,1.6052604854163647e-07,3.3756066923442336e-07,0.16826472963816605,179.9240756368619,0.00017433719672216966,0.15714935118014656,0.0006575034149001427,0.244140625,0.048193879287878535,0.13869983472916422
stress,reversed_3bar,21.8,1868335466982.9426,1.605707354495877e-07,3.3756066923442336e-07,0.165761582451615,179.92662261597562,0.00017174415944867148,0.15715122616755284,0.0006573204314038226,0.244140625,0.048191755157273544,0.1385007561708093
stress,reversed_3bar,21.9,1867815341450.6292,1.6061544915195234e-07,3.3756066923442336e-07,0.16329558893307952,179.92908412323206,0.00016918959691006295,0.15715303822596036,0.000657137440102032,0.24609375,0.04859753982007497,0.13830266910597394
stress,reversed_3bar,22.0,1867291015975.774,1.6066054912347534e-07,3.3756066923442336e-07,0.1608662000882808,179.9314630231378,0.00016667294097990446,0.15715478946489705,0.0006569529711705053,0.24609375,0.04859557580607648,0.13810363884098073
stress,reversed_3bar,22.1,1866767256426.3186,1.6070562571057237e-07,3.3756066923442336e-07,0.15847287496229884,179.93376208281114,0.00016419363183980382,0.15715648192213658,0.0006567687013436547,0.248046875,0.04900172176244113,0.13790585785185053
stress,reversed_3bar,22.2,1866238772184.2183,1.6075113456617582e-07,3.3756066923442336e-07,0.1561150805239892,179.93598397497777,0.00016175111786031045,0.15715811756590772,0.0006565827692687428,0.248046875,0.04899991939714405,0.13770687735052056
stress,reversed_3bar,22.3,1865711455802.1167,1.607965685513907e-07,3.3756066923442336e-07,0.15379229155199817,179.93813128081254,0.00015934485548344698,0.15715969829699045,0.0006563972480719907,0.25,0.04940642893700017,0.13750941414428247
stress,reversed_3bar,22.4,1865178990128.0837,1.6084247227093132e-07,3.3756066923442336e-07,0.151503990522356,179.94020649262475,0.0001569743091068568,0.1571612259506967,0.0006562099152440546,0.251953125,0.049813359518972436,0.13731054412940724
stress,reversed_3bar,22.5,1864648057142.2473,1.6088826996113083e-07,3.3756066923442336e-07,0.14924966749762844,179.94221201638481,0.00015463895096954824,0.15716270229873375,0.0006560231216486517,0.251953125,0.04981166567684803,0.13711335343344064
stress,reversed_3bar,22.6,1864112109775.6082,1.6093452664502695e-07,3.3756066923442336e-07,0.147028820017607,179.94415017409037,0.0001523382610392154,0.15716412905094945,0.0006558345638866894,0.25390625,0.05021896525309271,0.13691481022511426
stress,reversed_3bar,22.7,1863577156484.025,1.6098072406403835e-07,3.3756066923442336e-07,0.14484095299151725,179.94602320597107,0.00015007172690111481,0.1571655078569582,0.0006556463558616219,0.25390625,0.05021743681269004,0.1367176933360846
stress,reversed_3bar,22.8,1863037803808.5264,1.6102732826286357e-07,3.3756066923442336e-07,0.14268557859172737,179.94783327253012,0.00014783884364847987,0.15716684030764697,0.0006554566000390715,0.255859375,0.05062510756751651,0.13651950348181777
stress,reversed_3bar,22.9,1862498829676.2734,1.6107392671604735e-07,3.3756066923442336e-07,0.1405622161489361,179.94958245642223,0.0001456391137744518,0.1571681279365603,0.0006552669773961422,0.255859375,0.050623747660725915,0.13632245353979824
stress,reversed_3bar,23.0,1861956111392.7473,1.6112087613901884e-07,3.3756066923442336e-07,0.13847039204882208,179.95127276417043,0.0001434720470655097,0.15716937222116667,0.0006550760374806064,0.2578125,0.051031792733231135,0.13612463209012765
stress,reversed_3bar,23.1,1861413133610.9512,1.6116787540766444e-07,3.3756066923442336e-07,0.13640963963013564,179.9529061277222,0.00014133716049637924,0.15717057458400654,0.0006548850062680216,0.2578125,0.05103060401180147,0.13592765571673412
stress,reversed_3bar,23.2,1860867080190.0867,1.6121516855967763e-07,3.3756066923442336e-07,0.1343794990842134,179.95448440585156,0.00013923397812640133,0.1571717363937265,0.0006546928929797416,0.259765625,0.05143902677517921,0.1357302186151475
stress,reversed_3bar,23.3,1860320107356.6904,1.612625691748647e-07,3.3756066923442336e-07,0.13237951735589934,179.95600938541205,0.0001371620309973434,0.15717285896600394,0.000654500456222442,0.259765625,0.05143801212174663,0.13553332344611388
stress,reversed_3bar,23.4,1859770740576.3074,1.6131020531435813e-07,3.3756066923442336e-07,0.13040924804585124,179.95748278245148,0.00013512085703263244,0.1571739435643694,0.0006543071772233212,0.26171875,0.05184681618065547,0.1353362874953016
stress,reversed_3bar,23.5,1859219773202.342,1.6135800851734513e-07,3.3756066923442336e-07,0.12846825131421746,179.958906243199,0.00013311000093799434,0.15717499140093524,0.0006541133351010982,0.26171875,0.05184597870282256,0.135139482144782
stress,reversed_3bar,23.6,1858667106642.3364,1.6140598761762507e-07,3.3756066923442336e-07,0.1265560937856634,179.96028134494154,0.00013112901410347824,0.15717600363704234,0.000653918895168835,0.263671875,0.05225516789118353,0.13494286497661503
stress,reversed_3bar,23.7,1858112178870.8328,1.6145419173900942e-07,3.3756066923442336e-07,0.12467234845573223,179.96160959680702,0.00012917745450685111,0.15717698138383843,0.0006537236596939382,0.263671875,0.05225450975607655,0.13474617821511967
stress,reversed_3bar,23.8,1857556177116.3396,1.6150251803728402e-07,3.3756066923442336e-07,0.12281659459852114,179.96289244047603,0.00012725488661834264,0.1571779257028034,0.0006535280463688244,0.265625,0.052664089295405114,0.13454997905411828
stress,reversed_3bar,23.9,1856997330151.1204,1.6155112079541135e-07,3.3756066923442336e-07,0.12098841767565591,179.96413125084985,0.00012536088130672351,0.15717883760624252,0.0006533314320376412,0.265625,0.05266361245150405,0.13435344727469942
stress,reversed_3bar,24.0,1856437936212.9426,1.6159980042854958e-07,3.3756066923442336e-07,0.11918740924654737,179.96532733669895,0.00012349501574670016,0.157179718057765,0.0006531346252696568,0.267578125,0.053073588222922415,0.13415765941983665
stress,reversed_3bar,24.1,1855875149588.1304,1.6164880491372398e-07,3.3756066923442336e-07,0.11741316687991213,179.96648194132726,0.00012165687332760831,0.1571805679727745,0.0006529366248818531,0.267578125,0.05307329635892167,0.13396129438418358
stress,reversed_3bar,24.2,1855312354415.0132,1.6169783987375598e-07,3.3756066923442336e-07,0.11566529406654132,179.9675962432835,0.00011984604356338844,0.15718138821899366,0.0006527386214865727,0.26953125,0.053483672939049924,0.1337659374168936
stress,reversed_3bar,24.3,1854745601224.3538,1.6174724975865377e-07,3.3756066923442336e-07,0.11394340013330055,179.96867135715593,0.0001180621220038264,0.1571821796170503,0.0006525392255759522,0.26953125,0.05348356995016851,0.13356975175525354
stress,reversed_3bar,24.4,1854179389192.5046,1.6179664262725413e-07,3.3756066923442336e-07,0.11224710015834477,179.9697083344865,0.00011630471014704249,0.15718294294115154,0.0006523400200565911,0.271484375,0.05389435214044888,0.1333748459993357
stress,reversed_3bar,24.5,1853608636422.4895,1.6184646214154862e-07,3.3756066923442336e-07,0.11057601488753233,179.97070816484074,0.00011457341535321297,0.15718367891987195,0.0006521392170082943,0.271484375,0.05389444212523707,0.13317885319088418
stress,reversed_3bar,24.6,1853038985661.8542,1.6189621606522667e-07,3.3756066923442336e-07,0.10892977065202121,179.97167177707016,0.00011286785075950672,0.15718438823708403,0.000651938801670499,0.2734375,0.05430563495163998,0.13298441969735775
stress,reversed_3bar,24.7,1852464756585.9321,1.6194640083350142e-07,3.3756066923442336e-07,0.10730799928703329,179.9726000407999,0.00011118763519622272,0.15718507153305394,0.000651736775583332,0.275390625,0.05471727027750388,0.1327888971894332
stress,reversed_3bar,24.8,1851891109577.2542,1.6199656580698385e-07,3.3756066923442336e-07,0.10571033805176867,179.97349376817252,0.00010953239310410987,0.15718572940572587,0.0006515349542798878,0.275390625,0.05471752996542646,0.13259470975824467
stress,reversed_3bar,24.9,1851313470234.684,1.62047111320359e-07,3.3756066923442336e-07,0.10413642955045764,179.97435371587363,0.00010790175445285668,0.15718636241221384,0.0006513317283878764,0.27734375,0.05512958270472592,0.13239972498065855
stress,reversed_3bar,25.0,1850735717620.0725,1.620976983065852e-07,3.3756066923442336e-07,0.10258592165453227,179.9751805874629,0.00010629535466073245,0.15718697107051818,0.000651128462644335,0.27734375,0.05513004610348264,0.13220577001553607
stress,reversed_3bar,25.1,1850154565299.7083,1.6214861483824337e-07,3.3756066923442336e-07,0.10105846742590394,179.97597503602194,0.0001047128345153658,0.15718755586147537,0.0006509240008114982,0.279296875,0.05554252380042429,0.13201131468995203
stress,reversed_3bar,25.2,1849572654923.9688,1.6219962984494505e-07,3.3756066923442336e-07,0.09955372504133204,179.97673766712828,0.0001031538400956458,0.15718811723094742,0.0006507192722785452,0.279296875,0.05554319570502249,0.13181760854275698
stress,reversed_3bar,25.3,1848987947906.228,1.6225092237064954e-07,3.3756066923442336e-07,0.0980713577178685,179.97746904215413,0.00010161802269472976,0.15718865559225076,0.0006505135598270407,0.28125,0.05595610418784566,0.1316237061122421
stress,reversed_3bar,25.4,1848401822661.1824,1.6230237187717323e-07,3.3756066923442336e-07,0.09661103363936382,179.97816968188042,0.00010010503874414325,0.15718917132881702,0.0006503073484127959,0.28125,0.055956989589325414,0.13143026592689572
stress,reversed_3bar,25.5,1847813514109.0857,1.6235404585437485e-07,3.3756066923442336e-07,0.0951724258840205,179.97884007040687,9.861454973895792e-05,0.1571896647970714,0.0006501003688643708,0.283203125,0.05637033491538608,0.13123694052533474
stress,reversed_3bar,25.6,1847223112115.8398,1.62405936799034e-07,3.3756066923442336e-07,0.09375521235297943,179.97948065933124,9.714622216403227e-05,0.15719013632950948,0.0006498926527985143,0.283203125,0.05637143900066723,0.13104378423194582
stress,reversed_3bar,25.7,1846631150250.1284,1.6245799815483707e-07,3.3756066923442336e-07,0.09235907569992508,179.98009187216002,9.569972742130125e-05,0.15719058623794416,0.0006496843879361164,0.28515625,0.0567852274587751,0.130851060681977
stress,reversed_3bar,25.8,1846036405014.575,1.625103379245825e-07,3.3756066923442336e-07,0.09098370326169597,179.98067410890638,9.427474175810028e-05,0.1571910148168905,0.0006494751438245969,0.28515625,0.05678655561116915,0.13065820699332265
stress,reversed_3bar,25.9,1845440771216.5337,1.6256278970266648e-07,3.3756066923442336e-07,0.08962878698988666,179.98122775082126,9.287094619651033e-05,0.1571914223470483,0.0006492655870977637,0.287109375,0.05720079254812411,0.13046612868990343
stress,reversed_3bar,26.0,1844841573804.0708,1.6261558946842182e-07,3.3756066923442336e-07,0.08829402338342739,179.9817531651996,9.148802646370932e-05,0.15719180909884037,0.0006490547766150552,0.287109375,0.05720235152496326,0.13027357921682964
stress,reversed_3bar,26.1,1844242270453.5825,1.6266843288773359e-07,3.3756066923442336e-07,0.08697911342212843,179.98225071019525,9.012567292331708e-05,0.1571921753359566,0.0006488439288610805,0.2890625,0.0576170416956295,0.13008220241332782
stress,reversed_3bar,26.2,1843638481877.101,1.6272170653248402e-07,3.3756066923442336e-07,0.08568376250117585,179.98272073957767,8.878358050771981e-05,0.1571925213188559,0.0006486315031085414,0.2890625,0.05761883928371615,0.12988994738200257
stress,reversed_3bar,26.3,1843035443711.0488,1.627749488072428e-07,3.3756066923442336e-07,0.08440768036656553,179.98316360735905,8.7461448651361e-05,0.15719284730817176,0.0006484193413664627,0.291015625,0.05803398962402589,0.1296992993447405
stress,reversed_3bar,26.4,1842427494426.7856,1.6282865996489903e-07,3.3756066923442336e-07,0.08315058105146254,179.98357967222043,8.615898122498538e-05,0.15719315356797092,0.000648205451787816,0.29296875,0.058449622862157505,0.12950760072942238
stress,reversed_3bar,26.5,1841820141000.2622,1.628823538855835e-07,3.3756066923442336e-07,0.08191218281347365,179.9839693016688,8.487588647082343e-05,0.15719344036881308,0.0006479917718446838,0.29296875,0.05845164956615156,0.12931746814638478
stress,reversed_3bar,26.6,1841208252303.0854,1.629364845745957e-07,3.3756066923442336e-07,0.08069220807281945,179.98433287585812,8.361187693870275e-05,0.15719370799056376,0.0006477764962962037,0.294921875,0.05886775808170289,0.12912649258303488
stress,reversed_3bar,26.7,1840596203641.9067,1.6299066541939138e-07,3.3756066923442336e-07,0.07949038335139483,179.9846707910144,8.236666942307462e-05,0.15719395672491554,0.0006475611644689619,0.294921875,0.05887003521304512,0.12893675898117998
stress,reversed_3bar,26.8,1839980298432.3435,1.6304522404701775e-07,3.3756066923442336e-07,0.07830643921270469,179.98498346241152,8.113998490094231e-05,0.15719418687757858,0.0006473444758254027,0.296875,0.05928662665507942,0.12874653508150602
stress,reversed_3bar,26.9,1839363464340.9624,1.630999015779021e-07,3.3756066923442336e-07,0.07714011020266326,179.9852713268504,7.993154847067933e-05,0.15719439877010555,0.0006471274603813262,0.296875,0.05928916072396578,0.12855722352893637
stress,reversed_3bar,27.0,1838743517474.6082,1.6315489199495863e-07,3.3756066923442336e-07,0.07599113479124489,179.98553484460743,7.87410892917253e-05,0.15719459274132602,0.0006469093497963479,0.298828125,0.05970624117458041,0.12836780734307837
stress,reversed_3bar,27.1,1838121747231.5593,1.6321008140610785e-07,3.3756066923442336e-07,0.07485925531497468,179.98577450082692,7.75683405251471e-05,0.15719476914837158,0.0006466905977083972,0.298828125,0.05970904073744845,0.12817891500524953
stress,reversed_3bar,27.2,1837497720119.7732,1.6326550869431565e-07,3.3756066923442336e-07,0.07374421792024709,179.9859908063414,7.641303927505372e-05,0.15719492836727952,0.0006464710516056894,0.30078125,0.06012661680263534,0.12799035910821369
stress,reversed_3bar,27.3,1836870867898.9998,1.6332122483010357e-07,3.3756066923442336e-07,0.07264577250746133,179.98618429791847,7.52749265308529e-05,0.15719507079317488,0.0006462505115691344,0.30078125,0.0601296903832136,0.12780188818254334
stress,reversed_3bar,27.4,1836242670820.5417,1.6337709866307717e-07,3.3756066923442336e-07,0.07156367267596205,179.98635553794205,7.415374711033797e-05,0.15719519684003583,0.0006460294983828432,0.302734375,0.06054777045186853,0.12761422375914522
stress,reversed_3bar,27.5,1835610633386.3423,1.6343335266398993e-07,3.3756066923442336e-07,0.07049767566977379,179.98650511354793,7.304924960359307e-05,0.15719530694005754,0.0006458071340771535,0.302734375,0.06055112529473256,0.1274261994127286
stress,reversed_3bar,27.6,1834978172245.8574,1.6348968316763434e-07,3.3756066923442336e-07,0.06944754232411904,179.9866336352433,7.196118631770626e-05,0.15719540154263614,0.000645584620702518,0.3046875,0.06096971803958948,0.1272394584101395
stress,reversed_3bar,27.7,1834340842192.6257,1.6354648661772354e-07,3.3756066923442336e-07,0.06841303701270793,179.98674173504924,7.088931322227839e-05,0.15719548111300166,0.0006453603943401006,0.3046875,0.060973361622246626,0.12705190665097102
stress,reversed_3bar,27.8,1833704018520.9614,1.6360328437409193e-07,3.3756066923442336e-07,0.06739392759578948,179.98683006421544,6.983338989571717e-05,0.1571955461305359,0.0006451363461335638,0.306640625,0.06139247600752742,0.1268661217919173
stress,reversed_3bar,27.9,1833061766415.0754,1.6366060625808093e-07,3.3756066923442336e-07,0.0663899853689536,179.98689929056016,6.879317947230566e-05,0.1571955970868147,0.0006449103880876071,0.30859375,0.06181212105363364,0.12667929918773088
stress,reversed_3bar,28.0,1832419995224.497,1.637179253565424e-07,3.3756066923442336e-07,0.06540098501267322,179.98695009549644,6.776844859003383e-05,0.15719563448341906,0.0006446845992379554,0.30859375,0.061816061335191255,0.12649427427626597
stress,reversed_3bar,28.1,1831773208606.754,1.6377573303857844e-07,3.3756066923442336e-07,0.06442670454257635,179.9869831708087,6.675896733918343e-05,0.1571956588295627,0.0006444570458536119,0.310546875,0.0622362438563473,0.12630844912430414
stress,reversed_3bar,28.2,1831125879390.7986,1.6383363010510654e-07,3.3756066923442336e-07,0.06346692526043786,179.98699921524573,6.576450921165486e-05,0.15719567063958428,0.0006442293015715964,0.310546875,0.06224049155325988,0.12612397790083066
stress,reversed_3bar,28.3,1830474467585.1401,1.6389193365574558e-07,3.3756066923442336e-07,0.06252143170588056,179.98699893099663,6.478485105102591e-05,0.15719567043035365,0.0006440001209470866,0.3125,0.06266122066334905,0.12593919383478086
stress,reversed_3bar,28.4,1829821439520.3433,1.6395042353347872e-07,3.3756066923442336e-07,0.06159001160877633,179.9869830201163,6.381977300333283e-05,0.15719565871864075,0.0006437703716879965,0.3125,0.06266578475689928,0.12575529639388144
stress,reversed_3bar,28.5,1829165288676.0842,1.6400923517258214e-07,3.3756066923442336e-07,0.060672455842336374,179.98695218096302,6.286905846856226e-05,0.15719563601849362,0.0006435395237682111,0.314453125,0.06308707052360628,0.12557158890270423
stress,reversed_3bar,28.6,1828506435599.8154,1.640683314858497e-07,3.3756066923442336e-07,0.059768558376882275,179.98690710470927,6.193249405284565e-05,0.15719560283867023,0.000643307725145331,0.314453125,0.06309195961894905,0.12538829519896916
stress,reversed_3bar,28.7,1827845427530.8853,1.6412766390495615e-07,3.3756066923442336e-07,0.05887811623428694,179.98684847197853,6.100986952134489e-05,0.15719555968016288,0.0006430751683498792,0.31640625,0.06351381243662753,0.1252057006081671
stress,reversed_3bar,28.8,1827180619131.7559,1.6418738074321012e-07,3.3756066923442336e-07,0.058000929443076894,179.98677694965966,6.010097775182057e-05,0.15719550703385368,0.0006428412745168716,0.31640625,0.0635190354029695,0.12502304149948112
stress,reversed_3bar,28.9,1826514631336.711,1.642472471082528e-07,3.3756066923442336e-07,0.05713680099418635,179.98669318793904,5.9205614688872685e-05,0.15719544537832972,0.0006426069657471218,0.318359375,0.06394146600019984,0.12484159698427864
stress,reversed_3bar,29.0,1825843752642.8867,1.6430759727701433e-07,3.3756066923442336e-07,0.05628553679735354,179.9865978175883,5.832357929884432e-05,0.15719537517788706,0.0006423709362544332,0.318359375,0.06394703129426861,0.1246596135776256
stress,reversed_3bar,29.1,1825172638857.8274,1.6436801298300013e-07,3.3756066923442336e-07,0.055446945638150835,179.98649144753418,5.74546735253795e-05,0.15719529688074188,0.0006421348240516131,0.3203125,0.06437005142331124,0.12447934784175502
stress,reversed_3bar,29.2,1824495746531.3755,1.6442899391261526e-07,3.3756066923442336e-07,0.05462083913563905,179.98637466273223,5.6598702245625294e-05,0.15719521091746538,0.0006418966788341721,0.322265625,0.06479364539111393,0.12429816655429847
stress,reversed_3bar,29.3,1823819180481.452,1.6448999068032937e-07,3.3756066923442336e-07,0.053807031700637754,179.98624802235815,5.5755473227069785e-05,0.15719511769965253,0.0006416586484078018,0.322265625,0.06479958953908982,0.12411902479376295
stress,reversed_3bar,29.4,1823136985443.7737,1.6455154077573406e-07,3.3756066923442336e-07,0.05300534049460212,179.98611205832233,5.492479708500625e-05,0.15719501761882887,0.0006414186375829832,0.32421875,0.06522379096734417,0.12393908965768749
stress,reversed_3bar,29.5,1822453978265.1296,1.6461321030755606e-07,3.3756066923442336e-07,0.05221558538909853,179.98596727410975,5.4106487240615456e-05,0.15719491104559632,0.0006411783410295793,0.32421875,0.06523010181786992,0.12376070128122613
stress,reversed_3bar,29.6,1821766343011.7039,1.6467534442646834e-07,3.3756066923442336e-07,0.05143758892586974,179.98581414393675,5.3300359879656635e-05,0.15719479832901287,0.0006409364162203478,0.326171875,0.06565492269044138,0.12358205250280073
stress,reversed_3bar,29.7,1821076745982.399,1.647377029341846e-07,3.3756066923442336e-07,0.05067117627748168,179.98565311221617,5.2506233911759044e-05,0.15719467979619864,0.0006406938012163466,0.326171875,0.06566161038050838,0.12340445259880918
stress,reversed_3bar,29.8,1820383528804.859,1.64800436420648e-07,3.3756066923442336e-07,0.04991617520854343,179.98548459331354,5.172393093030533e-05,0.1571945557521565,0.0006404499125666638,0.328125,0.06608706305062215,0.12322713129606996
stress,reversed_3bar,29.9,1819687189163.6807,1.648635005986268e-07,3.3756066923442336e-07,0.049172416037492304,179.9853089715748,5.0953275172898476e-05,0.15719442647979256,0.0006402049253673993,0.328125,0.06609413801207342,0.12305035592177366
stress,reversed_3bar,30.0,1818988244169.276,1.649268492864882e-07,3.3756066923442336e-07,0.048439731598935866,179.98512660160355,5.019409348240386e-05,0.15719429224012027,0.0006399590215490706,0.330078125,0.0665202352104461,0.12287440413915092
stress,reversed_9bar,0.1,896367913731.304,1.0040520038848522e-06,1.01268200770327e-06,1.465302660574432,8.598576989811795,0.0015161461632824398,0.008831747696670857,0.000315361429551979,1.0,1.0,0.1999822091810829
stress,reversed_9bar,0.2,903387086394.7645,9.962506809696807e-07,1.01268200770327e-06,1.4820282492818289,16.67120651892687,0.0015334255640184276,0.01698247479219046,0.0003178309248245247,1.0,1.0,0.19993897551247153
stress,reversed_9bar,0.3,909852856160.8745,9.891709345152262e-07,1.01268200770327e-06,1.4616946362348333,24.260465060492198,0.0015124185928393143,0.024523839693733944,0.00032010572110555894,1.0,1.0,0.19987438499445595
stress,reversed_9bar,0.4,915822333159.7184,9.827233595569469e-07,1.01268200770327e-06,1.4403331444313117,31.40450106398178,0.001490348752048678,0.03151782336435392,0.0003222059109619725,1.0,1.0,0.1997917224167055
stress,reversed_9bar,0.5,921345117597.6781,9.768326578282268e-07,1.01268200770327e-06,1.419221073374802,38.13759717347061,0.0014685356441881535,0.03801831102824825,0.0003241489448086576,1.0,1.0,0.199693715853031
stress,reversed_9bar,0.6,926464496253.2898,9.71434959072566e-07,1.01268200770327e-06,1.3984104136571611,44.49064880018653,0.001447033023428283,0.044072373382621384,0.0003259500518613756,1.0,1.0,0.19958264866334804
stress,reversed_9bar,0.7,931218415092.4656,9.664757326675442e-07,1.01268200770327e-06,1.3778997281318723,50.49157322561041,0.0014258394449205769,0.04972131188172131,0.00032762258232362277,1.0,1.0,0.19946044396928947
stress,reversed_9bar,0.8,935640277369.5198,9.619081411611311e-07,1.01268200770327e-06,1.3576849843517627,56.165660729279196,0.0014049507811113933,0.05500151727504011,0.000329178288175664,1.0,1.0,0.199328730672806
stress,reversed_9bar,0.9,939759602788.8539,9.576917302351982e-07,1.01268200770327e-06,1.3377620619006676,61.53587711107473,0.0013843628122803034,0.05994517920235956,0.0003306275550817309,1.0,1.0,0.19918889561807715
stress,reversed_9bar,1.0,943602575158.8506,9.53791377528288e-07,1.01268200770327e-06,1.3181268858557622,66.62312528539213,0.0013640713644725647,0.06458087614792588,0.00033197959506639084,1.0,1.0,0.19904212516607556
stress,reversed_9bar,1.1,947192499939.4617,9.501764425473408e-07,1.01268200770327e-06,1.2987754337703281,71.44647226863019,0.0013440723167503854,0.06893406864731208,0.0003332426074895876,1.0,1.0,0.1988894385931443
stress,reversed_9bar,1.2,950550188513.8319,9.468200741794958e-07,1.01268200770327e-06,1.2797037355439296,76.02334678920647,0.0013243616010940918,0.07302751376679759,0.0003344239142416286,1.0,1.0,0.1987317151173961
stress,reversed_9bar,1.3,953694282514.6736,9.436986427421018e-07,1.01268200770327e-06,1.260907872879251,80.3697118649669,0.0013049352018752428,0.07688161513842337,0.0003355300738481498,1.0,1.0,0.19856971591704092
stress,reversed_9bar,1.4,956641528834.9344,9.407912712048823e-07,1.01268200770327e-06,1.242383978716719,84.50021597335903,0.0012857891553058646,0.08051471994695047,0.00033656697822475814,1.0,1.0,0.19840410218218824
stress,reversed_9bar,1.5,959407013851.8162,9.380794459555704e-07,1.01268200770327e-06,1.2241282366705235,88.42832585161086,0.0012669195488882277,0.08394337201833241,0.000337539935082058,1.0,1.0,0.19823545000238502
stress,reversed_9bar,1.6,962004363748.4539,9.355466917978899e-07,1.01268200770327e-06,1.2061368804675672,92.16644348127366,0.0012483225208667684,0.0871825283989978,0.000338453738403108,1.0,1.0,0.19806426271286562
stress,reversed_9bar,1.7,964445916521.226,9.331782991485063e-07,1.01268200770327e-06,1.1884061933895391,95.72600941331979,0.0012299942596823825,0.09024574542700728,0.00033931272895927687,1.0,1.0,0.19789098118693502
stress,reversed_9bar,1.8,966742870232.5902,9.309610939085256e-07,1.01268200770327e-06,1.1709325077181878,99.11759426033554,0.0012119310034291826,0.09314533919461394,0.0003401208464687661,1.0,1.0,0.19771599245855356
stress,reversed_9bar,1.9,968905411249.239,9.288832424205401e-07,1.01268200770327e-06,1.1537122041839005,102.35097990834379,0.0011941290393138587,0.09589252442259709,0.00034088167471353924,1.0,1.0,0.19753963697976817
stress,reversed_9bar,2.0,970942825547.5262,9.269340854261725e-07,1.01268200770327e-06,1.1367417114176424,105.43523177221512,0.0011765847031177123,0.09849753506118843,0.0003415984806989553,1.0,1.0,0.1973622147561504
stress,reversed_9bar,2.1,987048375773.4762,9.11809412881853e-07,1.01268200770327e-06,1.1200175054063486,108.37876322721522,0.0011592943786614804,0.10096972936315991,0.0003472647582008286,0.25,0.09544613278417856,0.19585125702355555
stress,reversed_9bar,2.2,1023443084593.3436,8.793845144379546e-07,1.01268200770327e-06,1.1035361089518343,111.18939318840364,0.001142254497273037,0.10331768171305346,0.0003600691962287184,0.236328125,0.08682056837890371,0.19280294131332404
stress,reversed_9bar,2.3,1057980415684.3767,8.506773723385193e-07,1.01268200770327e-06,1.0872940911332816,113.87439767407837,0.001125461537258055,0.10554926312050567,0.0003722201689921669,0.232421875,0.0825189415274571,0.19005909134695648
stress,reversed_9bar,2.4,1090696678856.7122,8.251606678984263e-07,1.01268200770327e-06,1.071288066773379,116.44055607475873,0.0011089120233737173,0.10767171197776805,0.0003837304510600268,0.23046875,0.07931552735962105,0.18751227032279574
stress,reversed_9bar,2.5,1121677525717.2266,8.023696466812234e-07,1.01268200770327e-06,1.0555146959081636,118.8941927520136,0.0010926025263055562,0.10969169642854212,0.00039463017650199697,0.23046875,0.07709433706704086,0.1851130549356523
stress,reversed_9bar,2.6,1151018585231.2058,7.819161319790648e-07,1.01268200770327e-06,1.0399706832606206,121.24121450861121,0.0010765296621474889,0.11161536948628648,0.0004049529896361492,0.232421875,0.07576038279577378,0.18283282759681524
stress,reversed_9bar,2.7,1178812893162.0386,7.634799425936435e-07,1.01268200770327e-06,1.0246527777181011,123.487144400907,0.0010606900918851327,0.11344841786705083,0.00041473162243658973,0.234375,0.0745898257479602,0.18065131030989093
stress,reversed_9bar,2.8,1205151374797.51,7.467941528517265e-07,1.01268200770327e-06,1.0095577718135968,125.63715230396937,0.0010450805208824549,0.11519610535782784,0.00042399806436690707,0.234375,0.07292909982271338,0.17855500209222996
stress,reversed_9bar,2.9,1230117868905.3894,7.316372054662191e-07,1.01268200770327e-06,0.9946825012109219,127.69608258813469,0.0010296976983718282,0.11686331142111968,0.0004327818117011764,0.236328125,0.07203812846277921,0.17653239549241728
stress,reversed_9bar,3.0,1253791728822.303,7.178225691801122e-07,1.01268200770327e-06,0.980023844193843,129.6684792210248,0.0010145384169475478,0.11845456563552278,0.0004411107826427323,0.23828125,0.07125570073284292,0.17457485812144816
stress,reversed_9bar,3.1,1276247237679.1462,7.051925155478877e-07,1.01268200770327e-06,0.9655787211591983,131.55860857068353,0.0009995995120628696,0.11997407848739106,0.0004490111115879449,0.240234375,0.07056932001535483,0.17267547140622702
stress,reversed_9bar,3.2,1297553709853.21,6.93612906475999e-07,1.01268200770327e-06,0.9513440941140382,133.37048015225153,0.000984877861530619,0.12142576895708657,0.00045650718481925017,0.2421875,0.06996834365998061,0.17082850944557065
stress,reversed_9bar,3.3,1317775791453.0183,6.829689889868394e-07,1.01268200770327e-06,0.9373169661768239,135.107865531853,0.000970370385027422,0.12281328928280538,0.000463621746222152,0.244140625,0.06944365784707375,0.16902916274248997
stress,reversed_9bar,3.4,1336973755962.474,6.731620542185579e-07,1.01268200770327e-06,0.9234943810827132,136.7743155762488,0.0009560740436016042,0.1241400472334602,0.0004703760012991638,0.24609375,0.06898741758832047,0.1672733494217286
stress,reversed_9bar,3.5,1355203931220.9434,6.641066921855542e-07,1.01268200770327e-06,0.9098734226929603,138.37317621511588,0.000941985839184801,0.1254092261783772,0.0004767897673905472,0.25,0.06915515103564883,0.16555769315112837
stress,reversed_9bar,3.6,1372518631062.1255,6.55728803698303e-07,1.01268200770327e-06,0.8964512145084574,139.90760286402062,0.0009281028141073183,0.12662380320432898,0.0004828814496234026,0.251953125,0.0688092152880306,0.16387928446636718
stress,reversed_9bar,3.7,1388966108272.2307,6.479639745274506e-07,1.01268200770327e-06,0.8832249191874375,141.38057363918318,0.0009144220506172827,0.12778656549811288,0.000488668024361348,0.25390625,0.0685144420454768,0.1622355693262448
stress,reversed_9bar,3.8,1404591003050.883,6.407559197269017e-07,1.01268200770327e-06,0.870191738067361,142.7949014809752,0.0009009406704036135,0.12890012518569757,0.0004941651969826697,0.255859375,0.068266318330004,0.1606246511426254
stress,reversed_9bar,3.9,1419434026685.896,6.340555341633778e-07,1.01268200770327e-06,0.8573489106910019,144.15324529023383,0.0008876558341228478,0.12996693279521807,0.0004993872905903339,0.2578125,0.06806092001479896,0.15904523301187615
stress,reversed_9bar,4.0,1433531748879.898,6.278200679567945e-07,1.01268200770327e-06,0.8446937143367516,145.4581201702167,0.0008745647409298524,0.13098928949064745,0.0005043471711889381,0.259765625,0.06789485169028057,0.15749670676334113
stress,reversed_9bar,4.1,1446916359845.129,6.220124569580039e-07,1.01268200770327e-06,0.8322234635531529,146.71190685717121,0.0008616646280124427,0.13196935820533603,0.0005090561639845655,0.26171875,0.06776519937777137,0.1559792439196709
stress,reversed_9bar,4.2,1459615506402.764,6.166007390659054e-07,1.01268200770327e-06,0.8199355096976709,147.91686041395505,0.0008489527701299328,0.1329091737894389,0.0005135239957210174,0.263671875,0.06766948939501087,0.15449385580928537
stress,reversed_9bar,4.3,1471652315819.7456,6.115574924357582e-07,1.01268200770327e-06,0.8078272404797193,149.07511825327495,0.0008364264791556465,0.13381065227181932,0.0005177588030661204,0.265625,0.06760564680115702,0.1530423884490179
stress,reversed_9bar,4.4,1483045703053.8416,6.068592479292769e-07,1.01268200770327e-06,0.7958960795079414,150.1887075503585,0.0008240831036233977,0.13467559932548584,0.0005217672407071189,0.267578125,0.06757194824746668,0.15162742641364
stress,reversed_9bar,4.5,1493811004568.2478,6.024858548020434e-07,1.01268200770327e-06,0.7841394858417516,151.2595520988987,0.0008119200282779618,0.135505718015569,0.0005255547043402258,0.26953125,0.06756696673996507,0.1502520983275437
stress,reversed_9bar,4.6,1503960907094.3572,5.984198098199203e-07,1.01268200770327e-06,0.7725549535471479,152.28947865866323,0.0007999346736295558,0.13630261589994647,0.0005291256574292568,0.271484375,0.0675895092084463,0.14891980016146877
stress,reversed_9bar,4.7,1513506925026.8572,5.94645445698261e-07,1.01268200770327e-06,0.7611400112567872,153.28022283857476,0.0007881244955123328,0.13706781154503256,0.0005324841509848667,0.275390625,0.06814203372409967,0.14763407632631764
stress,reversed_9bar,4.8,1522459826164.0566,5.911486034200407e-07,1.01268200770327e-06,0.7498922217343328,154.2334345544922,0.00077648698464691,0.13780274051220098,0.0005356339733491142,0.27734375,0.06821363817763872,0.14639789166758393
stress,reversed_9bar,4.9,1530830693892.942,5.879160926093511e-07,1.01268200770327e-06,0.7388091814430645,155.15068309755418,0.0007650196662069288,0.13850876086466848,0.000538579023894914,0.279296875,0.06831017765803253,0.1452133962711972
stress,reversed_9bar,5.0,1538632340049.7253,5.849350599058083e-07,1.01268200770327e-06,0.7278885201187553,156.03346184522812,0.000753720099389665,0.13918715823914485,0.0005413238101006364,0.28125,0.06843078501534626,0.1440821185519954
stress,reversed_9bar,5.1,1545879398706.3264,5.821928934127511e-07,1.01268200770327e-06,0.7171279003468026,156.88319264433954,0.000742585876990683,0.13983915052204085,0.0005438734805462007,0.283203125,0.06857458001461911,0.14300470745296986
stress,reversed_9bar,5.2,1553554138756.6736,5.793167920882885e-07,1.01268200770327e-06,0.7065250171436159,157.70122989265062,0.0007316146249825467,0.14046589216592337,0.0005465736184657323,0.28515625,0.06869792889598393,0.14189270149335717
stress,reversed_9bar,5.3,1561057795706.3467,5.765321453667053e-07,1.01268200770327e-06,0.6960775975422456,158.48886434303205,0.000720804002097582,0.14106847817820564,0.0005492135656863619,0.287109375,0.06882742144370961,0.1408039609620391
stress,reversed_9bar,5.4,1568007869598.2666,5.73976711118539e-07,1.01268200770327e-06,0.6857834001822499,159.24732665221325,0.0007101516994146945,0.14164794781093262,0.000551658750531192,0.2890625,0.0689798348401066,0.13977368073730545
stress,reversed_9bar,5.5,1574410190537.942,5.71642641421477e-07,1.01268200770327e-06,0.6756402149037877,159.97779069403325,0.0006996554399502395,0.1422052879775858,0.0005539112241562038,0.29296875,0.06963878353158375,0.13880115111189575
stress,reversed_9bar,5.6,1580281097190.7175,5.695189302712913e-07,1.01268200770327e-06,0.6656458623459236,160.68137665540456,0.0006893129782529411,0.14274143642032786,0.0005559767348537906,0.294921875,0.06983360425579471,0.13788388615960528
stress,reversed_9bar,5.7,1585641063841.2322,5.675937767528172e-07,1.01268200770327e-06,0.6557981935491379,161.35915393144805,0.0006791221000028568,0.14325728464871929,0.0005578624859157857,0.296875,0.0700493645081808,0.13701899579895194
stress,reversed_9bar,5.8,1590511581229.6338,5.658556722386169e-07,1.01268200770327e-06,0.6460950895620222,162.0121438353229,0.0006690806216143794,0.14375368066929706,0.0005595760382448403,0.298828125,0.07028511104078576,0.13620365322918
stress,reversed_9bar,5.9,1594914902644.6733,5.642934293908899e-07,1.01268200770327e-06,0.6365344610521492,162.6413221361774,0.0006591863898432719,0.14423143152298948,0.0005611252210245354,0.30078125,0.07053989378118679,0.13543500763828714
stress,reversed_9bar,6.0,1598872622624.545,5.628966230734831e-07,1.01268200770327e-06,0.6271142479211006,163.2476214380993,0.0006494372813977253,0.144691305646201,0.0005625176316758976,0.302734375,0.07081282261412744,0.13471033917036349
stress,reversed_9bar,6.1,1602406254607.5999,5.616553214343223e-07,1.01268200770327e-06,0.6178324189236363,163.83193341155823,0.00063983120255343,0.14513403506970698,0.0005637608390872919,0.306640625,0.07157860098222864,0.13402726684238941
stress,reversed_9bar,6.2,1605536611805.373,5.605602471985859e-07,1.01268200770327e-06,0.6086869712909847,164.3951108877406,0.0006303660887726478,0.14556031746810094,0.0005648621657922926,0.30859375,0.07188432900348439,0.1333834829971958
stress,reversed_9bar,6.3,1608282479294.2458,5.596031863724227e-07,1.01268200770327e-06,0.5996759303582396,164.93796982489118,0.0006210399043272773,0.1459708180710592,0.0005658282207830905,0.310546875,0.07220594566282224,0.13277639700476956
stress,reversed_9bar,6.4,1610662246442.0093,5.58776367912094e-07,1.01268200770327e-06,0.5907973491958409,165.4612911539724,0.0006118506419258936,0.1463661714458793,0.0005666654738331194,0.3125,0.07254277206792002,0.1322039293658123
stress,reversed_9bar,6.5,1612693974862.0032,5.580724018498377e-07,1.01268200770327e-06,0.5820493082451212,165.96582250792804,0.0006027963223447541,0.14674698315807383,0.0005673802794047773,0.314453125,0.07289415418493535,0.13166411005556938
stress,reversed_9bar,6.6,1614394343958.1794,5.574846092395095e-07,1.01268200770327e-06,0.5734299149578943,166.45227983322084,0.0005938749940627495,0.14711383131222852,0.0005679785056695976,0.31640625,0.0732595077333484,0.1311551570060003
stress,reversed_9bar,6.7,1615780300275.8125,5.570064196514654e-07,1.01268200770327e-06,0.5649373034400669,166.9213488716787,0.0005850847329002883,0.14746726796704485,0.0005684661147851514,0.3203125,0.07410984904841343,0.13067596099707965
stress,reversed_9bar,6.8,1616866472357.5254,5.566322361102123e-07,1.01268200770327e-06,0.5565696340992499,167.3736864810468,0.0005764236416620972,0.14780782040350618,0.000568848253386033,0.322265625,0.0745011255644208,0.13022448520605964
stress,reversed_9bar,6.9,1617666712466.5054,5.563568768919914e-07,1.01268200770327e-06,0.5483250932963443,167.80992172814425,0.0005678898497839165,0.1481359921990654,0.0005691297949951054,0.32421875,0.0749049371395799,0.12979928452289352
stress,reversed_9bar,7.0,1618195299365.6245,5.561751417476147e-07,1.01268200770327e-06,0.5402018930010815,168.23065663156703,0.0005594815129830766,0.14845226401800543,0.0005693157631869551,0.326171875,0.07532081497875753,0.12939899630786264
stress,reversed_9bar,7.1,1618464537216.546,5.560826198563674e-07,1.01268200770327e-06,0.5321982704514902,168.6364663434234,0.0005511968129129321,0.14875709396272785,0.0005694104868291731,0.328125,0.07574838118104374,0.12902245730581116
stress,reversed_9bar,7.2,1618488691117.7402,5.560743210250381e-07,1.01268200770327e-06,0.5243124878172659,169.02789843615852,0.0005430339568211355,0.1490509172386769,0.0005694189846889171,0.33203125,0.07665797701974057,0.12866912038641912
stress,reversed_9bar,7.3,1618277522841.7708,5.561468829027286e-07,1.01268200770327e-06,0.51654283186702,169.40547080346244,0.0005349911772117297,0.1493341447687819,0.0005693446911668425,0.333984375,0.07710773506529071,0.12833738543967904
stress,reversed_9bar,7.4,1617842842913.944,5.56296307729732e-07,1.01268200770327e-06,0.5088876136393778,169.76966751072467,0.0005270667315110368,0.14960716026463597,0.0005691917614586981,0.3359375,0.07756814970812824,0.12802620697343506
stress,reversed_9bar,7.5,1617194448137.4998,5.56519348082426e-07,1.01268200770327e-06,0.5013451681179043,170.12093177965227,0.0005192589017373224,0.1498703151504177,0.0005689636422896814,0.337890625,0.07803894811870536,0.1277347426030272
stress,reversed_9bar,7.6,1616343632211.7053,5.568122904462433e-07,1.01268200770327e-06,0.4939138539098252,170.4596552285321,0.0005115659941742108,0.15012392069027233,0.0005686643070250721,0.341796875,0.07899123841304553,0.12746242140599356
stress,reversed_9bar,7.7,1615299340023.1782,5.571722699936755e-07,1.01268200770327e-06,0.48659205292852115,170.78616260122223,0.00050398633904783,0.15036823675513095,0.0005682969026675545,0.34375,0.07948212792518944,0.12720858488952996
stress,reversed_9bar,7.8,1614070606253.2117,5.575964251583738e-07,1.01268200770327e-06,0.47937817007976413,171.10069159748943,0.0004965182902076614,0.150603456949667,0.0005678646078115031,0.345703125,0.07998261643500451,0.126972078131706
stress,reversed_9bar,7.9,1612665424081.8584,5.580822820160595e-07,1.01268200770327e-06,0.4722706329516692,171.40336813483026,0.0004891602248110704,0.15082969035559374,0.0005673702346288507,0.34765625,0.08049249912238166,0.1267522755448312
stress,reversed_9bar,8.0,1611093112585.746,5.586269303550883e-07,1.01268200770327e-06,0.4652678915083322,171.69417843558483,0.00048191054301149184,0.1510469409387536,0.0005668170617703412,0.3515625,0.08148450174618438,0.12654867438875111
stress,reversed_9bar,8.1,1609361698982.1682,5.592279228275409e-07,1.01268200770327e-06,0.45836841778712584,171.97294065144294,0.00047476766765024717,0.1512550866451658,0.0005662079133829372,0.353515625,0.08201286663171455,0.12636109966234157
stress,reversed_9bar,8.2,1607478628536.5168,5.598830267618422e-07,1.01268200770327e-06,0.45157070559962587,172.23928009828833,0.0004677300439519672,0.15145386121679,0.000565545408870459,0.35546875,0.08254998301903053,0.1261883750097036
stress,reversed_9bar,8.3,1605450807099.3955,5.605902068254901e-07,1.01268200770327e-06,0.44487327023613454,172.49261325754128,0.00046079613922359166,0.15164284255311203,0.0005648319778590513,0.357421875,0.08309567700231577,0.12603000613508136
stress,reversed_9bar,8.4,1603286873717.0205,5.613468274167694e-07,1.01268200770327e-06,0.4382746481737767,172.7321461327412,0.000453964442556924,0.15182145175371378,0.0005640706597501953,0.361328125,0.08412498098287784,0.12588563268787625
stress,reversed_9bar,8.5,1600994124488.5583,5.621507201267883e-07,1.01268200770327e-06,0.4317733967881344,172.95689200052217,0.0004472334645347098,0.15198896655607477,0.0005632640214678385,0.36328125,0.08468771531451773,0.12575512003411102
stress,reversed_9bar,8.6,1598579777770.113,5.629997404667696e-07,1.01268200770327e-06,0.4253680940683931,173.16571188529048,0.0004406017369402151,0.1521445516035216,0.0005624146025842534,0.365234375,0.08525837522133034,0.1256373452115857
stress,reversed_9bar,8.7,1596050528309.2717,5.638919219890789e-07,1.01268200770327e-06,0.4190573383359687,173.35737828766761,0.0004340678124702773,0.15228730589723422,0.000561524758455023,0.3671875,0.08583676761711882,0.12553185735574152
stress,reversed_9bar,8.8,1593415424618.9656,5.648244557537263e-07,1.01268200770327e-06,0.41283974796658324,173.53065916916003,0.00042763026445179696,0.15241632517458387,0.0005605976725407878,0.37109375,0.0869007983598953,0.12543852827848734
stress,reversed_9bar,8.9,1590681204945.0916,5.657953317120302e-07,1.01268200770327e-06,0.4067139611157613,173.68441555187565,0.0004212876865616482,0.15253077426874032,0.0005596357155007675,0.373046875,0.0874945571409632,0.12535684637985098
stress,reversed_9bar,9.0,1587855346659.5774,5.668022606047579e-07,1.01268200770327e-06,0.40067863544771615,173.81770307462116,0.0004150386925499764,0.15262996228926004,0.0005586415180345492,0.375,0.08809527200171485,0.1252858817810094
stress,reversed_9bar,9.1,1584944713826.0828,5.678431507098977e-07,1.01268200770327e-06,0.39473244786759304,173.9298661502965,0.00040888191596685455,0.1527134122298486,0.0005576174950667359,0.376953125,0.08870270080008699,0.1252251821927161
stress,reversed_9bar,9.2,1581958587113.1504,5.689150192246007e-07,1.01268200770327e-06,0.38887409425704145,174.02061345799686,0.00040281600989227186,0.15278091669445817,0.0005565669117352848,0.380859375,0.08979812994529243,0.12517503734750346
stress,reversed_9bar,9.3,1578902150561.7683,5.700163241146913e-07,1.01268200770327e-06,0.38310228921308415,174.09006547526286,0.00039683964666942446,0.15283257290337898,0.0005554915918968421,0.3828125,0.09041891886476143,0.12513425087778912
stress,reversed_9bar,9.4,1575782400537.7822,5.711448482308525e-07,1.01268200770327e-06,0.3774157657902514,174.1387683036297,0.0003909515176412787,0.15286879276609275,0.0005543939970227533,0.384765625,0.09104560209409307,0.12510231864278024
stress,reversed_9bar,9.5,1572606086545.343,5.722984336001743e-07,1.01268200770327e-06,0.37181327524595253,174.16767251628323,0.0003851503328903819,0.15289028710898014,0.000553276501733133,0.388671875,0.09216245914080205,0.12507932164058222
stress,reversed_9bar,9.6,1569379095885.0076,5.73475205805816e-07,1.01268200770327e-06,0.36629358678904944,174.17808032795196,0.0003794348209818853,0.1528980265120698,0.000552141177306405,0.390625,0.09280106616746343,0.1250648550038379
stress,reversed_9bar,9.7,1566105645257.4954,5.746738751152538e-07,1.01268200770327e-06,0.3608554873316047,174.17156823524456,0.00037380372870975625,0.1528931840399279,0.0005509895072681919,0.392578125,0.0934449056222978,0.1250581928312141
stress,reversed_9bar,9.8,1562790635710.2485,5.758928799768326e-07,1.01268200770327e-06,0.3554977812437716,174.1498947786366,0.00036825582084614583,0.15287706699255588,0.000549823215911949,0.396484375,0.09458139475672075,0.12505925401017967
stress,reversed_9bar,9.9,1559438929792.918,5.771306479565143e-07,1.01268200770327e-06,0.3502192901117963,174.11490393107061,0.00036278987989388613,0.1528510454302743,0.0005486440139867851,0.3984375,0.0952360725182879,0.12506835661748578
stress,reversed_9bar,10.0,1556052368963.5535,5.783867033983354e-07,1.01268200770327e-06,0.34501885249909875,174.0684338681122,0.00035740470584208424,0.15281648467511377,0.0005474525493570803,0.400390625,0.09589554781769503,0.12508462445106439
stress,reversed_9bar,10.1,1552633874396.8313,5.796601599650355e-07,1.01268200770327e-06,0.3398953237104051,174.01223886133906,0.00035209911592478727,0.15277468750932618,0.0005462498497546485,0.404296875,0.09705053776577902,0.12510792507794616
stress,reversed_9bar,10.2,1549186903277.9119,5.809499151430323e-07,1.01268200770327e-06,0.3348475755588976,173.94792928100787,0.00034687194438268567,0.1527268497610925,0.0005450371314912718,0.40625,0.0977202885279137,0.12513913378814603
stress,reversed_9bar,10.3,1545711929942.5088,5.822559705762733e-07,1.01268200770327e-06,0.3298744961363522,173.87693176075427,0.0003417220422278276,0.15267403080325176,0.000543814561448413,0.408203125,0.09839463877937965,0.12517724520771994
stress,reversed_9bar,10.4,1542209679600.861,5.835782331705562e-07,1.01268200770327e-06,0.3249749895862336,173.80046895374852,0.0003366482770113136,0.15261713855230882,0.0005425823947705661,0.41015625,0.0990736104930939,0.125222294101127
stress,reversed_9bar,10.5,1538683327105.6436,5.849156770243e-07,1.01268200770327e-06,0.32014797587971733,173.71955632746574,0.00033164953259394393,0.15255692708724197,0.0005413417484388978,0.4140625,0.10025228556796217,0.1252751275508769
stress,reversed_9bar,10.6,1535131468091.2993,5.862690060799887e-07,1.01268200770327e-06,0.315392390594606,173.6350122493901,0.00032672470891978596,0.15249400412022426,0.0005400921283675277,0.416015625,0.1009414674498706,0.12533505702939313
stress,reversed_9bar,10.7,1531555038471.4297,5.876380393735285e-07,1.01268200770327e-06,0.3107071846971127,173.54747718737914,0.000321872721792636,0.1524288452301556,0.0005388338638309055,0.41796875,0.10163530737001886,0.12540200058270887
stress,reversed_9bar,10.8,1527955382621.096,5.89022434971966e-07,1.01268200770327e-06,0.3060913243264774,173.4574380447656,0.0003170925026553426,0.15236181191162373,0.0005375674278089702,0.421875,0.10283247822896141,0.12547696906418396
stress,reversed_9bar,10.9,1524331704848.449,5.904226731867912e-07,1.01268200770327e-06,0.3015437905823899,173.36525426883455,0.00031238299837196615,0.15229317094730377,0.0005362925403602877,0.423828125,0.10353683180555984,0.1255592330837415
stress,reversed_9bar,11.0,1520683661030.7498,5.91839067561206e-07,1.01268200770327e-06,0.29706357931518546,173.27118320198628,0.00030774317101274056,0.15222311322559354,0.0005350090804151085,0.42578125,0.10424604426617645,0.12564880110588142
stress,reversed_9bar,11.1,1517013113076.3472,5.932710747469362e-07,1.01268200770327e-06,0.29264970091878584,173.17540300929696,0.00030317199764181245,0.15215177076523273,0.0005337177030326664,0.4296875,0.10546234475141837,0.12574674901698185
stress,reversed_9bar,11.2,1513318445346.0703,5.947195071650536e-07,1.01268200770327e-06,0.288301180126354,173.0780322882312,0.0002986684701077258,0.1520792312810386,0.0005324178397964987,0.431640625,0.10618250137643076,0.1258522414705814
stress,reversed_9bar,11.3,1509599553597.1548,5.96184596011195e-07,1.01268200770327e-06,0.2840170558086343,172.97914607609323,0.0002942315948366248,0.1520055500775641,0.0005311094540317684,0.435546875,0.1074125396183116,0.12596546336740128
stress,reversed_9bar,11.4,1505858165948.2783,5.976658495146165e-07,1.01268200770327e-06,0.27979638077494684,172.87878839688005,0.00028986039262814453,0.1519307593741538,0.0005297931537276374,0.4375,0.10814398277680834,0.12608734548003658
stress,reversed_9bar,11.5,1502092108308.9116,5.99164322228708e-07,1.01268200770327e-06,0.275638221576808,172.77698174446647,0.0002855538984539625,0.15185487535488787,0.0005284681739924949,0.439453125,0.10888069089444921,0.12621710085053936
stress,reversed_9bar,11.6,1498302498904.026,6.0067976971161e-07,1.01268200770327e-06,0.27154165831414584,172.67373401598098,0.0002813111612589796,0.15177790332421917,0.0005271349082418351,0.443359375,0.11013126049161494,0.12635511403867875
stress,reversed_9bar,11.7,1494489335856.6458,6.022123934956801e-07,1.01268200770327e-06,0.26750578444408407,172.56904342717692,0.0002771312437651054,0.15169984136283696,0.0005257933558152976,0.4453125,0.11087979708225044,0.126501992124178
stress,reversed_9bar,11.8,1490651821784.115,6.037627210107441e-07,1.01268200770327e-06,0.2635297065922632,172.4629018979429,0.00027301322227761717,0.15162068284616187,0.0005244432361765865,0.447265625,0.11163382081681122,0.12665705978371558
stress,reversed_9bar,11.9,1486790509677.452,6.0533074037125e-07,1.01268200770327e-06,0.25961254436667025,172.35529732128742,0.0002689561864940636,0.151540418132505,0.0005230847438797854,0.451171875,0.11290589192681091,0.12682109211195267
stress,reversed_9bar,12.0,1482905349709.4597,6.069166856646203e-07,1.01268200770327e-06,0.25575343017394964,172.24621504500675,0.00026495923931568743,0.15145903566554414,0.0005217178613946194,0.453125,0.1136723272871384,0.12699405906890818
stress,reversed_9bar,12.1,1478995377799.5166,6.085211715394545e-07,1.01268200770327e-06,0.25195150903816577,172.13563881547495,0.00026102149666133734,0.1513765226765597,0.000520342249536878,0.455078125,0.11444454418023511,0.12717561349012207
stress,reversed_9bar,12.2,1475062096440.7678,6.101438049093956e-07,1.01268200770327e-06,0.24820593842198888,172.02355136464632,0.00025714208728384126,0.1512928656211079,0.0005189584369158284,0.458984375,0.11573908563995648,0.12736687822894513
stress,reversed_9bar,12.3,1471104286552.3364,6.117853154443795e-07,1.01268200770327e-06,0.24451588805027688,171.9099347668756,0.0002533201525888141,0.15120805044431762,0.0005175659946327094,0.4609375,0.11652430377493023,0.12756711145487024
stress,reversed_9bar,12.4,1467121668423.531,6.134460552048684e-07,1.01268200770327e-06,0.240880539736025,171.79477065109572,0.0002495548464558725,0.15112206273846668,0.0005161648242793089,0.46484375,0.11783499163309173,0.12777663185210023
stress,reversed_9bar,12.5,1463115812228.1318,6.151256055591519e-07,1.01268200770327e-06,0.23729908720865364,171.67804032436874,0.00024584533506222684,0.1510348878345338,0.0005147554782763914,0.466796875,0.11863363836156049,0.12799609497925332
stress,reversed_9bar,12.6,1459084556227.6387,6.168251155552541e-07,1.01268200770327e-06,0.2337707359446109,171.55972484243074,0.00024219079670862725,0.15094651085424945,0.0005133371960780545,0.46875,0.11943858611669446,0.12822483583453953
stress,reversed_9bar,12.7,1455029633285.8196,6.18544103440406e-07,1.01268200770327e-06,0.23029470300025837,171.43980504927467,0.00023859042164763348,0.15085691673906235,0.0005119105873428846,0.47265625,0.12077348763486259,0.12846371783929011
stress,reversed_9bar,12.8,1450950059539.3655,6.202832372367963e-07,1.01268200770327e-06,0.22687021684701536,171.31826159905944,0.0002350434119141823,0.15076609026592205,0.000510475305926698,0.474609375,0.12159251819232436,0.1287125330897008
stress,reversed_9bar,12.9,1446845480291.9504,6.220429287434303e-07,1.01268200770327e-06,0.22349651720873384,171.1950749681618,0.00023154898115842663,0.15067401605570152,0.0005090312270397307,0.478515625,0.12294482221519197,0.12897116074400794
stress,reversed_9bar,13.0,1442717447952.1113,6.238227736675117e-07,1.01268200770327e-06,0.22017285490127828,171.07022546186303,0.0002281063544808198,0.15058067857760765,0.0005075788968525542,0.48046875,0.123778398923587,0.12924063613348635
stress,reversed_9bar,13.1,1438563895305.8894,6.256239315728331e-07,1.01268200770327e-06,0.21689849167428202,170.94369321819062,0.00022471476826941704,0.1504860621514591,0.0005061175880750239,0.482421875,0.12461880866360396,0.1295200900837856
stress,reversed_9bar,13.2,1434386536332.387,6.274459339957477e-07,1.01268200770327e-06,0.2136727000550562,170.81545821030264,0.0002213734700393703,0.15039015094886582,0.0005046479037216968,0.486328125,0.12599724613013588,0.1298103682470439
stress,reversed_9bar,13.3,1430184285438.9585,6.292895322393841e-07,1.01268200770327e-06,0.2104947631946235,170.68550024815977,0.00021808171827458883,0.15029292899386593,0.0005031694618578295,0.48828125,0.12685291796540382,0.13011138794350274
stress,reversed_9bar,13.4,1425957198438.567,6.311549890736597e-07,1.01268200770327e-06,0.2073639747158515,170.55379897988104,0.00021483878227154048,0.15019438016331518,0.0005016822821196181,0.4921875,0.1282501109602614,0.1304229821645286
stress,reversed_9bar,13.5,1421706260800.1567,6.330421584367695e-07,1.01268200770327e-06,0.20427963856365988,170.4203338929857,0.00021164394198516784,0.15009448818718088,0.0005001867112161428,0.494140625,0.1291215404355363,0.13074618412031763
stress,reversed_9bar,13.6,1417429920683.22,6.349520261052399e-07,1.01268200770327e-06,0.20124106885727625,170.28508431562895,0.0002084964878768942,0.14999323664881936,0.0004986822031766774,0.49609375,0.13000036681199387,0.13108009907604948
stress,reversed_9bar,13.7,1413129712521.8708,6.368842095845966e-07,1.01268200770327e-06,0.19824758974451492,170.14802941788187,0.0002053957207646938,0.14989060898527562,0.0004971692978480059,0.5,0.1314257847615042,0.1314257847615042
stress,reversed_9bar,13.8,1408814988476.8542,6.388347706131651e-07,1.01268200770327e-06,0.1952985352580545,170.0091482130854,0.00020234095167520166,0.14978658848762696,0.0004956512855205738,0.501953125,0.13394255298085977,0.1317793693002653
stress,reversed_9bar,13.9,1404504915209.464,6.407951942736893e-07,1.01268200770327e-06,0.19239324917368858,169.8684195592911,0.0001993315016978386,0.14968115830137993,0.0004941349094363163,0.505859375,0.13864340513668014,0.1321348700965786
stress,reversed_9bar,14.0,1400201784820.0986,6.427644999150135e-07,1.01268200770327e-06,0.18953108487052578,169.72582216079778,0.00019636670184092583,0.1495743014269279,0.0004926209760052435,0.5078125,0.14119407016614774,0.13249208711148502
stress,reversed_9bar,14.1,1395900755320.0364,6.44744976725554e-07,1.01268200770327e-06,0.18671140519311422,169.5813345697887,0.00019344589288976572,0.14946600072007238,0.0004911077817120221,0.509765625,0.14375905063466912,0.13285149438219299
stress,reversed_9bar,14.2,1391609715971.6716,6.467330528600024e-07,1.01268200770327e-06,0.183933582315467,169.43493518807327,0.00019056842526666475,0.14935623889261077,0.0004895981021681271,0.513671875,0.14852779249905199,0.133212358032074
stress,reversed_9bar,14.3,1387321080601.2495,6.487323032747041e-07,1.01268200770327e-06,0.1811969976069643,169.2866022689362,0.00018773365889287373,0.14924499851299383,0.0004880892683951581,0.515625,0.1511273129571736,0.13357541682056776
stress,reversed_9bar,14.4,1383040266417.2034,6.507402726107679e-07,1.01268200770327e-06,0.178501041500109,169.13631391909774,0.0001849409630524229,0.14913226200705437,0.0004865831862830625,0.51953125,0.1559447011011824,0.13394016724612676
stress,reversed_9bar,14.5,1378764723406.2266,6.527582151772476e-07,1.01268200770327e-06,0.1758451133601115,168.9840481007865,0.00018218971625782703,0.14901801165880907,0.0004850789586825453,0.521484375,0.15857917482264916,0.13430686983267107
stress,reversed_9bar,14.6,1374495006056.1404,6.54785936678216e-07,1.01268200770327e-06,0.17322862135628186,168.82978263392872,0.00017947930611763847,0.14890222961133623,0.00048357678067429755,0.525390625,0.16344575357765728,0.13467548679806485
stress,reversed_9bar,14.7,1370233490193.3262,6.56822363809703e-07,1.01268200770327e-06,0.17065098233520545,168.6734951984561,0.0001768091292058245,0.14878489786773116,0.00048207748812492327,0.52734375,0.1661155583339112,0.135045799704259
stress,reversed_9bar,14.8,1365975525794.0598,6.588697842714407e-07,1.01268200770327e-06,0.16811162169567936,168.51516333673538,0.0001741785909329461,0.1486659982921413,0.00048057944505648675,0.53125,0.17103188793645202,0.13541828123380398
stress,reversed_9bar,14.9,1361728751986.0625,6.609245774441955e-07,1.01268200770327e-06,0.1656099732653875,168.3547644561221,0.0001715871054191154,0.14854551261088375,0.0004790853390777275,0.533203125,0.1737374174640103,0.13579218949872374
stress,reversed_9bar,15.0,1357485144300.1443,6.629906808033599e-07,1.01268200770327e-06,0.16314547917929267,168.19227583164087,0.00016903409536871098,0.14842342241364634,0.00047759234700852444,0.53515625,0.1764581999573715,0.13616833600075332
stress,reversed_9bar,15.1,1353252135598.9207,6.650645333004992e-07,1.01268200770327e-06,0.16071758975972117,168.02767460879633,0.00016651899194682513,0.1482997091547757,0.0004761030838891353,0.5390625,0.1814456574990728,0.13654599156465916
stress,reversed_9bar,15.2,1349024235906.8364,6.671488740118929e-07,1.01268200770327e-06,0.158325763398122,167.86093780651612,0.000164041234657426,0.14817435415465394,0.0004746156182285809,0.541015625,0.18420275066849465,0.13692572109622111
stress,reversed_9bar,15.3,1344805291279.9795,6.69241864109104e-07,1.01268200770327e-06,0.15596946643847479,167.69204232022884,0.00016160027122320806,0.1480473386011657,0.00047313130315176406,0.544921875,0.1892411577577626,0.1373071494779006
stress,reversed_9bar,15.4,1340593956379.596,6.713442170293959e-07,1.01268200770327e-06,0.15364817306232936,167.52096492508156,0.0001591955574671139,0.14791864355125947,0.0004716496653396979,0.546875,0.19203491377939608,0.13769042558962355
stress,reversed_9bar,15.5,1336389893661.8643,6.734561554741296e-07,1.01268200770327e-06,0.15136136517545193,167.34768227929672,0.0001568265571955016,0.14778824993260323,0.0004701705860372371,0.55078125,0.19712476872167184,0.1380755974999016
stress,reversed_9bar,15.6,1332195889329.9536,6.755763226777913e-07,1.01268200770327e-06,0.14910853229605933,167.17217092767407,0.00015449274208293985,0.14765613854533918,0.0004686950454903283,0.552734375,0.19995553955952136,0.13846238950105458
stress,reversed_9bar,15.7,1328007725031.1199,6.777069011243213e-07,1.01268200770327e-06,0.14688917144462096,166.99440730523838,0.00015219359155860905,0.1475222900639375,0.00046722155959213194,0.556640625,0.20509729627142365,0.13885125140891527
stress,reversed_9bar,15.8,1323831749868.3428,6.79844700876457e-07,1.01268200770327e-06,0.14470278703520534,166.81436774103682,0.00014992859269428625,0.14738668503915348,0.0004657523620930549,0.55859375,0.20796543114908017,0.13924153208243603
stress,reversed_9bar,15.9,1319660628338.7712,6.819935221777036e-07,1.01268200770327e-06,0.14254889076835447,166.63202846208895,0.0001476972400938959,0.14724930390008956,0.00046428487220608977,0.5625,0.21315950327459687,0.1396340124737939
stress,reversed_9bar,16.0,1315503279637.8254,6.84148807479812e-07,1.01268200770327e-06,0.1404270015254629,166.44736559749117,0.00014549903578460396,0.14711012695636458,0.0004628222278952077,0.564453125,0.21606535500284127,0.14002776185037064
stress,reversed_9bar,16.1,1311351329302.1316,6.863149332215628e-07,1.01268200770327e-06,0.13833664526464406,166.26035518267918,0.0001433334891094369,0.14696913440039272,0.000461361482844838,0.56640625,0.21898739145115237,0.140423678685482
stress,reversed_9bar,16.2,1307212282271.1826,6.884880231054118e-07,1.01268200770327e-06,0.13627735491806292,166.0709731638508,0.0001412001166214048,0.14682630630977495,0.0004599052774534274,0.5703125,0.22425603144734746,0.14082097225660417
stress,reversed_9bar,16.3,1303080406264.8372,6.906711172027896e-07,1.01268200770327e-06,0.13424867029071555,165.8791954025522,0.00013909844197910917,0.14668162264980497,0.0004584515949820542,0.572265625,0.22721619829052023,0.14122026708146865
stress,reversed_9bar,16.4,1298960777872.7356,6.928615669781037e-07,1.01268200770327e-06,0.13225013796063773,165.68499768042983,0.0001370279958438165,0.1465350632760921,0.00045700222148367897,0.576171875,0.23253810217864104,0.14162102409168495
stress,reversed_9bar,16.5,1294849555894.2407,6.950614423916203e-07,1.01268200770327e-06,0.13028131118052222,165.48835570415187,0.00013498831577797785,0.14638660793730462,0.0004555558055416506,0.578125,0.23553671711038918,0.14202366907661734
stress,reversed_9bar,16.6,1290750339250.9675,6.972688463690639e-07,1.01268200770327e-06,0.1283417497807268,165.28924511049934,0.00013297894614517567,0.1462362362780337,0.0004541136133336713,0.58203125,0.24091224316016419,0.14242781693344653
stress,reversed_9bar,16.7,1286660635763.9363,6.994851439327961e-07,1.01268200770327e-06,0.12643102007365406,165.08764147163296,0.00013099943801147895,0.14608392784178317,0.0004526747680578012,0.583984375,0.24394955649714442,0.14283374917765732
stress,reversed_9bar,16.8,1282582822062.2627,7.017090705712802e-07,1.01268200770327e-06,0.12454869475948555,164.88352030053525,0.00012904934904818863,0.1459296620740855,0.00045124010586306316,0.587890625,0.24937903688115673,0.14324121018054584
stress,reversed_9bar,16.9,1278515791035.7122,7.039412468037798e-07,1.01268200770327e-06,0.12269435283325063,164.676857056632,0.0001271282434359538,0.14577341832574744,0.000449809237244366,0.58984375,0.25245521981662455,0.14365032931098828
stress,reversed_9bar,17.0,1274460112282.8862,7.061813793354962e-07,1.01268200770327e-06,0.12086757949321418,164.46762715159556,0.00012523569177024223,0.1456151758562275,0.00044838236259869656,0.59375,0.2579390096387123,0.14406104934564623
stress,reversed_9bar,17.1,1270416641603.7761,7.08429007088445e-07,1.01268200770327e-06,0.11906796605056347,164.25580595533188,0.0001233712709681453,0.14545491383714795,0.00044695978301482055,0.595703125,0.26105425760998996,0.14447327891060444
stress,reversed_9bar,17.2,1266384148410.746,7.106848274510216e-07,1.01268200770327e-06,0.11729510984037854,164.0413688021536,0.00012153456417650161,0.14529261135594337,0.0004455410655456522,0.599609375,0.2665926224821991,0.14488716291603448
stress,reversed_9bar,17.3,1262365121817.695,7.129474543023487e-07,1.01268200770327e-06,0.11554861413386698,163.82429099714247,0.00011972516068131948,0.1451282474196484,0.0004441270859147705,0.6015625,0.26974710599425067,0.14530242144798494
stress,reversed_9bar,17.4,1258357147696.8953,7.152182523437185e-07,1.01268200770327e-06,0.11382808805184834,163.60454782270182,0.0001179426558184837,0.14496180095882732,0.00044271699478033743,0.60546875,0.2753402162191028,0.14571933539050003
stress,reversed_9bar,17.5,1254363197816.661,7.174955400210529e-07,1.01268200770327e-06,0.11213314647946863,163.38211454530287,0.00011618665088572633,0.14479325083164754,0.0004413118376740923,0.607421875,0.2785341333551433,0.1461375648091029
stress,reversed_9bar,17.6,1250380804382.139,7.197807234770566e-07,1.01268200770327e-06,0.11046340998213068,163.15696642242565,0.00011445675305584731,0.14462257582809923,0.00043991074637295303,0.611328125,0.2841821783168427,0.14655739887868494
stress,reversed_9bar,17.7,1246412921324.2302,7.220721035560272e-07,1.01268200770327e-06,0.10881850472262249,162.92907870969773,0.0001127525752911665,0.14444975467436444,0.00043851476013307496,0.61328125,0.28741562302051654,0.14697849431359336
stress,reversed_9bar,17.8,1242457131662.201,7.24371068477791e-07,1.01268200770327e-06,0.10719806237942768,162.6984266682312,0.00011107373625919115,0.14427476603733622,0.0004371230286088714,0.6171875,0.2931187627454412,0.14740113648126935
stress,reversed_9bar,17.9,1238516538099.348,7.266758031193979e-07,1.01268200770327e-06,0.10560172006620215,162.4649855721614,0.00010941986024948229,0.14409758852929194,0.00043573664339781256,0.619140625,0.2963917398415575,0.14782495873766557
stress,reversed_9bar,18.0,1234588175837.1833,7.289880282465068e-07,1.01268200770327e-06,0.10402912025240078,162.2287307163877,0.00010779057709170408,0.1439182007127218,0.0004343545614202937,0.623046875,0.302150142549877,0.14825031394170318
stress,reversed_9bar,18.1,1230675848755.3994,7.313054862579641e-07,1.01268200770327e-06,0.10247991068503876,161.98963742451912,0.00010618552207483988,0.14373658110531518,0.00043297812096265795,0.625,0.305462676211011,0.14867674569047334
stress,reversed_9bar,18.2,1226776125354.5464,7.336301884256951e-07,1.01268200770327e-06,0.10095374431157209,161.74768105702555,0.00010460433586755961,0.1435527081851073,0.0004316061147499066,0.62890625,0.31127637669834446,0.14910466572522924
stress,reversed_9bar,18.3,1222892951473.978,7.359597574875311e-07,1.01268200770327e-06,0.09945027920388139,161.50283701959575,0.0001030466644397221,0.1433665603957874,0.00043023993101283227,0.630859375,0.3146284767097594,0.14953359360245755
stress,reversed_9bar,18.4,1219023206345.7917,7.382960351492303e-07,1.01268200770327e-06,0.09796917848334492,161.25508077170443,0.00010151215898499802,0.14317811615217155,0.0004288784717984494,0.634765625,0.3204974268574219,0.1499639063902614
stress,reversed_9bar,18.5,1215169978462.6528,7.406371256296312e-07,1.01268200770327e-06,0.0965101102469848,161.0043878353889,0.0001000004758445972,0.1429873538458415,0.0004275228237046239,0.63671875,0.3238890908027408,0.15039522174531875
stress,reversed_9bar,18.6,1211331349376.3313,7.429841557913744e-07,1.01268200770327e-06,0.0950727474946726,160.75073380423535,9.8511276432086e-05,0.14279425185095143,0.0004261723117801809,0.640625,0.32981324182854643,0.15082777135215186
stress,reversed_9bar,18.7,1207509282655.6936,7.453358851375587e-07,1.01268200770327e-06,0.09365676805737905,160.49409435257823,9.704422715927947e-05,0.1425987885302053,0.00042482762685070157,0.642578125,0.3332443152879144,0.1512613061571053
stress,reversed_9bar,18.8,1203702736857.8699,7.476929082585194e-07,1.01268200770327e-06,0.09226185452645407,160.23444524491043,9.559899936319372e-05,0.14240094224100558,0.0004234884025142796,0.646484375,0.3392236126678253,0.15169594967910116
stress,reversed_9bar,18.9,1199913030251.8933,7.500543600322986e-07,1.01268200770327e-06,0.09088769418392255,159.97176234550622,9.417526923404426e-05,0.1422006913417752,0.00042215510256619416,0.6484375,0.34269389545999024,0.15213152919592557
stress,reversed_9bar,19.0,1196139585926.6506,7.524205457198116e-07,1.01268200770327e-06,0.08953397893378187,159.70602162825816,9.277271774427536e-05,0.1419980141984558,0.0004208275240367601,0.65234375,0.34872821946430194,0.15256810947019894
stress,reversed_9bar,19.1,1192383309143.1812,7.547908404108063e-07,1.01268200770327e-06,0.08820040523428761,159.43719918672625,9.139103057860705e-05,0.14179288919118174,0.0004195059854161988,0.654296875,0.35223749714148855,0.15300556660179085
stress,reversed_9bar,19.2,1188644434028.8313,7.571650312192267e-07,1.01268200770327e-06,0.08688667403121343,159.1652712444012,9.002989806508516e-05,0.1415852947211332,0.0004181905690755252,0.658203125,0.35832653869536824,0.15344386029613538
stress,reversed_9bar,19.3,1184922390083.701,7.595434161189456e-07,1.01268200770327e-06,0.08559249069207192,158.89021416518005,8.868901510712111e-05,0.14137520921756835,0.0004168810743006559,0.66015625,0.36187462598967496,0.1538830537689724
stress,reversed_9bar,19.4,1181219343088.23,7.619245360874313e-07,1.01268200770327e-06,0.08431756494128292,158.61200446405502,8.736808111650734e-05,0.14116261114503703,0.0004155782630595343,0.6640625,0.3680180700141708,0.15432285426247122
stress,reversed_9bar,19.5,1177532633466.5479,7.643100279526714e-07,1.01268200770327e-06,0.08306161079627625,158.33061881801416,8.606679994739538e-05,0.1409474790107761,0.00041428119965640893,0.666015625,0.37160464282533895,0.15476359617673183
stress,reversed_9bar,19.6,1173866578230.4019,7.666970136902148e-07,1.01268200770327e-06,0.08182434650451573,158.04603407715373,8.478487983122287e-05,0.1407297913722884,0.0004129914029084699,0.669921875,0.3778021365991751,0.15520469955375946
stress,reversed_9bar,19.7,1170216620714.4204,7.690883756637703e-07,1.01268200770327e-06,0.08060549448143188,157.75822727600072,8.352203331257681e-05,0.1405095268451059,0.00041170726968324945,0.671875,0.38142671096109954,0.15564675080288765
stress,reversed_9bar,19.8,1166588496551.0845,7.714802628868451e-07,1.01268200770327e-06,0.07940478124925048,157.46717564504485,8.227797718597969e-05,0.14028666411073773,0.00041043081789909436,0.67578125,0.38767790663048796,0.15608897334282487
stress,reversed_9bar,19.9,1162976440698.5383,7.738763817600791e-07,1.01268200770327e-06,0.07822193737670453,157.17285662247767,8.105243243358599e-05,0.14006118192480385,0.00040916001929081,0.677734375,0.3913400192255184,0.15653212001524353
stress,reversed_9bar,20.0,1159387583646.641,7.762718979353005e-07,1.01268200770327e-06,0.0770566974196174,156.8752478661382,7.984512416377646e-05,0.1398330591253552,0.00040789738251744226,0.681640625,0.3976443705742107,0.1569752157370836
stress,reversed_9bar,20.1,1155811374544.48,7.78673769631919e-07,1.01268200770327e-06,0.07590879986234468,156.57432726566273,7.865578155063725e-05,0.13960227464138059,0.0004066391955636727,0.685546875,0.40398192635974844,0.1574196704388148
stress,reversed_9bar,20.2,1152255381950.1392,7.810768464164527e-07,1.01268200770327e-06,0.07477798706006325,156.27007295483588,7.748413777431234e-05,0.13936880750150044,0.00040538812121033107,0.6875,0.4077042461780837,0.15786444523906432
stress,reversed_9bar,20.3,1148712489641.1467,7.834858662337314e-07,1.01268200770327e-06,0.07366400518189509,155.9624633241416,7.63299299622164e-05,0.13913263684284755,0.0004041416558179437,0.69140625,0.41409700774146113,0.15831050033099242
stress,reversed_9bar,20.4,1145189103745.4238,7.858964052805645e-07,1.01268200770327e-06,0.07256660415485458,155.65147703351084,7.519289913109645e-05,0.13889374192013526,0.0004029020531995131,0.693359375,0.4178585152588283,0.15875694413636413
stress,reversed_9bar,20.5,1141680626735.6877,7.883115285693294e-07,1.01268200770327e-06,0.0714855376086077,155.33709302526228,7.407279012993066e-05,0.13865210211491197,0.00040166769584647617,0.697265625,0.42430610555792264,0.15920439835852546
stress,reversed_9bar,20.6,1138190862395.5063,7.907285409986553e-07,1.01268200770327e-06,0.07042056282103125,155.01929053723424,7.296935158365185e-05,0.13840769694500252,0.00040043992201135766,0.69921875,0.4281064095205665,0.15965232102969412
stress,reversed_9bar,20.7,1134717912352.7236,7.931486673493506e-07,1.01268200770327e-06,0.06937144066456179,154.6980491161032,7.188233583768538e-05,0.13816050607413563,0.0003992180638061755,0.703125,0.4346083785428793,0.16010096193078063
stress,reversed_9bar,20.8,1131262799540.865,7.955711089989652e-07,1.01268200770327e-06,0.06833793555332185,154.37334863088452,7.081149890328846e-05,0.13791050932175572,0.0003980024811208523,0.705078125,0.43844702316289375,0.1605501622154761
stress,reversed_9bar,20.9,1127826501161.8826,7.979950808682217e-07,1.01268200770327e-06,0.06731981539101412,154.0451692866127,6.975660040368149e-05,0.13765768667301959,0.00039679351775596337,0.708984375,0.4450028443690466,0.16099976588163592
stress,reversed_9bar,21.0,1124407084760.9966,8.004218509449392e-07,1.01268200770327e-06,0.066316851519571,153.71349163819565,6.871740352095843e-05,0.13740201828897608,0.00039559049383252996,0.7109375,0.4488793061656086,0.16145003114895912
stress,reversed_9bar,21.1,1121008575606.6526,8.028484523527841e-07,1.01268200770327e-06,0.06532881866855049,153.3782966044384,6.769367494376692e-05,0.13714348451692734,0.00039439482552620025,0.71484375,0.455488372892467,0.16190036194709065
stress,reversed_9bar,21.2,1117625915172.2278,8.052783921544167e-07,1.01268200770327e-06,0.06435549490526672,153.0395654822306,6.668518481574617e-05,0.13688206590097007,0.0003932047331389699,0.716796875,0.45940205750331636,0.16235146793629504
stress,reversed_9bar,21.3,1114266345468.728,8.077063474634563e-07,1.01268200770327e-06,0.06339666158564528,152.6972799608935,6.569170668471254e-05,0.13661774319271508,0.000392022764565413,0.720703125,0.4660636793383637,0.16280227827405963
stress,reversed_9bar,21.4,1110922633706.0127,8.101374233393917e-07,1.01268200770327e-06,0.06245210330579296,152.35142213667973,6.471301745258216e-05,0.13635049736218385,0.0003908463751550534,0.724609375,0.47275730223471296,0.16325382445638598
stress,reversed_9bar,21.5,1107602047366.2556,8.125662119712506e-07,1.01268200770327e-06,0.061521607854271965,152.00197452741958,6.374889732602024e-05,0.13608030960887824,0.00038967812176376733,0.7265625,0.4767273174526071,0.1637050189649275
stress,reversed_9bar,21.6,1104299048889.939,8.149966269596049e-07,1.01268200770327e-06,0.06060496616506813,151.64892008730806,6.279912976780659e-05,0.13580716137302226,0.0003885160561595187,0.73046875,0.4834723253256091,0.1641566527619182
stress,reversed_9bar,21.7,1101017944184.4116,8.17425369635263e-07,1.01268200770327e-06,0.05970197227124402,151.29224222182523,6.186350144890768e-05,0.13553103434697258,0.0003873616932527324,0.732421875,0.4874776726454404,0.16460806366269157
stress,reversed_9bar,21.8,1097756839165.298,8.198536942701568e-07,1.01268200770327e-06,0.05881242325926652,150.9319248027832,6.094180220124485e-05,0.13525191048679527,0.0003862143666639595,0.736328125,0.49427314731035066,0.16505950667039623
stress,reversed_9bar,21.9,1094516324436.7787,8.222810203065049e-07,1.01268200770327e-06,0.05793611922399976,150.56795218349146,6.003382497114897e-05,0.13496977202400456,0.0003850742841803997,0.73828125,0.4983129551567323,0.16551086718176253
stress,reversed_9bar,22.0,1091298304758.6381,8.247057620043244e-07,1.01268200770327e-06,0.05707286322435373,150.20030921403338,5.9139365773491984e-05,0.134684601477461,0.0003839421159373394,0.7421875,0.5051578818443501,0.16596182836135212
stress,reversed_9bar,22.1,1088099501556.0516,8.271302382851409e-07,1.01268200770327e-06,0.05622246123957939,149.82898125664528,5.825822364648553e-05,0.13439638166542522,0.0003828167084619381,0.744140625,0.5092311932747009,0.16641285918972523
stress,reversed_9bar,22.2,1084925770456.7906,8.295498406504524e-07,1.01268200770327e-06,0.055384722126200825,149.45395420118916,5.7390200607137236e-05,0.1341050957177623,0.0003817001218894556,0.748046875,0.5161244570544697,0.16686303473369088
stress,reversed_9bar,22.3,1081770709317.759,8.319692817044414e-07,1.01268200770327e-06,0.054559457575575766,149.07521448071114,5.653510160735553e-05,0.13381072708829408,0.0003805901038088361,0.751953125,0.523047606189273,0.16731330533287334
stress,reversed_9bar,22.4,1078641584788.1503,8.343828132463146e-07,1.01268200770327e-06,0.05374648207207512,148.69274908707413,5.569273449069355e-05,0.13351325956729254,0.0003794892107828957,0.75390625,0.527170608905468,0.16776251717506033
stress,reversed_9bar,22.5,1075532659956.125,8.367946725455221e-07,1.01268200770327e-06,0.05294561285187296,148.30654558665762,5.486290994972314e-05,0.13321267729411165,0.0003783954244431818,0.7578125,0.5341402461238456,0.1682115246484503
stress,reversed_9bar,22.6,1072448119129.902,8.392014344994026e-07,1.01268200770327e-06,0.052156669862338086,147.9165921361123,5.404544148403009e-05,0.13290896476995084,0.0003773102169189411,0.759765625,0.5382938747126863,0.16865964139637382
stress,reversed_9bar,22.7,1069386559863.5726,8.416039940831291e-07,1.01268200770327e-06,0.051379475722018654,147.5228774981604,5.324014535882151e-05,0.13260210687074553,0.00037623309479966683,0.763671875,0.5453086164608826,0.16910704963284848
stress,reversed_9bar,22.8,1066347766739.9796,8.44002330263667e-07,1.01268200770327e-06,0.0506138556812114,147.1253910574294,5.244684056413694e-05,0.13229208886017776,0.0003751639822969894,0.765625,0.5494915868426392,0.1695537473374551
stress,reversed_9bar,22.9,1063334812112.9672,8.463938072445853e-07,1.01268200770327e-06,0.04985963758310709,146.72412283631004,5.166534877465448e-05,0.1319788964028027,0.00037410396033079176,0.76953125,0.5565499373732197,0.1699992072515134
stress,reversed_9bar,23.0,1060342941712.6312,8.487819974039243e-07,1.01268200770327e-06,0.049116651825503836,146.31906351082486,5.089549431008323e-05,0.1316625155772824,0.00037305135624709964,0.771484375,0.5607608666458982,0.1704441491499062
stress,reversed_9bar,23.1,1057379840081.7009,8.511605440959224e-07,1.01268200770327e-06,0.048384731323080396,145.9102044264961,5.013710409613408e-05,0.13134293288972151,0.0003720088736326248,0.775390625,0.5678612148812937,0.17088729871182595
stress,reversed_9bar,23.2,1054438312248.4758,8.535349954051339e-07,1.01268200770327e-06,0.047663711470221116,145.49753761420175,4.9390007626060224e-05,0.13102013528709786,0.0003709739811422284,0.779296875,0.5749881909725906,0.17132977220881182
stress,reversed_9bar,23.3,1051524086290.1936,8.559005083518583e-07,1.01268200770327e-06,0.046953430104384915,145.08105580600446,4.8654036922759547e-05,0.13069411017077884,0.00036994869403616083,0.78125,0.579239235229435,0.17177059957433224
stress,reversed_9bar,23.4,1048634320117.2026,8.582591497667269e-07,1.01268200770327e-06,0.04625372747001024,144.66075245094325,4.7929026501430615e-05,0.13036484541011875,0.0003689320124064137,0.78515625,0.5864055744357564,0.17221019790023337
stress,reversed_9bar,23.5,1045770011161.753,8.606098763533904e-07,1.01268200770327e-06,0.04556444618294851,144.2366217307724,4.721481333277448e-05,0.13003232935612605,0.00036792428717101456,0.787109375,0.5906805596180079,0.17264835995681213
stress,reversed_9bar,23.6,1042933275142.2373,8.629507001560155e-07,1.01268200770327e-06,0.04488543119541829,143.8086585756346,4.6511236806734496e-05,0.12969655085519435,0.0003669262626850062,0.791015625,0.5978843463913156,0.17308468913544908
stress,reversed_9bar,23.7,1040120091703.1389,8.652846985450497e-07,1.01268200770327e-06,0.04421652976147287,143.3768586796544,4.5818138696766394e-05,0.129357499262887,0.000365936524501214,0.79296875,0.6021815193446515,0.1735198048374386
stress,reversed_9bar,23.8,1037337661450.1545,8.676056345451082e-07,1.01268200770327e-06,0.04355759140297367,142.94121851643752,4.5135363124630944e-05,0.12901516445776753,0.00036495760594693733,0.796875,0.6094207131838849,0.17395245842686086
stress,reversed_9bar,23.9,1034579116905.6614,8.699189702299654e-07,1.01268200770327e-06,0.04290846787606247,142.50173535446086,4.4462756525701976e-05,0.1286695368552651,0.00036398709089646784,0.80078125,0.6166831201619163,0.1743837473245894
stress,reversed_9bar,24.0,1031849977638.6913,8.722198182913956e-07,1.01268200770327e-06,0.0422690131381249,142.05840727233885,4.3800167614781905e-05,0.12832060742156684,0.00036302692125240343,0.802734375,0.6210106446848854,0.1748126938129648
stress,reversed_9bar,24.1,1029147682293.8162,8.745100586477877e-07,1.01268200770327e-06,0.04163908331523847,141.61123317395052,4.314744735241795e-05,0.12796836768752587,0.00036207619587504803,0.806640625,0.6283051510545565,0.17523967688357844
stress,reversed_9bar,24.2,1026472735256.7225,8.767889970062464e-07,1.01268200770327e-06,0.04101853667009805,141.16021280341073,4.250444891171163e-05,0.12761280976257464,0.00036113509221808853,0.80859375,0.6326498707143383,0.17566455943699213
stress,reversed_9bar,24.3,1023827978876.5112,8.790539217218963e-07,1.01268200770327e-06,0.040407233570411774,140.7053467598723,4.187102764561437e-05,0.1272539263486346,0.0003602046102808132,0.8125,0.6399741107430744,0.17608680029905718
stress,reversed_9bar,24.4,1021208782175.0874,8.813085195791961e-07,1.01268200770327e-06,0.03980503645776077,140.24663651213967,4.1247041054702396e-05,0.12689171075400893,0.0003592831207859467,0.81640625,0.647318621075686,0.1765071400771509
stress,reversed_9bar,24.5,1018622534011.031,8.835461321045677e-07,1.01268200770327e-06,0.03921180981691584,139.78408441308025,4.063234875542386e-05,0.12652615690724847,0.00035837322329218443,0.818359375,0.6516853547104725,0.17692424721477648
stress,reversed_9bar,24.6,1016062836067.2534,8.857719897359073e-07,1.01268200770327e-06,0.038627420145604746,139.31769371381506,4.00268124488116e-05,0.12615725937097896,0.00035747266673454204,0.822265625,0.6590557857047266,0.17733917127603208
stress,reversed_9bar,24.7,1013533883869.8657,8.879821526672875e-07,1.01268200770327e-06,0.03805173592472326,138.8474685776737,3.943029588965454e-05,0.1257850133556777,0.0003565829271889609,0.82421875,0.6634339921251245,0.17775112537774906
stress,reversed_9bar,24.8,1011034983566.8088,8.901769124001122e-07,1.01268200770327e-06,0.03748462758898393,138.37341409389433,3.8842664856121484e-05,0.125409414733387,0.0003557037605434264,0.828125,0.6708276437359314,0.17816016995862333
stress,reversed_9bar,24.9,1008564571640.6389,8.92357341618657e-07,1.01268200770327e-06,0.036925967497995836,137.8955362910537,3.826378711983036e-05,0.1250304600513526,0.00035483461671901597,0.830078125,0.6752148846873799,0.17856652166116505
stress,reversed_9bar,25.0,1006127770115.8925,8.945185956812742e-07,1.01268200770327e-06,0.03637562990776945,137.41384215020872,3.7693532416356845e-05,0.12464814654557421,0.00035397729775365995,0.833984375,0.6826289237197966,0.1789692130114291
stress,reversed_9bar,25.1,1003718876934.3463,8.966654116826672e-07,1.01268200770327e-06,0.03583349094264025,136.92833961773187,3.713177241617585e-05,0.12426247215425411,0.0003531297975411544,0.837890625,0.6900583481475605,0.17936919383517239
stress,reversed_9bar,25.2,1001343745338.1414,8.987922521012814e-07,1.01268200770327e-06,0.035299428567605054,136.43903761782366,3.657838069602959e-05,0.12387343553113209,0.00035229417537744343,0.83984375,0.6944541064915315,0.17976535825718817
stress,reversed_9bar,25.3,998998920335.9692,9.009018745458951e-07,1.01268200770327e-06,0.03477332256106514,135.94594606468362,3.603323271071624e-05,0.12348103605869169,0.0003514692157225892,0.84375,0.7018993862196503,0.18015825986855333
stress,reversed_9bar,25.4,996685461043.702,9.029930054939744e-07,1.01268200770327e-06,0.03425505448797024,135.4490758743233,3.5496205765292887e-05,0.12308527386122523,0.00035065529119623846,0.845703125,0.7062974262196224,0.1805476458290475
stress,reversed_9bar,25.5,994406006359.4633,9.050629161974944e-07,1.01268200770327e-06,0.03374450767335752,134.9484389760013,3.49671789876869e-05,0.12268614981774215,0.0003498533302192685,0.849609375,0.7137553920109885,0.1809329724680391
stress,reversed_9bar,25.6,992156140924.0538,9.071152844569169e-07,1.01268200770327e-06,0.03324156717627995,134.44404832326498,3.4446033301709835e-05,0.12228366557470777,0.0003490617793737493,0.853515625,0.7212247219464623,0.18131497692612195
stress,reversed_9bar,25.7,989942685684.6047,9.091435423633602e-07,1.01268200770327e-06,0.03274611976411827,133.93591790457924,3.3932651400467976e-05,0.1218778235585971,0.0003482830384149657,0.85546875,0.7256202243003359,0.1816923482049633
stress,reversed_9bar,25.8,987760155659.6859,9.111523630945871e-07,1.01268200770327e-06,0.03225805388727115,133.42406275352513,3.342691772016378e-05,0.12146862698824917,0.0003475151776089788,0.859375,0.7330971973935108,0.182066022224583
stress,reversed_9bar,25.9,985611505875.7369,9.131386906855665e-07,1.01268200770327e-06,0.031777259654217814,132.90849895855044,3.292871841428257e-05,0.1210560798870072,0.0003467592365973778,0.861328125,0.7374875022077024,0.1824353900571353
stress,reversed_9bar,26.0,983497607886.0426,9.151013614913464e-07,1.01268200770327e-06,0.03130362880694795,132.38924367225533,3.2437941328158916e-05,0.12064018709462994,0.0003460155220112744,0.865234375,0.7449686213594602,0.18280022107533472
stress,reversed_9bar,26.1,981415009130.3048,9.170432402471082e-07,1.01268200770327e-06,0.030837054696753494,131.86631512019346,3.195447597391718e-05,0.12022095427895757,0.00034528281916601224,0.8671875,0.7493506099307615,0.18316108929975378
stress,reversed_9bar,26.2,979371035778.9745,9.189571338345287e-07,1.01268200770327e-06,0.030377432260376865,131.33973260917367,3.147821350578074e-05,0.11979838794731892,0.00034456370556526045,0.87109375,0.7568322531553587,0.18351655977552914
stress,reversed_9bar,26.3,977358980515.6765,9.208489592280002e-07,1.01268200770327e-06,0.02992465799651076,130.8095165350428,3.100904669574466e-05,0.11937249545766256,0.0003438558214314678,0.875,0.7643188820091145,0.1838678160243658
stress,reversed_9bar,26.4,975382968654.4863,9.227144915617349e-07,1.01268200770327e-06,0.02947862994264412,130.2756883899342,3.0546869909606374e-05,0.11894328502939815,0.00034316061813847776,0.876953125,0.7686811265123767,0.18421401605526924
stress,reversed_9bar,26.5,973442780109.7126,9.245535725259216e-07,1.01268200770327e-06,0.02903924765224938,129.73827076896356,3.009157908334936e-05,0.11851076575393049,0.0003424780182554306,0.880859375,0.7761625586316536,0.1845551300283972
stress,reversed_9bar,26.6,971535924551.9949,9.26368214757491e-07,1.01268200770327e-06,0.028606412172306,129.19728737635663,2.964307169987451e-05,0.11807494760487224,0.00034180714563112187,0.8828125,0.7805080573284096,0.18489156133640383
stress,reversed_9bar,26.7,969668879754.3671,9.281518864748807e-07,1.01268200770327e-06,0.028180026021155345,128.65276303099208,2.9201246766074226e-05,0.11763584144791879,0.0003411502792848395,0.88671875,0.7879803700740606,0.18522200794795046
stress,reversed_9bar,26.8,967835395272.4209,9.299101938162461e-07,1.01268200770327e-06,0.027759993166682123,128.10472367134344,2.8766004790244263e-05,0.11719345905036985,0.00034050522017637475,0.890625,0.7954526207836594,0.1855475903829987
stress,reversed_9bar,26.9,966039775479.1989,9.316386579978654e-07,1.01268200770327e-06,0.02734621900481759,127.55319635980455,2.8337247759828346e-05,0.11674781309028191,0.00033987348267635074,0.892578125,0.7997648134215546,0.18586741647292054
stress,reversed_9bar,27.0,964281346838.2574,9.333375606102649e-07,1.01268200770327e-06,0.026938610338359866,126.99820928638282,2.7914879119490804e-05,0.11629891716523574,0.0003392548298202216,0.896484375,0.8072217825452644,0.18618154404964601
stress,reversed_9bar,27.1,962557945748.8944,9.350086443884448e-07,1.01268200770327e-06,0.02653707535610667,126.43979177174675,2.7498803749512296e-05,0.11584678580070422,0.0003386485004069223,0.8984375,0.8115081929975214,0.18649032226625686
stress,reversed_9bar,27.2,960875826637.2604,9.36645480144604e-07,1.01268200770327e-06,0.026141523612296044,125.87797426961154,2.7088927944504198e-05,0.11539143445800354,0.0003380566948775238,0.90234375,0.818945689034352,0.18679247031510357
stress,reversed_9bar,27.3,959228878135.6134,9.382536540697852e-07,1.01268200770327e-06,0.025751866006350318,125.31278836844997,2.6685159392436566e-05,0.11493287954181361,0.0003374772631219673,0.90625,0.8263777020067826,0.18708910385963326
stress,reversed_9bar,27.4,957621281469.3385,9.398287375350237e-07,1.01268200770327e-06,0.025368014762919267,124.74426679251532,2.6287407153975656e-05,0.11447113840725194,0.00033691167618489243,0.908203125,0.8306163698682628,0.1873793411986119
stress,reversed_9bar,27.5,956052512693.4569,9.413708850201733e-07,1.01268200770327e-06,0.0249898834122177,124.17244340216237,2.589558164212598e-05,0.11400622936648551,0.00033635974973123445,0.912109375,0.8380223617834587,0.18766321465090924
stress,reversed_9bar,27.6,954520133963.9166,9.428821540541986e-07,1.01268200770327e-06,0.024617386770653393,123.59735319345499,2.5509594602172755e-05,0.11353817169486582,0.0003358206260752445,0.9140625,0.8422256952890579,0.1879411357700261
stress,reversed_9bar,27.7,953030767092.9241,9.44355660988064e-07,1.01268200770327e-06,0.024250440921741143,123.01903229704905,2.5129359091920295e-05,0.1130669856365735,0.0003352966349122762,0.91796875,0.8496012484888485,0.18821173383976053
stress,reversed_9bar,27.8,951578139154.3765,9.457972634804205e-07,1.01268200770327e-06,0.023888963197298604,122.43751797633826,2.475478946222195e-05,0.11259269240975589,0.00033478556929257926,0.921875,0.8569655770961475,0.18847617779570164
stress,reversed_9bar,27.9,950166022219.2487,9.472028876573814e-07,1.01268200770327e-06,0.02353287215891997,121.85284862485359,2.4385801337797507e-05,0.11211531421114511,0.0003342887563115091,0.923828125,0.8611060144785065,0.1887336570379491
stress,reversed_9bar,28.0,948794612032.404,9.485719971281439e-07,1.01268200770327e-06,0.02318208757972326,121.26506376290618,2.4022311598333597e-05,0.11163487422014164,0.00033380626483630097,0.927734375,0.8684330429516279,0.18898406605458914
stress,reversed_9bar,28.1,947460861976.5353,9.4990731133999e-07,1.01268200770327e-06,0.0228365304263673,120.67420403346553,2.3664238359863188e-05,0.11115139660235106,0.00033333702300173676,0.931640625,0.8757452726966852,0.18922794789348288
stress,reversed_9bar,28.2,946171617695.2048,9.512016458412956e-07,1.01268200770327e-06,0.022496122841334506,120.08031119726282,2.331150095642008e-05,0.11066490651255836,0.00033288343925183474,0.93359375,0.8798133325615599,0.18946387258198047
stress,reversed_9bar,28.3,944920862298.0851,9.524607148699884e-07,1.01268200770327e-06,0.022160788125475436,119.4834281271148,2.2964019921964183e-05,0.11017543009712996,0.000332443396715714,0.9375,0.8870812511984493,0.18969297964829895
stress,reversed_9bar,28.4,943711453882.4457,9.536813358547086e-07,1.01268200770327e-06,0.021830450720811374,118.88359880145865,2.262171697257387e-05,0.10968299449582801,0.00033201790093320596,0.939453125,0.8910978318971305,0.18991463633084624
stress,reversed_9bar,28.5,942544847085.3092,9.548617265089578e-07,1.01268200770327e-06,0.021505036193591127,118.28086829709454,2.2284514988901277e-05,0.10918762784302723,0.000331607463676769,0.943359375,0.8983167739589816,0.19012848890232742
stress,reversed_9bar,28.6,941417379559.4485,9.5600529535706e-07,1.01268200770327e-06,0.021184471217598387,117.67528278112924,2.1952337998886935e-05,0.10868935926832105,0.0003312107964542121,0.947265625,0.9055148054175299,0.19033521718113394
stress,reversed_9bar,28.7,940335055639.4365,9.571056556941736e-07,1.01268200770327e-06,0.020868683557705783,117.06688950211769,2.1625111160729605e-05,0.10818821889650712,0.00033083001171903297,0.94921875,0.9094431255383304,0.19053355065507036
stress,reversed_9bar,28.8,939293438622.9196,9.581670253328642e-07,1.01268200770327e-06,0.020557602053672325,116.45573678039928,2.1302760746108043e-05,0.10768423784694094,0.0003304635485443226,0.953125,0.9165850052343868,0.1907243301351141
stress,reversed_9bar,28.9,938293685004.9504,9.59187954030887e-07,1.01268200770327e-06,0.02025115660418033,115.84187399762574,2.0985214123650505e-05,0.10717744823224734,0.0003301118138098094,0.955078125,0.9204515556115438,0.19090726788748308
stress,reversed_9bar,29.0,937339018527.7178,9.601648733386066e-07,1.01268200770327e-06,0.019949278151108554,115.22535158548148,2.0672399742648743e-05,0.10666788315638169,0.00032977594169703793,0.958984375,0.9275325526297172,0.19108165469037997
stress,reversed_9bar,29.1,936424900889.2217,9.611021654223068e-07,1.01268200770327e-06,0.01965189866403797,114.6062210135936,2.03642471170127e-05,0.10615557671203023,0.00032945433553416807,0.962890625,0.9345864089663588,0.19124836363110642
stress,reversed_9bar,29.2,935556247310.4419,9.619945381021614e-07,1.01268200770327e-06,0.019358951124986812,113.98453477663388,2.006068680946252e-05,0.10564056397734227,0.0003291487246012096,0.96484375,0.9383486825136941,0.19140634248144742
stress,reversed_9bar,29.3,934730694034.5486,9.628441707796695e-07,1.01268200770327e-06,0.019070369513371453,113.36034638061437,1.9761650415954225e-05,0.10512288101198697,0.0003288582772778853,0.96875,0.9453344285788099,0.1915560258331314
stress,reversed_9bar,29.4,933947203707.4471,9.636519028348835e-07,1.01268200770327e-06,0.018786088791189877,112.73371032837845,1.9467070550335764e-05,0.10460256485252671,0.0003285826286008077,0.970703125,0.9490246549055963,0.19169758146731503
stress,reversed_9bar,29.5,933211252177.7123,9.644118605511758e-07,1.01268200770327e-06,0.018506044888424448,112.10468210429195,1.9176880829230054e-05,0.10407965350710201,0.0003283237050907815,0.974609375,0.9559375723781346,0.19182984174197326
stress,reversed_9bar,29.6,932517178697.8673,9.651296732750026e-07,1.01268200770327e-06,0.01823017468866075,111.47331815813872,1.8891015857141584e-05,0.10355418594942156,0.00032807951517560834,0.978515625,0.9628171002836995,0.19195392724416172
stress,reversed_9bar,29.7,931868574571.8846,9.65801427967967e-07,1.01268200770327e-06,0.017958416014919307,110.8396758882267,1.8609411211783392e-05,0.1030262021120536,0.0003278513223529405,0.98046875,0.9663871804913443,0.19206906036611238
stress,reversed_9bar,29.8,931265615597.0779,9.66426747564354e-07,1.01268200770327e-06,0.01769070761569709,110.20381362371107,1.8332003429621147e-05,0.10249574287901389,0.00032763918847203806,0.984375,0.9731867227554047,0.19217516686918198
stress,reversed_9bar,29.9,930705293198.7157,9.670085757295034e-07,1.01268200770327e-06,0.017426989151215707,109.56579060614253,1.8058729991631148e-05,0.10196285007764717,0.00032744205505187587,0.98828125,0.9799491487778969,0.19227283274925727
stress,reversed_9bar,30.0,930193725928.9211,9.675403896121007e-07,1.01268200770327e-06,0.017167201179873234,108.92566697024971,1.7789529309269106e-05,0.10142756646980038,0.0003272620747301318,0.990234375,0.983389617669715,0.19236076164538218
stress,uniform_3bar,0.1,896369073200.7465,3.3468356837520373e-07,3.3756066923442347e-07,3.247076795928553,8.598576989789215,0.0033535621988899835,0.00883174769664787,0.0003153618374781613,1.0,1.0,0.49998952751151055
stress,uniform_3bar,0.2,903393189192.3102,3.3208131696035775e-07,3.3756066923442347e-07,3.810688053417042,16.67120651887539,0.0039333670658337466,0.01698247479213891,0.0003178330719194049,1.0,1.0,0.4999652376613589
stress,uniform_3bar,0.3,909868093731.1124,3.2971812295316854e-07,3.3756066923442347e-07,3.9078814669020465,24.260465060405583,0.004033284837136026,0.024523839693648533,0.0003201110820091116,1.0,1.0,0.49992986544142876
stress,uniform_3bar,0.4,915850540301.0864,3.27564364269933e-07,3.3756066923442347e-07,3.897105137110587,31.404501063834303,0.004022207431984328,0.03151782336421058,0.0003222158348384179,1.0,1.0,0.4998852299435206
stress,uniform_3bar,0.5,921389677060.2665,3.2559513902647894e-07,3.3756066923442347e-07,3.856473932053465,38.13759717324803,0.0039804388325983585,0.0380183110280348,0.00032416462178192575,1.0,1.0,0.4998327622398344
stress,uniform_3bar,0.6,926528365977.5082,3.2378933124566917e-07,3.3756066923442347e-07,3.8069191097797987,44.49064879988729,0.003929492073898391,0.04407237338233802,0.00032597252259825287,1.0,1.0,0.4997736406212643
stress,uniform_3bar,0.7,931304175993.3258,3.2212891097585925e-07,3.3756066923442347e-07,3.75481692072171,50.49157322521855,0.0038759207749353426,0.04972131188135462,0.0003276527548452857,1.0,1.0,0.49970885197725273
stress,uniform_3bar,0.8,935750180478.5764,3.2059838860684927e-07,3.3756066923442347e-07,3.70227093515977,56.165660728786214,0.0038218873293088236,0.0550015172745839,0.00032921695444322385,1.0,1.0,0.49963923054499165
stress,uniform_3bar,0.9,939895611275.5464,3.1918438218140575e-07,3.3756066923442347e-07,3.6500106044575484,61.53587711046852,0.003768141810249779,0.059945179201804415,0.00033067540578024166,1.0,1.0,0.49956548609324836
stress,uniform_3bar,1.0,943766400752.3275,3.1787527057633507e-07,3.3756066923442347e-07,3.598295523571175,66.62312528467628,0.0037149513272952163,0.06458087614727678,0.00033203723241882695,1.0,1.0,0.4994882256585604
stress,uniform_3bar,1.1,947385634260.2606,3.166609130971746e-07,3.3756066923442347e-07,3.547217494017258,71.44647226780162,0.003662410494756462,0.06893406864656776,0.00033331055628000027,1.0,1.0,0.49940797077098764
stress,uniform_3bar,1.2,950773930011.2443,3.155324210419317e-07,3.3756066923442347e-07,3.496806443609584,76.0233467882847,0.0036105503088338627,0.0730275137659768,0.00033450263129228746,1.0,1.0,0.49932517131317183
stress,uniform_3bar,1.3,953949759671.8986,3.1448197031170907e-07,3.3756066923442347e-07,3.447068931475774,80.36971186396529,0.0035593777316906493,0.07688161513753888,0.00033561995618361303,1.0,1.0,0.499240216783774
stress,uniform_3bar,1.4,956929720217.4535,3.135026467062051e-07,3.3756066923442347e-07,3.3980025404214578,84.50021597228613,0.0035088904887323157,0.08051471994601046,0.00033666837012531997,1.0,1.0,0.4991534455229524
stress,uniform_3bar,1.5,959728765484.2378,3.125883174384514e-07,3.3756066923442347e-07,3.349601376567096,88.42832585047618,0.0034590827236417885,0.0839433720173457,0.000337653134197295,1.0,1.0,0.49906515231855636
stress,uniform_3bar,1.6,962360404225.0155,3.117335238263347e-07,3.3756066923442347e-07,3.3018582089323787,92.16644348008735,0.003409947198738031,0.0871825283979735,0.00033857900106807725,1.0,1.0,0.49897559471417724
stress,uniform_3bar,1.7,964836870187.6149,3.109333911976895e-07,3.3756066923442347e-07,3.2547653142833934,95.72600941209245,0.0033614761640000162,0.09024574542595463,0.00033945027483216276,1.0,1.0,0.49888499826883353
stress,uniform_3bar,1.8,967169268720.8478,3.1018355287153815e-07,3.3756066923442347e-07,3.208314814913296,99.11759425907653,0.003313661704636993,0.09314533919354101,0.0003402708625891067,1.0,1.0,0.4987935609645362
stress,uniform_3bar,1.9,969367703601.5142,3.094800857150523e-07,3.3756066923442347e-07,3.1624988151063853,102.35097990706292,0.0032664958816075148,0.09589252442151211,0.0003410443190639797,1.0,1.0,0.49870145691717765
stress,uniform_3bar,2.0,971441387126.595,3.088194552708562e-07,3.3756066923442347e-07,3.11730945673477,105.43523177092297,0.003219970788957454,0.09849753506010021,0.00034177388534015933,1.0,1.0,0.49860883951474616
stress,uniform_3bar,2.1,987697235761.51,3.037368022688667e-07,3.3756066923442347e-07,3.072738942037496,108.37876322591679,0.003174078577396521,0.10096972936207238,0.00034749304104124586,0.091796875,0.08781775444524616,0.49773721016633815
stress,uniform_3bar,2.2,1024518270022.1913,2.9282054676633725e-07,3.3756066923442347e-07,3.0287795429584476,111.18939318709984,0.0031288114640439144,0.10331768171196715,0.00036044746948982106,0.083984375,0.07722001030433691,0.49603128624850207
stress,uniform_3bar,2.3,1059539003144.8269,2.83142007146096e-07,3.3756066923442347e-07,2.9854236049304057,113.87439767276373,0.0030841617364569577,0.10554926311941576,0.0003727685134410031,0.080078125,0.07105732661261033,0.4945315741865804
stress,uniform_3bar,2.4,1092778899264.9996,2.745294589800181e-07,3.3756066923442347e-07,2.942663548342744,116.4405560734321,0.003040121754273492,0.1076717119766734,0.00038446302079455307,0.080078125,0.06887692629287602,0.4931627586318493
stress,uniform_3bar,2.5,1124304199129.0493,2.6683169931447134e-07,3.3756066923442347e-07,2.900491869031487,118.89419275067584,0.002996683949845495,0.10969169642744331,0.00039555429646371057,0.080078125,0.06692448785111638,0.49188552963312626
stress,uniform_3bar,2.6,1154210373512.9724,2.5991795506647145e-07,3.3756066923442347e-07,2.8589011383491694,121.24121450726079,0.0029538408284375617,0.11161536948518204,0.0004060759291121678,0.078125,0.06351725610622819,0.4906828597601065
stress,uniform_3bar,2.7,1182585779472.9526,2.5368138633774383e-07,3.3756066923442347e-07,2.817884003048123,123.48714439954473,0.002911584968230705,0.11344841786594129,0.00041605900464463215,0.080078125,0.06358085744013094,0.4895408349066687
stress,uniform_3bar,2.8,1209516132076.1199,2.480330704519448e-07,3.3756066923442347e-07,2.7774331850758416,125.6371523026087,0.0028699090202330547,0.11519610535672395,0.00042553367945747864,0.080078125,0.06214138733678779,0.4884495840731531
stress,uniform_3bar,2.9,1235080802452.9077,2.428990875772589e-07,3.3756066923442347e-07,2.7375414813244188,127.69608258679084,0.002828805708140701,0.11686331142003355,0.0004345278780142842,0.080078125,0.060831166628587785,0.4874008377362039
stress,uniform_3bar,3.0,1259355044732.9468,2.3821717414378299e-07,3.3756066923442347e-07,2.6982017633522575,129.6684792197065,0.0027882678281674587,0.11845456563446116,0.00044306807632956986,0.080078125,0.05963470901022724,0.4863882792044697
stress,uniform_3bar,3.1,1282409772608.1362,2.339345865946317e-07,3.3756066923442347e-07,2.6594069770860624,131.5586085693957,0.0027482882488518365,0.11997407848635752,0.00045117922335890343,0.080078125,0.058538855146326736,0.4854069473040257
stress,uniform_3bar,3.2,1304322260206.3777,2.3000450820530519e-07,3.3756066923442347e-07,2.621150142506879,133.3704801510124,0.002708859910845115,0.12142576895609541,0.00045888850579545984,0.08203125,0.05899212338148979,0.4844570741820855
stress,uniform_3bar,3.3,1325149157072.5764,2.2638960934989257e-07,3.3756066923442347e-07,2.58342435332208,135.1078655306792,0.0026699758266825356,0.12281328928186941,0.00046621585416239936,0.08203125,0.058041139833715075,0.48353296127840056
stress,uniform_3bar,3.4,1344945641111.0134,2.2305734211843708e-07,3.3756066923442347e-07,2.5462227766243952,136.77431557514416,0.002631629080538757,0.12414004723258205,0.00047318068122819264,0.08203125,0.05716328876319688,0.48263055622314377
stress,uniform_3bar,3.5,1363775767269.0212,2.1997751184621348e-07,3.3756066923442347e-07,2.5095386525387413,138.3731762141073,0.002593812827968398,0.12540922617757772,0.0004798055228951753,0.083984375,0.05774742184953067,0.48175108652251414
stress,uniform_3bar,3.6,1381689484838.9226,2.1712548535098247e-07,3.3756066923442347e-07,2.473365293857486,139.90760286312388,0.0025565202956323594,0.12662380320362016,0.00048610795239414987,0.083984375,0.05697518397018425,0.4808919599529607
stress,uniform_3bar,3.7,1398728401849.5522,2.144805235979387e-07,3.3756066923442347e-07,2.4376960856646166,141.3805736384072,0.002519744781010439,0.12778656549750114,0.0004921026083207792,0.083984375,0.05625789237480087,0.4800489945456012
stress,uniform_3bar,3.8,1414948300110.9033,2.1202188092419072e-07,3.3756066923442347e-07,2.4025244849493643,142.79490148033958,0.0024834796521008484,0.12890012518519775,0.0004978091159104971,0.0859375,0.056936127889951664,0.4792246586089931
stress,uniform_3bar,3.9,1430387915585.165,2.0973331550922072e-07,3.3756066923442347e-07,2.3678440202097155,144.15324528976103,0.002447718347107109,0.12996693279484717,0.0005032411033044096,0.0859375,0.05629828930158502,0.47841625784815867
stress,uniform_3bar,4.0,1445081141872.8625,2.0760079922653496e-07,3.3756066923442347e-07,2.3336482910462815,145.4581201699114,0.002412454374112856,0.13098928949040856,0.00050841049499708,0.0859375,0.055702870006824605,0.47762049593804917
stress,uniform_3bar,4.1,1459078701244.161,2.0560919691596422e-07,3.3756066923442347e-07,2.2999309677469664,146.71190685704144,0.0023776813107450265,0.13196935820523473,0.0005133351361694711,0.087890625,0.056451024323265875,0.4768411769844595
stress,uniform_3bar,4.2,1472406731726.6497,2.0374804973093167e-07,3.3756066923442347e-07,2.266685790862865,147.9168604140147,0.00234339280382593,0.13290917378948536,0.0005180242227394862,0.087890625,0.05591696138370191,0.4760741139719562
stress,uniform_3bar,4.3,1485094848137.1514,2.020072996524828e-07,3.3756066923442347e-07,2.233906570775809,149.07511825353333,0.0023095825690146506,0.13381065227202021,0.0005224881738339441,0.087890625,0.055416398081586486,0.475317279806897
stress,uniform_3bar,4.4,1497191060879.7864,2.0037522787753796e-07,3.3756066923442347e-07,2.2015871872579837,150.18870755081997,0.0022762443904382665,0.13467559932584391,0.0005267438805412524,0.08984375,0.05621798889416318,0.4745758957148071
stress,uniform_3bar,4.5,1508708524187.169,1.988455657209386e-07,3.3756066923442347e-07,2.169721589024,151.25955209955706,0.002243372120313307,0.13550571801607883,0.0005307959708021689,0.08984375,0.05576586135482558,0.4738435733911697
stress,uniform_3bar,4.6,1519678853623.7659,1.974101299657042e-07,3.3756066923442347e-07,2.1383037932758358,152.2894786595262,0.0022109596785579227,0.1363026159006136,0.0005346555676493831,0.091796875,0.05659408271169765,0.47312111189916073
stress,uniform_3bar,4.7,1530137253679.8765,1.9606084309006942e-07,3.3756066923442347e-07,2.1073278852410118,153.28022283963043,0.0021790010523951605,0.13706781154584716,0.0005383350567765566,0.091796875,0.05618414940181482,0.47241110690235116
stress,uniform_3bar,4.8,1540095648440.829,1.947930963273065e-07,3.3756066923442347e-07,2.0767880177043914,154.23343455573428,0.0021474902959478038,0.13780274051315786,0.0005418386333322859,0.091796875,0.05579794493913116,0.47170865103275095
stress,uniform_3bar,4.9,1549586162121.321,1.9360007680328798e-07,3.3756066923442347e-07,2.0466784105339495,155.15068309897376,0.0021164215298251476,0.13850876086576025,0.0005451775993033054,0.09375,0.05666266273548279,0.471016329653593
stress,uniform_3bar,5.0,1558630405581.83,1.9247667627015867e-07,3.3756066923442347e-07,2.0169933502008925,156.033461846811,0.002085788940702149,0.13918715824036032,0.0005483595578531707,0.09375,0.05631076246270711,0.47033356713464547
stress,uniform_3bar,5.1,1567241138459.2046,1.914191713311825e-07,3.3756066923442347e-07,1.9877271892944504,156.88319264607304,0.0020555867808913146,0.13983915052336995,0.0005513889980953981,0.09375,0.055978457826017375,0.46965723323174896
stress,uniform_3bar,5.2,1576684680871.6748,1.902726674772689e-07,3.3756066923442347e-07,1.9588743460316964,157.70122989451406,0.0020258093679077216,0.14046589216735003,0.0005547114385683445,0.095703125,0.056828316744510075,0.46890365792643873
stress,uniform_3bar,5.3,1586122034637.498,1.8914055378378487e-07,3.3756066923442347e-07,1.9304293037627198,158.48886434500534,0.0019964510840275486,0.14106847817971427,0.0005580317017428582,0.095703125,0.056467089153084675,0.4681415169001233
stress,uniform_3bar,5.4,1595126822165.348,1.880728201866463e-07,3.3756066923442347e-07,1.902386610471459,159.24732665427447,0.001967506375840459,0.14164794781250636,0.0005611997788505867,0.09765625,0.05731968389215296,0.46739356970092055
stress,uniform_3bar,5.5,1603724376040.3416,1.8706456326411386e-07,3.3756066923442347e-07,1.8747408782725337,159.9777906961533,0.0019389697537962258,0.14220528797920234,0.0005642245824375221,0.09765625,0.05698910085087243,0.46666104354466265
stress,uniform_3bar,5.6,1611916772156.5583,1.8611382745191905e-07,3.3756066923442347e-07,1.84748678290435,160.68137665752488,0.0019108357917459057,0.14274143642194256,0.0005671068428476606,0.09765625,0.05667634271293921,0.46593781831394177
stress,uniform_3bar,5.7,1619729633432.0542,1.8521609644464448e-07,3.3756066923442347e-07,1.8206190632187949,161.3591539335672,0.0018830991264779258,0.14325728465033116,0.0005698555747723403,0.099609375,0.057555947631555346,0.4652259876195044
stress,uniform_3bar,5.8,1627178107555.5896,1.843682622123473e-07,3.3756066923442347e-07,1.7941325206677974,162.0121438374534,0.0018557544572494011,0.14375368067091573,0.0005724761074928848,0.099609375,0.057269148230339066,0.46452449377957244
stress,uniform_3bar,5.9,1634269737026.9167,1.835682281835333e-07,3.3756066923442347e-07,1.7680220187870401,162.64132213836862,0.001828796545313,0.1442314315246524,0.0005749710946222444,0.099609375,0.05699746410541604,0.4638301026032275
stress,uniform_3bar,6.0,1641035120230.1733,1.8281144400975507e-07,3.3756066923442347e-07,1.7422824826770886,163.2476214405234,0.0018022202134396748,0.1446913056480387,0.0005773513013272844,0.1015625,0.05789991815500514,0.46314744487528176
stress,uniform_3bar,6.1,1647474543064.2388,1.8209689567767864e-07,3.3756066923442347e-07,1.7169088984822016,163.8319334147909,0.0017760203454375487,0.1451340350721551,0.0005796168281933536,0.1015625,0.05765019261708304,0.4624714765292731
stress,uniform_3bar,6.2,1653606257169.455,1.8142166473990138e-07,3.3756066923442347e-07,1.6918963128670823,164.39511089361739,0.0017501918856672662,0.14556031747254702,0.000581774096538419,0.103515625,0.05856510178615565,0.4618033042786618
stress,uniform_3bar,6.3,1659448546470.6907,1.8078294782808358e-07,3.3756066923442347e-07,1.667239832491813,164.93796983898454,0.0017247298385540814,0.14597081808171125,0.0005838295390388366,0.103515625,0.05833525144505987,0.46114426860521984
stress,uniform_3bar,6.4,1665002598839.5188,1.8017989894375865e-07,3.3756066923442347e-07,1.6429346234852211,165.46129119240888,0.0016996292680969698,0.14636617147490344,0.000585783573613266,0.103515625,0.05811713411664526,0.4604903798814871
stress,uniform_3bar,6.5,1670294382992.9312,1.7960905757369695e-07,3.3756066923442347e-07,1.618975910916899,165.96582261523557,0.001674885297375026,0.1467469832390316,0.0005876453366125169,0.10546875,0.05904982366990655,0.4598459032611495
stress,uniform_3bar,6.6,1675325078029.164,1.7906972439815504e-07,3.3756066923442347e-07,1.595358978268116,166.45228012683043,0.001650493108051416,0.1471138315335508,0.0005894152428686015,0.10546875,0.05884871618419373,0.45920726470868534
stress,uniform_3bar,6.7,1680106092689.2932,1.7856015242454088e-07,3.3756066923442347e-07,1.5720791669018321,166.9213496476678,0.0016264479398751337,0.14746726855149897,0.0005910973062209708,0.107421875,0.05979142362484211,0.4585743975056472
stress,uniform_3bar,6.8,1684657017537.0203,1.7807779083638163e-07,3.3756066923442347e-07,1.5491318755320294,167.37368845377048,0.001602745090180806,0.14780782188812186,0.0005926984190495064,0.107421875,0.05960583681253734,0.45795004137556605
stress,uniform_3bar,6.9,1688974153779.7476,1.7762261152938982e-07,3.3756066923442347e-07,1.5265125596925728,167.8099265484548,0.0015793799133867997,0.14813599582390038,0.0005942172800397552,0.107421875,0.05942953872600742,0.4573296015260593
stress,uniform_3bar,7.0,1693080240130.8118,1.771918382183831e-07,3.3756066923442347e-07,1.5042167312057808,168.23066795687816,0.0015563478204918355,0.14845227252822607,0.0005956618891580637,0.109375,0.060386477999364044,0.4567171474254165
stress,uniform_3bar,7.1,1696975690902.7544,1.7678508985618202e-07,3.3756066923442347e-07,1.4822399576509233,168.6364919484706,0.0015336442785703664,0.1487571131894508,0.0005970323921684576,0.109375,0.06022363088588568,0.4561097196710284
stress,uniform_3bar,7.2,1700669279476.5774,1.7640114019836492e-07,3.3756066923442347e-07,1.4605778618328111,169.02795419194715,0.0015112648102669102,0.1490509590765672,0.0005983318757342725,0.111328125,0.061188854282640946,0.45550718824372965
stress,uniform_3bar,7.3,1704177672428.6738,1.7603798292490311e-07,3.3756066923442347e-07,1.4392261212506674,169.40558784725116,0.0014892049932895628,0.14933423253735048,0.0005995662035140316,0.111328125,0.06103836330772999,0.45491207952734475
stress,uniform_3bar,7.4,1707496399967.2732,1.7569583163147517e-07,3.3756066923442347e-07,1.4181804675674543,169.76990459845462,0.0014674604599028936,0.14960733793740216,0.0006007338029392604,0.111328125,0.06089532054764137,0.45432028082440484
stress,uniform_3bar,7.5,1710644952419.2825,1.753724521127102e-07,3.3756066923442347e-07,1.3974366860798195,170.12139563134963,0.0014460268964204181,0.1498706625441844,0.000601841531124389,0.11328125,0.06187226690146377,0.4537354627843747
stress,uniform_3bar,7.6,1713622762943.905,1.750677024648163e-07,3.3756066923442347e-07,1.376990615188821,170.4605325591937,0.0014249000426968346,0.15012457735980994,0.0006028891886426849,0.11328125,0.06174004040765093,0.4531549966869739
stress,uniform_3bar,7.7,1716436819603.0059,1.7478068320008826e-07,3.3756066923442347e-07,1.3568381458715977,170.78776829982368,0.001404075691620224,0.15036943790606078,0.0006038792340439758,0.115234375,0.06272402457473737,0.452578776999845
stress,uniform_3bar,7.8,1719101264226.9382,1.7450978964575822e-07,3.3756066923442347e-07,1.3369752211541202,171.10353790712296,0.0013835496886043736,0.15060558496483686,0.000604816642727055,0.115234375,0.06260179249824542,0.4520090796392261
stress,uniform_3bar,7.9,1721610008535.1035,1.742554925405355e-07,3.3756066923442347e-07,1.3173978355851828,171.40825935962033,0.001363317931081411,0.1508333452769966,0.0006056992727044156,0.115234375,0.06248565894367008,0.451441826560352
stress,uniform_3bar,8.0,1723983714540.3145,1.7401556492080461e-07,3.3756066923442347e-07,1.2981020347117618,171.70233430879912,0.0013433763679949057,0.1510530322023198,0.0006065343933146831,0.1171875,0.06347947408441483,0.45088155815053105
stress,uniform_3bar,8.1,1726216101153.9148,1.7379052356159842e-07,3.3756066923442347e-07,1.279083914555879,171.98614878952307,0.0013237209992935988,0.1512649463431246,0.0006073197947363461,0.1171875,0.06337215791715374,0.45032431626431546
stress,uniform_3bar,8.2,1728317519788.9514,1.7357921595138008e-07,3.3756066923442347e-07,1.260339621093111,172.26007389481543,0.0013043478754259307,0.1514693761338778,0.0006080591188182108,0.119140625,0.06437208886651126,0.44977152505757534
stress,uniform_3bar,8.3,1730295571143.4558,1.7338078245310814e-07,3.3756066923442347e-07,1.2418653497328425,172.52446641707894,0.0012852530968354876,0.15166659839896754,0.0006087550396486286,0.119140625,0.06427296025591983,0.4492238105213784
stress,uniform_3bar,8.4,1732146089059.8232,1.7319555313191535e-07,3.3756066923442347e-07,1.2236573448004093,172.77966945770288,0.0012664328134575397,0.1518568788806487,0.0006094060914841275,0.12109375,0.06527873370094976,0.4486781283434331
stress,uniform_3bar,8.5,1733889976356.332,1.7302135896213692e-07,3.3756066923442347e-07,1.2057118990212308,173.0260130068726,0.0012478832242167914,0.1520404727390249,0.0006100196283838535,0.12109375,0.0651872200960843,0.4481394853324788
stress,uniform_3bar,8.6,1735515377773.9304,1.728593153607183e-07,3.3756066923442347e-07,1.1880253530070402,173.26381449527864,0.0012296005765264815,0.1522176250257996,0.0006105914794137681,0.12109375,0.06510040850781582,0.4476025299043423
stress,uniform_3bar,8.7,1737037412112.6216,1.727078518332738e-07,3.3756066923442347e-07,1.1705940947443243,173.4933793193103,0.001211581165788962,0.15238857113340404,0.0006111269636915116,0.123046875,0.06611416694880061,0.44707056102963466
stress,uniform_3bar,8.8,1738455812482.6443,1.7256694006595293e-07,3.3756066923442347e-07,1.1534145590850706,173.71500134121436,0.0011938213348978788,0.15255353722099682,0.00061162598731955,0.123046875,0.06603414074217832,0.4465420427058056
stress,uniform_3bar,8.9,1739772823533.5027,1.724363065924296e-07,3.3756066923442347e-07,1.1364832272399168,173.92896336560725,0.0011763174737420723,0.1527127406187267,0.0006120893400136526,0.125,0.0670530970219231,0.4460162971544568
stress,uniform_3bar,9.0,1741000472600.4746,1.7231471485582077e-07,3.3756066923442347e-07,1.1197966262737964,174.13553759363782,0.0011590660187113108,0.1528663902115544,0.0006125212532479593,0.125,0.06697940582057868,0.44549581827292456
stress,uniform_3bar,9.1,1742129858595.2295,1.7220300686534682e-07,3.3756066923442347e-07,1.1033513286041603,174.3349860560165,0.0011420634522039594,0.153014686803838,0.0006129185954289609,0.125,0.06690966983530028,0.4449764891039262
stress,uniform_3bar,9.2,1743180100826.3499,1.7209925690282136e-07,3.3756066923442347e-07,1.0871439515018768,174.52756102604798,0.0011253063021367067,0.15315782346580603,0.0006132880931388948,0.126953125,0.06793559678993567,0.4444631693657493
stress,uniform_3bar,9.3,1744140635612.2239,1.720044782367534e-07,3.3756066923442347e-07,1.0711711565948634,174.7135054137425,0.0011087911414564221,0.15329598586297127,0.0006136260298483277,0.126953125,0.06787154008440376,0.44395131156989676
stress,uniform_3bar,9.4,1745022941278.1392,1.719175105974627e-07,3.3756066923442347e-07,1.0554296493745532,174.8930531420018,0.001092514587654268,0.15342935256945947,0.0006139364438779271,0.12890625,0.06890215569851743,0.4434434388008263
stress,uniform_3bar,9.5,1745827750542.3833,1.7183825833149793e-07,3.3756066923442347e-07,1.0399161787052467,175.06642950582355,0.0010764733022821339,0.15355809536616943,0.0006142195930136789,0.12890625,0.06884341958441809,0.44293869473399955
stress,uniform_3bar,9.6,1746554956763.9324,1.717667107113816e-07,3.3756066923442347e-07,1.0246275363364288,175.2338515154094,0.0010606639904714936,0.15368237952461916,0.0006144754397369871,0.130859375,0.06987856857131967,0.4424359969093911
stress,uniform_3bar,9.7,1747216105054.6409,1.717017140192959e-07,3.3756066923442347e-07,1.0095605564181158,175.39552822400637,0.0010450834004547662,0.15380236407727624,0.0006147080458654637,0.130859375,0.06982482275785407,0.44193802366125656
stress,uniform_3bar,9.8,1747801308369.7222,1.716442244111991e-07,3.3756066923442347e-07,0.9947121150192869,175.55166104126363,0.0010297283230892554,0.15391820207512055,0.000614913932925002,0.130859375,0.06977423192253968,0.4414406494969177
stress,uniform_3bar,9.9,1748328606859.7607,1.715924562596052e-07,3.3756066923442347e-07,0.9800791296494693,175.70244403284076,0.001014595591383751,0.15403004083313973,0.0006150994478269432,0.1328125,0.07081530092846959,0.4409487077773245
stress,uniform_3bar,10.0,1748786503945.6191,1.715475269983722e-07,3.3756066923442347e-07,0.9656585587835208,175.84806420695836,0.0009996820800278544,0.15413802216441175,0.0006152605458285248,0.1328125,0.07076921462118256,0.4404576291814966
stress,uniform_3bar,10.1,1749186339080.1333,1.7150831406433507e-07,3.3756066923442347e-07,0.9514474013896681,175.98870178854648,0.000984984704924103,0.15424228260339212,0.0006154012163921115,0.134765625,0.07181443884185724,0.43997017935855987
stress,uniform_3bar,10.2,1749526725976.6975,1.714749455070604e-07,3.3756066923442347e-07,0.9374426964608517,176.12453048159372,0.0009705004227229615,0.15434295361897368,0.000615520971792385,0.134765625,0.07177258960199644,0.43948508749698456
stress,uniform_3bar,10.3,1749808713888.0715,1.714473117083756e-07,3.3756066923442347e-07,0.9236415225494149,176.255717720297,0.0009562262303607283,0.15444016181787434,0.0006156201811789383,0.13671875,0.07282185161453177,0.4390018923925207
stress,uniform_3bar,10.4,1750040608120.7073,1.714245935825209e-07,3.3756066923442347e-07,0.9100409973051905,176.38242490954826,0.0009421591646004325,0.15453402913885425,0.0006157017665364556,0.13671875,0.07278399192689465,0.43852249034867974
stress,uniform_3bar,10.5,1750213612046.5674,1.7140764872077683e-07,3.3756066923442347e-07,0.896638277017015,176.5048076552552,0.0009282963015757605,0.15462467303822452,0.0006157626330227962,0.138671875,0.07383718204863805,0.43804332185851114
stress,uniform_3bar,10.6,1750345317398.9922,1.7139475109162978e-07,3.3756066923442347e-07,0.8834305561577158,176.6230159850015,0.0009146347563380756,0.15471220666711047,0.0006158089697865113,0.138671875,0.07380308261322785,0.43756932436211
stress,uniform_3bar,10.7,1750420930952.7478,1.713873472917803e-07,3.3756066923442347e-07,0.870415066932602,176.73719455953852,0.0009011716824065722,0.15479673904091434,0.0006158355722541371,0.138671875,0.07377144153619632,0.4370950637114176
stress,uniform_3bar,10.8,1750456675255.2966,1.7138384756437704e-07,3.3756066923442347e-07,0.8575890788314926,176.84748287546654,0.0008879042713216159,0.15487837520131756,0.0006158481478653092,0.140625,0.07482954645134819,0.4366250969981602
stress,uniform_3bar,10.9,1750443286364.1003,1.713851584549987e-07,3.3756066923442347e-07,0.8449498981843114,176.95401545959157,0.000874829752201306,0.15495721637125165,0.0006158434373666366,0.140625,0.07480133236665729,0.43615581211941556
stress,uniform_3bar,11.0,1750389267825.9414,1.7139044755033997e-07,3.3756066923442347e-07,0.8324948677202761,177.05692205529343,0.0008619453913013084,0.15503336010315003,0.0006158244324879978,0.142578125,0.07586309006562045,0.43568933740042354
stress,uniform_3bar,11.1,1750293637284.9624,1.7139981178549957e-07,3.3756066923442347e-07,0.8202213661307056,177.15632780130963,0.0008492484915779887,0.15510690042083966,0.0006157907876155632,0.142578125,0.07583811530813035,0.43522477126784653
stress,uniform_3bar,11.2,1750156546489.6387,1.7141323763392617e-07,3.3756066923442347e-07,0.8081268076354715,177.25235340325196,0.0008367363922548871,0.15517792795536148,0.0006157425561376964,0.14453125,0.07690344018544379,0.43476159812628057
stress,uniform_3bar,11.3,1749984905934.1067,1.7143005004369797e-07,3.3756066923442347e-07,0.7962086415531101,177.34511529823314,0.0008244064683925634,0.15524653007504957,0.0006156821693142365,0.14453125,0.07688153041461579,0.4343015074286166
stress,uniform_3bar,11.4,1749770919646.3525,1.7145101489092825e-07,3.3756066923442347e-07,0.7844643518746176,177.434725812871,0.0008122561304618432,0.15531279101011372,0.0006156068843552626,0.146484375,0.07795034209800782,0.4338414578613829
stress,uniform_3bar,11.5,1749529014277.114,1.7147472122601903e-07,3.3756066923442347e-07,0.772891456840941,177.521293314969,0.0008002828239204935,0.15537679197199009,0.00061552177686548,0.146484375,0.07793133526353443,0.4333856146603285
stress,uniform_3bar,11.6,1749246211448.7466,1.715024437592101e-07,3.3756066923442347e-07,0.7614875085241822,177.6049223591705,0.0007884840287933526,0.15543861126772,0.0006154222807736755,0.146484375,0.07791424126647395,0.4329292949873401
stress,uniform_3bar,11.7,1748937045925.224,1.71532760826902e-07,3.3756066923442347e-07,0.7502500924125273,177.68571382686912,0.000776857259255937,0.15549832440960284,0.0006153135097211057,0.1484375,0.07898729997643879,0.43247674542690834
stress,uniform_3bar,11.8,1748591779581.956,1.7156663064704696e-07,3.3756066923442347e-07,0.7391768269989107,177.7637650606285,0.0007654000632215481,0.15555600422034502,0.0006151920376269788,0.1484375,0.07897287157183315,0.4320243640413853
stress,uniform_3bar,11.9,1748219083264.665,1.7160320629824783e-07,3.3756066923442347e-07,0.7282653633734238,177.83916999327212,0.0007541100219318943,0.1556117209338555,0.000615060915080523,0.150390625,0.08004921661634525,0.43157453872456486
stress,uniform_3bar,12.0,1747816041462.3745,1.7164277754825614e-07,3.3756066923442347e-07,0.7175133848194738,177.91201927198904,0.0007429847495512477,0.15566554229197385,0.0006149191163425356,0.150390625,0.0800373202740507,0.4311259139834789
stress,uniform_3bar,12.1,1747384497361.9417,1.7168516743333564e-07,3.3756066923442347e-07,0.7069186064137037,177.98240037760615,0.0007320218927641519,0.15571753363726884,0.0006147672898856283,0.15234375,0.08111688827713417,0.4306786968298772
stress,uniform_3bar,12.2,1746928009061.8105,1.71730030341156e-07,3.3756066923442347e-07,0.6964787746296701,178.0503977392249,0.0007212191303766901,0.15576775800208,0.0006146066875250374,0.15234375,0.08110739953643159,0.43023367153724823
stress,uniform_3bar,12.3,1746441945791.9282,1.717778256087203e-07,3.3756066923442347e-07,0.6861916669452846,178.11609284448272,0.0007105741729213258,0.15581627619401808,0.0006144356800566814,0.154296875,0.08219013091133477,0.42978896863080834
stress,uniform_3bar,12.4,1745936005078.3882,1.7182760371937615e-07,3.3756066923442347e-07,0.6760550914540217,178.17956434555202,0.0007000847622653293,0.15586314687802902,0.0006142576792779315,0.154296875,0.08218293392463516,0.429347409929418
stress,uniform_3bar,12.5,1745399424581.1494,1.718804279266863e-07,3.3756066923442347e-07,0.6660668864798898,178.24088816108812,0.0006897486712227924,0.15590842665519947,0.0006140688987670646,0.15625,0.08326877265723369,0.4289051504380707
stress,uniform_3bar,12.6,1744847717003.1099,1.7193477521079584e-07,3.3756066923442347e-07,0.656224920196164,178.30013757429376,0.0006795637031702413,0.15595217013844492,0.0006138747962251954,0.15625,0.08326375959023538,0.4284669500102817
stress,uniform_3bar,12.7,1744265731266.918,1.7199214237964767e-07,3.3756066923442347e-07,0.6465270902478778,178.35738332731057,0.0006695276916658494,0.1559944300252548,0.0006136700411788214,0.15625,0.08326029424627636,0.42802754853588426
stress,uniform_3bar,12.8,1743670246748.812,1.720508797803769e-07,3.3756066923442347e-07,0.6369713233780702,178.4126937119818,0.0006596385000722571,0.15603525716754268,0.0006134605369718665,0.158203125,0.08434972352292978,0.42759215852671056
stress,uniform_3bar,12.9,1743047611411.1975,1.7211233820349605e-07,3.3756066923442347e-07,0.6275555750577798,178.46613465720398,0.0006498940211829945,0.1560747006387782,0.0006132414805251198,0.158203125,0.08434828129733588,0.42715602756664417
stress,uniform_3bar,13.0,1742410156233.952,1.721753049514016e-07,3.3756066923442347e-07,0.6182778291197821,178.51776981306276,0.0006402921768525134,0.15611280779855835,0.0006130172101413947,0.16015625,0.08544068286370084,0.4267229430944502
stress,uniform_3bar,13.1,1741749890681.2183,1.7224057346297095e-07,3.3756066923442347e-07,0.6091360973960602,178.56766063172427,0.0006308309176298223,0.15614962435461036,0.0006127849145790433,0.16015625,0.08544117427581154,0.42629002758073176
stress,uniform_3bar,13.2,1741073509275.1907,1.7230748638803312e-07,3.3756066923442347e-07,0.6001284193589991,178.6158664454141,0.0006215082223957244,0.15618519442248363,0.00061254694911435,0.162109375,0.08653650427227409,0.4258592438618865
stress,uniform_3bar,13.3,1740378400669.5752,1.723763061438714e-07,3.3756066923442347e-07,0.5912528617662947,178.6624445414063,0.0006123220980036552,0.15621956058288475,0.0006123023950197614,0.162109375,0.08653884604199989,0.4254295015676403
stress,uniform_3bar,13.4,1739665910108.4966,1.7244690388931636e-07,3.3756066923442347e-07,0.5825075183095674,178.70745023427875,0.0006032705789241131,0.15625276393685472,0.0006120517255809718,0.1640625,0.08763706334311007,0.42500102236104453
stress,uniform_3bar,13.5,1738938531389.8523,1.725190365183432e-07,3.3756066923442347e-07,0.5738905092666633,178.75093693552674,0.000594351726892677,0.15628484415886687,0.0006117958181694911,0.1640625,0.08764117798649827,0.42457441752306074
stress,uniform_3bar,13.6,1738192538828.001,1.7259307775091414e-07,3.3756066923442347e-07,0.5653999811576363,178.79295622053903,0.0005855636305616065,0.1563158395478572,0.0006115333620093176,0.166015625,0.08874224406492295,0.4241482485008368
stress,uniform_3bar,13.7,1737435265278.4094,1.726683036745703e-07,3.3756066923442347e-07,0.5570341064043931,178.8335578931889,0.0005769044051550122,0.15634578707638191,0.0006112669369560524,0.166015625,0.08874805952037769,0.42372474498068696
stress,uniform_3bar,13.8,1736658184004.5667,1.7274556545619637e-07,3.3756066923442347e-07,0.5487910829939857,178.87279004800973,0.00056837219212759,0.1563747224378877,0.0006109935431211739,0.16796875,0.08985193831936725,0.423300886975342
stress,uniform_3bar,13.9,1735873208497.3208,1.728236823585166e-07,3.3756066923442347e-07,0.5406691341455396,178.91069913009474,0.0005599651588269068,0.15640268009220495,0.0006107173719259133,0.16796875,0.08985938760161129,0.42288044165093625
stress,uniform_3bar,14.0,1735067272721.683,1.7290395866288817e-07,3.3756066923442347e-07,0.5326665079807966,178.94732999291074,0.0005516814981592275,0.15642969330941112,0.0006104338264593267,0.169921875,0.09096604541508697,0.4224588844702154
stress,uniform_3bar,14.1,1734256619764.8706,1.729847800959663e-07,3.3756066923442347e-07,0.5247814771982593,178.98272595384188,0.0005435194282588722,0.15645579421193426,0.0006101486213873751,0.169921875,0.09097506629429715,0.42204144151933337
stress,uniform_3bar,14.2,1733424634098.141,1.7306780698664913e-07,3.3756066923442347e-07,0.5170123387509163,179.01692884787636,0.0005354771921610874,0.156481013815208,0.0006098559110111921,0.169921875,0.09098533388351854,0.42162240446133764
stress,uniform_3bar,14.3,1732589436919.3271,1.731512345668125e-07,3.3756066923442347e-07,0.5093574135275318,179.04997907927932,0.0005275530574784208,0.15650538206676692,0.0006095620707562769,0.171875,0.09209500635764019,0.42120764553817386
stress,uniform_3bar,14.4,1731734526400.9197,1.7323671465019112e-07,3.3756066923442347e-07,0.5018150460374773,179.0819156713888,0.0005197453160805809,0.15652892788388936,0.0006092612949262925,0.171875,0.09210675904558188,0.42079148854851084
stress,uniform_3bar,14.5,1730875301403.1394,1.733227112067542e-07,3.3756066923442347e-07,0.49438360409909116,179.11277631467254,0.0005120522837777719,0.1565516791898931,0.0006089590011700615,0.173828125,0.093219124862029,0.4203789156634944
stress,uniform_3bar,14.6,1729999123777.9978,1.7341049245438664e-07,3.3756066923442347e-07,0.4870614785315393,179.14259741301973,0.0005044723000074813,0.15657366294907007,0.0006086507431164506,0.173828125,0.09323231160130203,0.4199655360381005
stress,uniform_3bar,14.7,1729117580837.9956,1.734989010143594e-07,3.3756066923442347e-07,0.47984708285016053,179.17141412836762,0.0004970037275247069,0.1565949052003373,0.0006083405974301627,0.17578125,0.09434734482985813,0.41955507252753915
stress,uniform_3bar,14.8,1728221666518.9573,1.7358884326700415e-07,3.3756066923442347e-07,0.47273885296527407,179.19926042377452,0.0004896449520956064,0.1566154310896905,0.0006080253955849384,0.17578125,0.09436191833489194,0.4191443475679139
stress,uniform_3bar,14.9,1727319389846.1265,1.7367951854388936e-07,3.3756066923442347e-07,0.4657352468844256,179.22616910489955,0.00048239438219454774,0.15663526490143453,0.0006077079553273874,0.177734375,0.09547959489902032,0.4187358965837103
stress,uniform_3bar,15.0,1726405151650.5713,1.737714925799299e-07,3.3756066923442347e-07,0.4588347444180532,179.2521718600514,0.0004752504487045464,0.15665443008831356,0.0006073863067499621,0.177734375,0.09549551141675904,0.418327685296956
stress,uniform_3bar,15.1,1725483609259.6584,1.7386430006641382e-07,3.3756066923442347e-07,0.45203584688854637,179.2772992987996,0.00046821160462106573,0.15667294930053993,0.0006070620884001763,0.1796875,0.09661580900722937,0.41792113219121246
stress,uniform_3bar,15.2,1724552351392.2817,1.7395818674788341e-07,3.3756066923442347e-07,0.44533707684267704,179.301580989189,0.00046127632475916275,0.15669084441375336,0.000606734451937694,0.1796875,0.09663302810298804,0.4175152781808313
stress,uniform_3bar,15.3,1723612903847.5415,1.7405300188361543e-07,3.3756066923442347e-07,0.43873697776737985,179.3250454936815,0.00045444310546396,0.1567081365560059,0.0006064039341713172,0.181640625,0.09775592609553767,0.4171104938669248
stress,uniform_3bar,15.4,1722665830189.6304,1.7414869137270582e-07,3.3756066923442347e-07,0.4322341138088553,179.347720403797,0.00044771046432441977,0.15672484613375381,0.0006060707333749984,0.181640625,0.09777441045282745,0.41670682898348377
stress,uniform_3bar,15.5,1721709738678.4827,1.742453987803242e-07,3.3756066923442347e-07,0.4258270694949742,179.36963237354604,0.00044107693989040296,0.15674099285692691,0.0006057343599047758,0.18359375,0.09889988982958867,0.41630367383655137
stress,uniform_3bar,15.6,1720747960438.939,1.7434278982000023e-07,3.3756066923442347e-07,0.4195144494609556,179.39080715165628,0.00043454109139298626,0.15675659576307935,0.0006053959857217109,0.18359375,0.09891960506283805,0.4159020221599546
stress,uniform_3bar,15.7,1719776394228.2634,1.74441282603267e-07,3.3756066923442347e-07,0.413294878178298,179.4112696126584,0.0004281014984680215,0.15677167324067212,0.0006050541679207727,0.185546875,0.10004764833729883,0.4155003500511133
stress,uniform_3bar,15.8,1718800937006.938,1.7454028185626305e-07,3.3756066923442347e-07,0.4071669996869335,179.43104378696535,0.0004217567608829089,0.1567862430515877,0.0006047109811789543,0.185546875,0.10006856281650417,0.4151005318316492
stress,uniform_3bar,15.9,1717814980330.674,1.746404609547944e-07,3.3756066923442347e-07,0.4011294773305828,179.45015288981,0.00041550549826656493,0.15680032235277952,0.0006043641005040219,0.1875,0.10119915396179631,0.41470019396445684
stress,uniform_3bar,16.0,1716826790640.3645,1.7474098239584325e-07,3.3756066923442347e-07,0.39518099349528585,179.468619349196,0.00040934634984256106,0.1568139277171716,0.0006040164342069238,0.1875,0.1012212386482253,0.4143020292374051
stress,uniform_3bar,16.1,1715827576274.874,1.748427430285922e-07,3.3756066923442347e-07,0.38932024935107845,179.48646483286933,0.00040327797416540785,0.15682707515381578,0.0006036648891929817,0.189453125,0.10235435543998411,0.4139029210042271
stress,uniform_3bar,16.2,1714827400352.643,1.7494472034812773e-07,3.3756066923442347e-07,0.38354596459679413,179.50371027434872,0.0003972990488599645,0.15683978012733565,0.0006033130058827846,0.189453125,0.10237759132071386,0.4135061892386385
stress,uniform_3bar,16.3,1713815901995.716,1.7504797315199022e-07,3.3756066923442347e-07,0.3778568772079599,179.52037589804732,0.0003914082703639449,0.15685205757668294,0.000602957139097569,0.19140625,0.10351321778711725,0.41310818037978947
stress,uniform_3bar,16.4,1712804504867.573,1.7515133755629324e-07,3.3756066923442347e-07,0.37225174318776433,179.53648124351872,0.0003856043536735011,0.15686392193323143,0.0006026013079268076,0.19140625,0.10353758321491532,0.41271269564913243
stress,uniform_3bar,16.5,1711781590756.5713,1.7525600323076635e-07,3.3756066923442347e-07,0.3667293363210674,179.55204518885895,0.00037988603209185566,0.15687538713823332,0.0006022414248348174,0.193359375,0.10467570688313056,0.412315648709504
stress,uniform_3bar,16.6,1710759713193.4092,1.753606878198e-07,3.3756066923442347e-07,0.3612884479314272,179.56708597329586,0.000374252056980959,0.1568864666596619,0.000601881906422557,0.193359375,0.10470118013164695,0.4119212453245095
stress,uniform_3bar,16.7,1709726189191.3367,1.754666927935949e-07,3.3756066923442347e-07,0.35592788664111824,179.5816212189929,0.0003687011975161495,0.15689717350846186,0.0006015182905436562,0.1953125,0.10584178972556538,0.41152503022807074
stress,uniform_3bar,16.8,1708694514394.7515,1.7557263599354686e-07,3.3756066923442347e-07,0.35064647813411076,179.59566795209747,0.00036323224044378696,0.15690752025422983,0.0006011553252548502,0.1953125,0.1058683511042243,0.41113155106986743
stress,uniform_3bar,16.9,1707651128635.8748,1.756799119968078e-07,3.3756066923442347e-07,0.3454430649219885,179.6092426230598,0.000357843989841838,0.15691751904034582,0.0006007882397986965,0.197265625,0.1070114364870223,0.4107360461828045
stress,uniform_3bar,17.0,1706610286624.21,1.7578705715727298e-07,3.3756066923442347e-07,0.3403165061127741,179.62236112624808,0.00035253526688338525,0.1569271815985747,0.0006004220492872915,0.197265625,0.10703906822140347,0.4103433435036123
stress,uniform_3bar,17.1,1705557733809.5247,1.7589554082694204e-07,3.3756066923442347e-07,0.335265677182638,179.63503881888633,0.0003473049096030374,0.1569365192631585,0.0006000517386645736,0.19921875,0.10818462034058278,0.40994843624069005
stress,uniform_3bar,17.2,1704508305470.838,1.760038358493834e-07,3.3756066923442347e-07,0.33028946975046125,179.64729053933712,0.0003421517726662105,0.15694554298441624,0.000599682527299429,0.19921875,0.10821330646002542,0.409556372055699
stress,uniform_3bar,17.3,1703447230840.2336,1.7611346836498336e-07,3.3756066923442347e-07,0.3253867913552278,179.65913062475454,0.0003370747271412605,0.1569542633418707,0.0005993092185193593,0.201171875,0.10936131729483042,0.4091619591240351
stress,uniform_3bar,17.4,1702389751677.7886,1.7622286535990675e-07,3.3756066923442347e-07,0.32055656523621623,179.67057292812717,0.00033207266027443505,0.15696269055691758,0.000598937174701992,0.201171875,0.10939104352679366,0.40877040528785225
stress,uniform_3bar,17.5,1701320754683.6304,1.7633359210726057e-07,3.3756066923442347e-07,0.3157977301159664,179.68163083473513,0.00032714447526762373,0.15697083450505453,0.0005985610786647509,0.203125,0.11054150603791253,0.40837639265848685
stress,uniform_3bar,17.6,1700255774119.0427,1.7644404128281208e-07,3.3756066923442347e-07,0.3111092399859922,179.69231727804032,0.00032228909105887785,0.15697870472768616,0.0005981863956934524,0.203125,0.11057225607713418,0.40798525015523635
stress,uniform_3bar,17.7,1699179355982.364,1.765558173383986e-07,3.3756066923442347e-07,0.3064900638952131,179.70264475503006,0.0003175054421056736,0.15698631044351868,0.000597807688739334,0.205078125,0.11172516779012402,0.4075915333984628
stress,uniform_3bar,17.8,1698107460224.477,1.7666726460311425e-07,3.3756066923442347e-07,0.30193918574107964,179.71262534103406,0.00031279247817089616,0.15699366055956085,0.0005974305728549302,0.205078125,0.1117569217365278,0.4072007390991737
stress,uniform_3bar,17.9,1697024124703.6492,1.7678004433342332e-07,3.3756066923442347e-07,0.2974556040633622,179.72227070403213,0.00030814916411151276,0.15700076368174312,0.0005970494322169185,0.205078125,0.11178962110852697,0.4068072369685516
stress,uniform_3bar,18.0,1695945618015.7666,1.7689246448302743e-07,3.3756066923442347e-07,0.2930383318405799,179.7315921184715,0.00030357447966991515,0.15700762812517063,0.000596669990465756,0.20703125,0.11294503380903943,0.4064166509581188
stress,uniform_3bar,18.1,1694855796832.1047,1.7700620935464664e-07,3.3756066923442347e-07,0.2886863962890395,179.74060047861016,0.00029906741926790016,0.15701426192402151,0.0005962865680326561,0.20703125,0.11297873870513177,0.40602327786952375
stress,uniform_3bar,18.2,1693771114989.91,1.7711956317178497e-07,3.3756066923442347e-07,0.284398838664459,179.74930631140342,0.0002946269918032652,0.15702067284110383,0.0005959049537299534,0.208984375,0.1141365794977454,0.4056328260890487
stress,uniform_3bar,18.3,1692675178515.6423,1.7723424069057303e-07,3.3756066923442347e-07,0.28017471406614886,179.75771978894903,0.00029025222044899224,0.15702686837708305,0.0005955193798066473,0.208984375,0.11417128229641677,0.4052394943950234
stress,uniform_3bar,18.4,1691584754488.4502,1.773484888676019e-07,3.3756066923442347e-07,0.2760130912437237,179.76585074050686,0.0002859421424549926,0.15703285577939186,0.0005951357452802821,0.2109375,0.11533154806441005,0.4048491206685285
stress,uniform_3bar,18.5,1690483043782.9553,1.7746406928084967e-07,3.3756066923442347e-07,0.27191305240631825,179.77370866410752,0.0002816958089523896,0.15703864205083315,0.0005947481398587635,0.2109375,0.11536724235561524,0.4044557504896091
stress,uniform_3bar,18.6,1689387280521.5312,1.7757917527790723e-07,3.3756066923442347e-07,0.2678736930342804,179.78130273776415,0.0002775122847603101,0.15704423395788702,0.0005943626268754454,0.212890625,0.11652993071628133,0.4040654057284218
stress,uniform_3bar,18.7,1688280155173.1277,1.776956265704823e-07,3.3756066923442347e-07,0.2638941216933154,179.788641830302,0.00027339064819516143,0.15704963803873329,0.0005939731164665861,0.21484375,0.11769507471081649,0.40367194057412514
stress,uniform_3bar,18.8,1687179382229.3083,1.778115612126573e-07,3.3756066923442347e-07,0.2599734598510548,179.79573451181764,0.0002693299908823663,0.15705486061099716,0.000593585840969709,0.21484375,0.11773172049903506,0.40328156621046624
stress,uniform_3bar,18.9,1686067305058.5757,1.7792884014768182e-07,3.3756066923442347e-07,0.2561108416960226,179.8025890637823,0.0002653294175705305,0.1570599077792308,0.0005931945884037013,0.216796875,0.11889930530601148,0.4028880019442493
stress,uniform_3bar,19.0,1684961698008.0803,1.7804559020816467e-07,3.3756066923442347e-07,0.2523054139589752,179.80921348879997,0.00026138804594801903,0.15706478544213698,0.0005928056121645635,0.216796875,0.11893691219554516,0.40249750005957635
stress,uniform_3bar,19.1,1683845128887.6348,1.7816365344607616e-07,3.3756066923442347e-07,0.24855633573658537,179.81561552003384,0.0002575050064619123,0.1570694992995465,0.0005924127792344427,0.21875,0.12010692857502604,0.402103846552895
stress,uniform_3bar,19.2,1682734819326.4153,1.7828121017908662e-07,3.3756066923442347e-07,0.2448627783174482,179.8218026303113,0.00025367944213932015,0.15707405485915593,0.0005920221485513187,0.21875,0.120145502230174,0.40171311736712373
stress,uniform_3bar,19.3,1681614147064.5151,1.7840002150534389e-07,3.3756066923442347e-07,0.24122392501037965,179.827782040919,0.0002499105084110253,0.15707845744303534,0.0005916278720481572,0.220703125,0.12131794473364663,0.40131937328305933
stress,uniform_3bar,19.4,1680499294254.605,1.7851837309641163e-07,3.3756066923442347e-07,0.23763897097498507,179.83356073009895,0.0002461973729374336,0.15708271219391318,0.000591235642952841,0.220703125,0.12135748857829573,0.4009283395695812
stress,uniform_3bar,19.5,1679374810946.1257,1.78637906228322e-07,3.3756066923442347e-07,0.23410712305447023,179.8391454412558,0.00024253921543680458,0.15708682408124708,0.0005908400256418719,0.22265625,0.12253235766596521,0.4005344820537806
stress,uniform_3bar,19.6,1678255630729.0054,1.787570346894562e-07,3.3756066923442347e-07,0.2306275996106705,179.84454269088425,0.00023893522751573692,0.15709079790708622,0.0005904462740720191,0.22265625,0.12257287068078036,0.40014309870413856
stress,uniform_3bar,19.7,1677127608788.1096,1.7887726516933295e-07,3.3756066923442347e-07,0.2271996303612722,179.84975877622875,0.000235384612501885,0.15709463831173504,0.000590049411794379,0.224609375,0.12375016736930015,0.39974910976749445
stress,uniform_3bar,19.8,1676004299571.182,1.7899715417004433e-07,3.3756066923442347e-07,0.22382245621920166,179.85479978268106,0.0002318865852788811,0.1570983497792222,0.0005896542075539633,0.224609375,0.1237916493631833,0.3993573367205472
stress,uniform_3bar,19.9,1674872993177.1326,1.791180592332068e-07,3.3756066923442347e-07,0.22049532913415706,179.85967159092803,0.00022844037212343854,0.15710193664258448,0.0005892561897353607,0.2265625,0.12497137519690107,0.39896320292157045
stress,uniform_3bar,20.0,1673745737280.2666,1.7923869397718764e-07,3.3756066923442347e-07,0.21721751193625854,179.86437988385583,0.00022504521054461231,0.15710540308896911,0.0005888595969684167,0.2265625,0.12501382675939487,0.398571004847093
stress,uniform_3bar,20.1,1672611383715.4873,1.7936025242970024e-07,3.3756066923442347e-07,0.21398827818179067,179.86893015322002,0.00022170034912519075,0.1571087531645634,0.00058846050708989,0.228515625,0.12619598378298438,0.3981767170000899
stress,uniform_3bar,20.2,1671480348615.5376,1.7948161954071763e-07,3.3756066923442347e-07,0.2108069120010145,179.87332770608901,0.00021840504736519588,0.15711199077935542,0.000588062584718362,0.228515625,0.12623940623952212,0.3977840630078885
stress,uniform_3bar,20.3,1670343169503.9666,1.7960381164613587e-07,3.3756066923442347e-07,0.20767270794802495,179.87757767106837,0.0002151585755274683,0.15711511971173261,0.0005876625007519593,0.23046875,0.1274239969719453,0.397389615915407
stress,uniform_3bar,20.4,1669208609275.7783,1.797258882639968e-07,3.3756066923442347e-07,0.20458497085262745,179.8816850043137,0.00021196021448531094,0.1571181436129236,0.0005872633381648194,0.23046875,0.1274683846831174,0.39699651551852577
stress,uniform_3bar,20.5,1668068711438.142,1.7984870643689012e-07,3.3756066923442347e-07,0.20154301567421268,179.88565449533854,0.0002088092555721699,0.15712106601128784,0.00058686229769236,0.232421875,0.12865541975152966,0.39660187149630777
stress,uniform_3bar,20.6,1666930882612.9246,1.7997146920077942e-07,3.3756066923442347e-07,0.19854616735760372,179.889490772624,0.00020570500043332786,0.15712389031645868,0.0005864619851427816,0.232421875,0.12870076631358776,0.39620834389149967
stress,uniform_3bar,20.7,1665788344332.0303,1.80094908828467e-07,3.3756066923442347e-07,0.1955937606908533,179.8931983090372,0.00020264676087958656,0.1571266198233446,0.0005860600157058338,0.234375,0.12989025818975852,0.3958134630195855
stress,uniform_3bar,20.8,1664647378394.0723,1.8021834767758302e-07,3.3756066923442347e-07,0.1926851401649668,179.8967814270633,0.0001996338587429153,0.15712925771599243,0.0005856585994528057,0.234375,0.12993656637261422,0.395419490260126
stress,uniform_3bar,20.9,1663502378882.0703,1.8034239313899274e-07,3.3756066923442347e-07,0.18981965983552865,179.90024430385728,0.00019666562573404195,0.15713180707131688,0.0005852557641020421,0.236328125,0.13112851937541167,0.3950243767819692
stress,uniform_3bar,21.0,1662358396551.3335,1.80466499054818e-07,3.3756066923442347e-07,0.18699668318620907,179.9035909761209,0.00019374140330196454,0.15713427086270107,0.0005848532866174325,0.236328125,0.13117579252503275,0.39462994442069643
stress,uniform_3bar,21.1,1661211103483.396,1.805911358110535e-07,3.3756066923442347e-07,0.18421558299412805,179.90682534480905,0.00019086054249535926,0.1571366519634704,0.0005844496443445696,0.23828125,0.1323702113618823,0.394234605709494
stress,uniform_3bar,21.2,1660064215554.6853,1.8071590073987563e-07,3.3756066923442347e-07,0.18147574119705395,179.90995117967032,0.00018802240382586322,0.15713895315024395,0.0005840461446083637,0.23828125,0.13241845336746436,0.3938397026121669
stress,uniform_3bar,21.3,1658914785909.4746,1.808411152568814e-07,3.3756066923442347e-07,0.17877654876241525,179.91297212362508,0.00018522635713320946,0.15714117710616568,0.0005836417506418569,0.240234375,0.13361534311422552,0.3934441490015934
stress,uniform_3bar,21.4,1657765094027.793,1.8096653203808525e-07,3.3756066923442347e-07,0.17611740555810143,179.91589169698565,0.0001824717814521912,0.15714332642401851,0.0005832372644149435,0.240234375,0.13366455837735572,0.39304876717681725
stress,uniform_3bar,21.5,1656613674865.3728,1.8109231171496877e-07,3.3756066923442347e-07,0.17349772022503326,179.91871330151955,0.00017975806488143448,0.157145403609223,0.0005828321704936731,0.2421875,0.1348639244592311,0.39265301180737494
stress,uniform_3bar,21.6,1655461272242.28,1.8121837401466824e-07,3.3756066923442347e-07,0.17091691005147902,179.92144022436005,0.00017708460445395655,0.15714741108272234,0.0005824267305698754,0.2421875,0.13491411786492766,0.3922571462518888
stress,uniform_3bar,21.7,1654308155579.115,1.8134469021884293e-07,3.3756066923442347e-07,0.1683744008490953,179.9240756417645,0.0001744508060094879,0.1571493511837557,0.0005820210394314876,0.244140625,0.13611595335453475,0.3918612616004903
stress,uniform_3bar,21.8,1653152973499.6206,1.8147140936686514e-07,3.3756066923442347e-07,0.1658696268306716,179.92662262272196,0.00017185608406853739,0.15715122617251925,0.0005816146216354001,0.244140625,0.13616714292787332,0.3914648534899289
stress,uniform_3bar,21.9,1651998360838.5938,1.8159824314093923e-07,3.3756066923442347e-07,0.1634020304895573,179.92908413241062,0.00016929986170817883,0.1571530382327172,0.0005812084041729249,0.24609375,0.1373714476243789,0.3910688848162473
stress,uniform_3bar,22.0,1650840405409.1604,1.817256223054736e-07,3.3756066923442347e-07,0.16097106248074916,179.9314630355054,0.0001667815704395371,0.15715478947400152,0.000580801010652932,0.24609375,0.13742364540865215,0.3906719078057404
stress,uniform_3bar,22.1,1649684419966.709,1.8185296312979306e-07,3.3756066923442347e-07,0.15857618150361993,179.93376209933402,0.00016430065008695398,0.1571564819342999,0.0005803943102165507,0.248046875,0.1386304251299483,0.39027587700650523
stress,uniform_3bar,22.2,1648523761070.1934,1.8198099844508467e-07,3.3756066923442347e-07,0.15621685418626616,179.93598399688244,0.0001618565486688121,0.15715811758203277,0.0005799859655589382,0.248046875,0.13868363785423068,0.38987833314798176
stress,uniform_3bar,22.3,1647366518698.89,1.8210883649434835e-07,3.3756066923442347e-07,0.1538925549714555,179.93813130964543,0.00015944872227999677,0.1571596983182156,0.0005795788229080672,0.25,0.13989289869424895,0.3894822644471434
stress,uniform_3bar,22.4,1646203220165.4812,1.8223752470235304e-07,3.3756066923442347e-07,0.15160276600415346,179.94020653032362,0.0001570766349759756,0.15716122597844845,0.0005791695495696626,0.25,0.1399471334781198,0.3890841582936003
stress,uniform_3bar,22.5,1645044829883.7917,1.8236585079641412e-07,3.3756066923442347e-07,0.14934697702060828,179.94221206536218,0.00015473975865847435,0.15716270233478796,0.000578762003059333,0.251953125,0.1411588817921424,0.38868807815119605
stress,uniform_3bar,22.6,1643878949973.1152,1.8249518920167835e-07,3.3756066923442347e-07,0.14712468523897623,179.9441502373315,0.00015243757296273108,0.15716412909750357,0.0005783518215371203,0.251953125,0.14121414612456376,0.3882894166634077
stress,uniform_3bar,22.7,1642719514456.3098,1.8262399475986676e-07,3.3756066923442347e-07,0.14493539525146548,179.94602328714674,0.00015016956514630702,0.1571655079167144,0.000577943907290691,0.25390625,0.1424283885152721,0.3878933536942655
stress,uniform_3bar,22.8,1641551149316.68,1.8275397639901715e-07,3.3756066923442347e-07,0.14277861891798088,179.9478333761258,0.00014793522997943534,0.15716684038390707,0.0005775328514117064,0.25390625,0.14248468650121,0.38749416220668453
stress,uniform_3bar,22.9,1640390722338.4949,1.8288325818639624e-07,3.3756066923442347e-07,0.14065387526124895,179.9495825878859,0.000145734069636888,0.15716812803333463,0.0005771245883479297,0.255859375,0.1437014335389373,0.38709813105875235
stress,uniform_3bar,23.0,1639221393238.6328,1.8301371690085485e-07,3.3756066923442347e-07,0.13856069036340513,179.951272930078,0.00014356559359134162,0.15716937234329587,0.0005767131933270903,0.2578125,0.14492084364078342,0.38669897224710864
stress,uniform_3bar,23.1,1638058593274.2166,1.8314363187726276e-07,3.3756066923442347e-07,0.13649859726402444,179.95290633596323,0.0001414293185082239,0.15717057473729815,0.0005763040953959352,0.2578125,0.1449780320907644,0.3863024544954822
stress,uniform_3bar,23.2,1636888468085.4807,1.8327455159537085e-07,3.3756066923442347e-07,0.13446713585957587,179.95448466583414,0.00013932476814202023,0.1571717365851059,0.0005758924202939802,0.259765625,0.1461999605084174,0.3859033916066407
stress,uniform_3bar,23.3,1635723257603.0469,1.834051075605622e-07,3.3756066923442347e-07,0.13246585280428277,179.95600970828764,0.00013725147323402298,0.1571728592036797,0.0005754824742909606,0.259765625,0.1462581999210262,0.38550637240139807
stress,uniform_3bar,23.4,1634552419650.1472,1.8353648154288666e-07,3.3756066923442347e-07,0.1304943014123712,179.95748318135867,0.00013520897141150483,0.15717394385801295,0.0005750705484233074,0.26171875,0.14748265405121802,0.38510744089561794
stress,uniform_3bar,23.5,1633384836978.4329,1.8366767782353376e-07,3.3756066923442347e-07,0.12855204156168798,179.9589067335251,0.0001331968070882977,0.15717499176187316,0.0005746597678332936,0.26171875,0.14754195327446146,0.3847099372120955
stress,uniform_3bar,23.6,1632213365063.227,1.8379949975987294e-07,3.3756066923442347e-07,0.12663863959867,179.96028194460033,0.0001312145313667587,0.15717600407846097,0.0005742476189241237,0.263671875,0.14876894070747798,0.38431117444535345
stress,uniform_3bar,23.7,1631043445034.823,1.8393133604947901e-07,3.3756066923442347e-07,0.12475366824464802,179.96161032652952,0.00012926170194110602,0.15717698192099785,0.0005738360160019674,0.263671875,0.14882930886345647,0.38391320530807227
stress,uniform_3bar,23.8,1629871413763.1475,1.8406360002801787e-07,3.3756066923442347e-07,0.12289670650346676,179.96289332411254,0.0001273378830021064,0.15717792635325975,0.0005734236702992116,0.265625,0.1500588373721716,0.38351465049277733
stress,uniform_3bar,23.9,1628699188007.9497,1.841960763589057e-07,3.3756066923442347e-07,0.12106733957040453,179.96413231567655,0.00012544264514309676,0.15717883839007357,0.0005730112561729875,0.265625,0.15012028384246545,0.3831162369336796
stress,uniform_3bar,24.0,1627526668094.097,1.8432877683737912e-07,3.3756066923442347e-07,0.11926515874237469,179.96532861372702,0.0001235755652673227,0.15717971899779798,0.0005725987385554486,0.267578125,0.15135236137177546,0.38271793110529156
stress,uniform_3bar,24.1,1626352383009.21,1.844618688632014e-07,3.3756066923442347e-07,0.11748976132939301,179.9664834656073,0.00012173622649657699,0.1571805690948098,0.0005721855999129352,0.267578125,0.15141487551575264,0.38231917880826605
stress,uniform_3bar,24.2,1625179223862.4668,1.8459502533327237e-07,3.3756066923442347e-07,0.11574075056729274,179.9675980541992,0.00011992421808112004,0.15718138955202127,0.000571772857399575,0.26953125,0.15264953044019655,0.3819210821170426
stress,uniform_3bar,24.3,1624002930315.5374,1.8472873071830677e-07,3.3756066923442347e-07,0.11401773553167244,179.9686734987002,0.00011813913531086696,0.157182181193453,0.0005713590121370998,0.26953125,0.15271311937449153,0.381522025941483
stress,uniform_3bar,24.4,1622829170854.654,1.8486234126664525e-07,3.3756066923442347e-07,0.11232033105305897,179.96971085551303,0.0001163805794278233,0.15718294479688982,0.0005709460584203683,0.271484375,0.15395036269575238,0.38112417307592505
stress,uniform_3bar,24.5,1621650893967.1804,1.849966605735251e-07,3.3756066923442347e-07,0.11064815763327022,179.97071111928312,0.00011464815753975379,0.15718368109464573,0.0005705315153762124,0.271484375,0.15401503589688795,0.38072484097802184
stress,uniform_3bar,24.6,1620476593318.4685,1.851307209477488e-07,3.3756066923442347e-07,0.10900084136296137,179.9716752241203,0.00011294148253506762,0.15718439077446358,0.0005701183712580121,0.2734375,0.15525487661918996,0.38032727720077114
stress,uniform_3bar,24.7,1619296355973.5793,1.8526565498236375e-07,3.3756066923442347e-07,0.10737801384033854,179.97260404503822,0.00011126017299890402,0.15718507448057586,0.0005697031384829504,0.2734375,0.15532064376503874,0.3799276990346176
stress,uniform_3bar,24.8,1618121570409.7637,1.8540016120298658e-07,3.3756066923442347e-07,0.10577931209102528,179.97349839964238,0.00010960385313040272,0.15718573281494794,0.0005692898237612312,0.275390625,0.15656309103277893,0.3795304713483297
stress,uniform_3bar,24.9,1616939393453.8677,1.8553571099482226e-07,3.3756066923442347e-07,0.10420437848906483,179.9743590500936,0.00010797215266114264,0.15718636633872388,0.0005688739085894766,0.275390625,0.15662996199135246,0.3791306788508228
stress,uniform_3bar,25.0,1615764176605.3394,1.8567065933488443e-07,3.3756066923442347e-07,0.10265286067904435,179.97518670536934,0.00010636470677473433,0.157186975573892,0.0005684604421325587,0.27734375,0.15787502508056261,0.37873383598977123
stress,uniform_3bar,25.1,1614581780968.7588,1.8580663025938407e-07,3.3756066923442347e-07,0.10112441149932554,179.9759820238372,0.0001047811560275503,0.1571875610051795,0.0005680444500242558,0.279296875,0.15912276512156778,0.37833451807037405
stress,uniform_3bar,25.2,1613404679425.9697,1.8594219034169186e-07,3.3756066923442347e-07,0.09961868890636633,179.97674561615108,0.00010322114627057766,0.1571881230821849,0.0005676303204915324,0.279296875,0.15919067873851184,0.3779375312840245
stress,uniform_3bar,25.3,1612221992523.3184,1.8607859301712196e-07,3.3756066923442347e-07,0.09813535590011963,179.97747804846838,0.00010168432857237898,0.15718866222174696,0.0005672142259095879,0.28125,0.160441049560927,0.377538692415113
stress,uniform_3bar,25.4,1611042999051.6316,1.8621476905122968e-07,3.3756066923442347e-07,0.09667408045049403,179.97817984598205,0.00010017035914314556,0.15718917881054467,0.0005667994307557589,0.28125,0.16051008572040232,0.377141589061522
stress,uniform_3bar,25.5,1609860018504.0361,1.863516060724182e-07,3.3756066923442347e-07,0.09523453542486254,179.9788514967495,9.867889925982933e-05,0.1571896732079164,0.000566383232863234,0.283203125,0.16176310179239814,0.376743263008539
stress,uniform_3bar,25.6,1608679148211.9465,1.8648839971193213e-07,3.3756066923442347e-07,0.09381639851660471,179.97949345579275,9.720961519233801e-05,0.15719014574887819,0.0005659677774037913,0.283203125,0.16183327089409788,0.3763460814261364
stress,uniform_3bar,25.7,1607495919458.8372,1.8662566813917318e-07,3.3756066923442347e-07,0.0924193521746684,179.98010614943504,9.576217813078002e-05,0.1571905967473161,0.000565551492187251,0.28515625,0.16308894192083187,0.3759483228605392
stress,uniform_3bar,25.8,1606313186123.03,1.867630811922019e-07,3.3756066923442347e-07,0.09104308353413731,179.98068997983043,9.433626411374436e-05,0.15719102649932104,0.0005651353812691276,0.28515625,0.1631602545145171,0.37555110326034974
stress,uniform_3bar,25.9,1605129752714.505,1.8690077826584233e-07,3.3756066923442347e-07,0.08968728434779043,179.98124532963553,9.293155395760182e-05,0.15719143528662746,0.0005647190240504288,0.287109375,0.16441859030292674,0.3751539686065713
stress,uniform_3bar,26.0,1603945168892.7407,1.8703881268403984e-07,3.3756066923442347e-07,0.08835165091863996,179.98177256676485,9.154773318681352e-05,0.15719182338011406,0.0005643022620917141,0.287109375,0.1644910570821646,0.37475675308295875
stress,uniform_3bar,26.1,1602761572609.447,1.8717693581308647e-07,3.3756066923442347e-07,0.0870358840334346,179.98227204916813,9.018449196523347e-05,0.1571921910433206,0.0005638858475701834,0.2890625,0.16575206753652963,0.37436030053476427
stress,uniform_3bar,26.2,1601575149738.1243,1.8731559368229048e-07,3.3756066923442347e-07,0.08573968889711431,179.9827441295598,8.88415250283909e-05,0.1571925385359292,0.000563468438594447,0.2890625,0.16582569933353483,0.3739631330806243
stress,uniform_3bar,26.3,1600391642345.5278,1.8745411564404396e-07,3.3756066923442347e-07,0.08446277506820436,179.98318916003404,8.751853161674002e-05,0.15719286611716168,0.0005630520553465674,0.291015625,0.1670893723546603,0.3735675054665836
stress,uniform_3bar,26.4,1599203179173.0283,1.8759342396701241e-07,3.3756066923442347e-07,0.08320485639513524,179.98360749649254,8.621521540986319e-05,0.15719317404903885,0.0005626339285491799,0.291015625,0.16716420223359338,0.37317034914784947
stress,uniform_3bar,26.5,1598019841686.9187,1.8773233734276465e-07,3.3756066923442347e-07,0.08196565095347576,179.98399950281788,8.493128446161507e-05,0.15719346259945263,0.0005622176050780412,0.29296875,0.16843054301335414,0.3727756253931247
stress,uniform_3bar,26.6,1596829305168.2322,1.8787230358876325e-07,3.3756066923442347e-07,0.080744880984067,179.98436555472543,8.366645113619445e-05,0.1571937320450014,0.0005617987488330604,0.29296875,0.16850658697027496,0.37237851093480284
stress,uniform_3bar,26.7,1595646175987.6328,1.8801160590273942e-07,3.3756066923442347e-07,0.0795422728320447,179.9847060432334,8.242043204513163e-05,0.15719398267354442,0.0005613824986482615,0.294921875,0.16977560503455583,0.37198475576269563
stress,uniform_3bar,26.8,1594455520387.6655,1.8815200309072275e-07,3.3756066923442347e-07,0.07835755688673735,179.9850213776962,8.119294798517802e-05,0.15719421478643478,0.0005609636005079356,0.296875,0.17104747484261318,0.37158849930013804
stress,uniform_3bar,26.9,1593270689368.949,1.8829192176931456e-07,3.3756066923442347e-07,0.0771904675224287,179.98531198835508,7.998372387708647e-05,0.15719442870039682,0.000560546751580039,0.296875,0.17112457990746555,0.37119501191194765
stress,uniform_3bar,27.0,1592080050576.7134,1.8843273608718878e-07,3.3756066923442347e-07,0.07604074303997209,179.9855783283678,7.879248870526941e-05,0.15719462474902032,0.0005601278593530331,0.298828125,0.1723991760566518,0.370799719608569
stress,uniform_3bar,27.1,1590893423717.6157,1.8857328563151452e-07,3.3756066923442347e-07,0.07490812560924492,179.98582087529138,7.761897545832294e-05,0.15719480328385213,0.0005597103786100287,0.298828125,0.1724774893384133,0.370406513083046
stress,uniform_3bar,27.2,1589702835008.0972,1.8871451531283954e-07,3.3756066923442347e-07,0.0737923612124322,179.9860401320006,7.64629210704054e-05,0.15719496467507216,0.0005592915040031954,0.30078125,0.17375482226128056,0.37001225322482284
stress,uniform_3bar,27.3,1588514418777.921,1.88855698414621e-07,3.3756066923442347e-07,0.07269319958812649,179.98623662703818,7.532406636345756e-05,0.15719510931175146,0.0005588733937211226,0.30078125,0.17383435525058494,0.36961938249199133
stress,uniform_3bar,27.4,1587324168912.5522,1.8899731124583374e-07,3.3756066923442347e-07,0.07161039417623433,179.98641091440234,7.420215599025403e-05,0.15719523760169576,0.0005584546383269182,0.302734375,0.17511440714178658,0.36922632736824407
stress,uniform_3bar,27.5,1586133712234.1956,1.8913916127375296e-07,3.3756066923442347e-07,0.07054370206367681,179.98656357279003,7.309693837827366e-05,0.15719534997088877,0.0005580358101714754,0.302734375,0.17519519978443496,0.3688337474004518
stress,uniform_3bar,27.6,1584943834236.9749,1.8928115528108054e-07,3.3756066923442347e-07,0.06949288393087383,179.98669520432236,7.200816567437777e-05,0.157195446862554,0.0005576171856084498,0.3046875,0.17647798047557078,0.36844197073618234
stress,uniform_3bar,27.7,1583751339788.0989,1.8942367558794873e-07,3.3756066923442347e-07,0.06845770399900071,179.98680643279036,7.093559369028484e-05,0.15719552873586357,0.0005571976405216953,0.3046875,0.17656004529836128,0.3680497391900585
stress,uniform_3bar,27.8,1582561864471.8474,1.8956604903412088e-07,3.3756066923442347e-07,0.06743792997800695,179.9868979014676,6.987898184883119e-05,0.15719559606432848,0.0005567791576304588,0.306640625,0.17784556481411948,0.3676593163583866
stress,uniform_3bar,27.9,1581367335234.596,1.897092429542912e-07,3.3756066923442347e-07,0.06643333301538605,179.98697027054055,6.883809313100614e-05,0.15719564933390706,0.0005563588966615748,0.306640625,0.1779289143692316,0.36726749343822007
stress,uniform_3bar,28.0,1580178292242.9976,1.898519942165276e-07,3.3756066923442347e-07,0.06544368764568577,179.98702421421794,6.781269402375095e-05,0.15719568904087755,0.0005559405658714104,0.30859375,0.1792171828186643,0.36687850189504945
stress,uniform_3bar,28.1,1578981730539.8364,1.8999586518169107e-07,3.3756066923442347e-07,0.06446877174074903,179.9870604175797,6.680255446851119e-05,0.15719571568951876,0.0005555195898374901,0.30859375,0.1793018297923998,0.3664871499946748
stress,uniform_3bar,28.2,1577793148393.346,1.9013899274786914e-07,3.3756066923442347e-07,0.06350836646067475,179.98707957323194,6.580744781053197e-05,0.15719572978964796,0.0005551014211825046,0.310546875,0.1805928573688743,0.3660996693179865
stress,uniform_3bar,28.3,1576596748741.424,1.9028327962713736e-07,3.3756066923442347e-07,0.06256225620548855,179.98708237783353,6.482715074888532e-05,0.15719573185406446,0.0005546805021616808,0.3125,0.1818868986747528,0.3657097352654867
stress,uniform_3bar,28.4,1575406462067.5781,1.904270467484799e-07,3.3756066923442347e-07,0.06163022856751381,179.98706952856068,6.386144328722007e-05,0.15719572239594717,0.0005542617338174658,0.3125,0.1819726115615665,0.3653229649872056
stress,uniform_3bar,28.5,1574210570368.0693,1.9057170981252932e-07,3.3756066923442347e-07,0.06071207428443247,179.98704171957112,6.291010868522356e-05,0.15719570192625232,0.0005538409935051798,0.314453125,0.1832694353182232,0.3649346595978748
stress,uniform_3bar,28.6,1573018260802.78,1.9071615853136814e-07,3.3756066923442347e-07,0.059807587193026715,179.98699963852997,6.197293341078563e-05,0.1571956709511562,0.0005534215134644308,0.314453125,0.1833564687083544,0.3645485397271656
stress,uniform_3bar,28.7,1571822902728.3306,1.908611965630909e-07,3.3756066923442347e-07,0.058916564183591355,179.98694396325087,6.104970709285495e-05,0.157195629969583,0.0005530009608928693,0.31640625,0.1846560853638724,0.3641619479544213
stress,uniform_3bar,28.8,1570628570625.035,1.9100633059324418e-07,3.3756066923442347e-07,0.05803880515500765,179.9868753585029,6.0140222474977666e-05,0.1571955794708545,0.0005525807692799329,0.31640625,0.1847444523321785,0.36377654890267874
stress,uniform_3bar,28.9,1569433770913.192,1.911517424691593e-07,3.3756066923442347e-07,0.0571741129704694,179.98679447302675,5.92442753695094e-05,0.1571955199324937,0.0005521604131522949,0.318359375,0.18604687241492388,0.36339175796015794
stress,uniform_3bar,29.0,1568237416151.1572,1.9129756560475024e-07,3.3756066923442347e-07,0.05632229341385177,179.98670193679644,5.8361664612490516e-05,0.15719545181820962,0.000551739509924695,0.318359375,0.1861365861627647,0.3630071524945901
stress,uniform_3bar,29.1,1567043198661.492,1.914433502894167e-07,3.3756066923442347e-07,0.05548315514671417,179.98659835855614,5.74921920191758e-05,0.15719537557608404,0.0005513193586352884,0.3203125,0.1874418202788473,0.3626242518946298
stress,uniform_3bar,29.2,1565844820694.1216,1.9158986640005191e-07,3.3756066923442347e-07,0.054656509665927784,179.9864843236541,5.663566234020896e-05,0.15719529163697726,0.0005508977436007204,0.3203125,0.1875328941311333,0.36224051517550465
stress,uniform_3bar,29.3,1564651208466.3845,1.9173602294024963e-07,3.3756066923442347e-07,0.05384217126191938,179.98636039218903,5.579188321843328e-05,0.1571952004131637,0.0005504778052554232,0.322265625,0.18884095296142506,0.3618595967677126
stress,uniform_3bar,29.4,1563450966346.405,1.9188321633205009e-07,3.3756066923442347e-07,0.053039956977522264,179.9862270974759,5.496066514632896e-05,0.1571951022972027,0.0005500555343720426,0.322265625,0.18893338103122354,0.361476871721161
stress,uniform_3bar,29.5,1562257821682.6057,1.9202976348480663e-07,3.3756066923442347e-07,0.052249686567426026,179.9860849448336,5.414182142406884e-05,0.15719499766104622,0.0005496357605257525,0.32421875,0.19024429466016482,0.3610979643960348
stress,uniform_3bar,29.6,1561057176637.6646,1.921774580007153e-07,3.3756066923442347e-07,0.05147118245821645,179.98593441068894,5.333516811818321e-05,0.15719488685537925,0.0005492133478847411,0.326171875,0.19155830174528776,0.3607169303519886
stress,uniform_3bar,29.7,1559863058632.4143,1.9232457512201125e-07,3.3756066923442347e-07,0.05070426970899733,179.98577594198775,5.254052402082563e-05,0.15719477020918637,0.0005487932315960825,0.326171875,0.19165186975730236,0.3603395314804068
stress,uniform_3bar,29.8,1558663077768.4297,1.9247264163690604e-07,3.3756066923442347e-07,0.049948775972585895,179.98560995589744,5.1757710609630884e-05,0.157194648029533,0.0005483710526281564,0.328125,0.19296873679478765,0.35996071344361796
stress,uniform_3bar,29.9,1557466938708.2107,1.9262046117577627e-07,3.3756066923442347e-07,0.04920453145727349,179.98543683978323,5.09865520081568e-05,0.15719452060154757,0.0005479502252890748,0.328125,0.19306370281263965,0.3595844796846253
stress,uniform_3bar,30.0,1556267642426.8267,1.9276889901288655e-07,3.3756066923442347e-07,0.04847136888914381,179.985256951436,5.022687494690166e-05,0.15719438818858958,0.0005475282871719692,0.330078125,0.19438344076827244,0.35920797790901665
stress,uniform_9bar,0.1,896338046258.8846,1.0040854605652404e-06,1.0126820077032704e-06,1.4662031071431658,8.59857698979132,0.0015170764403653145,0.008831747696650013,0.00031535092153551066,1.0,1.0,0.49997221953722076
stress,uniform_9bar,0.2,903283837479.1938,9.963645563631936e-07,1.0126820077032704e-06,1.483007262260537,16.671206518877653,0.0015344369752153487,0.016982474792141176,0.00031779459964474617,1.0,1.0,0.4999047033579547
stress,uniform_9bar,0.3,909638805852.1442,9.894036998090526e-07,1.0126820077032704e-06,1.4626653542727637,24.2604650604128,0.0015134214768002443,0.02452383969365565,0.0003200304136226347,1.0,1.0,0.4998038153875523
stress,uniform_9bar,0.4,915465097796.3015,9.831068406283004e-07,1.0126820077032704e-06,1.4412902640605738,31.404501063850994,0.0014913376307284741,0.0315178233642268,0.00032208022791021683,1.0,1.0,0.4996746643085109
stress,uniform_9bar,0.5,920816616451.7717,9.773933092867227e-07,1.0126820077032704e-06,1.4201644403082911,38.1375971732809,0.0014695103564304909,0.038018311028066326,0.00032396300678662484,1.0,1.0,0.4995214883808557
stress,uniform_9bar,0.6,925740346235.9629,9.721948531889936e-07,1.0126820077032704e-06,1.3993401964971228,44.490648799933055,0.0014479937416064421,0.044072373382381354,0.00032569528037616746,1.0,1.0,0.4993478319719733
stress,uniform_9bar,0.7,930277424592.1163,9.67453338335721e-07,1.0126820077032704e-06,1.3788161141581987,50.49157322529043,0.0014267863607590912,0.049721311881421884,0.00032729152171241725,1.0,1.0,0.4991566783743493
stress,uniform_9bar,0.8,934464020386.2421,9.631189434431119e-07,1.0126820077032704e-06,1.3585881598211929,56.165660728892036,0.001405884085335518,0.055001517274681826,0.00032876445577706474,1.0,1.0,0.4989505533574344
stress,uniform_9bar,0.9,938332058713.6631,9.591487274065734e-07,1.0126820077032704e-06,1.338652210764645,61.535877110621605,0.0013852826932898845,0.05994517920194461,0.00033012531450238384,1.0,1.0,0.49873160680819495
stress,uniform_9bar,1.0,941909822575.0659,9.55505483040309e-07,1.0126820077032704e-06,1.3190041896976912,66.62312528487546,0.0013649780082755755,0.06458087614745739,0.00033138404845375283,1.0,1.0,0.49850167767337
stress,uniform_9bar,1.1,945222455143.8007,9.521568125072518e-07,1.0126820077032704e-06,1.2996400718247905,71.44647226805482,0.001344965906981181,0.06893406864679522,0.0003325495035380474,1.0,1.0,0.4982623460372665
stress,uniform_9bar,1.2,948292381258.4916,9.490743759910819e-07,1.0126820077032704e-06,1.2805558847213778,76.0233467885786,0.0013252423190373605,0.0730275137662385,0.000333629569293768,1.0,1.0,0.49801497519517757
stress,uniform_9bar,1.3,951139662886.9861,9.462332768967259e-07,1.0126820077032704e-06,1.2617477077909802,80.36971186429305,0.0013058032264902902,0.0768816151378283,0.0003346313039508702,1.0,1.0,0.49776074587984415
stress,uniform_9bar,1.4,953782300310.286,9.436115554956415e-07,1.0126820077032704e-06,1.2432116716997519,84.5002159726486,0.0012866446632508479,0.08051471994632804,0.0003355610403937225,1.0,1.0,0.49750068428438704
stress,uniform_9bar,1.5,956236488446.521,9.411897693447345e-07,1.0126820077032704e-06,1.2249439578123762,88.428325850872,0.001267762714544306,0.0839433720176899,0.00033642447634136906,1.0,1.0,0.49723568514482724
stress,uniform_9bar,1.6,958516835913.1154,9.389506436187214e-07,1.0126820077032704e-06,1.2069407976308915,92.16644348051432,0.0012491535163621657,0.08718252839834216,0.00033722675141829243,1.0,1.0,0.4969665308610676
stress,uniform_9bar,1.7,960636552990.3846,9.368787781376548e-07,1.0126820077032704e-06,1.1891984722366338,95.72600941254798,0.001230813254916351,0.09024574542634534,0.00033797251328403205,1.0,1.0,0.49669390742079744
stress,uniform_9bar,1.8,962607613512.5891,9.349604006515887e-07,1.0126820077032704e-06,1.1717133117353864,99.11759425955748,0.001212738166095878,0.09314533919395088,0.00033866597458992415,1.0,1.0,0.49641841772763534
stress,uniform_9bar,1.9,964440894805.9003,9.33183158083659e-07,1.0126820077032704e-06,1.1544816947058116,102.35097990757099,0.001194924534926098,0.09589252442194249,0.0003393109622122754,1.0,1.0,0.4961405928097185
stress,uniform_9bar,2.0,966146299065.9727,9.31535939091295e-07,1.0126820077032704e-06,1.1375000476512571,105.43523177145742,0.0011773686950306288,0.09849753506055031,0.0003399109599555923,1.0,1.0,0.49586090128826926
stress,uniform_9bar,2.1,979379136030.7517,9.18949533321221e-07,1.0126820077032704e-06,1.1207648444550038,108.3787632264742,0.0011600670280960646,0.10096972936253927,0.00034456655540731875,0.25,0.24048983051006087,0.4934713729405843
stress,uniform_9bar,2.2,1009647664012.2701,8.914000716086066e-07,1.0126820077032704e-06,1.1042726058390233,111.18939318767664,0.001143015963339555,0.10331768171244773,0.00035521567181193283,0.236328125,0.22002298437195617,0.4886085778618232
stress,uniform_9bar,2.3,1038283043652.3491,8.668156583142171e-07,1.0126820077032704e-06,1.0880198988263214,113.87439767335712,0.0011262119769793486,0.10554926311990771,0.0003652902116529093,0.23046875,0.2083818538401522,0.4841835130781624
stress,uniform_9bar,2.4,1065187757707.7727,8.449214643029245e-07,1.0126820077032704e-06,1.0720033362069212,116.44055607404258,0.0011096515917083758,0.1076717119771771,0.000374755866275559,0.23046875,0.20304305511414092,0.4800343519527837
stress,uniform_9bar,2.5,1090404221133.7396,8.253819845490251e-07,1.0126820077032704e-06,1.0562195760075461,118.8941927512985,0.0010933313761709545,0.10969169642795475,0.00038362755816952155,0.23046875,0.19826916635298997,0.4760885719269995
stress,uniform_9bar,2.6,1114011295251.761,8.07891269896509e-07,1.0126820077032704e-06,1.040665320965067,121.241214507895,0.0010772479444426989,0.11161536948570072,0.0003919330324366765,0.232421875,0.19569836524228149,0.4723041595940546
stress,uniform_9bar,2.7,1136096419935.0334,7.921862829666038e-07,1.0126820077032704e-06,1.025337318003753,123.48714440018715,0.0010613979555136911,0.11344841786646453,0.0003997030522971133,0.232421875,0.19181440084561477,0.4686527137742674
stress,uniform_9bar,2.8,1156749363035.4,7.780423562441654e-07,1.0126820077032704e-06,1.0102323577163836,125.63715230325519,0.0010457781127749914,0.11519610535724845,0.00040696920000366725,0.234375,0.1899571106968855,0.4651144836431529
stress,uniform_9bar,2.9,1176053444526.4326,7.652713439076806e-07,1.0126820077032704e-06,0.9953472738492664,127.69608258743743,0.0010303851635085528,0.11686331142055614,0.00041376078930750396,0.236328125,0.18837987188563024,0.4616729476126137
stress,uniform_9bar,3.0,1194090306227.597,7.53711838464969e-07,1.0126820077032704e-06,0.980678942791197,129.66847922034913,0.001015215898380589,0.11845456563497866,0.0004201065435492333,0.23828125,0.1870511061074625,0.45831608676170943
stress,uniform_9bar,3.1,1210936743686.6157,7.432262706473093e-07,1.0126820077032704e-06,0.9662242830664077,131.55860857002457,0.0010002671509384635,0.11997407848686224,0.0004260334810472736,0.240234375,0.1859438229382702,0.4550341656294176
stress,uniform_9bar,3.2,1226664695619.9707,7.336968311011262e-07,1.0126820077032704e-06,0.9519802548315378,133.37048015161866,0.0009855357971111486,0.12142576895658033,0.0004315669113827936,0.2421875,0.18503486240681968,0.4518191540623725
stress,uniform_9bar,3.3,1241341381001.39,7.250221524670112e-07,1.0126820077032704e-06,0.9379438593766577,135.10786553124143,0.0009710187547133002,0.1228132892823177,0.0004367304836303791,0.244140625,0.1843042694696107,0.4486643274193102
stress,uniform_9bar,3.4,1255029527214.9175,7.171146020741228e-07,1.0126820077032704e-06,0.9241121386303786,136.7743155756374,0.0009567129829530015,0.12414004723297413,0.00044154626662716817,0.24609375,0.18373477699849064,0.4455639969085297
stress,uniform_9bar,3.5,1267787644730.2976,7.09898068293181e-07,1.0126820077032704e-06,0.9104821746690771,138.3731762145165,0.0009426154819432133,0.12540922617790207,0.00044603484560953513,0.248046875,0.1833113787212871,0.442513339461577
stress,uniform_9bar,3.6,1279670317601.7742,7.033061466071097e-07,1.0126820077032704e-06,0.8970510892302583,139.90760286341748,0.0009287232922169758,0.12662380320385222,0.0004502154244167889,0.25,0.18302097662527608,0.43950831208181973
stress,uniform_9bar,3.7,1290729457071.925,6.972801271938803e-07,1.0126820077032704e-06,0.8838160432300792,141.3805736385664,0.0009150334942463952,0.12778656549762665,0.0004541062665358509,0.25390625,0.1843279546651787,0.4365460682457628
stress,uniform_9bar,3.8,1301011824391.264,6.917692699842331e-07,1.0126820077032704e-06,0.870774236285055,142.79490148034233,0.0009015432079654518,0.12890012518519992,0.000457723823576137,0.255859375,0.1842586118452689,0.43362382869137733
stress,uniform_9bar,3.9,1310561809346.7458,6.867283889865585e-07,1.0126820077032704e-06,0.8579229062379654,144.15324528958914,0.0008882495922966607,0.12996693279471233,0.00046108371281539356,0.2578125,0.1842927358052999,0.430740135723049
stress,uniform_9bar,4.0,1319421007551.0793,6.821173794029939e-07,1.0126820077032704e-06,0.8452593286879748,145.45812016954645,0.0008751498446816143,0.13098928949012295,0.00046420056848102425,0.259765625,0.18442232221089327,0.42789476233372187
stress,uniform_9bar,4.1,1327628358072.1025,6.77900554419403e-07,1.0126820077032704e-06,0.8327808165249838,146.71190685647193,0.000862241200615434,0.13196935820479005,0.000467088090171052,0.26171875,0.18464024641298296,0.42508888696486463
stress,uniform_9bar,4.2,1335220341199.5156,6.740460523477879e-07,1.0126820077032704e-06,0.8204847194682177,147.91686041322328,0.0008495209331851511,0.13290917378886874,0.0004697591124326913,0.263671875,0.18494014538163323,0.422325252020593
stress,uniform_9bar,4.3,1342231159330.0059,6.705253366709562e-07,1.0126820077032704e-06,0.8083684236090674,149.07511825251228,0.0008369863526120456,0.13381065227122632,0.000472225668401609,0.265625,0.18531631811728436,0.41960820463754545
stress,uniform_9bar,4.4,1348692902412.4033,6.673127725297378e-07,1.0126820077032704e-06,0.7964293509581867,150.18870754956353,0.0008246348057979559,0.134675599324869,0.00047449904800907385,0.267578125,0.18576364128274372,0.4169435649727951
stress,uniform_9bar,4.5,1354635699369.6023,6.643852663995397e-07,1.0126820077032704e-06,0.7846649589968484,151.25955209806352,0.0008124636758755762,0.13550571801492217,0.0004765898512554306,0.26953125,0.18627749742507613,0.4143382994767796
stress,uniform_9bar,4.6,1360087856821.1445,6.61721958244314e-07,1.0126820077032704e-06,0.7730727402325723,152.28947865780566,0.0008004703817627647,0.13630261589928355,0.0004785080370156766,0.271484375,0.18685371365686207,0.4118000210226522
stress,uniform_9bar,4.7,1365075986314.2615,6.593039574522309e-07,1.0126820077032704e-06,0.7616502217590151,153.28022283768834,0.0007886523777208634,0.13706781154434852,0.0004802629678020672,0.2734375,0.1874885090653574,0.4093363808521183
stress,uniform_9bar,4.8,1369626262006.824,6.571135681067394e-07,1.0126820077032704e-06,0.7503949648201307,154.23343455357266,0.0007770071529170493,0.13780274051149266,0.0004818638522439129,0.27734375,0.18956926325125376,0.40695493900891955
stress,uniform_9bar,4.9,1373761795788.5576,6.551354119462814e-07,1.0126820077032704e-06,0.7393045643785974,155.1506830966113,0.0007655322309907223,0.13850876086394331,0.0004833188215990063,0.279296875,0.19030671205961822,0.4046614396063455
stress,uniform_9bar,5.0,1377504142655.1978,6.533555668770707e-07,1.0126820077032704e-06,0.7283766486885054,156.03346184426286,0.000754225169623936,0.13918715823840366,0.00048463545937649005,0.28125,0.19109373591979711,0.40246003202551384
stress,uniform_9bar,5.1,1380874211472.5073,6.51761031180586e-07,1.0126820077032704e-06,0.7176088788723067,156.8831926433623,0.0007430835601158793,0.1398391505212916,0.00048582112176314465,0.283203125,0.1919276981626977,0.40035343542213053
stress,uniform_9bar,5.2,1384495941830.6467,6.500560765891282e-07,1.0126820077032704e-06,0.7069989485020138,157.701229891665,0.0007321050269614084,0.1404658921651688,0.0004870953240696956,0.28515625,0.19272203758192527,0.39816882061274683
stress,uniform_9bar,5.3,1388001824317.935,6.484141333475988e-07,1.0126820077032704e-06,0.6965445831846455,158.4888643421287,0.0007212872274336336,0.141068478177515,0.0004883287686141685,0.287109375,0.19352786061137864,0.39601975756108826
stress,uniform_9bar,5.4,1391157852600.9817,6.469431188684395e-07,1.0126820077032704e-06,0.6862435401519077,159.24732665138075,0.0007106278511705594,0.14164794781029705,0.0004894391269567658,0.2890625,0.19437797290175235,0.39397681094298903
stress,uniform_9bar,5.5,1393971021855.6323,6.456375246609747e-07,1.0126820077032704e-06,0.6760936078541028,159.97779069324335,0.0007001246197657801,0.1422052879769835,0.0004904288601501655,0.291015625,0.19527173424404767,0.39203938202997035
stress,uniform_9bar,5.6,1396456706488.489,6.444882937066683e-07,1.0126820077032704e-06,0.6660926055582496,160.68137665459884,0.0006897752863632188,0.14274143641971426,0.0004913033772398838,0.294921875,0.19757158454721988,0.3902051803589844
stress,uniform_9bar,5.7,1398627109493.6592,6.434881705716575e-07,1.0126820077032704e-06,0.6562383829504093,161.35915393062274,0.0006795776352559168,0.14325728464809148,0.0004920669715005988,0.296875,0.1985456239825414,0.3884691191169987
stress,uniform_9bar,5.8,1400497195541.3228,6.426289198330956e-07,1.0126820077032704e-06,0.6465288197421991,162.01214383447893,0.0006695294814888596,0.14375368066865585,0.0004927249078237782,0.298828125,0.19955891120377697,0.3868264970758635
stress,uniform_9bar,5.9,1402081251448.6987,6.419028847793779e-07,1.0126820077032704e-06,0.6369618252814787,162.64132213531784,0.0006596286704658351,0.14423143152233717,0.0004932822126177002,0.30078125,0.2006098967389943,0.3852726613896165
stress,uniform_9bar,6.0,1403393411087.4873,6.413027116199665e-07,1.0126820077032704e-06,0.6275353381671965,163.24762143723464,0.000649873077560315,0.14469130564554553,0.000493743858481134,0.302734375,0.20169706486681963,0.38380295572822365
stress,uniform_9bar,6.1,1404447198606.2764,6.408215281379948e-07,1.0126820077032704e-06,0.6182473258683763,163.8319334107217,0.0006402606077303503,0.1451340350690735,0.0004941146034991991,0.3046875,0.2028189932312129,0.3824129202553387
stress,uniform_9bar,6.2,1405257431914.43,6.404520478314777e-07,1.0126820077032704e-06,0.6090957843472274,164.39511088703432,0.0006307891951374689,0.14556031746756665,0.0004943996609297651,0.30859375,0.20532974529376136,0.3810991701941588
stress,uniform_9bar,6.3,1405835510742.9268,6.401886942835771e-07,1.0126820077032704e-06,0.6000787376863627,164.9379698246149,0.0006214568027695648,0.1459708180708504,0.0004946030414423379,0.310546875,0.20651619971596827,0.37985713487828554
stress,uniform_9bar,6.4,1406192342406.1284,6.400262416875451e-07,1.0126820077032704e-06,0.5911942377200985,165.46129115496606,0.0006122614220677655,0.1463661714466296,0.0004947285824637119,0.3125,0.2077338454756054,0.3786828555306998
stress,uniform_9bar,6.5,1406339107059.8,6.399594489565242e-07,1.0126820077032704e-06,0.5824403636698234,165.96582251243652,0.0006032010725572613,0.14674698316147525,0.0004947802174121304,0.314453125,0.20898157301025821,0.3775728617256799
stress,uniform_9bar,6.6,1406286786897.6836,6.399832583120763e-07,1.0126820077032704e-06,0.5738152217834089,166.45227984697078,0.0005942738014820843,0.14711383132259323,0.0004947618100585575,0.31640625,0.21025829096427337,0.3765238258368165
stress,uniform_9bar,6.7,1406046009829.885,6.400928516620088e-07,1.0126820077032704e-06,0.5653169449786458,166.92134890862093,0.0005854776834438219,0.14746726799486873,0.0004946770995293863,0.3203125,0.21291789812293246,0.3755332176991787
stress,uniform_9bar,6.8,1405627874753.739,6.40283261426981e-07,1.0126820077032704e-06,0.556943692490678,167.37368657366397,0.0005768108200442424,0.14780782047320726,0.000494529990654404,0.322265625,0.2142496461605361,0.37459862791130605
stress,uniform_9bar,6.9,1405039306443.2346,6.405514748753124e-07,1.0126820077032704e-06,0.5486936495234147,167.80992194877848,0.0005682713395318211,0.14813599236498057,0.0004943229197174079,0.32421875,0.21560782724913147,0.37371665439129836
stress,uniform_9bar,7.0,1404289204196.0542,6.40893625978734e-07,1.0126820077032704e-06,0.5405650269048962,168.23065713444333,0.0005598573964521452,0.14845226439588363,0.0004940590176819185,0.326171875,0.21699159506878343,0.3728848044596528
stress,uniform_9bar,7.1,1403385670520.0386,6.413062488136251e-07,1.0126820077032704e-06,0.5325560607465882,168.63646744350496,0.0005515671713021786,0.14875709478877452,0.0004937411351837259,0.328125,0.2184002086234476,0.37210084848651065
stress,uniform_9bar,7.2,1402337919025.554,6.417853983620333e-07,1.0126820077032704e-06,0.5246650121065807,169.02790075004754,0.0005433988701883675,0.14905091897496725,0.0004933725137682845,0.33203125,0.22119125385481714,0.3713632210377261
stress,uniform_9bar,7.3,1401153848135.463,6.423277509444405e-07,1.0126820077032704e-06,0.5168901666566641,169.40547548905639,0.0005353507244885631,0.1493341482824063,0.0004929559322699177,0.333984375,0.22264797435494735,0.3706702087599254
stress,uniform_9bar,7.4,1399838788632.429,6.429311770102142e-07,1.0126820077032704e-06,0.5092298343532602,169.76967665498043,0.0005274209905177455,0.1496071671173126,0.0004924932661721362,0.3359375,0.2241276219739971,0.37001917880248136
stress,uniform_9bar,7.5,1398399442242.5532,6.435929340451599e-07,1.0126820077032704e-06,0.5016823491121771,170.12094899475673,0.0005196079491975195,0.14987032804337977,0.0004919868732857128,0.337890625,0.22562959711719255,0.36940842302725335
stress,uniform_9bar,7.6,1396842182525.655,6.443104391168185e-07,1.0126820077032704e-06,0.4942460684871648,170.45968652138023,0.0005119099057293662,0.15012394411254207,0.0004914389959654946,0.33984375,0.22715333453692318,0.36883634707364016
stress,uniform_9bar,7.7,1395176129523.4712,6.450798440103753e-07,1.0126820077032704e-06,0.4869193733522422,170.7862175731998,0.0005043251892716231,0.1503682778772519,0.0004908528428374883,0.34375,0.23006322607165072,0.36830282162495925
stress,uniform_9bar,7.8,1393404303906.0256,6.459001149035479e-07,1.0126820077032704e-06,0.4797006675877689,171.1007850046433,0.0004968521526201706,0.1506035267847685,0.000490229476638102,0.345703125,0.2316299682568856,0.3678052204734516
stress,uniform_9bar,7.9,1391532044902.5813,6.467691515239287e-07,1.0126820077032704e-06,0.47258837777023227,171.40352178778608,0.0004894891718927993,0.15082980517178848,0.0004895707758225408,0.34765625,0.23321702565340338,0.3673421132270135
stress,uniform_9bar,8.0,1389564638767.366,6.476848754573651e-07,1.0126820077032704e-06,0.4655809528657239,171.69442334363328,0.00048223464621723646,0.15104712385109365,0.0004888786002082574,0.349609375,0.23482393258042167,0.3669122713887574
stress,uniform_9bar,8.1,1387509793184.121,6.486440704210373e-07,1.0126820077032704e-06,0.4586768639270735,171.97331922260508,0.00047508699742280114,0.1512553692466506,0.0004881556615234676,0.353515625,0.23782278119262695,0.36651566803572305
stress,uniform_9bar,8.2,1385370861065.0203,6.496455391793893e-07,1.0126820077032704e-06,0.4518746037946143,172.23984811170374,0.0004680446697356677,0.1514542850373158,0.0004874031393944834,0.35546875,0.23946939788091962,0.3661504595243854
stress,uniform_9bar,8.3,1383151848251.4436,6.506877759934777e-07,1.0126820077032704e-06,0.4451726868005491,172.49344124829878,0.0004611061294777091,0.15164346007920929,0.0004866224431620952,0.357421875,0.24113456315776227,0.36581514805129056
stress,uniform_9bar,8.4,1380857554335.8828,6.517688933040243e-07,1.0126820077032704e-06,0.4385696484768873,172.73331979780014,0.0004542698647688932,0.15182232671932172,0.0004858152614257345,0.359375,0.24281781370558317,0.36550867838999246
stress,uniform_9bar,8.5,1378495602380.1453,6.528856518990973e-07,1.0126820077032704e-06,0.4320640452669241,172.9585112700715,0.0004475343852332064,0.15199017324193403,0.00048498427614180814,0.36328125,0.24590012012617823,0.3652313246683526
stress,uniform_9bar,8.6,1376068700416.0076,6.540371129202457e-07,1.0126820077032704e-06,0.4256544542402311,173.16788841860296,0.00044089822170807714,0.1521461729685648,0.00048413044005389305,0.365234375,0.24761972594645568,0.36498109113818705
stress,uniform_9bar,8.7,1373580857253.4072,6.552217113738956e-07,1.0126820077032704e-06,0.4193394728111295,173.36023134114726,0.00043435992595727287,0.1522894305055832,0.0004832551635471818,0.3671875,0.2493559681539178,0.3647566175626696
stress,uniform_9bar,8.8,1371037147388.0664,6.564373559932864e-07,1.0126820077032704e-06,0.4131177184606133,173.53431002234558,0.00042791807038724026,0.15241904305803458,0.00048236023193794995,0.37109375,0.25249781683636824,0.3645569367625016
stress,uniform_9bar,8.9,1368445651498.7043,6.576804851652905e-07,1.0126820077032704e-06,0.40698782846169557,173.68898092352444,0.0004215712477668653,0.1525341720463962,0.00048144848818203466,0.373046875,0.25426741988364326,0.3643825886156374
stress,uniform_9bar,9.0,1365807806516.093,6.589506925544106e-07,1.0126820077032704e-06,0.40094845960814285,173.8232881661764,0.0004153180709506195,0.15263411801674734,0.00048052043782245636,0.375,0.25605192543237126,0.3642308761933158
stress,uniform_9bar,9.1,1363128229264.3596,6.602460287141905e-07,1.0126820077032704e-06,0.3949982879465714,173.93655807199715,0.00040915717260506875,0.15271839053655337,0.00047957770515682135,0.376953125,0.25785073046876744,0.3641008130476271
stress,uniform_9bar,9.2,1360413639977.35,6.615634933026579e-07,1.0126820077032704e-06,0.3891360085118713,174.0284757930784,0.00040308720493871427,0.15278676476626848,0.0004786226545073238,0.380859375,0.2610631668370752,0.3639922040491146
stress,uniform_9bar,9.3,1357668520110.9116,6.629011328379895e-07,1.0126820077032704e-06,0.3833603350659306,174.09913461369962,0.00039710683943513755,0.15283931777609638,0.00047765686254611013,0.3828125,0.2628905477386066,0.3639042386982941
stress,uniform_9bar,9.4,1354895452412.9478,6.642578941402308e-07,1.0126820077032704e-06,0.3776699998396246,174.14905194886202,0.0003912147665894192,0.15287644022608537,0.00047668123793920747,0.384765625,0.264730294373334,0.36383499590688695
stress,uniform_9bar,9.5,1352098348761.282,6.656320531894226e-07,1.0126820077032704e-06,0.3720637532780431,174.17915047856155,0.0003854096956478037,0.15289882228391388,0.00047569715696901463,0.388671875,0.26799086694557345,0.36378380978350466
stress,uniform_9bar,9.6,1349284879811.7947,6.670199996056701e-07,1.0126820077032704e-06,0.3665403637889235,174.19070742032812,0.00037969035435058313,0.15290741601533872,0.00047470731833655286,0.390625,0.2698556163807865,0.3637515159057869
stress,uniform_9bar,9.7,1346454220215.0103,6.684222801546735e-07,1.0126820077032704e-06,0.36109861749425826,174.18527883584005,0.0003740554886781663,0.15290337934654846,0.0004737114316662001,0.392578125,0.2717311298374911,0.36373579465646777
stress,uniform_9bar,9.8,1343609800405.5906,6.698373290581241e-07,1.0126820077032704e-06,0.355737317985045,174.16460845578604,0.00036850386260030716,0.15288800860121335,0.0004727107038583398,0.39453125,0.27361685072202135,0.3637359527460836
stress,uniform_9bar,9.9,1340756772621.114,6.712626916219442e-07,1.0126820077032704e-06,0.350455286079151,174.13053146602627,0.0003630342578284634,0.15286266732042164,0.0004717069475804977,0.3984375,0.2769326913099769,0.36375309702023495
stress,uniform_9bar,10.0,1337895747278.7542,6.726981544194136e-07,1.0126820077032704e-06,0.3452513595822586,174.08488305059151,0.0003576454735712536,0.1528287185976637,0.0004707003775905086,0.400390625,0.2788398066005392,0.36378582127733783
stress,uniform_9bar,10.1,1335027163448.333,6.741435864685542e-07,1.0126820077032704e-06,0.3401243930518613,174.02941955492756,0.0003523363262929853,0.15278746673894433,0.0004696911483625396,0.40234375,0.28075619007358804,0.3638334607503516
stress,uniform_9bar,10.2,1332155100958.6665,6.755970077000252e-07,1.0126820077032704e-06,0.3350732575642804,173.9657574254947,0.00034710564947522464,0.15274011206335555,0.0004686806952677456,0.40625,0.2841111202362655,0.36389686220677026
stress,uniform_9bar,10.3,1329280130178.2573,6.770581907963293e-07,1.0126820077032704e-06,0.3300968404846698,173.89533216130638,0.0003419522933813763,0.15268772050483465,0.00046766921897398146,0.408203125,0.2860473731904466,0.3639757949742627
stress,uniform_9bar,10.4,1326401470044.7168,6.785275953966324e-07,1.0126820077032704e-06,0.325194045239981,173.81937687167704,0.00033687512482424734,0.1526312077242282,0.0004666564446867709,0.41015625,0.28799232742650305,0.36406929456493203
stress,uniform_9bar,10.5,1323521724740.1538,6.800039494453304e-07,1.0126820077032704e-06,0.320363791094854,173.73891801326673,0.00033187302693656214,0.1525713359444896,0.0004656432886131535,0.4140625,0.29138488001605295,0.364178342361662
stress,uniform_9bar,10.6,1320641863439.6663,6.814868019221448e-07,1.0126820077032704e-06,0.31560501293040616,173.65478463632425,0.0003269448989444013,0.1525087207988047,0.00046463009172968564,0.416015625,0.2933490590696992,0.3643032091727175
stress,uniform_9bar,10.7,1317760060971.1992,6.829771417845925e-07,1.0126820077032704e-06,0.31091666102588816,173.56762699412457,0.00032208965594353496,0.15244384512525774,0.00046361621190174856,0.41796875,0.29532176714309183,0.3644428689733291
stress,uniform_9bar,10.8,1314878437682.8403,6.844739210919265e-07,1.0126820077032704e-06,0.3062977008431745,173.47794052712408,0.00031730622867861863,0.15237707675460313,0.0004626023951132111,0.421875,0.2987514460118336,0.3645984426199218
stress,uniform_9bar,10.9,1311997963070.7053,6.859766747606587e-07,1.0126820077032704e-06,0.3017471128140623,173.38609182544488,0.0003125935633252276,0.15230868777341944,0.00046158898245357035,0.423828125,0.300743224979765,0.3647702698475448
stress,uniform_9bar,11.0,1309116097534.1753,6.874867719488148e-07,1.0126820077032704e-06,0.2972638921303437,173.29234399033467,0.00030795062127469394,0.15223887334852013,0.000460575080436938,0.42578125,0.3027436020973004,0.36495745020747894
stress,uniform_9bar,11.1,1306235682493.3914,6.890027673122866e-07,1.0126820077032704e-06,0.2928470485366251,173.19687967695293,0.0003033763789217224,0.1521677688363636,0.00045956168873577434,0.4296875,0.30621040658024284,0.3651611758463768
stress,uniform_9bar,11.2,1303356303460.0977,6.905249144924656e-07,1.0126820077032704e-06,0.2884956061258614,173.09982087794648,0.0002988698274547535,0.1520954644772853,0.00045854866152423397,0.431640625,0.30822997183684964,0.3653817122366585
stress,uniform_9bar,11.3,1300476284741.3474,6.920541424398228e-07,1.0126820077032704e-06,0.2842086031375773,173.00124512652974,0.0002944299726490455,0.15202201743399185,0.00045753540925764987,0.43359375,0.3102581468735809,0.3656181126933387
stress,uniform_9bar,11.4,1297598377828.6694,6.935890298398886e-07,1.0126820077032704e-06,0.279985091758743,172.90119823469965,0.00029005583466244544,0.15194746125844014,0.0004565228999696705,0.4375,0.3137624389152109,0.36587212383927864
stress,uniform_9bar,11.5,1294721490065.76,6.951301935633186e-07,1.0126820077032704e-06,0.2758241379272787,172.7997039476317,0.00028574644783382295,0.1518718130687657,0.00045551074924040676,0.439453125,0.3158100215238907,0.3661432257868773
stress,uniform_9bar,11.6,1291844021432.7764,6.966785347675452e-07,1.0126820077032704e-06,0.27172482113815544,172.6967710205046,0.00028150086048413486,0.15179507881137522,0.00045449839414861046,0.44140625,0.31786638398102113,0.36643090463560524
stress,uniform_9bar,11.7,1288970029832.3745,6.98231905451705e-07,1.0126820077032704e-06,0.2676862342520636,172.59239824790083,0.0002773181347200939,0.15171725700147481,0.0004534872623513441,0.4453125,0.321408476420872,0.3667373195730514
stress,uniform_9bar,11.8,1286096371010.725,6.997920375847905e-07,1.0126820077032704e-06,0.2637074833066223,172.48657793601842,0.0002731973462404137,0.151638341305967,0.0004524762476327698,0.447265625,0.32348444916680097,0.367061050016935
stress,uniform_9bar,11.9,1283222868443.5383,7.01359071859153e-07,1.0126820077032704e-06,0.2597876873300972,172.37929823505695,0.0002691375841445997,0.15155832227872335,0.000451465287887862,0.451171875,0.3270538525765274,0.36740233799209504
stress,uniform_9bar,12.0,1280353408990.173,7.029309202291565e-07,1.0126820077032704e-06,0.2559259781576017,172.27054466564866,0.0002651379507442599,0.15147718849633554,0.000450455750596988,0.453125,0.3291495822271558,0.3677630600718794
stress,uniform_9bar,12.1,1277483623108.7036,7.045100099286495e-07,1.0126820077032704e-06,0.25212150024974994,172.16030109325303,0.00026119756137690575,0.15139492728311044,0.0004494460984617159,0.455078125,0.33125433362434153,0.368141530010278
stress,uniform_9bar,12.2,1274616077273.8967,7.060949693376596e-07,1.0126820077032704e-06,0.2483734105137355,172.04855033546608,0.0002573155442222164,0.15131152516284918,0.0004484372344228346,0.458984375,0.3348621145484099,0.3685388962047916
stress,uniform_9bar,12.3,1271751050321.8582,7.076856746233672e-07,1.0126820077032704e-06,0.24468087812680642,171.93527453194,0.0002534910401207382,0.1512269681338925,0.0004474292565808581,0.4609375,0.3369868408601919,0.36895576110501943
stress,uniform_9bar,12.4,1268886218071.4827,7.092834544044977e-07,1.0126820077032704e-06,0.2410430843621097,171.82045536478915,0.00024972320239499235,0.15114124183282263,0.0004464213472390966,0.462890625,0.33912063594324565,0.3693909731828043
stress,uniform_9bar,12.5,1266025442036.0706,7.108861876840213e-07,1.0126820077032704e-06,0.2374592224168755,171.7040741871769,0.00024601119667296136,0.15105433162976684,0.00044541486496063116,0.466796875,0.3427672022081369,0.3698467337849893
stress,uniform_9bar,12.6,1263165818248.3635,7.124955306723175e-07,1.0126820077032704e-06,0.2339284972429163,171.58611209686725,0.00024235420071393036,0.1509662226826889,0.0004444087880675861,0.46875,0.3449212097608048,0.3703217846548815
stress,uniform_9bar,12.7,1260307745947.783,7.141112977316326e-07,1.0126820077032704e-06,0.2304501253794114,171.4665499775578,0.00023875140423665342,0.15087689996766188,0.0004434032570209402,0.47265625,0.3485957187164107,0.37081641848080216
stress,uniform_9bar,12.8,1257453728152.1248,7.157321019856402e-07,1.0126820077032704e-06,0.22702333478795053,171.34536852178255,0.000235202008749819,0.15078634829539328,0.00044239915243596126,0.474609375,0.3507700663499581,0.3713322602708683
stress,uniform_9bar,12.9,1254600455198.1213,7.173598545027434e-07,1.0126820077032704e-06,0.2236473646898104,171.22254824351177,0.00023170522738478853,0.15069455232005824,0.00044139530990222885,0.4765625,0.35295362915535083,0.3718675564117252
stress,uniform_9bar,13.0,1251751002838.809,7.189928332063778e-07,1.0126820077032704e-06,0.22032146540543487,171.09806948513105,0.00022826028473057946,0.15060149654393049,0.00044039281153553436,0.48046875,0.3566674572788233,0.37242434085208914
stress,uniform_9bar,13.1,1248903950696.388,7.206318784548328e-07,1.0126820077032704e-06,0.2170448981960966,170.9719124214311,0.00022486641667106993,0.15050716531977307,0.0004393911576165476,0.482421875,0.3588715349358888,0.37300183144903576
stress,uniform_9bar,13.2,1246058543568.6353,7.222774601123116e-07,1.0126820077032704e-06,0.2138169351077084,170.8440570620614,0.00022152287022439456,0.15041154285207187,0.00043839008244895243,0.486328125,0.3626136620005822,0.3736000109454244
stress,uniform_9bar,13.3,1243218093905.3354,7.239276876777264e-07,1.0126820077032704e-06,0.21063685881676342,170.7144832532288,0.00021822890338450931,0.1503146131976947,0.00043739075142352574,0.48828125,0.36483837207528774,0.3742206545665007
stress,uniform_9bar,13.4,1240378682428.901,7.255848659359627e-07,1.0126820077032704e-06,0.2075039624783749,170.58317067905674,0.0002149837849648975,0.15021636026628618,0.0004363917856544732,0.490234375,0.36707250291561216,0.3748619412636778
stress,uniform_9bar,13.5,1237543862243.2437,7.272469505594799e-07,1.0126820077032704e-06,0.2044175495763908,170.45009886281946,0.00021178679444439153,0.15011676782055797,0.0004353944351998476,0.494140625,0.3708543772455918,0.37552598361999884
stress,uniform_9bar,13.6,1234711798498.938,7.289150400070257e-07,1.0126820077032704e-06,0.201376933775559,170.31524716816142,0.00020863722181508647,0.15001581947655684,0.0004343980545203242,0.49609375,0.37310925498307745,0.3762117868607978
stress,uniform_9bar,13.7,1231882330652.1248,7.305892597092164e-07,1.0126820077032704e-06,0.19838143877571587,170.178594800361,0.00020553436743231792,0.14991349870395468,0.00043340258713313497,0.5,0.3769197403890822,0.3769197403890822
stress,uniform_9bar,13.8,1229057956681.4646,7.322681531065124e-07,1.0126820077032704e-06,0.19543039816797458,170.04012080766287,0.00020247754186668133,0.1498097888263783,0.0004324089118806718,0.501953125,0.37919547673973325,0.3776456550912719
stress,uniform_9bar,13.9,1226234962467.2969,7.339539546231154e-07,1.0126820077032704e-06,0.19252315529288824,169.8998040826984,0.000199466065758067,0.14970467302179397,0.000431415722056093,0.50390625,0.38148081343566836,0.3783750063371081
stress,uniform_9bar,14.0,1223418157937.4517,7.356438141455257e-07,1.0126820077032704e-06,0.18965906310056327,169.75762336399944,0.00019649926967168642,0.1495981343229503,0.0004304247098950232,0.5078125,0.38533135461869594,0.3791063326840526
stress,uniform_9bar,14.1,1220603583372.6917,7.373401260327117e-07,1.0126820077032704e-06,0.18683748401269804,169.61355723761295,0.00019357649395606558,0.14949015561788512,0.0004294344822834295,0.509765625,0.38763764120336036,0.3798408765533285
stress,uniform_9bar,14.2,1217793413001.7502,7.390416062290743e-07,1.0126820077032704e-06,0.18405778978652368,169.4675841388186,0.00019069708860298102,0.14938071965049798,0.0004284458041615458,0.513671875,0.39151705233279954,0.38057798431663176
stress,uniform_9bar,14.3,1214987706908.9275,7.407482354613337e-07,1.0126820077032704e-06,0.18131936138062293,169.31968235395436,0.0001878604131093153,0.14926980902119238,0.0004274586966683157,0.515625,0.39384434712188504,0.38131765439439735
stress,uniform_9bar,14.4,1212184868828.303,7.424610083360794e-07,1.0126820077032704e-06,0.1786215888226027,169.16983002235142,0.00018506583634080698,0.14915740618758794,0.000426472598203201,0.51953125,0.39775266815074956,0.38206040694921845
stress,uniform_9bar,14.5,1209388361413.697,7.441778246881407e-07,1.0126820077032704e-06,0.1759638710785982,169.01800513838174,0.00018231273639767332,0.149043493465306,0.0004254887270019754,0.521484375,0.40010105887385955,0.3828051694474352
stress,uniform_9bar,14.6,1206593988095.1118,7.459012798670235e-07,1.0126820077032704e-06,0.1733456159245837,168.86418555362133,0.00017960050048208007,0.14892805302883041,0.0004245056066214359,0.5234375,0.4024591806640874,0.38355328541460254
stress,uniform_9bar,14.7,1203806586519.2,7.476284064887408e-07,1.0126820077032704e-06,0.1707662398194695,168.70834897913136,0.0001769285247674385,0.14881106691244525,0.0004235249390492826,0.52734375,0.4064078777374347,0.38430323703315017
stress,uniform_9bar,14.8,1201022218158.667,7.493616574219787e-07,1.0126820077032704e-06,0.16822516777995958,168.55047298786056,0.0001742962142695033,0.1486925170112523,0.0004225453386272619,0.529296875,0.4087871137565225,0.38505629383881224
stress,uniform_9bar,14.9,1198243474185.2898,7.510994379601595e-07,1.0126820077032704e-06,0.16572183325714948,168.39053501717083,0.00017170298271925133,0.14857238508226975,0.0004215677169851001,0.533203125,0.41276486306931326,0.38581164446081756
stress,uniform_9bar,15.0,1195469545782.879,7.528422645100639e-07,1.0126820077032704e-06,0.1632556780148412,168.2285123714896,0.0001691482524375176,0.14845065274561475,0.0004205917895639392,0.53515625,0.4151652414786012,0.3865695626946021
stress,uniform_9bar,15.1,1192700170047.887,7.545903175010572e-07,1.0126820077032704e-06,0.16082615200955358,168.064382225091,0.00016663145421136685,0.14832730148577192,0.0004196174638686808,0.5390625,0.419172028977541,0.38733014948144634
stress,uniform_9bar,15.2,1189937042957.2683,7.563425353691757e-07,1.0126820077032704e-06,0.15843271327220573,167.8981216250095,0.00016415202717217793,0.14820231265295006,0.00041864533658034,0.541015625,0.4215935929427221,0.38809286832078743
stress,uniform_9bar,15.3,1187177632112.5366,7.581005366471442e-07,1.0126820077032704e-06,0.15607482779145254,167.72970749408765,0.0001617094186754202,0.1480756674645289,0.00041767451674689304,0.544921875,0.42562942783130175,0.3888585581751741
stress,uniform_9bar,15.4,1184425794933.5664,7.598618704943693e-07,1.0126820077032704e-06,0.15375196939865077,167.55911663416214,0.0001593030841821,0.14794734700659945,0.00041670636149126604,0.546875,0.42807216507952156,0.3896259702083959
stress,uniform_9bar,15.5,1181677337998.737,7.61629229112763e-07,1.0126820077032704e-06,0.15146361965443378,167.38632572938948,0.0001569324871418548,0.1478173322355982,0.00041573939547792253,0.548828125,0.43052462056803853,0.39039649352926065
stress,uniform_9bar,15.6,1178937045887.5256,7.633995412557957e-07,1.0126820077032704e-06,0.1492092677368756,167.21131134971532,0.0001545970988776765,0.14768560398003955,0.00041477530202439365,0.552734375,0.4346008673435324,0.3911685620846241
stress,uniform_9bar,15.7,1176200636716.779,7.651755762624313e-07,1.0126820077032704e-06,0.14698841033122206,167.0340499544896,0.00015229639847223986,0.1475521429423477,0.00041381257467248126,0.5546875,0.4370744519149012,0.3919436036643771
stress,uniform_9bar,15.8,1173471791553.829,7.669549506667588e-07,1.0126820077032704e-06,0.1448005515211695,166.85451789623067,0.00015002987265581792,0.14741692970079043,0.00041285250850051,0.55859375,0.441179667891811,0.3927204055635699
stress,uniform_9bar,15.9,1170747916051.1714,7.687393568340655e-07,1.0126820077032704e-06,0.1426452026816702,166.6726914245407,0.0001477970156957622,0.14727994471151762,0.00041189419076146467,0.560546875,0.443674336951012,0.39349984302914376
stress,uniform_9bar,16.0,1168031135457.0044,7.705274052030005e-07,1.0126820077032704e-06,0.140521882373245,166.48854669017535,0.0001455973292875285,0.14714116831070612,0.00041093836916317796,0.564453125,0.44780846489233544,0.3942812130484881
stress,uniform_9bar,16.1,1165320419193.3806,7.723197716066522e-07,1.0126820077032704e-06,0.13843011623778312,166.30205974927122,0.0001434303224472277,0.1470005807168145,0.00040998468112625605,0.56640625,0.4503241055758869,0.3950648700359353
stress,uniform_9bar,16.2,1162616221034.0388,7.741161560601088e-07,1.0126820077032704e-06,0.13636943689580908,166.1132065677326,0.00014129551140568163,0.14685816203294902,0.0004090332862980187,0.5703125,0.4544871078922362,0.3958506688929345
stress,uniform_9bar,16.3,1159919265844.7493,7.759160714901528e-07,1.0126820077032704e-06,0.13433938384519836,165.92196302578097,0.00013919241950396507,0.14671389224934395,0.00040808443970176834,0.572265625,0.4570235985500644,0.3966383690347317
stress,uniform_9bar,16.4,1157228207478.6187,7.777204134705027e-07,1.0126820077032704e-06,0.13233950336132227,165.72830492267033,0.000137120577090414,0.14656775124595858,0.00040713766773419754,0.576171875,0.46121540468139205,0.39742843670582806
stress,uniform_9bar,16.5,1154545553967.0488,7.795274919275176e-07,1.0126820077032704e-06,0.1303693483986019,165.53220798156963,0.0001350795214190803,0.1464197187951926,0.0004061938527744678,0.578125,0.4637726299694088,0.39822001660854495
stress,uniform_9bar,16.6,1151868355004.3843,7.813392876797752e-07,1.0126820077032704e-06,0.12842847849345446,165.33364785461688,0.00013306879654961516,0.14626977456472395,0.000405251956841863,0.58203125,0.46799308473908,0.3990141291717311
stress,uniform_9bar,16.7,1149200468385.9333,7.831531788914614e-07,1.0126820077032704e-06,0.12651645966861216,165.13260012814635,0.0001310879532485616,0.14611789812047,0.000404313337191395,0.583984375,0.4705709423542677,0.3998094437136465
stress,uniform_9bar,16.8,1146537871708.4849,7.84971889902675e-07,1.0126820077032704e-06,0.12463286433879543,164.92904032809088,0.0001291365488920375,0.14596406892967492,0.00040337657865546615,0.587890625,0.4748198573535633,0.4006073596330273
stress,uniform_9bar,16.9,1143885210704.8364,7.867922336765244e-07,1.0126820077032704e-06,0.12277727121772286,164.72294392556418,0.0001272141473697912,0.14580826636412683,0.0004024433157023724,0.58984375,0.47741823119276144,0.40140625857449447
stress,uniform_9bar,17.0,1141237868284.189,7.886173645404164e-07,1.0126820077032704e-06,0.12094926522643953,164.51428634262268,0.00012532031899061108,0.1456504697035054,0.0004015119239406864,0.59375,0.4816954313466265,0.4022077584100903
stress,uniform_9bar,17.1,1138601079987.431,7.904436556567601e-07,1.0126820077032704e-06,0.11914843740294649,164.30304295821153,0.0001234546403890715,0.14549065813886358,0.0004005842453458222,0.595703125,0.484314108561103,0.4030100174643552
stress,uniform_9bar,17.2,1135969771570.2942,7.92274603184111e-07,1.0126820077032704e-06,0.11737438481311337,164.08918911429632,0.00012161669443359712,0.14532881077624576,0.00039965849468997144,0.59765625,0.48694219924839693,0.40381482686945297
stress,uniform_9bar,17.3,1133349343751.8196,7.941064288444867e-07,1.0126820077032704e-06,0.11562671046285725,163.8727001221828,0.00011980607013582794,0.14516490664044418,0.00039873657206175963,0.6015625,0.4912581536724395,0.40462026886706987
stress,uniform_9bar,17.4,1130734683813.4348,7.959426847726334e-07,1.0126820077032704e-06,0.11390502321157088,163.65355126902705,0.00011802236256126824,0.1449989246788968,0.000397816678697294,0.603515625,0.49390628868740655,0.405428161928421
stress,uniform_9bar,17.5,1128131147157.6438,7.977795864138436e-07,1.0126820077032704e-06,0.11220893768678268,163.4317178245385,0.00011626517274120147,0.14483084376572863,0.0003969006987418721,0.607421875,0.49824995273981226,0.4062365862480232
stress,uniform_9bar,17.6,1125533819465.5374,7.996205750861998e-07,1.0126820077032704e-06,0.1105380742000328,163.20717504787703,0.00011453410758585496,0.1446606427059384,0.0003959869032328517,0.609375,0.5009178502683121,0.4070473026714134
stress,uniform_9bar,17.7,1122947762556.6125,8.014620359107107e-07,1.0126820077032704e-06,0.10889205866394784,162.9798981947474,0.0001128287797987969,0.1444883002397341,0.0003950770730267409,0.61328125,0.5052889902511739,0.40785847891893845
stress,uniform_9bar,17.8,1120368475460.7112,8.033071437768788e-07,1.0126820077032704e-06,0.10727052251049882,162.74986252469225,0.00011114880779254973,0.14431379504701897,0.0003941696245858406,0.615234375,0.5079763323902154,0.4086717390885007
stress,uniform_9bar,17.9,1117800480800.9421,8.051526327445478e-07,1.0126820077032704e-06,0.10567310261042559,162.51704330858541,0.00010949381560540302,0.14413710575202968,0.0003932661490658218,0.619140625,0.5123746920425646,0.4094854295066836
stress,uniform_9bar,18.0,1115239849423.1777,8.070012925609646e-07,1.0126820077032704e-06,0.10409944119381244,162.2814158363277,0.00010786343281941004,0.14395821092813058,0.0003923652641061115,0.62109375,0.5150811775598042,0.4103009772956603
stress,uniform_9bar,18.1,1112690729419.6533,8.088500930257714e-07,1.0126820077032704e-06,0.10254918577179875,162.04295542474682,0.00010625729447955188,0.14377708910276446,0.0003914684290943978,0.625,0.51950636779614,0.41111684962498185
stress,uniform_9bar,18.2,1110149261384.4207,8.107017959707938e-07,1.0126820077032704e-06,0.10102198905940928,161.80163742570204,0.00010467504101405302,0.14359371876256327,0.0003905742862090112,0.626953125,0.5222317207765047,0.4119344584621425
stress,uniform_9bar,18.3,1107619804276.705,8.125531852400523e-07,1.0126820077032704e-06,0.0995175088994893,161.5574372343967,0.00010311631815583372,0.14340807835862018,0.0003896843690251631,0.630859375,0.5266833311887374,0.41275217734528724
stress,uniform_9bar,18.4,1105098050480.7856,8.144073728194929e-07,1.0126820077032704e-06,0.0980354081877285,161.31033029789842,0.0001015807768650824,0.14322014631192573,0.0003887971620313866,0.6328125,0.5294272322556317,0.41357159519150566
stress,uniform_9bar,18.5,1102588970422.2441,8.162606593600685e-07,1.0126820077032704e-06,0.09657535479875962,161.06029212386832,0.00010006807325293386,0.14302990101896912,0.0003879144139298529,0.63671875,0.533904855095431,0.4143908410224107
stress,uniform_9bar,18.6,1100087733554.4688,8.181165670232775e-07,1.0126820077032704e-06,0.09513702151331661,160.80729828950143,9.857786850623813e-05,0.14283732085750772,0.0003870344252308082,0.638671875,0.5366668376291462,0.4152117110152358
stress,uniform_9bar,18.7,1097599595145.812,8.199711479307154e-07,1.0126820077032704e-06,0.09372008594643799,160.55132445067767,9.710982881340451e-05,0.14264238419250613,0.0003861590448502111,0.642578125,0.5411701057838071,0.41603220903239096
stress,uniform_9bar,18.8,1095119579988.143,8.218280601007467e-07,1.0126820077032704e-06,0.09232423047670063,160.29234635132514,9.566362529130674e-05,0.1424450693822462,0.000385286522403287,0.64453125,0.5439497196469902,0.41685419905476967
stress,uniform_9bar,18.9,1092653066618.678,8.236832234271196e-07,1.0126820077032704e-06,0.09094914217647018,160.03033983299602,9.423893391323436e-05,0.142245354784611,0.00038441875017462075,0.6484375,0.5484781776676698,0.4176756189288815
stress,uniform_9bar,19.0,1090195154612.537,8.255402678980593e-07,1.0126820077032704e-06,0.0895945127431543,159.7652808446554,9.283543543787663e-05,0.14204321876354312,0.0003835540040897872,0.65234375,0.5530223922382081,0.4184983172801205
stress,uniform_9bar,19.1,1087750999933.1915,8.273952403217988e-07,1.0126820077032704e-06,0.08826003843144377,159.49714545268293,9.145281533932358e-05,0.14183863969567928,0.00038269409812716074,0.654296875,0.5558279854652983,0.4193202973885596
stress,uniform_9bar,19.2,1085315845733.9873,8.292516906830378e-07,1.0126820077032704e-06,0.08694541998652919,159.22590985108857,9.009076373807158e-05,0.14163159597716365,0.0003818373587262112,0.658203125,0.5603966084041464,0.420143366167795
stress,uniform_9bar,19.3,1082894613923.132,8.311058051526014e-07,1.0126820077032704e-06,0.08565036257827886,158.95155037194047,8.87489753330188e-05,0.14142206603063975,0.00038098551751965845,0.66015625,0.5632185763545171,0.4209655985151043
stress,uniform_9bar,19.4,1080483032641.4817,8.329607895829233e-07,1.0126820077032704e-06,0.08437457573636484,158.67404349600668,8.74271493344372e-05,0.14121002831242369,0.00038013707157596527,0.6640625,0.5678109952999854,0.4217886259092341
stress,uniform_9bar,19.5,1078085354915.1282,8.348133066614675e-07,1.0126820077032704e-06,0.08311777328632389,158.39336586360855,8.612498939790759e-05,0.14099546131985893,0.0003792935172007978,0.666015625,0.5706488162472622,0.4226107655231725
stress,uniform_9bar,19.6,1075698260412.5814,8.366658505655733e-07,1.0126820077032704e-06,0.08187967328654047,158.1094942856858,8.48422035592043e-05,0.14077834359885433,0.00037845368623042633,0.669921875,0.5752643265642228,0.4234332875295815
stress,uniform_9bar,19.7,1073324689175.1564,8.385160698126161e-07,1.0126820077032704e-06,0.08065999796613885,157.82240575507208,8.357850417011655e-05,0.14055865375160567,0.00037761861303435226,0.671875,0.5781174895894455,0.4242550088741272
stress,uniform_9bar,19.8,1070962853958.6111,8.403652812731279e-07,1.0126820077032704e-06,0.07945847366377162,157.53207745798065,8.233360783519358e-05,0.14033637044450295,0.00037678766882177396,0.67578125,0.5827554203114059,0.4250766031775931
stress,uniform_9bar,19.9,1068614243467.3365,8.422122440365072e-07,1.0126820077032704e-06,0.07827483076729234,157.2384867856971,8.110723534940038e-05,0.14011147241622215,0.00037596137735077965,0.677734375,0.5856232198040566,0.42589744975341676
stress,uniform_9bar,20.0,1066278367118.1359,8.440572628632225e-07,1.0126820077032704e-06,0.07710880365429967,156.9416113464792,7.989911163667185e-05,0.13988393848600408,0.0003751395660236939,0.681640625,0.5902828992616137,0.4267177098517573
stress,uniform_9bar,20.1,1063953862222.4751,8.459013421127166e-07,1.0126820077032704e-06,0.07596013063354097,156.64142897766095,7.87089656893525e-05,0.13965374756211923,0.0003743217554175059,0.68359375,0.593165543256536,0.4275378979975044
stress,uniform_9bar,20.2,1061640540382.0121,8.477445667967346e-07,1.0126820077032704e-06,0.07482855388716352,156.33791775795953,7.753653050850999e-05,0.13942087865052025,0.0003735078792496437,0.6875,0.5978485810130857,0.42835806349334926
stress,uniform_9bar,20.3,1059337459034.0614,8.495876288757404e-07,1.0126820077032704e-06,0.07371381941380103,156.03105601998098,7.638154304510929e-05,0.1391853108636804,0.0003726976059063679,0.689453125,0.6007473455499045,0.42917856205493377
stress,uniform_9bar,20.4,1057046631472.0919,8.51428852052268e-07,1.0126820077032704e-06,0.07261567697248432,155.7208223629249,7.524374414203678e-05,0.1389470234296205,0.00037189164370743946,0.693359375,0.605453557770054,0.4299985528453019
stress,uniform_9bar,20.5,1054765601352.7711,8.532701472684745e-07,1.0126820077032704e-06,0.07153388002736406,155.4071956654819,7.412287847696147e-05,0.1387059957011215,0.00037108912845866657,0.6953125,0.6083678899555651,0.43081900695203723
stress,uniform_9bar,20.6,1052497956682.0167,8.551085484642991e-07,1.0126820077032704e-06,0.07046818569323443,155.09015509892345,7.301869450602166e-05,0.1384622071651244,0.0003702913224973753,0.69921875,0.613096645966738,0.4316384325397542
stress,uniform_9bar,20.7,1050239614080.0759,8.569472984394389e-07,1.0126820077032704e-06,0.06941835468184668,154.76968014037826,7.193094440832658e-05,0.13821563745231588,0.000369496789203115,0.701171875,0.6160259563140777,0.4324584724272628
stress,uniform_9bar,20.8,1047995848205.9479,8.587820281356073e-07,1.0126820077032704e-06,0.06838415124900082,154.4457505862934,7.085938403125991e-05,0.1379662663468995,0.00036870738431388884,0.705078125,0.6207765838275484,0.43327692727588324
stress,uniform_9bar,20.9,1045761703292.879,8.606167133163255e-07,1.0126820077032704e-06,0.06736534314240529,154.11834656607445,6.980377283657567e-05,0.13771407379655093,0.00036792136428481526,0.708984375,0.6255414867853211,0.4340958089081314
stress,uniform_9bar,21.0,1043541653967.9662,8.624476048251999e-07,1.0126820077032704e-06,0.066361701550293,153.78744855590128,6.87638738472739e-05,0.13745903992255695,0.00036714030338554,0.7109375,0.6284920292510204,0.43491323151477795
stress,uniform_9bar,21.1,1041332462121.6581,8.642772915830349e-07,1.0126820077032704e-06,0.06537300105078371,153.4530373927138,6.773945359524627e-05,0.13720114503013595,0.00036636306237977244,0.71484375,0.6332777218129934,0.4357305063502221
stress,uniform_9bar,21.2,1039136737414.1757,8.661035334383342e-07,1.0126820077032704e-06,0.06439901956198185,153.11509428836422,6.673028206968028e-05,0.1369403696189397,0.00036559055940186934,0.716796875,0.6362415577483836,0.4365465092277192
stress,uniform_9bar,21.3,1036953211995.184,8.679272985406211e-07,1.0126820077032704e-06,0.0634395382927995,152.7736008439278,6.57361326662114e-05,0.13667669439373278,0.0003648223483949293,0.720703125,0.6410472577647379,0.43736173359500075
stress,uniform_9bar,21.4,1034782477266.3671,8.69748009627658e-07,1.0126820077032704e-06,0.06249434169449419,152.42853906416954,6.475678213681274e-05,0.13641010027525005,0.0003640586374267307,0.72265625,0.6440236604476265,0.43817589370224425
stress,uniform_9bar,21.5,1032625338602.4004,8.715649000227893e-07,1.0126820077032704e-06,0.06156321741291167,152.07989137215796,6.379201054041198e-05,0.13614056841122757,0.00036329970984533326,0.7265625,0.6488485403654264,0.43898860850945415
stress,uniform_9bar,21.6,1030480267236.0822,8.733791695147626e-07,1.0126820077032704e-06,0.060645956241423084,151.72764062402123,6.284160119422479e-05,0.1358680801876066,0.0003625450277976937,0.728515625,0.6518367421745286,0.4398004874104915
stress,uniform_9bar,21.7,1028350242479.4802,8.751882022510037e-07,1.0126820077032704e-06,0.05974235207454761,151.3717701238381,6.19053406257955e-05,0.13559261723990618,0.00036179563946960546,0.732421875,0.6566799280536493,0.4406102181085102
stress,uniform_9bar,21.8,1026231546537.7178,8.769950631866701e-07,1.0126820077032704e-06,0.05885220186224977,151.01226363865706,6.0983018525734016e-05,0.13531416146476316,0.0003610502368612067,0.736328125,0.6615355703009537,0.4414193486791243
stress,uniform_9bar,21.9,1024129338661.851,8.78795251755954e-07,1.0126820077032704e-06,0.05797530556490277,150.64910541363608,6.0074427701140056e-05,0.13503269503163512,0.0003603106351075149,0.73828125,0.664539690202321,0.44222561852615105
stress,uniform_9bar,22.0,1022038874798.0681,8.805927271385051e-07,1.0126820077032704e-06,0.05711146610890774,150.2822801872944,5.917936402970425e-05,0.13474820039466315,0.0003595751651487955,0.7421875,0.6694122407102001,0.44303102507121656
stress,uniform_9bar,22.1,1019964056293.8784,8.823840354435847e-07,1.0126820077032704e-06,0.05626048934295999,149.91177320686953,5.8297626414477074e-05,0.13446066030469095,0.0003588451995626575,0.744140625,0.6724260054477396,0.4438338350604633
stress,uniform_9bar,22.2,1017902567588.532,8.841710677006644e-07,1.0126820077032704e-06,0.055422183994952814,149.5375702437695,5.742901673929579e-05,0.13417005782143612,0.00035811992368523676,0.748046875,0.6773144691628232,0.4446350044843102
stress,uniform_9bar,22.3,1015855838195.1484,8.859524808155975e-07,1.0126820077032704e-06,0.054596361629509815,149.15965760911274,5.6573339824860257e-05,0.13387637632580957,0.00035739984044986454,0.75,0.680336960140598,0.44543386229739684
stress,uniform_9bar,22.4,1013824073893.2041,8.877279827691345e-07,1.0126820077032704e-06,0.05378283660613682,148.77802216934492,5.573040338544824e-05,0.13357959953237783,0.00035668502225416783,0.75390625,0.6852402925856675,0.44623026621436607
stress,uniform_9bar,22.5,1011806140382.34,8.894984563544052e-07,1.0126820077032704e-06,0.05298142603798467,148.3926513619244,5.49000179862614e-05,0.1332797115019643,0.000355975070026987,0.755859375,0.6882705469329551,0.4470246643180282
stress,uniform_9bar,22.6,1009804855650.5338,8.912613114938969e-07,1.0126820077032704e-06,0.052191949751213766,148.00353321106525,5.408199700139256e-05,0.13297669665438386,0.0003552709751968455,0.759765625,0.6931876535058193,0.4478157591963422
stress,uniform_9bar,22.7,1007816663025.5206,8.930195669698007e-07,1.0126820077032704e-06,0.05141423024495241,147.61065634352755,5.3276156572406044e-05,0.13267053978130475,0.0003545714864502673,0.763671875,0.6981148850978998,0.4486050719565037
stress,uniform_9bar,22.8,1005846387206.3447,8.947688349308244e-07,1.0126820077032704e-06,0.05064809265183976,147.21401000444533,5.2482315567521567e-05,0.1323612260592338,0.0003538783012197066,0.765625,0.7011543988712045,0.44939040234646727
stress,uniform_9bar,22.9,1003889830763.7936,8.965127172522999e-07,1.0126820077032704e-06,0.049893364699145626,146.81358407317913,5.170029554139391e-05,0.13204874106261677,0.00035318994275967025,0.76953125,0.7060936640447424,0.4501735637209632
stress,uniform_9bar,23.0,1001950154720.1693,8.982482768829528e-07,1.0126820077032704e-06,0.049149876670458316,146.40936907918328,5.0929920695479064e-05,0.13173307077704888,0.0003525075231855037,0.771484375,0.7091382790444152,0.45095308499996906
stress,uniform_9bar,23.1,1000026002889.5299,8.999765980079425e-07,1.0126820077032704e-06,0.048417461367933026,146.00135621787442,5.017101783897929e-05,0.13141420161258796,0.0003518305653619471,0.775390625,0.7140883540326242,0.4517295145338461
stress,uniform_9bar,23.2,998117655524.0957,9.016973049408932e-07,1.0126820077032704e-06,0.047695954075092126,145.58953736649127,4.9423416350358186e-05,0.13109212041716467,0.0003511591678877338,0.77734375,0.7171369469852232,0.452502667448928
stress,uniform_9bar,23.3,996226681628.0884,9.034088492080643e-07,1.0126820077032704e-06,0.04698519252016976,145.17390509993044,4.8686948139417836e-05,0.13076681449008015,0.00035049388277215226,0.78125,0.7220965561167458,0.453271770425747
stress,uniform_9bar,23.4,994350397433.4098,9.051135317319282e-07,1.0126820077032704e-06,0.046285016839993004,144.7544527065469,4.7961447609930265e-05,0.1304382715955855,0.0003498337658081072,0.783203125,0.7251479576375038,0.4540379815848113
stress,uniform_9bar,23.5,992493379336.4108,9.068070565888786e-07,1.0126820077032704e-06,0.04559526954439153,144.33117420390593,4.724675162281471e-05,0.13010647997653446,0.00034918042706984774,0.787109375,0.7301157730735995,0.45479914939921723
stress,uniform_9bar,23.6,990651262295.3131,9.084932652432335e-07,1.0126820077032704e-06,0.044915795481128645,143.90406435447167,4.654269945985344e-05,0.12977142836810035,0.0003485323308421901,0.791015625,0.735090834158247,0.4555572042733245
stress,uniform_9bar,23.7,988827617739.841,9.101687532323644e-07,1.0126820077032704e-06,0.044246441801345876,143.47311868121918,4.584913278793817e-05,0.12943310601154953,0.0003478907336306005,0.79296875,0.7381434091280245,0.45631044223729733
stress,uniform_9bar,23.8,987020642859.6698,9.118350325404065e-07,1.0126820077032704e-06,0.04358705792551382,143.03833348315575,4.516589562383938e-05,0.12909150266806196,0.0003472550011677961,0.796875,0.7431245770566187,0.45705962483199314
stress,uniform_9bar,23.9,985230927119.3676,9.134914213781667e-07,1.0126820077032704e-06,0.04293749550988201,142.59970585073634,4.449283429949125e-05,0.1287466086325898,0.0003466253408400363,0.798828125,0.7461767699249342,0.45780441342735567
stress,uniform_9bar,24.0,983459881629.0463,9.151364654643567e-07,1.0126820077032704e-06,0.042297608413420514,142.15723368115835,4.3829797427784534e-05,0.12839841474774405,0.0003460022491060803,0.802734375,0.7511625846007834,0.4585440824111236
stress,uniform_9bar,24.1,981704845448.9297,9.167724944745827e-07,1.0126820077032704e-06,0.04166725266524635,141.7109156935204,4.317663586886049e-05,0.12804691241769967,0.00034538478979032565,0.8046875,0.7542130627617114,0.45927980220405706
stress,uniform_9bar,24.2,979970519697.7185,9.183949740422944e-07,1.0126820077032704e-06,0.04104628643252758,141.26075144383034,4.253320269689823e-05,0.1276920936221091,0.0003447746168470149,0.80859375,0.7592020119716121,0.4600093041200421
stress,uniform_9bar,24.3,978252526512.7844,9.200078462442267e-07,1.0126820077032704e-06,0.040434569988858214,140.806741339845,4.1899353167388685e-05,0.12733395093001262,0.00034417019005031477,0.8125,0.7641955801965188,0.4607345658972855
stress,uniform_9bar,24.4,976554104474.475,9.216079230800305e-07,1.0126820077032704e-06,0.03983196568309716,140.34888665572777,4.127494468488798e-05,0.12697247751373622,0.0003435726488021522,0.814453125,0.7672399168545138,0.4614539936247309
stress,uniform_9bar,24.5,974874032219.8727,9.231961979237686e-07,1.0126820077032704e-06,0.03923833790866461,139.8871895465056,4.0659836771243595e-05,0.1266076671627639,0.00034298156340089496,0.818359375,0.7722342394201874,0.46216808762494216
stress,uniform_9bar,24.6,973212188694.0012,9.24772634843129e-07,1.0126820077032704e-06,0.038653553073289104,139.4216530623102,4.0053891034286235e-05,0.12623951429757435,0.0003423968912568097,0.8203125,0.7752732603971647,0.46287683250394296
stress,uniform_9bar,24.7,971570833166.756,9.26334930276286e-07,1.0126820077032704e-06,0.03807747956919877,138.95228116238644,3.9456971136980765e-05,0.12586801398342976,0.0003418194272294323,0.82421875,0.7802666950518157,0.46357907789396746
stress,uniform_9bar,24.8,969946841795.9102,9.278859018022063e-07,1.0126820077032704e-06,0.03750998774375053,138.47907872885065,3.886894276702977e-05,0.1254931619441043,0.0003412480722841643,0.828125,0.7852626673531697,0.46427623646020066
stress,uniform_9bar,24.9,968344487761.5417,9.294213075766773e-07,1.0126820077032704e-06,0.03695094987049058,138.00205158018196,3.828967360692287e-05,0.12511495457554003,0.0003406843298172755,0.830078125,0.7882897627401046,0.46496618809415297
stress,uniform_9bar,25.0,966760419380.7195,9.309441946087487e-07,1.0126820077032704e-06,0.03640024012064035,137.52120648442883,3.7719033304425857e-05,0.12473338895941778,0.0003401270206349279,0.833984375,0.7932822708656037,0.46565045977083
stress,uniform_9bar,25.1,965196557056.4504,9.324525594503987e-07,1.0126820077032704e-06,0.03585773453500125,137.0365511721142,3.715689344350259e-05,0.12434846287662926,0.00033957682037602863,0.8359375,0.7963001653974994,0.46632805150641976
stress,uniform_9bar,25.2,963653209638.1595,9.339459371882748e-07,1.0126820077032704e-06,0.03532331099627271,136.54809434882154,3.660312751566428e-05,0.1239601748206389,0.00033903383770041997,0.83984375,0.8012874416528697,0.46699873312532947
stress,uniform_9bar,25.3,962128603584.8197,9.354258844884841e-07,1.0126820077032704e-06,0.03479684920177703,136.05584570744244,3.605761089173912e-05,0.12356852401071886,0.00033849744863838474,0.841796875,0.804294535327036,0.4676632851211776
stress,uniform_9bar,25.4,960626775061.838,9.368883143425444e-07,1.0126820077032704e-06,0.0342782306365855,135.55981594007088,3.552022079405685e-05,0.12317351040504695,0.0003379690731993555,0.845703125,0.8092747644296403,0.46831966624038124
stress,uniform_9bar,25.5,959143751006.8198,9.383369271345028e-07,1.0126820077032704e-06,0.033767338547039706,135.06001674952398,3.499083626904183e-05,0.122775134713651,0.00033744731357489104,0.849609375,0.8142543326620487,0.46896972841435847
stress,uniform_9bar,25.6,957682677799.2294,9.397684858080705e-07,1.0126820077032704e-06,0.03326405791466257,134.55646086047219,3.446933816020905e-05,0.12237339841118597,0.0003369332767286726,0.8515625,0.8172407371861116,0.4696118555391642
stress,uniform_9bar,25.7,956242377367.2809,9.411839731239197e-07,1.0126820077032704e-06,0.032768275430453075,134.04916203016145,3.3955609081556766e-05,0.12196830374953029,0.00033642654818981534,0.85546875,0.822210424346931,0.4702465407212967
stress,uniform_9bar,25.8,954822478368.8203,9.425835905513277e-07,1.0126820077032704e-06,0.03227987946955956,133.538135058709,3.344953339135065e-05,0.12155985377018554,0.0003359269973121964,0.857421875,0.8251817742455693,0.47087388630528304
stress,uniform_9bar,25.9,953425696426.3082,9.4396448865752e-07,1.0126820077032704e-06,0.03179876006632571,133.02339579895514,3.2950997166293135e-05,0.12114805231646569,0.0003354355795099578,0.861328125,0.8301396509163663,0.47149247055204857
stress,uniform_9bar,26.0,952048744304.3451,9.453297484863795e-07,1.0126820077032704e-06,0.03132480888970411,132.50496116585322,3.245988817607297e-05,0.12073290404545996,0.0003349511382632834,0.865234375,0.8350943965164085,0.47210383414105805
stress,uniform_9bar,26.1,950695263452.9789,9.466755905895115e-07,1.0126820077032704e-06,0.030857919219031717,131.9828491453805,3.19760958582889e-05,0.12031441443975496,0.0003344749547122889,0.8671875,0.8380383046346163,0.47270609101168737
stress,uniform_9bar,26.2,949363026263.8729,9.480040565113048e-07,1.0126820077032704e-06,0.030397985920162313,131.45707880295197,3.14995112937425e-05,0.11989258981890032,0.00033400624513665287,0.87109375,0.8429782385940094,0.473300262249855
stress,uniform_9bar,26.3,948052628689.217,9.493143869495358e-07,1.0126820077032704e-06,0.029944905421950507,130.92767029132034,3.103002718209461e-05,0.11946743735060275,0.00033354521920511915,0.873046875,0.8459026034870443,0.4738859700445845
stress,uniform_9bar,26.4,946765894051.746,9.506045852036259e-07,1.0126820077032704e-06,0.029498575693082216,130.3946448579445,3.056753781787994e-05,0.11903896506163279,0.00033309251840167586,0.876953125,0.8508256940833147,0.47446221904909575
stress,uniform_9bar,26.5,945500003611.3823,9.51877309954952e-07,1.0126820077032704e-06,0.029058896219246753,129.8580248518096,3.0111939066875076e-05,0.11860718184842828,0.00033264715103319494,0.880859375,0.8557430423492015,0.47503033758085084
stress,uniform_9bar,26.6,944258887379.6698,9.531284396988957e-07,1.0126820077032704e-06,0.028625767980645214,129.31783372968314,2.966312834281419e-05,0.11817209748738049,0.00033221049976190644,0.8828125,0.8586328749592803,0.4755882699112779
stress,uniform_9bar,26.7,943039681159.6316,9.543606891422566e-07,1.0126820077032704e-06,0.028199093429830648,128.7740960617887,2.9221004584447934e-05,0.11773372264478467,0.0003317815569019714,0.88671875,0.8635302316055431,0.47613737194412525
stress,uniform_9bar,26.8,941843537269.8191,9.555727298494678e-07,1.0126820077032704e-06,0.027778776469874835,128.226837536883,2.8785468232940115e-05,0.11729206888644181,0.0003313607278637354,0.888671875,0.8663958308474785,0.47667698181112866
stress,uniform_9bar,26.9,940671791125.1277,9.567630373219968e-07,1.0126820077032704e-06,0.02736472243285715,127.67608496672018,2.8356421209597472e-05,0.11684714868689454,0.0003309484824747592,0.892578125,0.8712710769821468,0.47720634007194324
stress,uniform_9bar,27.0,939521887053.8175,9.579340432634822e-07,1.0126820077032704e-06,0.026956838058670687,127.1218662898868,2.7933766893927626e-05,0.1163989754382816,0.00033054392159499003,0.896484375,0.8761378471252623,0.4777266605280675
stress,uniform_9bar,27.1,938397848343.8071,9.590814829642075e-07,1.0126820077032704e-06,0.026555031474141063,126.56421057499401,2.7517410102020432e-05,0.1159475634587954,0.0003301484607032842,0.8984375,0.8789615420288499,0.4782358170992706
stress,uniform_9bar,27.2,937296564274.6902,9.6020836339718e-07,1.0126820077032704e-06,0.026159212172453275,126.00314802321213,2.710725706524797e-05,0.11549292800072773,0.0003297610053815807,0.90234375,0.8838029314689058,0.4787353101568955
stress,uniform_9bar,27.3,936219355067.5897,9.613131742347123e-07,1.0126820077032704e-06,0.025769290992882284,125.43870997013272,2.670321540927871e-05,0.11503508525808709,0.0003293820201119455,0.904296875,0.8865975424339612,0.4792243872306694
stress,uniform_9bar,27.4,935167450281.3739,9.62394488526314e-07,1.0126820077032704e-06,0.025385180100822642,124.8709288869457,2.6305194133401015e-05,0.11457405237377315,0.0003290119374795221,0.908203125,0.8914113635783136,0.4797023376611163
stress,uniform_9bar,27.5,934138363043.9861,9.634547039340695e-07,1.0126820077032704e-06,0.025006792968113,124.29983838091765,2.5913103590151665e-05,0.11410984744629256,0.0003286498825494595,0.912109375,0.8962138756372758,0.48017035713674794
stress,uniform_9bar,27.6,933136025162.9667,9.644896089429408e-07,1.0126820077032704e-06,0.024634044353651033,123.72547319515961,2.5526855465244862e-05,0.11364248953600187,0.000328297238615858,0.9140625,0.8989589968469097,0.48062634711460933
stress,uniform_9bar,27.7,932157448018.6809,9.655021283292514e-07,1.0126820077032704e-06,0.024266850284294747,123.14786920767153,2.5146362757797416e-05,0.11317199867086163,0.0003279529542183228,0.91796875,0.9037305786657008,0.4810717656920577
stress,uniform_9bar,27.8,931203752338.5446,9.664909508148114e-07,1.0126820077032704e-06,0.023905128036045692,122.567063429654,2.4771539760845656e-05,0.1126983958516889,0.00032761742365276146,0.919921875,0.9064416537754469,0.4815059597146816
stress,uniform_9bar,27.9,930276422939.9524,9.674543800172106e-07,1.0126820077032704e-06,0.023548796115510195,121.98309400307407,2.44023020421499e-05,0.11222170305689143,0.0003272911693097336,0.923828125,0.9111800707752606,0.48192808438112067
stress,uniform_9bar,28.0,929372857952.6565,9.683949690360412e-07,1.0126820077032704e-06,0.023197774241634474,121.39600019747812,2.4038566425282328e-05,0.11174194324667205,0.000326973275795562,0.927734375,0.9159042733490839,0.4823394117511199
stress,uniform_9bar,28.1,928496722834.2584,9.69308752380653e-07,1.0126820077032704e-06,0.022851983327709546,120.80582240604029,2.368025097099395e-05,0.11125914036668759,0.0003266650326967338,0.9296875,0.9185581396070213,0.4827379667495511
stress,uniform_9bar,28.2,927645499588.558,9.701982065338325e-07,1.0126820077032704e-06,0.022511345463642123,120.21260214083978,2.332727495885679e-05,0.11077331935115003,0.0003263655541282579,0.93359375,0.9232457586298823,0.48312498297742057
stress,uniform_9bar,28.3,926819761829.5142,9.71062591742139e-07,1.0126820077032704e-06,0.02217578389848744,119.6163820273584,2.2979558869177076e-05,0.11028450612535666,0.00032607504189981017,0.935546875,0.9258605611756591,0.48350009194963534
stress,uniform_9bar,28.4,926021591114.4318,9.718995848864434e-07,1.0126820077032704e-06,0.021845223023240358,119.01720579819217,2.2637024365175666e-05,0.1097927276076365,0.00032579422834783117,0.939453125,0.9305093398183444,0.4838621369482409
stress,uniform_9bar,28.5,925248096614.0319,9.727120793801923e-07,1.0126820077032704e-06,0.021519588353880775,118.41511828597056,2.2299594275431617e-05,0.10929801171070105,0.00032552209641666764,0.943359375,0.9351409575839489,0.4842125584253065
stress,uniform_9bar,28.6,924502511862.2759,9.734965437650147e-07,1.0126820077032704e-06,0.021198806514669738,117.81016541547864,2.1967192576585116e-05,0.10880038734238738,0.00032525978373281985,0.9453125,0.9376907887999548,0.4845495981480464
stress,uniform_9bar,28.7,923783119153.7792,9.74254650620196e-07,1.0126820077032704e-06,0.020882805221692585,117.20239419497756,2.163974437629609e-05,0.10829988440578288,0.00032500668597074535,0.94921875,0.942280129973722,0.4848740885236963
stress,uniform_9bar,28.8,923089615951.5013,9.749865933355766e-07,1.0126820077032704e-06,0.02057151326664538,116.59185270672045,2.1317175896454526e-05,0.10779653379872026,0.00032476269669143385,0.951171875,0.9447858871000694,0.48518612538611045
stress,uniform_9bar,28.9,922425003614.8112,9.756890765894985e-07,1.0126820077032704e-06,0.020264860500861213,115.97859009666095,2.0999414456639015e-05,0.10729036741263318,0.0003245288718373915,0.955078125,0.9493306999889832,0.4854840685019002
stress,uniform_9bar,29.0,921785937647.0569,9.763655131226373e-07,1.0126820077032704e-06,0.01996277781957278,115.3626565633533,2.0686388457819796e-05,0.10678141813076296,0.00032430403474306707,0.958984375,0.9538553990733469,0.4857696156714824
stress,uniform_9bar,29.1,921175062834.9962,9.77012987336166e-07,1.0126820077032704e-06,0.019665197146407687,114.74410334604275,2.0378027366302665e-05,0.1062697198257066,0.0003240891159010853,0.9609375,0.9562884785180216,0.4860413156714904
stress,uniform_9bar,29.2,920591773737.1785,9.776320250466878e-07,1.0126820077032704e-06,0.019372051418113347,114.1229827119481,2.007426169791042e-05,0.10575530735629891,0.0003238839023041771,0.96484375,0.9607652386114359,0.4862994296214658
stress,uniform_9bar,29.3,920034580104.2628,9.782241009876038e-07,1.0126820077032704e-06,0.019083274569507667,113.49934794273626,1.9775023002398024e-05,0.10523821656381993,0.00032368786965070775,0.966796875,0.9631493089422708,0.4865446903941415
stress,uniform_9bar,29.4,919507708872.031,9.787846162856413e-07,1.0126820077032704e-06,0.018798801518652628,112.87325332019296,1.9480243848098438e-05,0.1047184842675216,0.00032350250506721346,0.970703125,0.967575913006421,0.4867748099039647
stress,uniform_9bar,29.5,919007205880.9974,9.7931767481325e-07,1.0126820077032704e-06,0.018518568152247256,112.24475411109147,1.918985780679547e-05,0.10419614825946617,0.00032332641739570104,0.974609375,0.9719794813517004,0.486991828545542
stress,uniform_9bar,29.6,918534978593.2302,9.798211510446588e-07,1.0126820077032704e-06,0.018242511311236765,111.61390655126525,1.890379943882039e-05,0.1036712472986717,0.0003231602777221781,0.9765625,0.9742833305506595,0.4871946883756039
stress,uniform_9bar,29.7,918091829192.8734,9.802940962792593e-07,1.0126820077032704e-06,0.01797056877663478,110.98076782888954,1.8622004278369053e-05,0.10314382110455948,0.000323004368272207,0.98046875,0.9786334034424784,0.4873829168606508
stress,uniform_9bar,29.8,917675517772.035,9.807388151588175e-07,1.0126820077032704e-06,0.017702679255555482,110.34539606697837,1.8344408819036298e-05,0.1026139103496989,0.00032285790099821914,0.984375,0.9829587126314753,0.4875576588940318
stress,uniform_9bar,29.9,917289586893.0873,9.811514410060533e-07,1.0126820077032704e-06,0.01743878236745253,109.70785030510497,1.807095049956435e-05,0.1020815566518467,0.0003227221222495281,0.986328125,0.9851778819910502,0.48771699116327544
stress,uniform_9bar,30.0,916931524444.7546,9.81534581379992e-07,1.0126820077032704e-06,0.017178818630561806,109.0681904803542,1.78015676898022e-05,0.10154680256527826,0.00032259614821158534,0.990234375,0.9894464209347195,0.48786220893884713
