case_id,geometry_id,family,L,voxel_um,seed,relation,parent_id,direction,force,precision,purpose,status,geometry_sha256,K_gross_lu2,K_void_lu2,q_box_lu,phi_gross,phi_connected_x,phi_connected_y,phi_connected_z,solid_fraction,specific_interfacial_area_lu,pore_distance_q10,pore_distance_q50,pore_distance_q90,euler_characteristic,velocity_cv,flux_gini,top_10_flow_share,top_25_flow_share,normalized_flow_entropy,Mach,steps,wall_seconds,state_phis,state_amp,state_hlen,restriction_fraction,physical_lineage_id
BASE-L128-S101-X,BASE-L128-S101,BASELINE,128,30.0,101,INDEPENDENT_REALIZATIONS,,X,1e-05,f32,SCIENTIFIC_COMPLETION_BATCH_1,PASS,9f96b24c54a5c15e00074d81b3843849ace8608973a999e61e7c98a2cd20a315,1.5263592218565987,3.3923134177135474,6.541539522242568e-05,0.44994640350341797,0.449862003326416,0.449862003326416,0.449862003326416,0.550053596496582,0.14977645874023438,1.0,2.8284271247461903,6.4031242374328485,-142,0.6008900891575134,0.31558211045798545,0.2644168833374322,0.45648569508575015,0.9405913431130315,0.0022704530020297756,2400,9.4,0.55,0,8,0.0,LINEAGE-3f9ce113108f944b
BASE-L128-S211-X,BASE-L128-S211,BASELINE,128,30.0,211,INDEPENDENT_REALIZATIONS,,X,1e-05,f32,SCIENTIFIC_COMPLETION_BATCH_1,PASS,489b63c3d8c04e95228faa3fe6abe5de8dde326f99c92738540babb78e95fd31,1.7279705409848376,3.8452126868374754,7.405588032792162e-05,0.44938230514526367,0.4493231773376465,0.4493231773376465,0.4493231773376465,0.5506176948547363,0.15236949920654297,1.0,2.8284271247461903,6.164414002968976,-154,0.5248157487050773,0.2821238356114653,0.24190978279644443,0.43184569602115624,0.9551746895001321,0.0021330065658042296,2000,8.0,0.55,0,8,0.0,LINEAGE-267cb8a22d1e7cba
BASE-L128-S307-X,BASE-L128-S307,BASELINE,128,30.0,307,INDEPENDENT_REALIZATIONS,,X,1e-05,f32,SCIENTIFIC_COMPLETION_BATCH_1,PASS,476d5ef356a4a4e29db64c055131443c4a6f193cc25b1b682814b3e574c53b17,1.9587219330087002,4.3536491371137975,8.394522570037288e-05,0.4499034881591797,0.4498109817504883,0.4498109817504883,0.4498109817504883,0.5500965118408203,0.14986705780029297,1.0,2.8284271247461903,6.324555320336759,-186,0.5986146202816057,0.3168448522137861,0.2764943556922439,0.45752413253441915,0.9413885133983215,0.002812018601072186,1600,6.5,0.55,0,8,0.0,LINEAGE-86cf3d47b6668667
BASE-L128-S401-X,BASE-L128-S401,BASELINE,128,30.0,401,INDEPENDENT_REALIZATIONS,,X,1e-05,f32,SCIENTIFIC_COMPLETION_BATCH_1,PASS,de115b72b80ff8501e38cca7bae6d97ade9befd14bd6a700056601c1c4a97e9f,1.446931125755788,3.22272203939251,6.201133396096236e-05,0.4489779472351074,0.44890403747558594,0.44890403747558594,0.44890403747558594,0.5510220527648926,0.15471458435058594,1.0,2.8284271247461903,6.164414002968976,-169,0.4033860358239759,0.21223809277445763,0.2154265815706325,0.3944601582678877,0.9735002977326704,0.00169382228155811,2200,8.7,0.55,0,8,0.0,LINEAGE-e69ccc2152ac0b8c
BASE-L128-S503-X,BASE-L128-S503,BASELINE,128,30.0,503,INDEPENDENT_REALIZATIONS,,X,1e-05,f32,SCIENTIFIC_COMPLETION_BATCH_2,PASS,b24115214d440499929b951ac6a5c572b54296599e52de54b36e29bb84b85e1a,1.8001075150422114,4.014175329670308,7.71474649303805e-05,0.4484376907348633,0.44831371307373047,0.4483170509338379,0.44831275939941406,0.5515623092651367,0.1467447280883789,1.0,3.0,7.0,-179,0.6312538090979087,0.34200598998782905,0.2664427074886132,0.477303684392249,0.9331859549141887,0.002181304535182547,2000,7.9,0.55,0,8,0.0,LINEAGE-1712786b14684026
BASE-L128-S601-X,BASE-L128-S601,BASELINE,128,30.0,601,INDEPENDENT_REALIZATIONS,,X,1e-05,f32,SCIENTIFIC_COMPLETION_BATCH_2,PASS,0933e55d6e332a59c10bb754cfce998bb1c2ea4e0acd1e9936e7942b6122fd58,1.7893117194044519,3.981739135618824,7.668478797447652e-05,0.44937944412231445,0.44928836822509766,0.44928836822509766,0.44928836822509766,0.5506205558776855,0.15358257293701172,1.0,2.8284271247461903,6.164414002968976,-172,0.5754050735245257,0.28651212679232274,0.2724376211996457,0.4368211421452225,0.951005522057569,0.0024637021445226654,2200,8.6,0.55,0,8,0.0,LINEAGE-ffc270ed8f8e1cb8
BASE-L128-S701-X,BASE-L128-S701,BASELINE,128,30.0,701,INDEPENDENT_REALIZATIONS,,X,1e-05,f32,SCIENTIFIC_COMPLETION_BATCH_2,PASS,6ecd7d6e2cd95d235955cbccbe68b4465e1e0d805f740031d7e9111cda9c28a0,1.8227611009661038,4.060473698123011,7.811833289854732e-05,0.44890356063842773,0.4488387107849121,0.4488387107849121,0.4488387107849121,0.5510964393615723,0.15179729461669922,1.0,2.8284271247461903,6.324555320336759,-150,0.5534347870709525,0.2821658360170714,0.2614766373972789,0.43695476741295186,0.9537168104957399,0.0020353272300916115,3400,13.1,0.55,0,8,0.0,LINEAGE-e2e83e432e1508a4
BASE-L128-S809-X,BASE-L128-S809,BASELINE,128,30.0,809,INDEPENDENT_REALIZATIONS,,X,1e-05,f32,SCIENTIFIC_COMPLETION_BATCH_2,PASS,299e5e96e47afe49a0303ea5a268fe0371bcc2e939c1fca4781ac19148817482,1.668936409465333,3.711549374005088,7.152584611994286e-05,0.4496603012084961,0.44957494735717773,0.44957494735717773,0.44957494735717773,0.5503396987915039,0.15615081787109375,1.0,2.8284271247461903,6.324555320336759,-196,0.6688934917564207,0.3430874011076184,0.30370039650917013,0.4826072874572048,0.927675486862979,0.0020568489822034423,1800,7.1,0.55,0,8,0.0,LINEAGE-d3a28ec26b9db061
BASE-L160-S101-X,BASE-L160-S101,BASELINE,160,30.0,101,INDEPENDENT_REALIZATIONS,,X,1e-05,f32,SCIENTIFIC_COMPLETION_BATCH_1,PASS,a53249d95694ccffc6fe320f7c6b84793ca959997c22e6cf4319964b35812432,1.586245887744107,3.5277392522602584,6.79819666176046e-05,0.4496494140625,0.4495712890625,0.4495712890625,0.4495712890625,0.5503505859375,0.1528779296875,1.0,2.8284271247461903,6.324555320336759,-334,0.42205810887876544,0.19305803034960867,0.24382566699819186,0.3801405744117181,0.9745660826294579,0.0023040766187431695,1800,15.5,0.55,0,8,0.0,LINEAGE-264d3e2233328140
BASE-L160-S211-X,BASE-L160-S211,BASELINE,160,30.0,211,INDEPENDENT_REALIZATIONS,,X,1e-05,f32,SCIENTIFIC_COMPLETION_BATCH_1,PASS,7bf54f106f134a199b064deeb82b77c61e589fb5d4306c9874fac51bd115194f,1.6069654418848074,3.5720827619001514,6.88699475093489e-05,0.449867919921875,0.4497880859375,0.44978857421875,0.4497880859375,0.550132080078125,0.151189453125,1.0,2.8284271247461903,6.4031242374328485,-332,0.4822246634290442,0.24351978768363675,0.2498364155439728,0.4321923473005139,0.9642066109874271,0.0027233538619929457,2600,21.7,0.55,0,8,0.0,LINEAGE-88a2433e47d76105
BASE-L160-S307-X,BASE-L160-S307,BASELINE,160,30.0,307,INDEPENDENT_REALIZATIONS,,X,1e-05,f32,SCIENTIFIC_COMPLETION_BATCH_1,PASS,d82f4abfbe1c18aa698e7a7289c85c29ebcb5650ee1ab326149cfb5d756c56e3,1.6725227629624564,3.717447348651494,7.167954698410528e-05,0.44991162109375,0.449840576171875,0.449840576171875,0.449840576171875,0.55008837890625,0.1510048828125,1.0,2.8284271247461903,6.324555320336759,-328,0.4647740504981579,0.24882392814948906,0.23181111213273425,0.4157678133129006,0.9652264352154856,0.0022209964250004106,2200,18.5,0.55,0,8,0.0,LINEAGE-eecfde2d0f34ec57
BASE-L160-S401-X,BASE-L160-S401,BASELINE,160,30.0,401,INDEPENDENT_REALIZATIONS,,X,1e-05,f32,SCIENTIFIC_COMPLETION_BATCH_1,PASS,f2d3b910527cc68efa5326200d2d2db4099a4b0bc5ea572bc02b2c05cb51d546,1.7539183876280664,3.901393671859742,7.516793089834572e-05,0.44956201171875,0.449470703125,0.449470703125,0.44947119140625,0.55043798828125,0.1543232421875,1.0,2.8284271247461903,6.164414002968976,-372,0.4008440145085472,0.21290814600406666,0.21393865815019653,0.3866397610793135,0.9740271841155115,0.002415126319010839,4200,35.4,0.55,0,8,0.0,LINEAGE-caf44c528f1cc17f
BASE-L160-S503-X,BASE-L160-S503,BASELINE,160,30.0,503,INDEPENDENT_REALIZATIONS,,X,1e-05,f32,SCIENTIFIC_COMPLETION_BATCH_2,PASS,482d26e05f2896d69502ffd158c622035858eb0e51d0c15f57853a5d1c14f785,1.7405493726639225,3.868861426938762,7.459497311416813e-05,0.44988671875,0.44980322265625,0.44980322265625,0.44980322265625,0.55011328125,0.15197265625,1.0,2.8284271247461903,6.164414002968976,-341,0.4533653592761203,0.24598979687883302,0.2164929752039917,0.3938685440422619,0.9654411459885525,0.002362750841118862,2400,20.4,0.55,0,8,0.0,LINEAGE-ed399fc218de8eed
BASE-L160-S601-X,BASE-L160-S601,BASELINE,160,30.0,601,INDEPENDENT_REALIZATIONS,,X,1e-05,f32,SCIENTIFIC_COMPLETION_BATCH_2,PASS,b385759cf207ac02d0d2a451a65d991a1bf46a33cbdf1d702010fc3f20e4ffd5,1.7152409757218359,3.8126022454394706,7.351032753093584e-05,0.44988720703125,0.449799072265625,0.449799072265625,0.449799072265625,0.55011279296875,0.1531591796875,1.0,2.8284271247461903,6.164414002968976,-360,0.3947143786217726,0.21048664234565728,0.21144333603092613,0.3823954868327482,0.9746310440840439,0.0022175365313901896,3000,25.3,0.55,0,8,0.0,LINEAGE-399ce2b2720fbd50
BASE-L160-S701-X,BASE-L160-S701,BASELINE,160,30.0,701,INDEPENDENT_REALIZATIONS,,X,1e-05,f32,SCIENTIFIC_COMPLETION_BATCH_2,PASS,f68738afe13aba0471c30c0a702b15c3de2ed2ef571a8491db3e86d703217103,1.7107284103126814,3.802557363412053,7.33169318705435e-05,0.449888916015625,0.4498154296875,0.4498154296875,0.4498154296875,0.550111083984375,0.1512021484375,1.0,2.8284271247461903,6.324555320336759,-365,0.42004180301402144,0.22884647875809155,0.21635321357403092,0.39680510243412687,0.9703092549494715,0.002033964565541354,3400,28.6,0.55,0,8,0.0,LINEAGE-9f6b2b22f246b394
BASE-L160-S809-X,BASE-L160-S809,BASELINE,160,30.0,809,INDEPENDENT_REALIZATIONS,,X,1e-05,f32,SCIENTIFIC_COMPLETION_BATCH_2,PASS,deaafd1a69f36ff72a9aa9ac111f636eb5bd9fb4d63bb3b82eb4859a0ac2cce3,1.7163900948455308,3.817178239363878,7.355957549337991e-05,0.44964892578125,0.449560791015625,0.449560791015625,0.449560791015625,0.55035107421875,0.154310546875,1.0,2.8284271247461903,6.164414002968976,-355,0.44564217869689804,0.2402343007613325,0.21951006978603688,0.4093021305743611,0.9675049335588525,0.0018387407894378286,14400,119.4,0.55,0,8,0.0,LINEAGE-33e7620090869406
BASE-L24-S1009-X,BASE-L24-S1009,BASELINE,24,30.0,1009,INDEPENDENT_REALIZATIONS,,X,1e-05,f32,SCIENTIFIC_COMPLETION_BATCH_3,PASS,e29a261db8f2798f4599e4ed9810dabd449ee412ac7e693472bd5fbf29a78c15,0.7741654596636571,1.9220659688201143,3.317851969987103e-05,0.4027777777777778,0.4027777777777778,0.4027777777777778,0.4027777777777778,0.5972222222222222,0.20572916666666666,1.0,2.0,3.605551275463989,1,1.4245758473646906,0.6661151380197925,0.5119097962201078,0.7991734032506527,0.7065537384910364,0.0005385904413864391,9400,1.1,0.55,0,8,0.0,LINEAGE-f149db10340eb480
BASE-L24-S101-X,BASE-L24-S101,BASELINE,24,30.0,101,INDEPENDENT_REALIZATIONS,,X,1e-05,f32,SCORED,PASS,0ff83eaa871862722cdec71c8fdd8b622fec4231c83ffb4cc5ce183e59ac15a2,1.2148544917161377,2.94841090124366,5.206519250212019e-05,0.41203703703703703,0.41203703703703703,0.41203703703703703,0.41203703703703703,0.5879629629629629,0.19039351851851852,1.0,2.23606797749979,4.242640687119285,1,1.412469646714383,0.6633841773132335,0.5156759815474508,0.7933856979616059,0.7053282635303915,0.0007016470770584064,6200,2.5,0.55,0,8,0.0,LINEAGE-2e949a90570d3484
BASE-L24-S1103-X,BASE-L24-S1103,BASELINE,24,30.0,1103,INDEPENDENT_REALIZATIONS,,X,1e-05,f32,SCIENTIFIC_COMPLETION_BATCH_3,PASS,7699b1e50ea6afaca781fb63472a3fab774b413547787699ad0ce15dddf3af78,0.22851235552956214,0.5764516063577859,9.793386665552666e-06,0.39641203703703703,0.39641203703703703,0.39641203703703703,0.39641203703703703,0.6035879629629629,0.2037037037037037,1.0,2.0,3.605551275463989,-1,1.309308668023004,0.6399542873932429,0.41110223776070565,0.7703018835463539,0.7216624795661303,0.00032888366637031296,4200,0.9,0.55,0,8,0.0,LINEAGE-f13dca266369e7bf
BASE-L24-S1201-X,BASE-L24-S1201,BASELINE,24,30.0,1201,INDEPENDENT_REALIZATIONS,,X,1e-05,f32,SCIENTIFIC_COMPLETION_BATCH_3,PASS,afdcb707a3d4382aca3d6c9336abcd22d3b30500a2c2c81a0b11f2d9506a43b3,0.7438980521943863,2.011667972131298,3.188134509404513e-05,0.3697916666666667,0.3697916666666667,0.3697916666666667,0.3697916666666667,0.6302083333333334,0.20052083333333334,1.0,2.0,3.605551275463989,-2,1.2470604253327986,0.621576536007916,0.4234130557729473,0.7121648270366738,0.7469899842486774,0.00037757003950564927,13400,1.2,0.55,0,8,0.0,LINEAGE-1cdd60eb24acfb3a
BASE-L24-S1301-X,BASE-L24-S1301,BASELINE,24,30.0,1301,INDEPENDENT_REALIZATIONS,,X,1e-05,f32,SCIENTIFIC_COMPLETION_BATCH_4,PASS,7b54fb664e5b788cd85e5f8c25091cb2964173314fe87b89f6037a7ed159f650,0.131424823795279,0.31618808982699914,5.632492448369101e-06,0.4156539351851852,0.4156539351851852,0.4156539351851852,0.4156539351851852,0.5843460648148148,0.1947337962962963,1.0,2.23606797749979,4.242640687119285,1,1.4956318618104105,0.6700606739915019,0.49439347689206536,0.8661583451673472,0.6742355794177064,0.00026709898774243435,38000,2.3,0.55,0,8,0.0,LINEAGE-fdf3984153637443
BASE-L24-S1409-X,BASE-L24-S1409,BASELINE,24,30.0,1409,INDEPENDENT_REALIZATIONS,,X,1e-05,f32,SCIENTIFIC_COMPLETION_BATCH_4,PASS,20f5fbd2fc1aa6d60622fd7966d34b910d357f7518b478c6806cf72e9e654210,0.5995649832206216,1.5793419070201737,2.5695642138026645e-05,0.37962962962962965,0.37962962962962965,0.37962962962962965,0.37962962962962965,0.6203703703703703,0.2126736111111111,1.0,1.7320508075688772,3.360867837790133,-1,1.2937050820087088,0.6328452930129018,0.47249369820589326,0.723991210727518,0.7408692604683978,0.0004108912255454243,5800,0.9,0.55,0,8,0.0,LINEAGE-4eabc902c0d554cb
BASE-L24-S1601-X,BASE-L24-S1601,BASELINE,24,30.0,1601,INDEPENDENT_REALIZATIONS,,X,1e-05,f32,SCIENTIFIC_COMPLETION_BATCH_4,PASS,e85a1523ac5df372a7c6c77cc28e2d6b960ca77ec95a3e54d80ac7581f0fbf6c,0.15445205820563213,0.50357199354591,6.619373923098521e-06,0.30671296296296297,0.30671296296296297,0.30671296296296297,0.30671296296296297,0.6932870370370371,0.18055555555555555,1.0,1.7320508075688772,3.3166247903554,2,1.9729721277651362,0.7789360044110348,0.7334688877305489,0.9059036183959679,0.5487259845774154,0.0003576642335374755,3000,0.8,0.55,0,8,0.0,LINEAGE-740cd59278fb9118
BASE-L24-S1709-X,BASE-L24-S1709,BASELINE,24,30.0,1709,INDEPENDENT_REALIZATIONS,,X,1e-05,f32,SCIENTIFIC_COMPLETION_BATCH_5,PASS,1eac6c22126b484202eb733d10be3e29037a0fc918134c2df31f15156d1d3bd5,1.4501943997451956,3.445769574093775,6.215118856050839e-05,0.42086226851851855,0.42086226851851855,0.42086226851851855,0.42086226851851855,0.5791377314814815,0.1902488425925926,1.0,2.23606797749979,4.242640687119285,1,1.271605484855081,0.6310712068208308,0.4211441706340331,0.7363113007037951,0.7358205203173731,0.0007724711032923687,6000,0.9,0.55,0,8,0.0,LINEAGE-8d5d9c3be6a5f71e
BASE-L24-S1801-X,BASE-L24-S1801,BASELINE,24,30.0,1801,INDEPENDENT_REALIZATIONS,,X,1e-05,f32,SCIENTIFIC_COMPLETION_BATCH_5,PASS,ab8443f2b11eb81cda355aa54c375a572513189ceb89ff2cfe6388b35455625d,0.4953203463626995,1.504902960025925,2.1228014844115697e-05,0.32913773148148145,0.32913773148148145,0.32913773148148145,0.32913773148148145,0.6708622685185185,0.1824363425925926,1.0,2.0,3.605551275463989,1,1.1704612767435307,0.6061771226753845,0.36964477090122017,0.6788132742954452,0.7339306446888013,0.00040851460286790416,3200,0.8,0.55,0,8,0.0,LINEAGE-854b4a80b5ab3ae9
BASE-L24-S1901-X,BASE-L24-S1901,BASELINE,24,30.0,1901,INDEPENDENT_REALIZATIONS,,X,1e-05,f32,SCIENTIFIC_COMPLETION_BATCH_5,PASS,c864358bc31e90048022f1aab747c64ac09838885270a4d847bab69cf0747129,0.4702506812292268,1.2771601998649964,2.0153600624109725e-05,0.36820023148148145,0.36820023148148145,0.36820023148148145,0.36820023148148145,0.6317997685185185,0.2175925925925926,1.0,1.7320508075688772,3.1622776601683795,0,1.3436505911342587,0.6426349225323602,0.46429081278605777,0.75616809740705,0.7259326409646529,0.0003700444583656784,10800,1.1,0.55,0,8,0.0,LINEAGE-7bf933115d062c6e
BASE-L24-S2003-X,BASE-L24-S2003,BASELINE,24,30.0,2003,INDEPENDENT_REALIZATIONS,,X,1e-05,f32,SCIENTIFIC_COMPLETION_BATCH_5,PASS,1dc695ce000d59346fcc349fe8d14dcdb42c4653fa99227854787f25b3bac196,1.1356312317752064,2.945397025902524,4.866990993322314e-05,0.3855613425925926,0.3855613425925926,0.3855613425925926,0.3855613425925926,0.6144386574074074,0.1802662037037037,1.0,2.23606797749979,4.242640687119285,0,1.0679230724977238,0.55526130166544,0.32805805027202384,0.5866210475056785,0.7555559715236465,0.0004793057118204475,14400,1.3,0.55,0,8,0.0,LINEAGE-a07c75218fab7b33
BASE-L24-S211-X,BASE-L24-S211,BASELINE,24,30.0,211,INDEPENDENT_REALIZATIONS,,X,1e-05,f32,SCORED,PASS,fe34bf3d96c133c111bdac8e96490f2835af940147da063e2cb1ea6bf43f83ab,0.8693234617575563,2.084928441245048,3.7256719789609565e-05,0.41695601851851855,0.41695601851851855,0.41695601851851855,0.41695601851851855,0.5830439814814815,0.19299768518518517,1.0,2.23606797749979,4.58257569495584,-1,1.252975642989879,0.6321871912989575,0.4176516195957464,0.7260688739190388,0.7325444697743325,0.0005383632970218542,4200,0.9,0.55,0,8,0.0,LINEAGE-0c2ddd6b9cb54e4a
BASE-L24-S2111-X,BASE-L24-S2111,BASELINE,24,30.0,2111,INDEPENDENT_REALIZATIONS,,X,1e-05,f32,SCIENTIFIC_COMPLETION_BATCH_6,PASS,8929f4d08012a04d86fc25ce3b8da2e5be03519c278a5ec87a842d4ee7942902,0.17474691628928335,0.45018661401100507,7.489153555255002e-06,0.38816550925925924,0.38816550925925924,0.38816550925925924,0.38816550925925924,0.6118344907407407,0.2037037037037037,1.0,2.0,3.605551275463989,1,1.473088946501256,0.6692289358209761,0.5232367426694235,0.7574142183959083,0.7041306429203544,0.0002971852065267996,21400,1.6,0.55,0,8,0.0,LINEAGE-621a0795d73dc669
BASE-L24-S2203-X,BASE-L24-S2203,BASELINE,24,30.0,2203,INDEPENDENT_REALIZATIONS,,X,1e-05,f32,SCIENTIFIC_COMPLETION_BATCH_6,PASS,3c1fe9778873a3a3b1982e4d254faf26fc6633abf7b4006d6f7224cea8787c03,0.19189664911557838,0.46654577512728734,8.224142104953362e-06,0.4113136574074074,0.4113136574074074,0.4113136574074074,0.4113136574074074,0.5886863425925926,0.19212962962962962,1.0,2.0,4.123105625617661,1,1.488721587885172,0.6804473692905266,0.5383386628479171,0.7706252087173073,0.6920125816815215,0.00032713221999318854,34200,2.1,0.55,0,8,0.0,LINEAGE-2a27106dd5d19c84
BASE-L24-S2309-X,BASE-L24-S2309,BASELINE,24,30.0,2309,INDEPENDENT_REALIZATIONS,,X,1e-05,f32,SCIENTIFIC_COMPLETION_BATCH_6,PASS,7399210a17c6ba6130b4fbb8cf2538fffd974e412252e85c554880c8e452b7e2,0.6692696548018122,1.6334716998552705,2.8682985205791956e-05,0.4097222222222222,0.4097222222222222,0.4097222222222222,0.4097222222222222,0.5902777777777778,0.19835069444444445,1.0,2.0,4.123105625617661,-1,1.2849499287540203,0.6340777845194367,0.4537088677329121,0.7049849896157634,0.7322969296981428,0.00046045676230493823,7200,1.0,0.55,0,8,0.0,LINEAGE-bb598c98d6a2e43c
BASE-L24-S2411-X,BASE-L24-S2411,BASELINE,24,30.0,2411,INDEPENDENT_REALIZATIONS,,X,1e-05,f32,SCIENTIFIC_COMPLETION_BATCH_6,PASS,ccc73e45f77875b314bd88dcc03933a5fe79f1eb8b9a62cbbaa234833d06b49a,0.2401375743975706,0.5626545471986468,1.0291610331324456e-05,0.42679398148148145,0.42679398148148145,0.42679398148148145,0.42679398148148145,0.5732060185185185,0.1875,1.0,2.23606797749979,4.358898943540674,1,1.447143306239245,0.6762347486589706,0.5343701226170581,0.7896407898323907,0.6949880204241382,0.00035749112795647575,35800,2.2,0.55,0,8,0.0,LINEAGE-ae3062a161ef5b37
BASE-L24-S307-X,BASE-L24-S307,BASELINE,24,30.0,307,INDEPENDENT_REALIZATIONS,,X,1e-05,f32,SCORED,PASS,411e1bc793875b624e2115c734c9258638650e3b2c734fc5adb81d068d1e21bb,0.5429112542231014,1.7709309057055578,2.3267625180990062e-05,0.30656828703703703,0.30656828703703703,0.30656828703703703,0.30656828703703703,0.6934317129629629,0.16666666666666666,1.0,2.0,4.0,-1,1.557225014281792,0.7084711575672265,0.5628228633538409,0.8375259015309923,0.6558158271325146,0.0004126778828277113,2000,0.8,0.55,0,8,0.0,LINEAGE-e05ff5681b76d793
BASE-L24-S401-X,BASE-L24-S401,BASELINE,24,30.0,401,INDEPENDENT_REALIZATIONS,,X,1e-05,f32,SCORED,PASS,c7ee63746d2c3a30043ddd0bb4959711f0c99cd61182cd4233f7f193cffc6beb,1.092994326359966,3.0279666468136615,4.68426139868557e-05,0.3609664351851852,0.3609664351851852,0.3609664351851852,0.3609664351851852,0.6390335648148148,0.17201967592592593,1.0,2.0,4.123105625617661,0,1.4391097838302183,0.6827349097794437,0.46957795606024066,0.8256433256502965,0.6789487767840878,0.000744013483389235,7800,1.0,0.55,0,8,0.0,LINEAGE-7eff4ec15556c91f
BASE-L24-S503-X,BASE-L24-S503,BASELINE,24,30.0,503,INDEPENDENT_REALIZATIONS,,X,1e-05,f32,SCORED,PASS,7ea59a784a701024e4f7ad05751497e27ecfd8f82be02ead8990aa296fb7cb66,1.37324183533942,3.5463656139981583,5.885322151454659e-05,0.38722511574074076,0.38722511574074076,0.38722511574074076,0.38722511574074076,0.6127748842592593,0.1775173611111111,1.0,2.23606797749979,4.47213595499958,-1,1.5017359349151296,0.6912989552601011,0.526284456063969,0.8197063857242147,0.6774468566817127,0.000928885959105343,16000,1.4,0.55,0,8,0.0,LINEAGE-c90c02c23516a928
BASE-L24-S601-X,BASE-L24-S601,BASELINE,24,30.0,601,INDEPENDENT_REALIZATIONS,,X,1e-05,f32,SCORED,PASS,656543e11bbcc96cd18a8324d7ef46a6cd8d223a5a28fd06f0e2191e170af2e6,2.021437407011742,4.529068187119987,8.663303172907467e-05,0.44632523148148145,0.44632523148148145,0.44632523148148145,0.44632523148148145,0.5536747685185185,0.18287037037037038,1.0,2.23606797749979,4.242640687119285,1,1.3474579788508243,0.6407091120725993,0.4861060480011189,0.7364348432328224,0.7323756037521882,0.000876048429449987,7200,1.0,0.55,0,8,0.0,LINEAGE-84a2f90148298a5f
BASE-L24-S701-X,BASE-L24-S701,BASELINE,24,30.0,701,INDEPENDENT_REALIZATIONS,,X,1e-05,f32,SCORED,PASS,830c7b40072d33575471535ddfe6a9f92c4cfd0110bf268f928abcd99e2a9935,0.33565288482617356,0.7822092852051624,1.438512363540744e-05,0.4291087962962963,0.4291087962962963,0.4291087962962963,0.4291087962962963,0.5708912037037037,0.19039351851851852,1.0,2.23606797749979,4.242640687119285,1,1.3352611405177526,0.6554873930628635,0.44680492565146007,0.7616718963501601,0.7098706601339971,0.0004026043629598337,17800,1.4,0.55,0,8,0.0,LINEAGE-81c1f3ba90e952b2
BASE-L24-S809-X,BASE-L24-S809,BASELINE,24,30.0,809,INDEPENDENT_REALIZATIONS,,X,1e-05,f32,SCORED,PASS,a3475e2c0483be404d910a69160dc2606d2610ebece8dc205f8083fae13863da,0.5957262177843886,1.9786927521987958,2.5531123619330948e-05,0.30107060185185186,0.30107060185185186,0.30107060185185186,0.30107060185185186,0.6989293981481481,0.16565393518518517,1.0,2.0,3.7416573867739413,0,1.4754790161238749,0.6951128334132065,0.5195816469231501,0.8012121980745992,0.6678160509298816,0.00039390086740191855,11400,1.2,0.55,0,8,0.0,LINEAGE-1a0e94f83b1f9fd5
BASE-L24-S907-X,BASE-L24-S907,BASELINE,24,30.0,907,INDEPENDENT_REALIZATIONS,,X,1e-05,f32,SCIENTIFIC_COMPLETION_BATCH_3,PASS,f1ac5c6c2a6301f29c0f010b60ebba20294e36cce2c1177ad9073fcd4a09cba5,0.32455054522450716,0.7871204802076468,1.390930908105031e-05,0.4123263888888889,0.41218171296296297,0.41218171296296297,0.41218171296296297,0.5876736111111112,0.2019675925925926,1.0,2.0,4.123105625617661,-3,1.2343424245855783,0.6230708079453489,0.4393257742008992,0.6964153117605034,0.7436369827781681,0.00036041824553711396,5600,0.9,0.55,0,8,0.0,LINEAGE-f6716acd691793fd
BASE-L32-S1009-X,BASE-L32-S1009,BASELINE,32,30.0,1009,INDEPENDENT_REALIZATIONS,,X,1e-05,f32,SCIENTIFIC_COMPLETION_BATCH_3,PASS,e8dea2dd521cb2af020f0faa34f0a4dde6ec27b6f154d020bd004cd378d0ddaf,3.053330517422324,7.114522818381193,0.00013085702217524247,0.429168701171875,0.429168701171875,0.429168701171875,0.429168701171875,0.570831298828125,0.152587890625,1.0,2.8284271247461903,5.830951894845301,0,1.370825991273458,0.6557773464580696,0.47744189336176923,0.735156810172289,0.7138426652230222,0.0015659300232527856,1600,0.8,0.55,0,8,0.0,LINEAGE-707beaee0cf5eb43
BASE-L32-S101-X,BASE-L32-S101,BASELINE,32,30.0,101,INDEPENDENT_REALIZATIONS,,X,1e-05,f32,SCORED,PASS,94063f8aba77cd792b8cfcb798b9288884b88ed04014ff8b589dadd77ba78477,1.2480981652544942,3.5995142298063074,5.3489921368049756e-05,0.34674072265625,0.346710205078125,0.346710205078125,0.346710205078125,0.65325927734375,0.16741943359375,1.0,2.23606797749979,4.242640687119285,-4,1.6667055958000327,0.6901775186241592,0.5761313934425489,0.8090407463317111,0.6716258642644983,0.0008762702304273891,13600,2.9,0.55,0,8,0.0,LINEAGE-f437c258e5ed4be5
BASE-L32-S1103-X,BASE-L32-S1103,BASELINE,32,30.0,1103,INDEPENDENT_REALIZATIONS,,X,1e-05,f32,SCIENTIFIC_COMPLETION_BATCH_3,PASS,82de938e5baffe3c19bb33120a9f64c71e8b1233e37b9a3ab006fa2b984081a0,0.6688401980980323,1.603846001556994,2.86645799184871e-05,0.417022705078125,0.417022705078125,0.417022705078125,0.417022705078125,0.582977294921875,0.18408203125,1.0,2.23606797749979,4.242640687119285,0,0.8542048941406952,0.44203723390759997,0.346184710487446,0.5410437758386895,0.8830937942455678,0.0005006294561506338,22600,1.7,0.55,0,8,0.0,LINEAGE-7fd6f54394822e5b
BASE-L32-S1201-X,BASE-L32-S1201,BASELINE,32,30.0,1201,INDEPENDENT_REALIZATIONS,,X,1e-05,f32,SCIENTIFIC_COMPLETION_BATCH_3,PASS,a8041e73891d484f8987257470de1582b665b4d147b82dce1553bedab8cbe889,1.2258929947261303,2.7502438484996468,5.253827120254846e-05,0.44573974609375,0.445526123046875,0.445526123046875,0.445526123046875,0.55426025390625,0.17724609375,1.0,2.23606797749979,4.898979485566356,-1,1.5909236199948589,0.6546836975338006,0.5679166240063265,0.7767794467004338,0.7074336908179317,0.001136071966013294,1600,0.8,0.55,0,8,0.0,LINEAGE-2fa16e08761c1499
BASE-L32-S1301-X,BASE-L32-S1301,BASELINE,32,30.0,1301,INDEPENDENT_REALIZATIONS,,X,1e-05,f32,SCIENTIFIC_COMPLETION_BATCH_4,PASS,c07aebaae5e59f36b7d9f3787e8bf54cfe7dbb27d7f1e1c593d75210188c4f39,1.7991322573180182,4.236111648185443,7.710566817077223e-05,0.424713134765625,0.424713134765625,0.424713134765625,0.424713134765625,0.575286865234375,0.1529541015625,1.0,2.449489742783178,5.916079783099616,0,1.72731615550051,0.7155755220547596,0.6125541314357146,0.8200016551663714,0.6474199465689093,0.0015413689928387895,7200,1.0,0.55,0,8,0.0,LINEAGE-905f4d1bf07ddc2b
BASE-L32-S1409-X,BASE-L32-S1409,BASELINE,32,30.0,1409,INDEPENDENT_REALIZATIONS,,X,1e-05,f32,SCIENTIFIC_COMPLETION_BATCH_4,PASS,62524e8364868a655c467a46af53dd6a1cd01b5de5a52d80453fb333f6e69ffd,0.9582947160426126,2.164121382169837,4.106977354468341e-05,0.44281005859375,0.44281005859375,0.44281005859375,0.44281005859375,0.55718994140625,0.18170166015625,1.0,2.23606797749979,4.0,-1,0.5855439043273376,0.31692783444044403,0.24793940428686512,0.45220423056779335,0.9423554870278977,0.00038961675631874035,2400,0.8,0.55,0,8,0.0,LINEAGE-ff15fa0579ddbc21
BASE-L32-S1511-X,BASE-L32-S1511,BASELINE,32,30.0,1511,INDEPENDENT_REALIZATIONS,,X,1e-05,f32,SCIENTIFIC_COMPLETION_BATCH_4,PASS,0b87a1a3b4e3d820fc664d62a2b6d7e832f7551654df365c52d00b2d46e56cdd,0.6804572163928667,1.608282030204952,2.9162452131122868e-05,0.423095703125,0.423095703125,0.423095703125,0.423095703125,0.576904296875,0.17620849609375,1.0,2.23606797749979,5.0,-2,1.5714277764794162,0.6746301794476283,0.5697585586261009,0.7929740902276116,0.6951637614969038,0.0009283334730343596,10800,1.2,0.55,0,8,0.0,LINEAGE-64553cfa1071de4a
BASE-L32-S1601-X,BASE-L32-S1601,BASELINE,32,30.0,1601,INDEPENDENT_REALIZATIONS,,X,1e-05,f32,SCIENTIFIC_COMPLETION_BATCH_4,PASS,55297e80468e4062743ea2aa354b8acd3537cfedb95ab9a8e535ca48670559a6,1.9663890579128342,4.976031867301549,8.427381676769292e-05,0.395172119140625,0.3951416015625,0.3951416015625,0.3951416015625,0.604827880859375,0.16064453125,1.0,2.23606797749979,5.0990195135927845,1,1.4540128388462175,0.6667996155417522,0.5241067637773378,0.7789573428631968,0.7038279744211561,0.0010817388928584916,3400,0.8,0.55,0,8,0.0,LINEAGE-49949d726b3d4cda
BASE-L32-S1709-X,BASE-L32-S1709,BASELINE,32,30.0,1709,INDEPENDENT_REALIZATIONS,,X,1e-05,f32,SCIENTIFIC_COMPLETION_BATCH_5,PASS,ed037baee26f19dc0981d440410d72a4cca002e5e3429a56086f7df766d97def,0.7069676839314002,1.5874677631099925,3.0298615025631443e-05,0.445343017578125,0.445281982421875,0.445281982421875,0.445281982421875,0.554656982421875,0.18463134765625,1.0,2.23606797749979,4.898979485566356,-4,1.0778624164682074,0.5478439448713821,0.3920791127854917,0.6489913726807678,0.8141093044221038,0.0006786183889423806,11400,1.2,0.55,0,8,0.0,LINEAGE-824d07e9147b40dc
BASE-L32-S1801-X,BASE-L32-S1801,BASELINE,32,30.0,1801,INDEPENDENT_REALIZATIONS,,X,1e-05,f32,SCIENTIFIC_COMPLETION_BATCH_5,PASS,05cfa3c0f001d290950b58ca9a68f239c9ea66de1633f116c01dc056277d0779,0.9957774751088105,2.911021170877465,4.2676177504663314e-05,0.342071533203125,0.341827392578125,0.341827392578125,0.341827392578125,0.657928466796875,0.183837890625,1.0,2.0,4.358898943540674,-1,1.6963881363294453,0.7225707788025837,0.5952548050096589,0.8442298574000529,0.6372679915234607,0.000922722815673721,2800,0.8,0.55,0,8,0.0,LINEAGE-d25cdde972a162bb
BASE-L32-S1901-X,BASE-L32-S1901,BASELINE,32,30.0,1901,INDEPENDENT_REALIZATIONS,,X,1e-05,f32,SCIENTIFIC_COMPLETION_BATCH_5,PASS,8e3d22357299d1f6ff85d26ebb4b53f6129f2659a95419172b368c0441c910d5,1.1129561172951894,2.6918619760502485,4.769811931265098e-05,0.4134521484375,0.413360595703125,0.413360595703125,0.413360595703125,0.5865478515625,0.17547607421875,1.0,2.23606797749979,4.47213595499958,1,1.15886822298132,0.5757862804489774,0.41593269454740533,0.6458327909210592,0.7868081938759254,0.0007055264769717953,2400,0.8,0.55,0,8,0.0,LINEAGE-5e051425b1accf3d
BASE-L32-S211-X,BASE-L32-S211,BASELINE,32,30.0,211,INDEPENDENT_REALIZATIONS,,X,1e-05,f32,SCORED,PASS,e4edd11b668876d9b10412382870a3a3aaf834d7c0fd60187af1f0a4e13991bd,0.9673267097203524,2.1952601720421434,4.145685898801511e-05,0.440643310546875,0.440521240234375,0.440521240234375,0.440521240234375,0.559356689453125,0.1708984375,1.0,2.23606797749979,5.0,1,1.4490669624220047,0.6079035439444809,0.5579048904013721,0.707030856465363,0.7487072165020677,0.0008816018218310054,36000,2.3,0.55,0,8,0.0,LINEAGE-b8019ff74341da42
BASE-L32-S2111-X,BASE-L32-S2111,BASELINE,32,30.0,2111,INDEPENDENT_REALIZATIONS,,X,1e-05,f32,SCIENTIFIC_COMPLETION_BATCH_6,PASS,9ce75984100a1c65f6e90cbe7cf87f8739468ce8e2e6a801404d608a718c3fe4,1.0020838660370917,2.4906162107329655,4.294645140158965e-05,0.40234375,0.402191162109375,0.402191162109375,0.402191162109375,0.59765625,0.18017578125,1.0,2.23606797749979,4.58257569495584,-1,1.5002822130859883,0.6438198221943028,0.5026321201930823,0.7251680614354552,0.7183391173900517,0.0008932326618114675,3000,0.8,0.55,0,8,0.0,LINEAGE-08f95f4446661855
BASE-L32-S2309-X,BASE-L32-S2309,BASELINE,32,30.0,2309,INDEPENDENT_REALIZATIONS,,X,1e-05,f32,SCIENTIFIC_COMPLETION_BATCH_6,PASS,04700f13e8fcf66b8e6c6c2b938ea4994c5df9cb8bca9ac9f3304ed436d52154,1.6010303410031965,3.985911123992763,6.861558604299414e-05,0.40167236328125,0.401519775390625,0.401519775390625,0.401519775390625,0.59832763671875,0.17926025390625,1.0,2.23606797749979,4.69041575982343,-2,1.683468446046777,0.6850369622527912,0.5904777498317536,0.7927573250816586,0.6808800953561829,0.0011225586406464448,3600,0.8,0.55,0,8,0.0,LINEAGE-e841a8273f19d3db
BASE-L32-S307-X,BASE-L32-S307,BASELINE,32,30.0,307,INDEPENDENT_REALIZATIONS,,X,1e-05,f32,SCORED,PASS,c620791263263081df4352bf6a8d43ed90a73014c86b4b2287d3f7ff909093b8,1.9549933789060527,4.634393622223362,8.378543052454513e-05,0.421844482421875,0.42181396484375,0.42181396484375,0.42181396484375,0.578155517578125,0.1663818359375,1.0,2.23606797749979,5.0,-3,1.3068372079187047,0.6307460544711062,0.4498849122730437,0.7306447795893615,0.7418729693942692,0.0011924357279348393,2400,0.8,0.55,0,8,0.0,LINEAGE-e74e7d3cdffb6b0e
BASE-L32-S401-X,BASE-L32-S401,BASELINE,32,30.0,401,INDEPENDENT_REALIZATIONS,,X,1e-05,f32,SCORED,PASS,24ef50153f57bb76a30c1a4be4748d0c2ae032ea86d0a8e0f130da2c170478b0,4.121869939366854,9.28093411483358,0.00017665156883000805,0.444122314453125,0.444091796875,0.444091796875,0.444091796875,0.555877685546875,0.13250732421875,1.0,3.0,5.385164807134504,0,1.1238524809599644,0.589239052131765,0.37618626609866035,0.6420376185618097,0.7553673737598814,0.0013206099759373424,2400,0.8,0.55,0,8,0.0,LINEAGE-fb8abbea8bdf9ba4
BASE-L32-S503-X,BASE-L32-S503,BASELINE,32,30.0,503,INDEPENDENT_REALIZATIONS,,X,1e-05,f32,SCORED,PASS,f15c9103ab505c658832b7461484fd6f037dcd9a7dd9e9bee848841d32ada439,1.2112850949051515,2.9022660127121966,5.191221835307793e-05,0.4173583984375,0.4173583984375,0.4173583984375,0.4173583984375,0.5826416015625,0.1607666015625,1.0,2.23606797749979,5.0990195135927845,1,1.1810064429182672,0.6069106524931167,0.40709202136635725,0.6751231376962595,0.7560755367602853,0.0009276529473082394,13000,1.3,0.55,0,8,0.0,LINEAGE-cbfb6ae0b8e4afc2
BASE-L32-S601-X,BASE-L32-S601,BASELINE,32,30.0,601,INDEPENDENT_REALIZATIONS,,X,1e-05,f32,SCORED,PASS,19c7cd99f1673ba505c16135c415bfe826c5969ee6bd2dde30e64c1adfefe750,1.1483803215519377,3.132189643467113,4.9216299495083055e-05,0.36663818359375,0.3665771484375,0.3665771484375,0.3665771484375,0.63336181640625,0.16180419921875,1.0,2.23606797749979,4.47213595499958,-2,1.395444804397048,0.6703932111700477,0.476071117594238,0.7913018602940343,0.698140920114768,0.0009513261689008707,8400,1.1,0.55,0,8,0.0,LINEAGE-2cee23a440049ab8
BASE-L32-S701-X,BASE-L32-S701,BASELINE,32,30.0,701,INDEPENDENT_REALIZATIONS,,X,1e-05,f32,SCORED,PASS,89262aaa65fd8bb1beb2ab61c507d3cccfc26f412ad47adf23168c4d9431eac3,1.9545742018341443,4.407948206861751,8.376746579289191e-05,0.44342041015625,0.44342041015625,0.44342041015625,0.44342041015625,0.55657958984375,0.15350341796875,1.0,2.8284271247461903,6.0,0,1.5660281173894237,0.6983465427835414,0.5869104429708341,0.8158555888525801,0.6679354550539863,0.0015436627174010055,5400,0.9,0.55,0,8,0.0,LINEAGE-9f02c702bf8babe5
BASE-L32-S809-X,BASE-L32-S809,BASELINE,32,30.0,809,INDEPENDENT_REALIZATIONS,,X,1e-05,f32,SCORED,PASS,a843207eff3a83389b0da0cc7e78a965ed580c29b01507eb4f34dac73de02da0,1.5101367576937912,3.733526578852433,6.472014675830535e-05,0.40447998046875,0.404388427734375,0.404388427734375,0.404388427734375,0.59552001953125,0.18341064453125,1.0,2.23606797749979,5.0990195135927845,-10,1.3352378058229208,0.6373811445688043,0.49291613431706255,0.7551701442425386,0.7363872197681217,0.0009243816853474366,7000,1.0,0.55,0,8,0.0,LINEAGE-4e824c2a566b2a18
BASE-L32-S907-X,BASE-L32-S907,BASELINE,32,30.0,907,INDEPENDENT_REALIZATIONS,,X,1e-05,f32,SCIENTIFIC_COMPLETION_BATCH_3,PASS,c1cb7d7751d75bfed90cc9ed37873a686d435c34f7114124d0607c684fc03815,2.0255866345532563,4.702403318529302,8.681085576656814e-05,0.430755615234375,0.430755615234375,0.430755615234375,0.430755615234375,0.569244384765625,0.1572265625,1.0,2.449489742783178,5.477225575051661,-5,1.5675811696961695,0.7006023741540359,0.5769964221351703,0.8066451751371131,0.6677934178744243,0.0015566807208578655,1600,0.8,0.55,0,8,0.0,LINEAGE-3f564dce9b8b1dcb
BASE-L40-S1009-X,BASE-L40-S1009,BASELINE,40,30.0,1009,INDEPENDENT_REALIZATIONS,,X,1e-05,f32,SCIENTIFIC_COMPLETION_BATCH_3,PASS,6c226b4213b05aed11153c8b491114af2c04534569945df93f8d8d712bccc308,2.2461005691583855,5.182436961069171,9.626145296393081e-05,0.43340625,0.43315625,0.43315625,0.43315625,0.56659375,0.166,1.0,2.449489742783178,5.477225575051661,-11,1.302538389268452,0.6193299785756584,0.46834661410694084,0.7164739864094366,0.7546245643543952,0.0014834647223105608,5800,1.3,0.55,0,8,0.0,LINEAGE-5a484ab4707279d1
BASE-L40-S101-X,BASE-L40-S101,BASELINE,40,30.0,101,INDEPENDENT_REALIZATIONS,,X,1e-05,f32,SCORED,PASS,6be3b870f9991cfd2f7759553944b8fc6a7b9a83187558558ec98970aaedccac,0.8201423407052879,2.0908663880313267,3.514895745879806e-05,0.39225,0.39215625,0.39215625,0.39215625,0.60775,0.17453125,1.0,2.23606797749979,4.898979485566356,-8,0.8872444439562771,0.44470631817738937,0.3440659955676682,0.5688169333184004,0.875529327674337,0.0006292507843505415,4000,1.1,0.55,0,8,0.0,LINEAGE-6ca7820524bc75f9
BASE-L40-S1103-X,BASE-L40-S1103,BASELINE,40,30.0,1103,INDEPENDENT_REALIZATIONS,,X,1e-05,f32,SCIENTIFIC_COMPLETION_BATCH_3,PASS,88136719b03ed89f6c1f71bdc95c36b241c0aef025d7b7e2d01aa598c0c6a637,1.5413401263801916,3.5719219353417193,6.60574339877225e-05,0.431515625,0.431515625,0.431515625,0.431515625,0.568484375,0.165625,1.0,2.449489742783178,5.744562646538029,-2,1.242375991063031,0.5854091361696807,0.47336770679606194,0.7159975197537363,0.783716928292365,0.00103578495653681,5800,1.3,0.55,0,8,0.0,LINEAGE-88edbdd9c1f9fc4c
BASE-L40-S1201-X,BASE-L40-S1201,BASELINE,40,30.0,1201,INDEPENDENT_REALIZATIONS,,X,1e-05,f32,SCIENTIFIC_COMPLETION_BATCH_3,PASS,8472a8fc812940387511dd9a3819c24ee1b5d381975ef05964800c5e0e139811,0.40948463832472126,0.9677628084483811,1.7549341642488057e-05,0.423125,0.422953125,0.422953125,0.422953125,0.576875,0.17553125,1.0,2.23606797749979,5.0990195135927845,-1,0.8070016068717545,0.3949475782661383,0.33082218815514625,0.5240276858269731,0.9055442881540686,0.0005409865976727645,8000,1.5,0.55,0,8,0.0,LINEAGE-9b966ff567b8d854
BASE-L40-S1301-X,BASE-L40-S1301,BASELINE,40,30.0,1301,INDEPENDENT_REALIZATIONS,,X,1e-05,f32,SCIENTIFIC_COMPLETION_BATCH_4,PASS,def211d42de4953653ab0f1ee85d116b7dcb6fc8c79d2cec4fa5dfdc591857d2,1.3448450746960627,3.4466636545149774,5.763621748697413e-05,0.3901875,0.390140625,0.390140625,0.390140625,0.6098125,0.16440625,1.0,2.23606797749979,5.0990195135927845,-2,1.524784931393005,0.685080313330172,0.5398815686617439,0.8004085360399421,0.6845472260047759,0.0013259988323205789,9600,1.6,0.55,0,8,0.0,LINEAGE-96f71fe7d1fa81ad
BASE-L40-S1409-X,BASE-L40-S1409,BASELINE,40,30.0,1409,INDEPENDENT_REALIZATIONS,,X,1e-05,f32,SCIENTIFIC_COMPLETION_BATCH_4,PASS,31dde487e33e5e0028747977453a2dce677a9d09bccd3f12a59642f1711d3fba,2.6587163340666082,6.15710831452681,0.0001139449857457118,0.4318125,0.43175,0.43175,0.43175,0.5681875,0.15503125,1.0,2.8284271247461903,5.830951894845301,-2,1.3257898652705022,0.6213416391724594,0.4643002459294766,0.7176091558416691,0.7506675734142759,0.001587396526757518,3000,1.0,0.55,0,8,0.0,LINEAGE-42cf845882011cc3
BASE-L40-S1511-X,BASE-L40-S1511,BASELINE,40,30.0,1511,INDEPENDENT_REALIZATIONS,,X,1e-05,f32,SCIENTIFIC_COMPLETION_BATCH_4,PASS,0e7fbba2233bcbee6a98555a9d4a9b3eac3f259234bc88056b34fa2fb144c967,1.237330060734682,2.9914295817097174,5.3028431174343525e-05,0.413625,0.413546875,0.413546875,0.413546875,0.586375,0.17790625,1.0,2.23606797749979,5.0,-9,1.002999395647883,0.5088873098539455,0.37948402890165467,0.6016605996314744,0.8434171120954854,0.0010095731219391857,10800,1.8,0.55,0,8,0.0,LINEAGE-154180fadd9aa0a7
BASE-L40-S1601-X,BASE-L40-S1601,BASELINE,40,30.0,1601,INDEPENDENT_REALIZATIONS,,X,1e-05,f32,SCIENTIFIC_COMPLETION_BATCH_4,PASS,8178d2f90661a1c42b77ef1d7cebc6da402e15db42b9aae3b5695689c9da06cd,3.2724569031666855,7.400347754590576,0.00014024815299285798,0.442203125,0.442109375,0.442109375,0.442109375,0.557796875,0.13921875,1.0,3.0,6.557438524302,-4,1.503363475689352,0.6636890619668657,0.5560569235981571,0.7652949255269379,0.7070756385917658,0.002064041382988836,2400,0.9,0.55,0,8,0.0,LINEAGE-789b9a88a2332650
BASE-L40-S1709-X,BASE-L40-S1709,BASELINE,40,30.0,1709,INDEPENDENT_REALIZATIONS,,X,1e-05,f32,SCIENTIFIC_COMPLETION_BATCH_5,PASS,4435335b7dfeec753884830fc8d0a23ca2e4f4aac590d7262e50ecc5a5e59404,1.1560563734070985,2.620236140455938,4.954527314601852e-05,0.441203125,0.441140625,0.441140625,0.441140625,0.558796875,0.17528125,1.0,2.449489742783178,5.196152422706632,-4,0.9625147222414092,0.4792627834508499,0.37786613735333163,0.5669024632608368,0.8554351181330601,0.0007366614867187378,6400,1.3,0.55,0,8,0.0,LINEAGE-69cb8d6e112646a8
BASE-L40-S1801-X,BASE-L40-S1801,BASELINE,40,30.0,1801,INDEPENDENT_REALIZATIONS,,X,1e-05,f32,SCIENTIFIC_COMPLETION_BATCH_5,PASS,b3c88510d62775a77828053f5b1a79c8e2fe8c2d877959a9cf217fe0ce679e4f,2.19984210462759,5.150347333046743,9.427894734118244e-05,0.427125,0.427046875,0.427046875,0.427046875,0.572875,0.16046875,1.0,2.449489742783178,5.656854249492381,-3,1.3258441467040445,0.6237341793043786,0.4878824419290422,0.7414874413390402,0.7495695506570976,0.0014179546946299615,2000,0.9,0.55,0,8,0.0,LINEAGE-084619b56e7c056f
BASE-L40-S1901-X,BASE-L40-S1901,BASELINE,40,30.0,1901,INDEPENDENT_REALIZATIONS,,X,1e-05,f32,SCIENTIFIC_COMPLETION_BATCH_5,PASS,079ba08d417a84f1375f26ad07692da8f90c78779d770f6b4f2edd1f478cb38d,0.7612162862481457,1.9186295809657108,3.2623555124920535e-05,0.39675,0.396640625,0.396640625,0.396640625,0.60325,0.17365625,1.0,2.23606797749979,4.58257569495584,-6,1.1520412829907611,0.5096074357256635,0.4632742408225664,0.608161357722034,0.8320548566904692,0.0007952770830633577,38200,4.6,0.55,0,8,0.0,LINEAGE-2ae6ef73d3dfbe0f
BASE-L40-S2003-X,BASE-L40-S2003,BASELINE,40,30.0,2003,INDEPENDENT_REALIZATIONS,,X,1e-05,f32,SCIENTIFIC_COMPLETION_BATCH_5,PASS,cd46e49fd7f7143fa97b799e5049413cf8b577a92701a7791019c9e02b50077c,1.162428853243468,2.6910995336437673,4.981837942472006e-05,0.431953125,0.431890625,0.431890625,0.431890625,0.568046875,0.1699375,1.0,2.23606797749979,5.0,-6,0.6257726215566,0.3477521752394066,0.24368844992309058,0.4474276243670676,0.9199186050787115,0.0006389481751291268,3400,1.0,0.55,0,8,0.0,LINEAGE-4250c2d46657638f
BASE-L40-S211-X,BASE-L40-S211,BASELINE,40,30.0,211,INDEPENDENT_REALIZATIONS,,X,1e-05,f32,SCORED,PASS,00ebf1abee9512445894480acf5438652b847791d98e272f51a52cf04b6cf96b,0.6234082587284342,1.487958848311322,2.6717496802647186e-05,0.41896875,0.418890625,0.418890625,0.418890625,0.58103125,0.1654375,1.0,2.449489742783178,5.385164807134504,-7,0.9357184583960273,0.4973641596502785,0.3416044494124775,0.592656405100093,0.8448651745095448,0.0007465411071639842,2600,1.0,0.55,0,8,0.0,LINEAGE-da7edd8ce9b9b489
BASE-L40-S2111-X,BASE-L40-S2111,BASELINE,40,30.0,2111,INDEPENDENT_REALIZATIONS,,X,1e-05,f32,SCIENTIFIC_COMPLETION_BATCH_6,PASS,fe9a33439a0a07f0134983e5bb736eda0f5baca47e5cfa4972dc8d01bc652435,1.937655198939528,4.4122227542919585,8.304236566883693e-05,0.43915625,0.439125,0.439125,0.439125,0.56084375,0.156,1.0,2.8284271247461903,6.164414002968976,-8,1.5058669295045088,0.6319437929978775,0.5372568767896375,0.7492837632367191,0.7338703729676258,0.0015659898086980582,6400,1.3,0.55,0,8,0.0,LINEAGE-6cb8ca61bf031111
BASE-L40-S2203-X,BASE-L40-S2203,BASELINE,40,30.0,2203,INDEPENDENT_REALIZATIONS,,X,1e-05,f32,SCIENTIFIC_COMPLETION_BATCH_6,PASS,3bbc581cab19b7b2f68579b4e947f75d7cb1b5bdd50d2615c68b69117aef8c4d,1.0268157430592484,2.5298817198872765,4.400638898825351e-05,0.405875,0.405796875,0.405796875,0.405796875,0.594125,0.18078125,1.0,2.23606797749979,5.385164807134504,-12,1.3310254004955926,0.6321951177586341,0.4658660066296566,0.7188221729763896,0.7389841121269017,0.0009598228602520148,5800,1.2,0.55,0,8,0.0,LINEAGE-776b4058850ce000
BASE-L40-S2309-X,BASE-L40-S2309,BASELINE,40,30.0,2309,INDEPENDENT_REALIZATIONS,,X,1e-05,f32,SCIENTIFIC_COMPLETION_BATCH_6,PASS,ea1f67d541c633896ab32a15f102c7d034daa8a1c0f0cd31c145fdbdab0b78f2,1.3918964481695033,3.498051232343054,5.965270492155015e-05,0.39790625,0.397671875,0.397671875,0.397671875,0.60209375,0.16784375,1.0,2.23606797749979,5.0,-5,1.3363774153526171,0.6313847093104349,0.4372414080507272,0.7953359125513288,0.732752874520552,0.001260265491383186,35200,4.3,0.55,0,8,0.0,LINEAGE-d067eb60639e34bd
BASE-L40-S2411-X,BASE-L40-S2411,BASELINE,40,30.0,2411,INDEPENDENT_REALIZATIONS,,X,1e-05,f32,SCIENTIFIC_COMPLETION_BATCH_6,PASS,43509f9b16fead71b8a54860bffd3fab2d0cab8ed7455f42829debbcfdc6bdbc,0.5938666926342093,1.3443026324970606,2.5451429684323262e-05,0.441765625,0.441671875,0.441671875,0.441671875,0.558234375,0.1491875,1.0,2.8284271247461903,6.0,-4,1.1912998779424246,0.5705472497386018,0.43610134993882005,0.7008669182032308,0.7940553323037023,0.0007135366680427333,2200,0.9,0.55,0,8,0.0,LINEAGE-d91880435533bf60
BASE-L40-S307-X,BASE-L40-S307,BASELINE,40,30.0,307,INDEPENDENT_REALIZATIONS,,X,1e-05,f32,SCORED,PASS,07f33c34838031e5d682aec695d25a7a6d57e0ca1e2d46b128f5c66bf1822f29,2.6532356575802143,6.166954134197701,0.00011371009961058063,0.430234375,0.430109375,0.430109375,0.430109375,0.569765625,0.15815625,1.0,2.449489742783178,5.916079783099616,-4,1.4479323706400622,0.6512006705557938,0.5233249037166476,0.7436785987157789,0.7237028866357147,0.0017094421112985227,5000,1.2,0.55,0,8,0.0,LINEAGE-843ab07fcc10c42f
BASE-L40-S401-X,BASE-L40-S401,BASELINE,40,30.0,401,INDEPENDENT_REALIZATIONS,,X,1e-05,f32,SCORED,PASS,72db2abeb685dd9380d3d3996070eda11df5fa4956688eaaab2362cf5f024174,3.0731911713542965,7.032474076325621,0.0001317081930580413,0.437,0.436953125,0.436953125,0.436953125,0.563,0.12596875,1.0,3.0,6.082762530298219,2,1.0507146272724652,0.554479125803868,0.3219459873595395,0.6048079975117647,0.7848191732899084,0.0014508556434315292,6600,1.4,0.55,0,8,0.0,LINEAGE-35ffbdf7c6010b57
BASE-L40-S503-X,BASE-L40-S503,BASELINE,40,30.0,503,INDEPENDENT_REALIZATIONS,,X,1e-05,f32,SCORED,PASS,aabc25d1d2487ecdcfb50c7c91e005c19b1dd0036f551767947afdc65490fb55,0.9626428042767753,2.3466572512269983,4.1256120183290375e-05,0.41021875,0.410109375,0.410109375,0.410109375,0.58978125,0.15240625,1.0,2.449489742783178,6.0,-2,0.9232673945267751,0.47696145436043735,0.358430585678187,0.5879333093286347,0.8628030735230529,0.0008087961550918944,1600,0.8,0.55,0,8,0.0,LINEAGE-a156966db45222e2
BASE-L40-S601-X,BASE-L40-S601,BASELINE,40,30.0,601,INDEPENDENT_REALIZATIONS,,X,1e-05,f32,SCORED,PASS,0cb40b71d69f59426569ee0f2f346d9e00273ed30ee6fdd41dc640489eaac4ec,2.5141864828555467,6.0274173997136264,0.00010775084926523773,0.417125,0.417078125,0.417078125,0.417078125,0.582875,0.149375,1.0,2.8284271247461903,6.082762530298219,0,1.4458821527507275,0.6495639076619285,0.4965865722306304,0.7135146172516559,0.7150721141680189,0.0017773015154229407,9200,1.6,0.55,0,8,0.0,LINEAGE-b29014f14329deae
BASE-L40-S701-X,BASE-L40-S701,BASELINE,40,30.0,701,INDEPENDENT_REALIZATIONS,,X,1e-05,f32,SCORED,PASS,82aa4557ba6e0f9cca8a11f57148d2888fa4592638c13bea4928e3918f3eae17,0.5590387451503158,1.4088234245400935,2.395880336358497e-05,0.3968125,0.39675,0.39675,0.39675,0.6031875,0.16721875,1.0,2.23606797749979,5.0,-2,1.1391966233020907,0.5390095363051834,0.40505874113224094,0.66303161804358,0.8192182794119894,0.0008116207905391102,21800,2.8,0.55,0,8,0.0,LINEAGE-10d3819d55720b7f
BASE-L40-S809-X,BASE-L40-S809,BASELINE,40,30.0,809,INDEPENDENT_REALIZATIONS,,X,1e-05,f32,SCORED,PASS,3b87f9ad30892debce6f609408b39f6b7fc5e94b1952e449dfb1b74aaf98e918,0.9223871292584113,2.188831155822704,3.953087696821763e-05,0.42140625,0.421234375,0.421234375,0.421234375,0.57859375,0.16221875,1.0,2.23606797749979,5.0,-2,0.9805584053847395,0.523610287722099,0.31834473308133304,0.599864478510487,0.8210045447344791,0.000832580781266357,4400,1.1,0.55,0,8,0.0,LINEAGE-96b7bea488703442
BASE-L40-S907-X,BASE-L40-S907,BASELINE,40,30.0,907,INDEPENDENT_REALIZATIONS,,X,1e-05,f32,SCIENTIFIC_COMPLETION_BATCH_3,PASS,e9d11d51a094fbd84c841e7e3cb057d66ca13fb015c52ca14b79aa3b4e487f6e,0.2169638596360873,0.5615370032638947,9.298451127260885e-06,0.386375,0.38615625,0.38615625,0.38615625,0.613625,0.1745625,1.0,2.23606797749979,5.196152422706632,-8,0.9866274988740619,0.5124521611601669,0.3541400271834214,0.6118151180862703,0.8401073233914077,0.00052048689438294,7000,1.4,0.55,0,8,0.0,LINEAGE-d156fbccd1022574
BASE-L56-S1009-X,BASE-L56-S1009,BASELINE,56,30.0,1009,INDEPENDENT_REALIZATIONS,,X,1e-05,f32,SCIENTIFIC_COMPLETION_BATCH_3,PASS,a93f4a8811147ee6c60be40376e882bba4ff38fbb72e7a1ecd1c7011f5be136b,1.954957861261526,4.429616800806443,8.37839083397797e-05,0.4413379190962099,0.4412411169825073,0.4412411169825073,0.4412411169825073,0.5586620809037901,0.14729865160349853,1.0,2.8284271247461903,6.082762530298219,-8,1.064121658647563,0.5254656101957946,0.3891688906625316,0.6167347497830209,0.8306341510413325,0.0015185592827786352,1600,1.1,0.55,0,8,0.0,LINEAGE-f738d59e45a6c072
BASE-L56-S101-X,BASE-L56-S101,BASELINE,56,30.0,101,INDEPENDENT_REALIZATIONS,,X,1e-05,f32,SCORED,PASS,7ac323c261287810459d4c344e6a8b4d736d9e22820fb2d896074092e37a3755,2.032188587928425,4.659740054807326,8.709379662550395e-05,0.43611629919825073,0.4360821337463557,0.4360821337463557,0.4360821337463557,0.5638837008017493,0.14157024416909622,1.0,3.0,6.082762530298219,-6,0.7909983767913376,0.4176914572490141,0.3079154980883037,0.5209744168752507,0.8948731285023365,0.0014050225886425318,7200,4.2,0.55,0,8,0.0,LINEAGE-88c22b9a3cfe9f9b
BASE-L56-S1103-X,BASE-L56-S1103,BASELINE,56,30.0,1103,INDEPENDENT_REALIZATIONS,,X,1e-05,f32,SCIENTIFIC_COMPLETION_BATCH_3,PASS,d7d3c57be56cc6fa1dd72ca6604ad5fbe7692662c2035575d909e0c89c880f66,1.338036902883836,3.005021851972578,5.7344438695021545e-05,0.44526694606413997,0.4451587554664723,0.4451587554664723,0.4451587554664723,0.55473305393586,0.16003097667638483,1.0,2.449489742783178,5.744562646538029,-14,0.681370251517706,0.33830239899415765,0.293631891296676,0.4762966360167993,0.9265285202671178,0.0011433846434196157,3000,1.5,0.55,0,8,0.0,LINEAGE-ebbbba25c34a498a
BASE-L56-S1201-X,BASE-L56-S1201,BASELINE,56,30.0,1201,INDEPENDENT_REALIZATIONS,,X,1e-05,f32,SCIENTIFIC_COMPLETION_BATCH_3,PASS,2b755b1537acb7873ca86b49014dcbca6af80054b6ae6444676e7b9e13234b93,1.3373524205772553,3.1170515440839752,5.7315103739025246e-05,0.42904405065597667,0.42895863702623904,0.42895863702623904,0.42895863702623904,0.5709559493440233,0.171863611516035,1.0,2.23606797749979,5.0990195135927845,-23,1.0637548292338377,0.4514848073794838,0.3848077833327562,0.5562115329597688,0.8638178505049252,0.0013242828993044952,3000,1.5,0.55,0,8,0.0,LINEAGE-a2c8b5f1c84d6c99
BASE-L56-S1301-X,BASE-L56-S1301,BASELINE,56,30.0,1301,INDEPENDENT_REALIZATIONS,,X,1e-05,f32,SCIENTIFIC_COMPLETION_BATCH_4,PASS,20a6e5bcdfc8d300e4639a02fd520e2dd70ebfbda52ed8693520b031d3e2757f,1.6162810609664642,3.6222252469651943,6.926918832713419e-05,0.44621219023323616,0.446064139941691,0.446064139941691,0.446064139941691,0.5537878097667639,0.160167638483965,1.0,2.449489742783178,5.656854249492381,-10,0.9285198174167772,0.4885882069227425,0.33775366723127875,0.5727966341796262,0.8542800228703755,0.001194000433011785,3600,1.6,0.55,0,8,0.0,LINEAGE-fcc04a903b115429
BASE-L56-S1409-X,BASE-L56-S1409,BASELINE,56,30.0,1409,INDEPENDENT_REALIZATIONS,,X,1e-05,f32,SCIENTIFIC_COMPLETION_BATCH_4,PASS,79f874032a4d1dc626f5a87c068ad272173d15cabd8e7864296d2e26cbf6ab7d,1.1432892711891116,2.572748794212619,4.899811162239051e-05,0.44438433855685133,0.44428753644314867,0.44428753644314867,0.44428753644314867,0.5556156614431487,0.16106732871720117,1.0,2.449489742783178,5.656854249492381,-23,0.5988162003587756,0.3177375941581265,0.274088298701984,0.450554475158325,0.9406216190026044,0.000935395011243086,11000,3.7,0.55,0,8,0.0,LINEAGE-73cecfe33f90d28d
BASE-L56-S1511-X,BASE-L56-S1511,BASELINE,56,30.0,1511,INDEPENDENT_REALIZATIONS,,X,1e-05,f32,SCIENTIFIC_COMPLETION_BATCH_4,PASS,e8c6f351ef9151a73aae214115ac1622951461b2bf59f1996cdeac875dd7e9f6,1.162962641194595,2.6688643867498203,4.984125605119694e-05,0.43575186771137026,0.43567784256559766,0.43567784256559766,0.43567784256559766,0.5642481322886297,0.16840151239067055,1.0,2.449489742783178,5.196152422706632,-16,0.6108902572485301,0.32636552617175263,0.255405614427809,0.4493169041122215,0.9378297961891755,0.0008581519134951677,2600,1.3,0.55,0,8,0.0,LINEAGE-cc5f8384ef1e3b38
BASE-L56-S1601-X,BASE-L56-S1601,BASELINE,56,30.0,1601,INDEPENDENT_REALIZATIONS,,X,1e-05,f32,SCIENTIFIC_COMPLETION_BATCH_4,PASS,1bd149a4830ddced50717460a8f4b0791d384e3f2f11bb1a85a0ee4144f92765,1.104916186105538,2.556467035639511,4.73535508330945e-05,0.43220435495626824,0.43205630466472306,0.43205630466472306,0.43205630466472306,0.5677956450437318,0.16085094752186588,1.0,2.449489742783178,5.385164807134504,-18,0.9460848238011405,0.47901479428631233,0.34883404200705337,0.5836956181718023,0.8618268802819015,0.0010769465802858407,9200,3.2,0.55,0,8,0.0,LINEAGE-b312bcac8ad70e9b
BASE-L56-S1709-X,BASE-L56-S1709,BASELINE,56,30.0,1709,INDEPENDENT_REALIZATIONS,,X,1e-05,f32,SCIENTIFIC_COMPLETION_BATCH_5,PASS,2afec99ab3c7b416f099cc80e8cae02f7950199442cb9f6f7702397012a571e4,2.3397787514966693,5.31355582137615,0.00010027623220700013,0.4403414267492711,0.4402730958454811,0.4402730958454811,0.4402730958454811,0.5596585732507289,0.15471255466472303,1.0,2.8284271247461903,5.830951894845301,-14,1.1661965711801492,0.5464419914929606,0.465875105506504,0.6548462433732466,0.8125478666225047,0.001746373587133991,1600,1.1,0.55,0,8,0.0,LINEAGE-864c6dc62e1a367b
BASE-L56-S1801-X,BASE-L56-S1801,BASELINE,56,30.0,1801,INDEPENDENT_REALIZATIONS,,X,1e-05,f32,SCIENTIFIC_COMPLETION_BATCH_5,PASS,d477682340b957f119640b7a6016c9ccb976915bc231d09c1c3aaa391067d038,1.8202538828882857,4.090045752745233,7.801088069521225e-05,0.44504487062682213,0.444919597303207,0.444919597303207,0.444919597303207,0.5549551293731778,0.16052068148688048,1.0,2.449489742783178,6.0,-13,0.9308939018102562,0.457504161104675,0.3587252043907565,0.5637849790670066,0.8709378375422274,0.0016590455013994771,2400,1.3,0.55,0,8,0.0,LINEAGE-8855a2d2a661a889
BASE-L56-S1901-X,BASE-L56-S1901,BASELINE,56,30.0,1901,INDEPENDENT_REALIZATIONS,,X,1e-05,f32,SCIENTIFIC_COMPLETION_BATCH_5,PASS,e517dbe01218a1e89dfc0eb1bd1832c8f3a0928e7102d5a0823d004e5777a215,1.9844600805951187,4.464723746925866,8.504828916836225e-05,0.44447544642857145,0.4443786443148688,0.4443786443148688,0.4443786443148688,0.5555245535714286,0.15423423833819241,1.0,2.8284271247461903,5.744562646538029,-16,0.7603631896519943,0.3995963277635911,0.31366581320040526,0.5133937919457865,0.9066810129030592,0.0012137042236579272,1600,1.1,0.55,0,8,0.0,LINEAGE-5e49600895897ebd
BASE-L56-S2003-X,BASE-L56-S2003,BASELINE,56,30.0,2003,INDEPENDENT_REALIZATIONS,,X,1e-05,f32,SCIENTIFIC_COMPLETION_BATCH_5,PASS,9b6aa3986f319b044ec818201b635c30f679dd6e074d5cafb0d669e6f1f9e5fe,2.4604321349336025,5.523485833825479,0.00010544709149715441,0.44544916180758015,0.44530111151603496,0.44530111151603496,0.44530111151603496,0.5545508381924198,0.14667228498542273,1.0,2.8284271247461903,6.082762530298219,-11,1.029894037739525,0.5310883390871348,0.3540517322511282,0.6279244537612505,0.8236947072999183,0.0016037222885178263,7600,2.8,0.55,0,8,0.0,LINEAGE-e5e5ecf6a7700a25
BASE-L56-S211-X,BASE-L56-S211,BASELINE,56,30.0,211,INDEPENDENT_REALIZATIONS,,X,1e-05,f32,SCORED,PASS,2f66bb8b61a60d731edb3467c6e0a0864db02772d703e9db3c5a38bdc065ab01,1.9898156820629598,4.5315178932641125,8.527781494555543e-05,0.43910577623906705,0.43903744533527694,0.43903744533527694,0.43903744533527694,0.5608942237609329,0.15230958454810495,1.0,2.8284271247461903,5.916079783099616,-20,1.2061797784434283,0.5647729936406807,0.4787104448355237,0.6607415489207703,0.7960389820784767,0.001844451156419672,2800,1.4,0.55,0,8,0.0,LINEAGE-8ed90512485fc0e9
BASE-L56-S2111-X,BASE-L56-S2111,BASELINE,56,30.0,2111,INDEPENDENT_REALIZATIONS,,X,1e-05,f32,SCIENTIFIC_COMPLETION_BATCH_6,PASS,2faa3fc1e3bbb6f869f6b8443ad626d962984b03c6cbf8a42523eab8cf077ce5,1.7842107646199215,4.020632829126574,7.646617562656807e-05,0.443763666180758,0.44371241800291544,0.44371241800291544,0.44371241800291544,0.556236333819242,0.1482894497084548,1.0,2.8284271247461903,5.830951894845301,-5,1.0409613080947577,0.5197354823705153,0.39130682631929375,0.6436568902744961,0.834985569495693,0.0016041737543254656,3600,1.6,0.55,0,8,0.0,LINEAGE-ce2d2ce98aea14bc
BASE-L56-S2203-X,BASE-L56-S2203,BASELINE,56,30.0,2203,INDEPENDENT_REALIZATIONS,,X,1e-05,f32,SCIENTIFIC_COMPLETION_BATCH_6,PASS,317ba44e85df066c02a3f7a5695446449732f4a2d850eebd26ca97bf4b0181aa,1.8114947579904772,4.072292158464614,7.763548962816332e-05,0.4448341836734694,0.44472029883381925,0.44472029883381925,0.44472029883381925,0.5551658163265306,0.1558514030612245,1.0,2.8284271247461903,5.830951894845301,-9,1.2566642659174825,0.5573475600640971,0.507004080385383,0.6636025227141265,0.7969914391445014,0.002202430675005593,3600,1.6,0.55,0,8,0.0,LINEAGE-0eaf926aaa1817d6
BASE-L56-S2309-X,BASE-L56-S2309,BASELINE,56,30.0,2309,INDEPENDENT_REALIZATIONS,,X,1e-05,f32,SCIENTIFIC_COMPLETION_BATCH_6,PASS,6874dcd387b041e61552141dd882f01ac18d4a1d84f73c48df85f0135e02c9fa,1.2699672042771812,2.8265558215849826,5.4427165897593486e-05,0.4492984693877551,0.4492358327259475,0.4492358327259475,0.4492358327259475,0.5507015306122449,0.1677409803206997,1.0,2.449489742783178,5.744562646538029,-16,0.9730678259667422,0.4636535715956466,0.3500757385588807,0.5449057942135288,0.8633008721678536,0.001000380177156251,1800,1.1,0.55,0,8,0.0,LINEAGE-6a57e2e05345e9db
BASE-L56-S2411-X,BASE-L56-S2411,BASELINE,56,30.0,2411,INDEPENDENT_REALIZATIONS,,X,1e-05,f32,SCIENTIFIC_COMPLETION_BATCH_6,PASS,e0180368132ad08bbfd1f4e48e015b1814946d5504459a5eb4c2cc629e1511de,0.8580417899914002,1.9656900387582477,3.677321957106002e-05,0.4365092018950437,0.43642378826530615,0.43642378826530615,0.43642378826530615,0.5634907981049563,0.1589832361516035,1.0,2.449489742783178,5.744562646538029,-5,0.9006602995892264,0.40888638711485786,0.329651065120128,0.4980768499955719,0.8873361371957015,0.001061794448151868,4000,1.7,0.55,0,8,0.0,LINEAGE-1a015c3038d27f1d
BASE-L56-S307-X,BASE-L56-S307,BASELINE,56,30.0,307,INDEPENDENT_REALIZATIONS,,X,1e-05,f32,SCORED,PASS,8b5576ec3e1f70c6f519483132dd168fa98e8ca8e0932b5edbba50a7fa99e475,1.1345349196321148,2.547466941723949,4.8622925127090646e-05,0.44535805393586003,0.4452612518221574,0.4452612518221574,0.4452612518221574,0.55464194606414,0.1584365889212828,1.0,2.8284271247461903,6.164414002968976,-12,1.2814925341427938,0.5941373618692445,0.45232827931769076,0.720622075758675,0.7754463215923841,0.001998074949387919,11400,3.7,0.55,0,8,0.0,LINEAGE-912428b15154125f
BASE-L56-S401-X,BASE-L56-S401,BASELINE,56,30.0,401,INDEPENDENT_REALIZATIONS,,X,1e-05,f32,SCORED,PASS,a0e77a272276baa650f06991272626d1e9ce1a79a2517f09297f651085e5f0d3,2.729180195023669,6.075315424183706,0.0001169648655010144,0.4492244442419825,0.44917319606413997,0.44917319606413997,0.44917319606413997,0.5507755557580175,0.1571155247813411,1.0,2.8284271247461903,6.4031242374328485,-11,1.1266381640746255,0.5754709639972833,0.4067312671444334,0.6510452267741711,0.788114220010175,0.002414328440403948,2000,1.2,0.55,0,8,0.0,LINEAGE-8388375635053365
BASE-L56-S503-X,BASE-L56-S503,BASELINE,56,30.0,503,INDEPENDENT_REALIZATIONS,,X,1e-05,f32,SCORED,PASS,9cb34cf20bf4ce7fd86f53a905b5b2b02600c9a62106b2768ff2491fcdebc114,0.9979675819436838,2.228993537469597,4.277003922615789e-05,0.4477211643586006,0.447658527696793,0.447658527696793,0.447658527696793,0.5522788356413995,0.17066782069970846,1.0,2.23606797749979,5.0990195135927845,-12,0.6406682211117567,0.3345081423358385,0.2628157332798544,0.43894540387391906,0.9302526217293348,0.0008056831783740557,8600,2.9,0.55,0,8,0.0,LINEAGE-c4b04fe222a4dc5f
BASE-L56-S601-X,BASE-L56-S601,BASELINE,56,30.0,601,INDEPENDENT_REALIZATIONS,,X,1e-05,f32,SCORED,PASS,a2973fa47c4a011b2d1b9d1a30fc0025e03ec2bab1d17141af37a5671bc856b0,1.5082969859606068,3.3615630479137266,6.464129939831173e-05,0.4486891854956268,0.4486094661078717,0.4486094661078717,0.4486094661078717,0.5513108145043731,0.15922239431486881,1.0,2.8284271247461903,6.164414002968976,-9,1.0716587540953246,0.5449236260940733,0.39557695023991113,0.6309300163242999,0.815425840485728,0.0018356678377145486,11600,3.8,0.55,0,8,0.0,LINEAGE-62cd74672153032a
BASE-L56-S701-X,BASE-L56-S701,BASELINE,56,30.0,701,INDEPENDENT_REALIZATIONS,,X,1e-05,f32,SCORED,PASS,86854b5281f1dcabb64ba764447a8383e9d67d898127bdaf50257bf096edce23,0.7641412759130167,1.7832806345444685,3.2748911824843575e-05,0.4285030976676385,0.4284518494897959,0.4284518494897959,0.4284518494897959,0.5714969023323615,0.16837873542274054,1.0,2.23606797749979,5.656854249492381,-11,1.075426215526959,0.5238086917288137,0.4256944899309378,0.6329433519158278,0.8316413508882965,0.001235628645362369,2800,1.4,0.55,0,8,0.0,LINEAGE-cd791a6085e89648
BASE-L56-S809-X,BASE-L56-S809,BASELINE,56,30.0,809,INDEPENDENT_REALIZATIONS,,X,1e-05,f32,SCORED,PASS,477fce1c2e648f8394ee34fb60f4ed3b66d7fa2719a9a3f432d4ed12bd7df779,2.7627996473392398,6.30053790342728,0.00011840569917168172,0.43850218658892126,0.43833135932944606,0.43833135932944606,0.43833135932944606,0.5614978134110787,0.14431486880466474,1.0,3.0,6.4031242374328485,-6,1.302805459967536,0.6016393948919818,0.49483181966793877,0.6790790250848112,0.7686887273043281,0.0020546033481258718,9800,3.3,0.55,0,8,0.0,LINEAGE-70500e219c278d02
BASE-L56-S907-X,BASE-L56-S907,BASELINE,56,30.0,907,INDEPENDENT_REALIZATIONS,,X,1e-05,f32,SCIENTIFIC_COMPLETION_BATCH_3,PASS,75299a2cc776717be2efae130673b094a48cb012d59ceed6aa00faa0c85cc514,1.4856457946623391,3.321195716173242,6.367053405695741e-05,0.44732256741982507,0.44720868258017493,0.44720868258017493,0.44720868258017493,0.5526774325801749,0.14958773688046648,1.0,3.0,6.708203932499369,-17,1.1976076957124784,0.5485674374711225,0.47440609608133877,0.6608923769679287,0.8085727148908527,0.001963943408436274,1600,1.1,0.55,0,8,0.0,LINEAGE-9c3ea951daed980a
BASE-L72-S1009-X,BASE-L72-S1009,BASELINE,72,30.0,1009,INDEPENDENT_REALIZATIONS,,X,1e-05,f32,SCIENTIFIC_COMPLETION_BATCH_3,PASS,dfdff286af5ac8fe7ef8d9531e553cc2129b040132c1a0532bde7e90ce081b5f,1.870519232174487,4.1633425308637335,8.016510995033518e-05,0.4492830504115226,0.4492482210219479,0.4492482210219479,0.4492482210219479,0.5507169495884774,0.1522312242798354,1.0,2.8284271247461903,6.082762530298219,-20,0.7467925392384737,0.3903991420749158,0.3085194737575532,0.5048412713704049,0.9089663842849888,0.0015506961272130524,4200,3.0,0.55,0,8,0.0,LINEAGE-ea5654ee00f48157
BASE-L72-S101-X,BASE-L72-S101,BASELINE,72,30.0,101,INDEPENDENT_REALIZATIONS,,X,1e-05,f32,SCORED,PASS,ec0c8cf2ab7c49ce409f64f28040a88024859bede6d853132add9ecbbd063c46,1.6059618569577505,3.5896330324262755,6.882693672676076e-05,0.4473888674554184,0.4472602666323731,0.4472602666323731,0.4472602666323731,0.5526111325445816,0.14903763717421126,1.0,2.8284271247461903,6.4031242374328485,-29,0.7080587395057961,0.37551151545449135,0.28460276261560075,0.5051061040390685,0.9182663506241727,0.0022496383917613534,5600,5.3,0.55,0,8,0.0,LINEAGE-03dfe098da2ecf3b
BASE-L72-S1103-X,BASE-L72-S1103,BASELINE,72,30.0,1103,INDEPENDENT_REALIZATIONS,,X,1e-05,f32,SCIENTIFIC_COMPLETION_BATCH_3,PASS,018baea0a2f20b55f390df3b8b660bc846cf7a4591b74ca690c51dea0550ca3a,1.2722214381763597,2.829173313928873,5.4523775921844e-05,0.4496795696159122,0.4495911565500686,0.4495911565500686,0.4495911565500686,0.5503204303840878,0.16431970164609053,1.0,2.449489742783178,5.477225575051661,-36,0.8429414421135468,0.3964990884331701,0.35597524583041773,0.52119378961694,0.9019948371375281,0.00107382463071028,2800,2.2,0.55,0,8,0.0,LINEAGE-f3ad467284a20edb
BASE-L72-S1201-X,BASE-L72-S1201,BASELINE,72,30.0,1201,INDEPENDENT_REALIZATIONS,,X,1e-05,f32,SCIENTIFIC_COMPLETION_BATCH_3,PASS,bcd9e7c0a8eb4eb7f8781b6b1674fc41b53f098d1e30f634feabbb0143bedf1c,1.4202521677513713,3.173680977949518,6.086795004648735e-05,0.4475094307270233,0.4474558470507545,0.4474558470507545,0.4474558470507545,0.5524905692729767,0.14602087620027435,1.0,3.0,6.48074069840786,-34,0.6515210796699343,0.3560396897808174,0.2722139941086308,0.4590668557140513,0.92387862102807,0.0014912550783673054,2200,1.8,0.55,0,8,0.0,LINEAGE-a106fd99fad9c1db
BASE-L72-S1301-X,BASE-L72-S1301,BASELINE,72,30.0,1301,INDEPENDENT_REALIZATIONS,,X,1e-05,f32,SCIENTIFIC_COMPLETION_BATCH_4,PASS,ddd895c19cf834db9692c2c5ab27c39154fc4ce3897ee36810979170bde62fec,1.1446069932338698,2.5508091531215062,4.9054585424308716e-05,0.448723100994513,0.4486534422153635,0.4486534422153635,0.4486534422153635,0.5512768990054869,0.1600490826474623,1.0,2.449489742783178,6.082762530298219,-30,0.7798595010476672,0.40804800007802755,0.3176356578565569,0.528483662389626,0.9035925370593774,0.0012468268726182708,3400,2.5,0.55,0,8,0.0,LINEAGE-e3d151017819af8f
BASE-L72-S1409-X,BASE-L72-S1409,BASELINE,72,30.0,1409,INDEPENDENT_REALIZATIONS,,X,1e-05,f32,SCIENTIFIC_COMPLETION_BATCH_4,PASS,9cdab6e0c88b30cd27e5b264ad13e179a0e183eb8c9e853e7dd851d76a02656f,1.3779742343113761,3.0860061381477255,5.9056038613344705e-05,0.4465234910836763,0.4464377572016461,0.4464377572016461,0.4464377572016461,0.5534765089163237,0.159732938957476,1.0,2.449489742783178,5.656854249492381,-30,0.7553594031123237,0.37611766095285404,0.33236716876732963,0.5221353820693501,0.9140730834165047,0.0012765765336240848,10800,6.8,0.55,0,8,0.0,LINEAGE-959faa050e27e886
BASE-L72-S1511-X,BASE-L72-S1511,BASELINE,72,30.0,1511,INDEPENDENT_REALIZATIONS,,X,1e-05,f32,SCIENTIFIC_COMPLETION_BATCH_4,PASS,369497cd0a6410962685e1486751f839d94f043e97eeaf67168c389fd27213dc,1.7319824181800667,3.8518448535781444,7.422781792200288e-05,0.4496500985939643,0.4495911565500686,0.4495911565500686,0.4495911565500686,0.5503499014060357,0.15229552469135801,1.0,2.8284271247461903,5.916079783099616,-28,0.5383770849955587,0.2921083554621654,0.22915425255945382,0.43372923027396526,0.9511169859514197,0.0011661203526082185,20600,12.4,0.55,0,8,0.0,LINEAGE-34cddd7661e9f7db
BASE-L72-S1601-X,BASE-L72-S1601,BASELINE,72,30.0,1601,INDEPENDENT_REALIZATIONS,,X,1e-05,f32,SCIENTIFIC_COMPLETION_BATCH_4,PASS,8f9c522c7868e31e891b7a191c8369e249505e0284caadc2cd019f41cbc66c7a,1.5768033800407426,3.5479145421378147,6.757728771603185e-05,0.44443104852537724,0.44433727709190673,0.44433727709190673,0.44433727709190673,0.5555689514746228,0.15829153806584362,1.0,2.449489742783178,5.916079783099616,-28,0.9412896226745702,0.4739297064794117,0.36711610937331846,0.6009709910190177,0.8653962131694253,0.002265512889351274,2200,1.9,0.55,0,8,0.0,LINEAGE-d360bd3e221a3f57
BASE-L72-S1709-X,BASE-L72-S1709,BASELINE,72,30.0,1709,INDEPENDENT_REALIZATIONS,,X,1e-05,f32,SCIENTIFIC_COMPLETION_BATCH_5,PASS,8c8f14815ff2a339957adffea80945e1569f561bf49d1d8f86d7ee7c0eb78159,1.4624992550203475,3.2978198104094503,6.267853950087205e-05,0.44347457990397804,0.44337277091906724,0.44337277091906724,0.44337277091906724,0.5565254200960219,0.16805984224965706,1.0,2.449489742783178,5.385164807134504,-40,0.706026142246672,0.3629609990329411,0.2965205947516395,0.5002194626080438,0.9235353970347827,0.0012649573886042494,2200,1.9,0.55,0,8,0.0,LINEAGE-1332d73a83e1d154
BASE-L72-S1801-X,BASE-L72-S1801,BASELINE,72,30.0,1801,INDEPENDENT_REALIZATIONS,,X,1e-05,f32,SCIENTIFIC_COMPLETION_BATCH_5,PASS,71e7247ec003cf899b8534e02152991bdcc682342d8a31718f6d5ff630afc09c,2.1101613269968467,4.698663653863798,9.043548544272201e-05,0.4490981867283951,0.4489722650891632,0.4489722650891632,0.4489722650891632,0.5509018132716049,0.15556948731138545,1.0,2.8284271247461903,6.708203932499369,-31,1.3477210226091176,0.6051918053026677,0.4814666369189699,0.7652761020097512,0.7580560024441927,0.002479457474496546,1600,1.5,0.55,0,8,0.0,LINEAGE-64e19ce941ac05fa
BASE-L72-S1901-X,BASE-L72-S1901,BASELINE,72,30.0,1901,INDEPENDENT_REALIZATIONS,,X,1e-05,f32,SCIENTIFIC_COMPLETION_BATCH_5,PASS,ddae6ef3d200fbfa3a7924c2daf24e18f23c1c43910bcb9eda7bd381e17ffc53,1.4899010082977895,3.3156011491872515,6.385290035561957e-05,0.44936074674211246,0.4493044838820302,0.4493044838820302,0.4493044838820302,0.5506392532578875,0.15373156721536352,1.0,2.8284271247461903,5.830951894845301,-20,0.5134967289014082,0.28231374597827724,0.21594240432481046,0.4149457587976528,0.953718795399337,0.0017309229310481602,1800,1.6,0.55,0,8,0.0,LINEAGE-985cd241088f383c
BASE-L72-S2003-X,BASE-L72-S2003,BASELINE,72,30.0,2003,INDEPENDENT_REALIZATIONS,,X,1e-05,f32,SCIENTIFIC_COMPLETION_BATCH_5,PASS,35b1daf14f69afa1053d15cb25e0cf2a9803bef443e99209c579e8c71d093144,2.1533563169019803,4.819803298038645,9.228669929579917e-05,0.4467726551783265,0.4467244298696845,0.4467244298696845,0.4467244298696845,0.5532273448216736,0.15328146433470508,1.0,2.8284271247461903,6.0,-24,1.1013836231128855,0.51904010494362,0.42827633188772757,0.6391540216224643,0.8319634328619838,0.001964690474455615,2400,2.0,0.55,0,8,0.0,LINEAGE-be11d2b1beb0140b
BASE-L72-S211-X,BASE-L72-S211,BASELINE,72,30.0,211,INDEPENDENT_REALIZATIONS,,X,1e-05,f32,SCORED,PASS,17b64f279bcec4bb5fbd558eb365d9af7c6efa7976bce5d678387fc54c851e98,1.8604128557923691,4.169190638464343,7.973197953395869e-05,0.44622878086419754,0.4461189343278464,0.4461189343278464,0.4461189343278464,0.5537712191358025,0.15608389060356653,1.0,2.449489742783178,5.916079783099616,-18,0.8297129453362969,0.4252199816533705,0.3264663401841781,0.5308708844210175,0.8906509168583405,0.0015360939606844108,1600,1.5,0.55,0,8,0.0,LINEAGE-16a9ee7bb30a7f60
BASE-L72-S2111-X,BASE-L72-S2111,BASELINE,72,30.0,2111,INDEPENDENT_REALIZATIONS,,X,1e-05,f32,SCIENTIFIC_COMPLETION_BATCH_6,PASS,a87456def0b368cac414b4c813ad71bf56b74ef97dbf71a69c356b2b45cd416e,1.7618690389299747,3.988997100775431,7.550867309699892e-05,0.4416822059327846,0.44161522633744854,0.44161522633744854,0.44161522633744854,0.5583177940672154,0.15658221879286693,1.0,2.449489742783178,5.656854249492381,-24,0.7666958108458276,0.4096723865268679,0.29843319673110075,0.5061520313493494,0.8994174824304949,0.0014824338518587715,23600,14.2,0.55,0,8,0.0,LINEAGE-f5636c8f11577420
BASE-L72-S2203-X,BASE-L72-S2203,BASELINE,72,30.0,2203,INDEPENDENT_REALIZATIONS,,X,1e-05,f32,SCIENTIFIC_COMPLETION_BATCH_6,PASS,f9e623867ec78c92db52398fca667215333316fb1e941577edc197d7f863cdc2,2.108576641238203,4.727199643150719,9.036757033878015e-05,0.4460519547325103,0.44586173268175583,0.44586173268175583,0.44586173268175583,0.5539480452674898,0.1563625257201646,1.0,2.449489742783178,5.656854249492381,-21,0.8596769361666452,0.4404860408068068,0.35098122364405826,0.5438297325664562,0.8822717963950802,0.0018604780917722437,4000,2.9,0.55,0,8,0.0,LINEAGE-534c35432842d84e
BASE-L72-S2309-X,BASE-L72-S2309,BASELINE,72,30.0,2309,INDEPENDENT_REALIZATIONS,,X,1e-05,f32,SCIENTIFIC_COMPLETION_BATCH_6,PASS,5bbdee1df3235a138f325b96e797bb54cf0ebbae1f3d37886f60ab76a9a78c5f,1.5623986144999775,3.477267842516339,6.695994062142761e-05,0.4493178798010974,0.449194637345679,0.449194637345679,0.449194637345679,0.5506821201989026,0.1595025291495199,1.0,2.8284271247461903,5.830951894845301,-30,0.5490455663395994,0.3009114544880054,0.23594544258782826,0.4406346642070626,0.9457679379019598,0.0010925583445361663,6600,4.4,0.55,0,8,0.0,LINEAGE-e849783f3be2ad63
BASE-L72-S2411-X,BASE-L72-S2411,BASELINE,72,30.0,2411,INDEPENDENT_REALIZATIONS,,X,1e-05,f32,SCIENTIFIC_COMPLETION_BATCH_6,PASS,2805154833267fbb2558be569f219b63e744deecc91e5a4b53697b80742fbad3,1.1243809753016107,2.5050614831336215,4.818775608435476e-05,0.448843664266118,0.4487793638545953,0.4487793638545953,0.4487793638545953,0.551156335733882,0.15465320644718794,1.0,2.8284271247461903,5.830951894845301,-25,0.6814770081289142,0.36064901546100325,0.27254435244985276,0.46661348411912434,0.9228570674477576,0.0012379181355422892,4200,3.0,0.55,0,8,0.0,LINEAGE-4ef7181e1386cd31
BASE-L72-S307-X,BASE-L72-S307,BASELINE,72,30.0,307,INDEPENDENT_REALIZATIONS,,X,1e-05,f32,SCORED,PASS,1a8b30f8646e4da12d60cb779e608a5e4138240dee9180bd70ade69872e0e4cf,1.015070986300954,2.2811182754927026,4.3503042270040895e-05,0.44498831875857336,0.4448570387517147,0.4448570387517147,0.4448570387517147,0.5550116812414266,0.15771283436213993,1.0,2.8284271247461903,5.830951894845301,-29,0.73250717653355,0.36783415814990195,0.325752634774507,0.5103634412766442,0.9167512679005655,0.0016548834060585267,13600,8.2,0.55,0,8,0.0,LINEAGE-c95d00b9313aa305
BASE-L72-S401-X,BASE-L72-S401,BASELINE,72,30.0,401,INDEPENDENT_REALIZATIONS,,X,1e-05,f32,SCORED,PASS,eb164b4a29c505426c1e52d45a713995f0496f4fda55126f2f6bca9ae194ff04,2.649835271671772,5.892367773282092,0.0001135643687859331,0.44970636145404663,0.4496554569615912,0.4496554569615912,0.4496554569615912,0.5502936385459534,0.14555469821673525,1.0,3.0,6.708203932499369,-29,1.0156581647377947,0.5141744042213191,0.35199745458588516,0.6295683391769393,0.8365804917159323,0.0024429212076753576,5800,3.8,0.55,0,8,0.0,LINEAGE-1fe3385179f34f6d
BASE-L72-S503-X,BASE-L72-S503,BASELINE,72,30.0,503,INDEPENDENT_REALIZATIONS,,X,1e-05,f32,SCORED,PASS,689ad82acdfed8bb6d646ed81a58408ef41c49adfd9c654ca05226ba19b4694d,1.6716969532152135,3.7721191465826265,7.164415513779488e-05,0.443171832133059,0.4431128900891632,0.4431128900891632,0.4431128900891632,0.556828167866941,0.1631355024005487,1.0,2.449489742783178,5.656854249492381,-32,0.6369557535449546,0.33209106304704217,0.2641198276467238,0.46389188987293406,0.9342360684079442,0.0015059831673599356,1600,1.5,0.55,0,8,0.0,LINEAGE-09e803ec60d4c133
BASE-L72-S601-X,BASE-L72-S601,BASELINE,72,30.0,601,INDEPENDENT_REALIZATIONS,,X,1e-05,f32,SCORED,PASS,d823a3b2f0baf0ac002eca4294ad94ef930a8184932ff941b0f4bfd6cbe1c51f,1.4643358349379862,3.285387931780486,6.275725006877085e-05,0.445711698388203,0.4456232853223594,0.4456232853223594,0.4456232853223594,0.554288301611797,0.15546231995884774,1.0,2.8284271247461903,6.164414002968976,-30,0.8189762906435089,0.41590323881000163,0.3308545983689175,0.5242143470736946,0.8962789809592677,0.0018267050618549815,5200,3.5,0.55,0,8,0.0,LINEAGE-e1a6ad8d913ca3d0
BASE-L72-S701-X,BASE-L72-S701,BASELINE,72,30.0,701,INDEPENDENT_REALIZATIONS,,X,1e-05,f32,SCORED,PASS,18fa8b84f9319299fcbb48ae8da16c47792c76e43650c5acd33c1974919b10b5,1.4079926650146641,3.149529223489113,6.034254278634276e-05,0.4470486111111111,0.4469977066186557,0.4469977066186557,0.4469977066186557,0.5529513888888888,0.15902563443072704,1.0,2.449489742783178,5.744562646538029,-22,0.7407484001154193,0.3425299495855739,0.32739536631307103,0.5199000871606304,0.9251258152132541,0.0015290358503089714,2000,1.7,0.55,0,8,0.0,LINEAGE-7a4322a4a647a9bd
BASE-L72-S809-X,BASE-L72-S809,BASELINE,72,30.0,809,INDEPENDENT_REALIZATIONS,,X,1e-05,f32,SCORED,PASS,6b35fca618521defabc355f3d2c05e37ab821e6820494b12ab6972c4f10be261,2.7994634541715255,6.335533119960549,0.00011997700517877968,0.4418670696159122,0.44177061899862824,0.44177061899862824,0.44177061899862824,0.5581329303840878,0.14394718792866942,1.0,3.0,7.14142842854285,-14,1.5724666132657266,0.6201815448244904,0.5810862753564892,0.7345865168430546,0.7349482744521373,0.0035542521820270817,1800,1.6,0.55,0,8,0.0,LINEAGE-9ad272e9ec5c6d77
BASE-L72-S907-X,BASE-L72-S907,BASELINE,72,30.0,907,INDEPENDENT_REALIZATIONS,,X,1e-05,f32,SCIENTIFIC_COMPLETION_BATCH_3,PASS,6e417723d7c6720931146780046bee243cca625afd4f7c00865cae2ea36730db,1.5928013466811453,3.5452068472696943,6.826291485776338e-05,0.4492830504115226,0.44920267489711935,0.44920267489711935,0.44920267489711935,0.5507169495884774,0.1483571244855967,1.0,2.8284271247461903,6.4031242374328485,-28,0.9742793469173945,0.4418802597944091,0.3805010397021787,0.5614500417112621,0.8757081871604788,0.0016783163768651808,2800,2.2,0.55,0,8,0.0,LINEAGE-d3d255c61ef58d1e
BASE-L96-S1009-X,BASE-L96-S1009,BASELINE,96,30.0,1009,INDEPENDENT_REALIZATIONS,,X,1e-05,f32,SCIENTIFIC_COMPLETION_BATCH_3,PASS,b9089cc3c2b15e5018ad417264dc82dba1210b6cb86f8cda014ac886187d3a8d,2.069488046735532,4.612605213610469,8.869234486009425e-05,0.4486592610677083,0.4485982259114583,0.4485982259114583,0.4485982259114583,0.5513407389322916,0.15557409215856483,1.0,2.8284271247461903,6.0,-58,0.6968299426159074,0.35560312320414056,0.31193900218221743,0.4821256447198322,0.9215436704731266,0.0019498523923419183,2000,3.4,0.55,0,8,0.0,LINEAGE-299810a93215ec66
BASE-L96-S101-X,BASE-L96-S101,BASELINE,96,30.0,101,INDEPENDENT_REALIZATIONS,,X,1e-05,f32,SCIENTIFIC_COMPLETION_BATCH_1,PASS,8bdc632df520eb8c31c8966e0ef5a1a7bd1545da93e92373bc68a3cdc8cdc9fb,1.7506301784879532,3.8936163502812224,7.502700764948373e-05,0.449615478515625,0.44950471100983797,0.44950471100983797,0.44950471100983797,0.550384521484375,0.1553955078125,1.0,2.8284271247461903,6.4031242374328485,-56,0.7789882797249049,0.4143793868967307,0.30314959409644493,0.5272964981553817,0.8989770153195745,0.002019681389145667,3800,5.9,0.55,0,8,0.0,LINEAGE-c32e5076a417494e
BASE-L96-S1103-X,BASE-L96-S1103,BASELINE,96,30.0,1103,INDEPENDENT_REALIZATIONS,,X,1e-05,f32,SCIENTIFIC_COMPLETION_BATCH_3,PASS,f819ec3cd64549b0518b8f0844bfe0aa5df8dc8e87ddeca1abd4062817419eba,1.8723609289405505,4.170420199810043,8.024403981173789e-05,0.44896217628761576,0.4488966200086806,0.4489000108506944,0.4488966200086806,0.5510378237123843,0.15205213758680555,1.0,2.8284271247461903,6.082762530298219,-56,0.6619855453997997,0.3508070603156932,0.2756945441875569,0.4950484443415893,0.9297212150736707,0.00239782725423424,2800,4.6,0.55,0,8,0.0,LINEAGE-ee4941e04b23c0b4
BASE-L96-S1201-X,BASE-L96-S1201,BASELINE,96,30.0,1201,INDEPENDENT_REALIZATIONS,,X,1e-05,f32,SCIENTIFIC_COMPLETION_BATCH_3,PASS,9e8b72a1105002e0b7c494e9cb8814faffa2622de2490236f28c8480558810f8,1.5765932342949716,3.5172444191265217,6.75682814697845e-05,0.4482467086226852,0.44818906430844907,0.44818906430844907,0.44818906430844907,0.5517532913773148,0.1505443431712963,1.0,2.8284271247461903,6.4031242374328485,-67,0.4707938163562779,0.25119375923054443,0.19653869831720938,0.36762733272441217,0.9539448900973232,0.0018859172524195002,4800,7.4,0.55,0,8,0.0,LINEAGE-4f99d6e91b3a20c1
BASE-L96-S211-X,BASE-L96-S211,BASELINE,96,30.0,211,INDEPENDENT_REALIZATIONS,,X,1e-05,f32,SCIENTIFIC_COMPLETION_BATCH_1,PASS,e813413b59b2a0f3a2c44748bb704779a51cdfd1c44d86e0012f281d61c36a56,2.193323746965876,4.881706431825355,9.399958915568042e-05,0.44929447880497686,0.4492255316840278,0.4492255316840278,0.4492255316840278,0.5507055211950231,0.14942988642939814,1.0,2.8284271247461903,6.324555320336759,-57,0.4930095797968049,0.26705590657905887,0.23488025987358463,0.4133883668428058,0.9594311221577068,0.0023078766743978244,2200,3.7,0.55,0,8,0.0,LINEAGE-d975671ff908f2de
BASE-L96-S307-X,BASE-L96-S307,BASELINE,96,30.0,307,INDEPENDENT_REALIZATIONS,,X,1e-05,f32,SCIENTIFIC_COMPLETION_BATCH_1,PASS,97005d33a9924ad2cc3b7e00d28b1a0b96e2f38d56eae6545d3c3eea49e5c649,1.379206145221393,3.094580518772129,5.9108834795202566e-05,0.44568436234085645,0.4455498589409722,0.4455498589409722,0.4455498589409722,0.5543156376591435,0.1549750434027778,1.0,2.8284271247461903,6.4031242374328485,-78,0.7158718739529618,0.34844363774499165,0.318417852980774,0.5019380016497015,0.9271103327071719,0.00220428815737271,1800,3.1,0.55,0,8,0.0,LINEAGE-f9a4410181f7acc9
BASE-L96-S401-X,BASE-L96-S401,BASELINE,96,30.0,401,INDEPENDENT_REALIZATIONS,,X,1e-05,f32,SCIENTIFIC_COMPLETION_BATCH_1,PASS,0188efa84ef03e17c15b8284fcdb160dea46e0556dc571434bd16cdde8880f38,2.0855321444470545,4.671750837682764,8.937994904773093e-05,0.4464133933738426,0.4463512279369213,0.4463512279369213,0.4463512279369213,0.5535866066261574,0.15063928674768517,1.0,2.8284271247461903,6.324555320336759,-46,0.7244783071644345,0.3714222896650133,0.2854264703871222,0.5067676981983981,0.9151798142704674,0.0020897680783577063,1600,2.8,0.55,0,8,0.0,LINEAGE-1b7157294a590468
BASE-L96-S503-X,BASE-L96-S503,BASELINE,96,30.0,503,INDEPENDENT_REALIZATIONS,,X,1e-05,f32,SCIENTIFIC_COMPLETION_BATCH_2,PASS,0e06df36ba461f61132179af89d581daaed38faa09293289fc5fa94de0816055,1.8396910948693028,4.096559541603315,7.884390406582728e-05,0.44908198603877314,0.4490028663917824,0.449005126953125,0.4490028663917824,0.5509180139612269,0.1519187644675926,1.0,2.8284271247461903,6.4031242374328485,-60,0.8100621138493058,0.3897883522417812,0.35210190316544476,0.5513774294403319,0.9056188673568267,0.001958691967840401,4600,7.1,0.55,0,8,0.0,LINEAGE-797aa1f4deef17f2
BASE-L96-S601-X,BASE-L96-S601,BASELINE,96,30.0,601,INDEPENDENT_REALIZATIONS,,X,1e-05,f32,SCIENTIFIC_COMPLETION_BATCH_2,PASS,99a0eaae08b0b3381249adf39a402a2dfeae159ec2d3673c2f425f6fbcf83f2c,1.9945154611294291,4.448056501278762,8.547923404840412e-05,0.4484015570746528,0.44829757125289355,0.44829757125289355,0.44829757125289355,0.5515984429253472,0.1577216254340278,1.0,2.8284271247461903,5.830951894845301,-78,0.606814861899509,0.3150070837723454,0.2762710183520213,0.47323732355575904,0.9416812143455363,0.0024286100037016175,4200,6.5,0.55,0,8,0.0,LINEAGE-93fade368a5d7245
BASE-L96-S701-X,BASE-L96-S701,BASELINE,96,30.0,701,INDEPENDENT_REALIZATIONS,,X,1e-05,f32,SCIENTIFIC_COMPLETION_BATCH_2,PASS,1d5b3cefabb96c915a8db8f2907b22a238dcff4f540186d50bea787b0bc0f46b,1.4124562509886651,3.139779032664602,6.053383932808566e-05,0.4498584888599537,0.44977371780960645,0.44977371780960645,0.44977371780960645,0.5501415111400463,0.15062120225694445,1.0,2.8284271247461903,6.164414002968976,-63,0.5052472879097714,0.2743283845694313,0.22990066765061176,0.43132447033270765,0.9568292322132889,0.0012624625308829802,1800,3.1,0.55,0,8,0.0,LINEAGE-81893c590df8091d
BASE-L96-S809-X,BASE-L96-S809,BASELINE,96,30.0,809,INDEPENDENT_REALIZATIONS,,X,1e-05,f32,SCIENTIFIC_COMPLETION_BATCH_2,PASS,474e11fe0e9e97286fbd6c9e9d68e5efb5704ab057cc75c035a75b7f9ded2da4,1.6314387549488782,3.6331231535349775,6.991880378352337e-05,0.4490458170572917,0.4489712185329861,0.4489712185329861,0.4489712185329861,0.5509541829427084,0.15732602719907407,1.0,2.8284271247461903,6.164414002968976,-86,1.0324005805889294,0.45551953040537446,0.4320205899102032,0.6007642138232785,0.8656655834387318,0.0021287342757049608,3000,4.8,0.55,0,8,0.0,LINEAGE-49702d1c82fc8f8b
BASE-L96-S907-X,BASE-L96-S907,BASELINE,96,30.0,907,INDEPENDENT_REALIZATIONS,,X,1e-05,f32,SCIENTIFIC_COMPLETION_BATCH_3,PASS,adf0f7e363ed6a20d2a57c92e2c2ee0abe252af5d78a3942255adc6af617c590,1.3248270583764865,2.953951865482636,5.6778302501849434e-05,0.4484931098090278,0.4483936451099537,0.4483936451099537,0.4483936451099537,0.5515068901909722,0.15781430844907407,1.0,2.8284271247461903,6.0,-75,0.6012027027831387,0.3209457722537306,0.2548081018922741,0.4764488170837174,0.9411464843756875,0.0017763967690723923,4000,6.1,0.55,0,8,0.0,LINEAGE-f3791e0d1fdd1031
DEP00-L40-S101-X,DEP00-L40-S101,THROAT_RESTRICTION,40,30.0,101,PAIRED_TRANSFORMATION,BASE-L40-S101,X,1e-05,f32,SCORED,PASS,6be3b870f9991cfd2f7759553944b8fc6a7b9a83187558558ec98970aaedccac,0.8201423407052879,2.0908663880313267,3.514895745879806e-05,0.39225,0.39215625,0.39215625,0.39215625,0.60775,0.17453125,1.0,2.23606797749979,4.898979485566356,-8,0.8872444439562771,0.44470631817738937,0.3440659955676682,0.5688169333184004,0.875529327674337,0.0006292507843505415,4000,1.1,0.55,0,8,0.0,LINEAGE-6ca7820524bc75f9
DEP00-L40-S211-X,DEP00-L40-S211,THROAT_RESTRICTION,40,30.0,211,PAIRED_TRANSFORMATION,BASE-L40-S211,X,1e-05,f32,SCORED,PASS,00ebf1abee9512445894480acf5438652b847791d98e272f51a52cf04b6cf96b,0.6234082587284342,1.487958848311322,2.6717496802647186e-05,0.41896875,0.418890625,0.418890625,0.418890625,0.58103125,0.1654375,1.0,2.449489742783178,5.385164807134504,-7,0.9357184583960273,0.4973641596502785,0.3416044494124775,0.592656405100093,0.8448651745095448,0.0007465411071639842,2600,0.9,0.55,0,8,0.0,LINEAGE-da7edd8ce9b9b489
DEP00-L40-S307-X,DEP00-L40-S307,THROAT_RESTRICTION,40,30.0,307,PAIRED_TRANSFORMATION,BASE-L40-S307,X,1e-05,f32,SCORED,PASS,07f33c34838031e5d682aec695d25a7a6d57e0ca1e2d46b128f5c66bf1822f29,2.6532356575802143,6.166954134197701,0.00011371009961058063,0.430234375,0.430109375,0.430109375,0.430109375,0.569765625,0.15815625,1.0,2.449489742783178,5.916079783099616,-4,1.4479323706400622,0.6512006705557938,0.5233249037166476,0.7436785987157789,0.7237028866357147,0.0017094421112985227,5000,1.2,0.55,0,8,0.0,LINEAGE-843ab07fcc10c42f
DEP00-L40-S401-X,DEP00-L40-S401,THROAT_RESTRICTION,40,30.0,401,PAIRED_TRANSFORMATION,BASE-L40-S401,X,1e-05,f32,SCORED,PASS,72db2abeb685dd9380d3d3996070eda11df5fa4956688eaaab2362cf5f024174,3.0731911713542965,7.032474076325621,0.0001317081930580413,0.437,0.436953125,0.436953125,0.436953125,0.563,0.12596875,1.0,3.0,6.082762530298219,2,1.0507146272724652,0.554479125803868,0.3219459873595395,0.6048079975117647,0.7848191732899084,0.0014508556434315292,6600,1.4,0.55,0,8,0.0,LINEAGE-35ffbdf7c6010b57
DEP00-L40-S503-X,DEP00-L40-S503,THROAT_RESTRICTION,40,30.0,503,PAIRED_TRANSFORMATION,BASE-L40-S503,X,1e-05,f32,SCIENTIFIC_COMPLETION_BATCH_1,PASS,aabc25d1d2487ecdcfb50c7c91e005c19b1dd0036f551767947afdc65490fb55,0.9626428042767753,2.3466572512269983,4.1256120183290375e-05,0.41021875,0.410109375,0.410109375,0.410109375,0.58978125,0.15240625,1.0,2.449489742783178,6.0,-2,0.9232673945267751,0.47696145436043735,0.358430585678187,0.5879333093286347,0.8628030735230529,0.0008087961550918944,1600,0.9,0.55,0,8,0.0,LINEAGE-a156966db45222e2
DEP00-L40-S601-X,DEP00-L40-S601,THROAT_RESTRICTION,40,30.0,601,PAIRED_TRANSFORMATION,BASE-L40-S601,X,1e-05,f32,SCIENTIFIC_COMPLETION_BATCH_1,PASS,0cb40b71d69f59426569ee0f2f346d9e00273ed30ee6fdd41dc640489eaac4ec,2.5141864828555467,6.0274173997136264,0.00010775084926523773,0.417125,0.417078125,0.417078125,0.417078125,0.582875,0.149375,1.0,2.8284271247461903,6.082762530298219,0,1.4458821527507275,0.6495639076619285,0.4965865722306304,0.7135146172516559,0.7150721141680189,0.0017773015154229407,9200,1.6,0.55,0,8,0.0,LINEAGE-b29014f14329deae
DEP00-L40-S701-X,DEP00-L40-S701,THROAT_RESTRICTION,40,30.0,701,PAIRED_TRANSFORMATION,BASE-L40-S701,X,1e-05,f32,SCIENTIFIC_COMPLETION_BATCH_1,PASS,82aa4557ba6e0f9cca8a11f57148d2888fa4592638c13bea4928e3918f3eae17,0.5590387451503158,1.4088234245400935,2.395880336358497e-05,0.3968125,0.39675,0.39675,0.39675,0.6031875,0.16721875,1.0,2.23606797749979,5.0,-2,1.1391966233020907,0.5390095363051834,0.40505874113224094,0.66303161804358,0.8192182794119894,0.0008116207905391102,21800,2.9,0.55,0,8,0.0,LINEAGE-10d3819d55720b7f
DEP00-L40-S809-X,DEP00-L40-S809,THROAT_RESTRICTION,40,30.0,809,PAIRED_TRANSFORMATION,BASE-L40-S809,X,1e-05,f32,SCIENTIFIC_COMPLETION_BATCH_1,PASS,3b87f9ad30892debce6f609408b39f6b7fc5e94b1952e449dfb1b74aaf98e918,0.9223871292584113,2.188831155822704,3.953087696821763e-05,0.42140625,0.421234375,0.421234375,0.421234375,0.57859375,0.16221875,1.0,2.23606797749979,5.0,-2,0.9805584053847395,0.523610287722099,0.31834473308133304,0.599864478510487,0.8210045447344791,0.000832580781266357,4400,1.1,0.55,0,8,0.0,LINEAGE-96b7bea488703442
DEP10-L40-S101-X,DEP10-L40-S101,THROAT_RESTRICTION,40,30.0,101,PAIRED_TRANSFORMATION,BASE-L40-S101,X,1e-05,f32,SCORED,PASS,92071fa8c6ea3bd598263e96c575297a7d051b3e4bd5633a204ed668cb832cc5,0.5099389038388348,1.4444582564258397,2.1854524450235784e-05,0.35303125,0.352109375,0.352109375,0.352109375,0.64696875,0.22653125,1.0,1.7320508075688772,4.242640687119285,-27,0.9774084769456496,0.4829293157540622,0.3687617529015671,0.5986629033367192,0.8538160443958609,0.0004981419581890692,1800,0.9,0.55,0,8,0.1,LINEAGE-6ca7820524bc75f9
DEP10-L40-S211-X,DEP10-L40-S211,THROAT_RESTRICTION,40,30.0,211,PAIRED_TRANSFORMATION,BASE-L40-S211,X,1e-05,f32,SCORED,PASS,fe567ce36cf74f634f92860337cfa1d1082111af8470e8fe1f4a0d8e11b4c35c,0.3141440751937565,0.8331007670990103,1.3463317508303852e-05,0.377078125,0.3758125,0.3758125,0.3758125,0.622921875,0.21271875,1.0,2.23606797749979,4.898979485566356,-41,0.9943243923843594,0.5223240757866984,0.3685878258650579,0.6057343577995771,0.8290560500613837,0.0005509533254109542,16400,2.3,0.55,0,8,0.1,LINEAGE-da7edd8ce9b9b489
DEP10-L40-S307-X,DEP10-L40-S307,THROAT_RESTRICTION,40,30.0,307,PAIRED_TRANSFORMATION,BASE-L40-S307,X,1e-05,f32,SCORED,PASS,9481d8e858236396b392869c63a96f8f49943b60de3830e53afdd431bbd32686,1.839794220428009,4.751496311988725,7.884832373262898e-05,0.387203125,0.38625,0.38625,0.38625,0.612796875,0.2025,1.0,2.23606797749979,5.385164807134504,-19,1.5796090021263582,0.6833110396230305,0.5596874666001643,0.7752925677289532,0.6881857460125063,0.0014352493233870125,6200,1.3,0.55,0,8,0.1,LINEAGE-843ab07fcc10c42f
DEP10-L40-S401-X,DEP10-L40-S401,THROAT_RESTRICTION,40,30.0,401,PAIRED_TRANSFORMATION,BASE-L40-S401,X,1e-05,f32,SCORED,PASS,85e0aebac61b442992755c22e7d772ce58a745d4aafd4e10f681ef94ed53cb0d,1.968487379216644,5.005092855661881,8.436374482357046e-05,0.393296875,0.39284375,0.39284375,0.39284375,0.606703125,0.16134375,1.0,2.449489742783178,5.385164807134504,0,1.082640772256075,0.5673421792630785,0.3274611786689201,0.6141056139528419,0.7694776169454911,0.0011277539252675848,5400,1.2,0.55,0,8,0.1,LINEAGE-35ffbdf7c6010b57
DEP10-L40-S503-X,DEP10-L40-S503,THROAT_RESTRICTION,40,30.0,503,PAIRED_TRANSFORMATION,BASE-L40-S503,X,1e-05,f32,SCIENTIFIC_COMPLETION_BATCH_1,PASS,088e7b720a49c73b2e2cdbe8cda2d58aae23807ceae5958d4dc491ef5a1d0345,0.5661211911698093,1.5333596950724868,2.4262336764420406e-05,0.369203125,0.36865625,0.36865625,0.36865625,0.630796875,0.197625,1.0,2.23606797749979,5.385164807134504,-40,0.970056411044145,0.4919784680859288,0.3790333805408749,0.6020105166156282,0.8519823702536886,0.000611561753128219,27000,3.4,0.55,0,8,0.1,LINEAGE-a156966db45222e2
DEP10-L40-S601-X,DEP10-L40-S601,THROAT_RESTRICTION,40,30.0,601,PAIRED_TRANSFORMATION,BASE-L40-S601,X,1e-05,f32,SCIENTIFIC_COMPLETION_BATCH_1,PASS,c702fc6a1bb6cdd00cf98ac35a229d1ca72da214084135cbb842f638fd4cb264,1.7399686979391236,4.634895391163902,7.457008705453388e-05,0.37540625,0.3741875,0.3741875,0.3741875,0.62459375,0.1919375,1.0,2.23606797749979,5.477225575051661,-32,1.5669486095937022,0.6775629006680975,0.5332356306636433,0.7428492475238027,0.6828574459006438,0.0015060806589713665,3400,1.0,0.55,0,8,0.1,LINEAGE-b29014f14329deae
DEP10-L40-S701-X,DEP10-L40-S701,THROAT_RESTRICTION,40,30.0,701,PAIRED_TRANSFORMATION,BASE-L40-S701,X,1e-05,f32,SCIENTIFIC_COMPLETION_BATCH_1,PASS,bc196d78ab961ff1ba13bed1721d34885432acd331636b073acf5ba09d50dd64,0.29602788038242456,0.828919511046341,1.2686909159246768e-05,0.357125,0.356390625,0.356390625,0.356390625,0.642875,0.21778125,1.0,2.0,4.242640687119285,-28,1.311014194792834,0.5959272744321061,0.4506105271310832,0.7307817731301542,0.7715322903203057,0.0006412272809905595,10800,1.8,0.55,0,8,0.1,LINEAGE-10d3819d55720b7f
DEP10-L40-S809-X,DEP10-L40-S809,THROAT_RESTRICTION,40,30.0,809,PAIRED_TRANSFORMATION,BASE-L40-S809,X,1e-05,f32,SCIENTIFIC_COMPLETION_BATCH_1,PASS,5820070eb677bbc7638fc783b8af3939368cef92a663fccb0204b766b8e53eee,0.5220730090693628,1.3765365871725466,2.2374557531544125e-05,0.379265625,0.37859375,0.37859375,0.37859375,0.620734375,0.212125,1.0,2.0,4.47213595499958,-27,1.0276862354385932,0.5456986951738041,0.34403818862472474,0.6198994982690715,0.8058766343317507,0.0006360900174887354,8600,1.6,0.55,0,8,0.1,LINEAGE-96b7bea488703442
DEP20-L40-S101-X,DEP20-L40-S101,THROAT_RESTRICTION,40,30.0,101,PAIRED_TRANSFORMATION,BASE-L40-S101,X,1e-05,f32,SCORED,PASS,61c787d1119392383c363247958b3008065607a14b77b14f2f70ddac1661fd1d,0.4036772647541625,1.2864285686534085,1.7300454203749824e-05,0.313796875,0.312609375,0.312609375,0.312609375,0.686203125,0.1975,1.0,2.0,4.242640687119285,-12,1.0334895716637693,0.5063231264309801,0.38577094089671726,0.621353469950075,0.8395763091794699,0.00043494909540125245,2600,1.0,0.55,0,8,0.2,LINEAGE-6ca7820524bc75f9
DEP20-L40-S307-X,DEP20-L40-S307,THROAT_RESTRICTION,40,30.0,307,PAIRED_TRANSFORMATION,BASE-L40-S307,X,1e-05,f32,SCORED,PASS,61bbadbb924b06da5855b675059f94cce5e18af5b2b4606db7a98bcac0abe67a,1.5571838041832218,4.524231136177874,6.673644875070952e-05,0.3441875,0.344015625,0.344015625,0.344015625,0.6558125,0.15015625,1.0,2.23606797749979,5.385164807134504,0,1.6379684258787144,0.6971406351296192,0.5765689894418238,0.7898214869861147,0.6720044739919002,0.0013506864909289464,3400,1.0,0.55,0,8,0.2,LINEAGE-843ab07fcc10c42f
DEP20-L40-S401-X,DEP20-L40-S401,THROAT_RESTRICTION,40,30.0,401,PAIRED_TRANSFORMATION,BASE-L40-S401,X,1e-05,f32,SCORED,PASS,7c062a258ed2e184e12ec7c0a1d96f381fec1c2885db7488a77c7f6bf3a2539e,1.4358763495459321,4.1072712242307885,6.153755783768282e-05,0.34959375,0.3495625,0.3495625,0.3495625,0.65040625,0.1315,1.0,2.449489742783178,5.196152422706632,3,1.106940624876443,0.5767692848992556,0.337088182917071,0.616035414390111,0.7584061404971559,0.0009591698580108178,1600,0.9,0.55,0,8,0.2,LINEAGE-35ffbdf7c6010b57
DEP20-L40-S503-X,DEP20-L40-S503,THROAT_RESTRICTION,40,30.0,503,PAIRED_TRANSFORMATION,BASE-L40-S503,X,1e-05,f32,SCIENTIFIC_COMPLETION_BATCH_1,PASS,88030e90cc026f25d2f0c4db52a84f0a3d0c9f25760644b596ce4062fb76bd0d,0.4456093417181184,1.3578535385401884,1.9097543216490792e-05,0.328171875,0.328125,0.328125,0.328125,0.671828125,0.1478125,1.0,2.23606797749979,5.477225575051661,-3,0.9959609139786726,0.5023638494893803,0.3875251170478442,0.6139408430747484,0.8451995733164462,0.0005436697845875735,6800,1.4,0.55,0,8,0.2,LINEAGE-a156966db45222e2
DEP20-L40-S601-X,DEP20-L40-S601,THROAT_RESTRICTION,40,30.0,601,PAIRED_TRANSFORMATION,BASE-L40-S601,X,1e-05,f32,SCIENTIFIC_COMPLETION_BATCH_1,PASS,af9e29ecbd3cd7e165987a50853987f48a0d41d163eb1383e7615b22d78f2deb,1.4488452577320208,4.341719178482434,6.209336818851519e-05,0.333703125,0.33365625,0.33365625,0.33365625,0.666296875,0.13853125,1.0,2.449489742783178,5.477225575051661,0,1.6430098840253515,0.6940916483124173,0.5587652292020729,0.761954965447514,0.6634568393154413,0.0014161330028751077,1800,0.9,0.55,0,8,0.2,LINEAGE-b29014f14329deae
DEP20-L40-S809-X,DEP20-L40-S809,THROAT_RESTRICTION,40,30.0,809,PAIRED_TRANSFORMATION,BASE-L40-S809,X,1e-05,f32,SCIENTIFIC_COMPLETION_BATCH_1,PASS,a87602b909f7556ed6308393eab36274e03687c98feb5174d91b9cf03828e84c,0.40787667492969254,1.2098677788051688,1.7480428925558254e-05,0.337125,0.33675,0.33675,0.33675,0.662875,0.1678125,1.0,2.23606797749979,4.47213595499958,3,1.0499819514359685,0.5547418317679794,0.35153297727954835,0.6302393185808983,0.7985424746815108,0.0005716779046462767,1600,0.9,0.55,0,8,0.2,LINEAGE-96b7bea488703442
DEP30-L40-S101-X,DEP30-L40-S101,THROAT_RESTRICTION,40,30.0,101,PAIRED_TRANSFORMATION,BASE-L40-S101,X,1e-05,f32,SCORED,PASS,f33ea0e285a99b8a7103c7852f996bf729540058441d42624459d67a6c342758,0.27414817467679514,0.9984341421109024,1.1749207486148365e-05,0.274578125,0.27409375,0.27409375,0.27409375,0.725421875,0.16815625,1.0,1.7320508075688772,4.123105625617661,-12,1.1046968368256134,0.5358696858786934,0.41097711489350996,0.6488808566018299,0.8204337609771858,0.0003626073707747597,5600,1.3,0.55,0,8,0.3,LINEAGE-6ca7820524bc75f9
DEP30-L40-S307-X,DEP30-L40-S307,THROAT_RESTRICTION,40,30.0,307,PAIRED_TRANSFORMATION,BASE-L40-S307,X,1e-05,f32,SCORED,PASS,609d1060bf0cf2c8ef98f7b7ecfda84f7ed124537ebcac8e0a8176b6536ac684,1.1574035189363359,3.843000010994838,4.960300795441441e-05,0.301171875,0.30109375,0.30109375,0.30109375,0.698828125,0.1385625,1.0,2.23606797749979,5.196152422706632,-5,1.7262832958807584,0.7207066576723985,0.6033977176433963,0.8143887159982848,0.6429437885690901,0.001233949813600687,10000,1.7,0.55,0,8,0.3,LINEAGE-843ab07fcc10c42f
DEP30-L40-S401-X,DEP30-L40-S401,THROAT_RESTRICTION,40,30.0,401,PAIRED_TRANSFORMATION,BASE-L40-S401,X,1e-05,f32,SCORED,PASS,f1e276b3155860e659922e5afe4ca6c3170f732579db2746ad42d45be0373c3c,0.9234626547887358,3.018776683342481,3.957697091951726e-05,0.30590625,0.305890625,0.305890625,0.305890625,0.69409375,0.12909375,1.0,2.23606797749979,5.0,1,1.1249121849158117,0.5816761872477403,0.33866915083844423,0.6159291651749531,0.7486662562312564,0.0007493248102490067,13800,2.1,0.55,0,8,0.3,LINEAGE-35ffbdf7c6010b57
DEP30-L40-S503-X,DEP30-L40-S503,THROAT_RESTRICTION,40,30.0,503,PAIRED_TRANSFORMATION,BASE-L40-S503,X,1e-05,f32,SCIENTIFIC_COMPLETION_BATCH_1,PASS,180c7355dfe195503c226e28c842cc5b8d343b482e551bbf03ae60b5e9eab24b,0.27142700125073393,0.9452240766158979,1.1632585767888601e-05,0.28715625,0.28703125,0.28703125,0.28703125,0.71284375,0.14275,1.0,2.23606797749979,5.385164807134504,-1,1.0353413962691562,0.5195767575186407,0.39647858477019315,0.632997344165017,0.8343877077493439,0.00041273897891512296,37600,4.5,0.55,0,8,0.3,LINEAGE-a156966db45222e2
DEP30-L40-S601-X,DEP30-L40-S601,THROAT_RESTRICTION,40,30.0,601,PAIRED_TRANSFORMATION,BASE-L40-S601,X,1e-05,f32,SCIENTIFIC_COMPLETION_BATCH_1,PASS,31700e95ce538931c3da8e3fbc670f4907f1bf49028efae12dd6a8c5bf00b99d,1.0480261028773783,3.589322554939381,4.491540440903051e-05,0.291984375,0.291921875,0.291859375,0.291859375,0.708015625,0.125875,1.0,2.23606797749979,5.196152422706632,2,1.7766665448049572,0.7217814993228896,0.6043231624578739,0.7927593190048376,0.6287152042307149,0.0012777956324507877,1600,0.9,0.55,0,8,0.3,LINEAGE-b29014f14329deae
DEP30-L40-S809-X,DEP30-L40-S809,THROAT_RESTRICTION,40,30.0,809,PAIRED_TRANSFORMATION,BASE-L40-S809,X,1e-05,f32,SCIENTIFIC_COMPLETION_BATCH_1,PASS,5a748d776e8e811c8f78785c04c6ebb7914ae5248158229dda122a568e64604f,0.25324371038761384,0.8584987268821063,1.085330187375488e-05,0.294984375,0.29459375,0.29459375,0.29459375,0.705015625,0.15934375,1.0,2.0,4.242640687119285,-7,1.085184638902916,0.5685304198557168,0.3655020696877422,0.6459747600252093,0.7872577974825369,0.00043388233351857443,31000,3.8,0.55,0,8,0.3,LINEAGE-96b7bea488703442
DEP40-L40-S101-X,DEP40-L40-S101,THROAT_RESTRICTION,40,30.0,101,PAIRED_TRANSFORMATION,BASE-L40-S101,X,1e-05,f32,SCORED,PASS,c007b488def3b6b96e929fbc97e8fa749bd2ee0253e2b4e5b5c3357ec7bc9486,0.18295971309527317,0.7774147947216494,7.841130561225995e-06,0.23534375,0.235171875,0.235171875,0.235171875,0.76465625,0.14359375,1.0,1.7320508075688772,4.123105625617661,-1,1.1785057625746238,0.5671856879290238,0.4342925974331565,0.6813001865768141,0.7979812517085162,0.00031967322955575133,7000,1.4,0.55,0,8,0.4,LINEAGE-6ca7820524bc75f9
DEP40-L40-S307-X,DEP40-L40-S307,THROAT_RESTRICTION,40,30.0,307,PAIRED_TRANSFORMATION,BASE-L40-S307,X,1e-05,f32,SCORED,PASS,7a688181cce01e9d5ef11e711fb69b74fca138910b4f58156a9359f72186e832,0.7938816028733681,3.075384213055841,3.40234972660015e-05,0.258140625,0.25790625,0.25790625,0.25790625,0.741859375,0.13415625,1.0,2.23606797749979,5.0,-2,1.8545745271314766,0.7454254534318042,0.6332330001225284,0.8388503412837052,0.6074757730808268,0.0010300362784770518,3000,1.0,0.55,0,8,0.4,LINEAGE-843ab07fcc10c42f
DEP40-L40-S401-X,DEP40-L40-S401,THROAT_RESTRICTION,40,30.0,401,PAIRED_TRANSFORMATION,BASE-L40-S401,X,1e-05,f32,SCORED,PASS,17cf93b97446cb73abb6dc7c8d0fc442ab306758c3ebbdb02306e822fa9483fb,0.5621340788432795,2.143887792501632,2.4091460521854842e-05,0.262203125,0.262203125,0.262203125,0.262203125,0.737796875,0.11796875,1.0,2.23606797749979,4.47213595499958,4,1.144921411737304,0.5872431698522873,0.3475897480005171,0.6151149388823434,0.7382999018210535,0.0006180120784162636,6800,1.4,0.55,0,8,0.4,LINEAGE-35ffbdf7c6010b57
DEP40-L40-S503-X,DEP40-L40-S503,THROAT_RESTRICTION,40,30.0,503,PAIRED_TRANSFORMATION,BASE-L40-S503,X,1e-05,f32,SCIENTIFIC_COMPLETION_BATCH_1,PASS,a4f3f1262c846a8b775caecaea5727f6bb54a47fe35717083495d58169c70fc9,0.1528476319504541,0.6210162801440491,6.5506127978766056e-06,0.246125,0.24603125,0.24603125,0.24603125,0.753875,0.1381875,1.0,2.23606797749979,5.0990195135927845,-9,1.0484795087690895,0.5259142245080118,0.4029952232549934,0.6432613851389183,0.829874631239579,0.00028963973891283214,5200,1.2,0.55,0,8,0.4,LINEAGE-a156966db45222e2
DEP40-L40-S601-X,DEP40-L40-S601,THROAT_RESTRICTION,40,30.0,601,PAIRED_TRANSFORMATION,BASE-L40-S601,X,1e-05,f32,SCIENTIFIC_COMPLETION_BATCH_1,PASS,0a513fddac3ede802f03c2aeaa921529ccb4aa988cdc27c7f5267e8224b62b5c,0.6947418565570873,2.7758446010521656,2.977465099530375e-05,0.25028125,0.25009375,0.25009375,0.25009375,0.74971875,0.12534375,1.0,2.23606797749979,4.898979485566356,5,1.9217770377756913,0.7475979757061373,0.6471631924015946,0.8223484800237829,0.5926050648976345,0.0010632469420979735,2000,0.9,0.55,0,8,0.4,LINEAGE-b29014f14329deae
DEP40-L40-S809-X,DEP40-L40-S809,THROAT_RESTRICTION,40,30.0,809,PAIRED_TRANSFORMATION,BASE-L40-S809,X,1e-05,f32,SCIENTIFIC_COMPLETION_BATCH_1,PASS,b40cc8df032b6d35ab3fd70cb64e6fecf7a4f05ff2b6e4cccd9f8c68879c7311,0.1483301931315203,0.5866476554453899,6.357008277065156e-06,0.25284375,0.2525625,0.2525625,0.2525625,0.74715625,0.15825,1.0,1.7320508075688772,4.123105625617661,-6,1.120473418324866,0.5827440797261669,0.3804780393859274,0.6576273288455592,0.774462040329998,0.00033488953274523155,37000,4.4,0.55,0,8,0.4,LINEAGE-96b7bea488703442
DIR-BASE-L40-S101-X,DIR-BASE-L40-S101,DIRECTIONAL,40,30.0,101,INDEPENDENT_REALIZATIONS,,X,1e-05,f32,SCORED_DIRECTIONAL,PASS,6be3b870f9991cfd2f7759553944b8fc6a7b9a83187558558ec98970aaedccac,0.8201423407052879,2.0908663880313267,3.514895745879806e-05,0.39225,0.39215625,0.39215625,0.39215625,0.60775,0.17453125,1.0,2.23606797749979,4.898979485566356,-8,0.8872444439562771,0.44470631817738937,0.3440659955676682,0.5688169333184004,0.875529327674337,0.0006292507843505415,4000,1.1,0.55,0,8,0.0,LINEAGE-6ca7820524bc75f9
DIR-BASE-L40-S101-Y,DIR-BASE-L40-S101,DIRECTIONAL,40,30.0,101,INDEPENDENT_REALIZATIONS,,Y,1e-05,f32,SCORED_DIRECTIONAL,PASS,6be3b870f9991cfd2f7759553944b8fc6a7b9a83187558558ec98970aaedccac,0.7431370430888309,1.894549504369231,3.184873041809276e-05,0.39225,0.39215625,0.39215625,0.39215625,0.60775,0.17453125,1.0,2.23606797749979,4.898979485566356,-8,0.7268483628869075,0.3952116474754501,0.28211390844183704,0.49316408010261636,0.9062741105690001,0.0005503653511835865,1600,0.8,0.55,0,8,0.0,LINEAGE-6ca7820524bc75f9
DIR-BASE-L40-S101-Z,DIR-BASE-L40-S101,DIRECTIONAL,40,30.0,101,INDEPENDENT_REALIZATIONS,,Z,1e-05,f32,SCORED_DIRECTIONAL,PASS,6be3b870f9991cfd2f7759553944b8fc6a7b9a83187558558ec98970aaedccac,0.6741624300784669,1.7187060040241349,2.8892675574791442e-05,0.39225,0.39215625,0.39215625,0.39215625,0.60775,0.17453125,1.0,2.23606797749979,4.898979485566356,-8,0.9676746715518637,0.46654864117893735,0.3704692467402575,0.5572734373731796,0.8618674957030176,0.0006093061380066658,8000,1.5,0.55,0,8,0.0,LINEAGE-6ca7820524bc75f9
DIR-BASE-L40-S211-X,DIR-BASE-L40-S211,DIRECTIONAL,40,30.0,211,INDEPENDENT_REALIZATIONS,,X,1e-05,f32,SCORED_DIRECTIONAL,PASS,00ebf1abee9512445894480acf5438652b847791d98e272f51a52cf04b6cf96b,0.6234082587284342,1.487958848311322,2.6717496802647186e-05,0.41896875,0.418890625,0.418890625,0.418890625,0.58103125,0.1654375,1.0,2.449489742783178,5.385164807134504,-7,0.9357184583960273,0.4973641596502785,0.3416044494124775,0.592656405100093,0.8448651745095448,0.0007465411071639842,2600,1.0,0.55,0,8,0.0,LINEAGE-da7edd8ce9b9b489
DIR-BASE-L40-S211-Y,DIR-BASE-L40-S211,DIRECTIONAL,40,30.0,211,INDEPENDENT_REALIZATIONS,,Y,1e-05,f32,SCORED_DIRECTIONAL,PASS,00ebf1abee9512445894480acf5438652b847791d98e272f51a52cf04b6cf96b,1.9161941333408663,4.573596797710727,8.212260571460857e-05,0.41896875,0.418890625,0.418890625,0.418890625,0.58103125,0.1654375,1.0,2.449489742783178,5.385164807134504,-7,1.199207588938765,0.6038393353735007,0.4268416727310223,0.6882606437022419,0.7662245843150455,0.0011946440591207555,6400,1.3,0.55,0,8,0.0,LINEAGE-da7edd8ce9b9b489
DIR-BASE-L40-S211-Z,DIR-BASE-L40-S211,DIRECTIONAL,40,30.0,211,INDEPENDENT_REALIZATIONS,,Z,1e-05,f32,SCORED_DIRECTIONAL,PASS,00ebf1abee9512445894480acf5438652b847791d98e272f51a52cf04b6cf96b,0.9436806962790945,2.2523892206258687,4.04434584119612e-05,0.41896875,0.418890625,0.418890625,0.418890625,0.58103125,0.1654375,1.0,2.449489742783178,5.385164807134504,-7,1.364114409223567,0.6055979408434334,0.5129508041910587,0.7035820722546353,0.7588675137840406,0.0012122445715893693,5800,1.3,0.55,0,8,0.0,LINEAGE-da7edd8ce9b9b489
DIR-BASE-L40-S307-X,DIR-BASE-L40-S307,DIRECTIONAL,40,30.0,307,INDEPENDENT_REALIZATIONS,,X,1e-05,f32,SCORED_DIRECTIONAL,PASS,07f33c34838031e5d682aec695d25a7a6d57e0ca1e2d46b128f5c66bf1822f29,2.6532356575802147,6.166954134197702,0.00011371009961058064,0.430234375,0.430109375,0.430109375,0.430109375,0.569765625,0.15815625,1.0,2.449489742783178,5.916079783099616,-4,1.4479323706400622,0.6512006705557938,0.5233249037166476,0.7436785987157789,0.7237028866357147,0.0017094421112985227,5000,1.2,0.55,0,8,0.0,LINEAGE-843ab07fcc10c42f
DIR-BASE-L40-S307-Y,DIR-BASE-L40-S307,DIRECTIONAL,40,30.0,307,INDEPENDENT_REALIZATIONS,,Y,1e-05,f32,SCORED_DIRECTIONAL,PASS,07f33c34838031e5d682aec695d25a7a6d57e0ca1e2d46b128f5c66bf1822f29,1.15328499852384,2.68059705485839,4.9426499936736016e-05,0.430234375,0.430109375,0.430109375,0.430109375,0.569765625,0.15815625,1.0,2.449489742783178,5.916079783099616,-4,1.375149505216749,0.60135046185085,0.5220107676822208,0.6929498299840142,0.7603854229113705,0.001255829471835144,4200,1.1,0.55,0,8,0.0,LINEAGE-843ab07fcc10c42f
DIR-BASE-L40-S307-Z,DIR-BASE-L40-S307,DIRECTIONAL,40,30.0,307,INDEPENDENT_REALIZATIONS,,Z,1e-05,f32,SCORED_DIRECTIONAL,PASS,07f33c34838031e5d682aec695d25a7a6d57e0ca1e2d46b128f5c66bf1822f29,0.41844764389329553,0.9726039298772803,1.7933470452569814e-05,0.430234375,0.430109375,0.430109375,0.430109375,0.569765625,0.15815625,1.0,2.449489742783178,5.916079783099616,-4,1.4375077268150058,0.6412659314881485,0.4982593380668063,0.7463704991399827,0.7295064719886019,0.0007839233934860221,16400,2.3,0.55,0,8,0.0,LINEAGE-843ab07fcc10c42f
DIR-BASE-L40-S401-X,DIR-BASE-L40-S401,DIRECTIONAL,40,30.0,401,INDEPENDENT_REALIZATIONS,,X,1e-05,f32,SCORED_DIRECTIONAL,PASS,72db2abeb685dd9380d3d3996070eda11df5fa4956688eaaab2362cf5f024174,3.0731911713542965,7.032474076325621,0.0001317081930580413,0.437,0.436953125,0.436953125,0.436953125,0.563,0.12596875,1.0,3.0,6.082762530298219,2,1.0507146272724652,0.554479125803868,0.3219459873595395,0.6048079975117647,0.7848191732899084,0.0014508556434315292,6600,1.4,0.55,0,8,0.0,LINEAGE-35ffbdf7c6010b57
DIR-BASE-L40-S401-Y,DIR-BASE-L40-S401,DIRECTIONAL,40,30.0,401,INDEPENDENT_REALIZATIONS,,Y,1e-05,f32,SCORED_DIRECTIONAL,PASS,72db2abeb685dd9380d3d3996070eda11df5fa4956688eaaab2362cf5f024174,3.393079963646433,7.764485042669183,0.00014541771272770428,0.437,0.436953125,0.436953125,0.436953125,0.563,0.12596875,1.0,3.0,6.082762530298219,2,1.1334458014975828,0.5841986807448339,0.3882350399306581,0.6403758080942532,0.7729853561617959,0.0015081053994391695,3600,1.1,0.55,0,8,0.0,LINEAGE-35ffbdf7c6010b57
DIR-BASE-L40-S401-Z,DIR-BASE-L40-S401,DIRECTIONAL,40,30.0,401,INDEPENDENT_REALIZATIONS,,Z,1e-05,f32,SCORED_DIRECTIONAL,PASS,72db2abeb685dd9380d3d3996070eda11df5fa4956688eaaab2362cf5f024174,0.34828785716955263,0.7969973848273516,1.4926622450123687e-05,0.437,0.436953125,0.436953125,0.436953125,0.563,0.12596875,1.0,3.0,6.082762530298219,2,2.175783875490884,0.7773210791601127,0.6911544919196452,0.9082243653653272,0.5416004787009098,0.001046404787334823,7400,1.4,0.55,0,8,0.0,LINEAGE-35ffbdf7c6010b57
DIR-DEP30-L40-S101-X,DIR-DEP30-L40-S101,DIRECTIONAL,40,30.0,101,INDEPENDENT_REALIZATIONS,,X,1e-05,f32,SCORED_DIRECTIONAL,PASS,444d046c8ed99124500de171cf673b4920244bb78dff683655e4e43932c0f7d5,0.2768690984905185,1.008343612552961,1.1865818506736509e-05,0.274578125,0.27409375,0.27409375,0.27409375,0.725421875,0.16890625,1.0,1.7320508075688772,4.123105625617661,-13,1.09877661860608,0.5347999701349031,0.4063840992210578,0.6481921610411621,0.8212577940159428,0.00036184500552890954,34200,4.1,0.55,0,8,0.3,LINEAGE-3944bacd28ca7a5d
DIR-DEP30-L40-S101-Y,DIR-DEP30-L40-S101,DIRECTIONAL,40,30.0,101,INDEPENDENT_REALIZATIONS,,Y,1e-05,f32,SCORED_DIRECTIONAL,PASS,444d046c8ed99124500de171cf673b4920244bb78dff683655e4e43932c0f7d5,0.22733454600105463,0.8279412134562963,9.742909114330914e-06,0.274578125,0.27409375,0.27409375,0.27409375,0.725421875,0.16890625,1.0,1.7320508075688772,4.123105625617661,-13,0.8323669818924355,0.45178809822653354,0.31513741108754173,0.5229695274516238,0.8729309884250471,0.00031326076166180426,43200,5.0,0.55,0,8,0.3,LINEAGE-3944bacd28ca7a5d
DIR-DEP30-L40-S101-Z,DIR-DEP30-L40-S101,DIRECTIONAL,40,30.0,101,INDEPENDENT_REALIZATIONS,,Z,1e-05,f32,SCORED_DIRECTIONAL,PASS,444d046c8ed99124500de171cf673b4920244bb78dff683655e4e43932c0f7d5,0.1596690366567472,0.5815067629904865,6.842958713860596e-06,0.274578125,0.27409375,0.27409375,0.27409375,0.725421875,0.16890625,1.0,1.7320508075688772,4.123105625617661,-13,1.0636873616540536,0.4991064492317343,0.3934106893670497,0.607083938398362,0.8380896443353046,0.00034704586460954095,30800,3.7,0.55,0,8,0.3,LINEAGE-3944bacd28ca7a5d
DIR-DEP30-L40-S211-X,DIR-DEP30-L40-S211,DIRECTIONAL,40,30.0,211,INDEPENDENT_REALIZATIONS,,X,1e-05,f32,SCORED_DIRECTIONAL,PASS,6ef42e82dbc11b985ed8d6a5108476b02291752e918f766304e3b49258b636d2,0.11921515360280031,0.4064874709951636,5.109220868691443e-06,0.29328125,0.29296875,0.29296875,0.29296875,0.70671875,0.15253125,1.0,2.0,4.58257569495584,-2,1.0817742985693044,0.5574997318757225,0.39741021399381987,0.6419072024652666,0.8047471382325687,0.00036272300973888707,30200,3.7,0.55,0,8,0.3,LINEAGE-04c94c50693d4975
DIR-DEP30-L40-S211-Y,DIR-DEP30-L40-S211,DIRECTIONAL,40,30.0,211,INDEPENDENT_REALIZATIONS,,Y,1e-05,f32,SCORED_DIRECTIONAL,PASS,6ef42e82dbc11b985ed8d6a5108476b02291752e918f766304e3b49258b636d2,0.7118417227795896,2.4271641053752657,3.0507502404839557e-05,0.29328125,0.29296875,0.29296875,0.29296875,0.70671875,0.15253125,1.0,2.0,4.58257569495584,-2,1.3888879593039594,0.6655787063575087,0.505725315409369,0.7560739877386036,0.7038244084145072,0.000810033703727172,4200,1.1,0.55,0,8,0.3,LINEAGE-04c94c50693d4975
DIR-DEP30-L40-S211-Z,DIR-DEP30-L40-S211,DIRECTIONAL,40,30.0,211,INDEPENDENT_REALIZATIONS,,Z,1e-05,f32,SCORED_DIRECTIONAL,PASS,6ef42e82dbc11b985ed8d6a5108476b02291752e918f766304e3b49258b636d2,0.33303117075335287,1.1355351586688645,1.4272764460857984e-05,0.29328125,0.29296875,0.29296875,0.29296875,0.70671875,0.15253125,1.0,2.0,4.58257569495584,-2,1.5997736346110427,0.6705127907111872,0.5720215117096625,0.7704879299470839,0.693989855775139,0.0007647340298795137,46600,5.4,0.55,0,8,0.3,LINEAGE-04c94c50693d4975
DIR-DEP30-L40-S307-X,DIR-DEP30-L40-S307,DIRECTIONAL,40,30.0,307,INDEPENDENT_REALIZATIONS,,X,1e-05,f32,SCORED_DIRECTIONAL,PASS,9e4f2ac5aeb64ff163585ce413e4130acd07d64f1ff08b1cdd4f39277300e2e6,1.157342099241273,3.842796075301763,4.9600375681768856e-05,0.301171875,0.30109375,0.30109375,0.30109375,0.698828125,0.1385625,1.0,2.23606797749979,5.196152422706632,-5,1.726239591652513,0.7206929372596218,0.6033836098749258,0.8143805885197375,0.6429624138173676,0.0012338467769648213,20000,2.7,0.55,0,8,0.3,LINEAGE-16cd7602177a63b0
DIR-DEP30-L40-S307-Y,DIR-DEP30-L40-S307,DIRECTIONAL,40,30.0,307,INDEPENDENT_REALIZATIONS,,Y,1e-05,f32,SCORED_DIRECTIONAL,PASS,9e4f2ac5aeb64ff163585ce413e4130acd07d64f1ff08b1cdd4f39277300e2e6,0.33009129244852337,1.096022968441271,1.414676967636529e-05,0.301171875,0.30109375,0.30109375,0.30109375,0.698828125,0.1385625,1.0,2.23606797749979,5.196152422706632,-5,1.6560722888093486,0.6689616591291982,0.5965652729067292,0.7454420019445993,0.6892610618785654,0.0007487416753156913,2600,1.0,0.55,0,8,0.3,LINEAGE-16cd7602177a63b0
DIR-DEP30-L40-S401-X,DIR-DEP30-L40-S401,DIRECTIONAL,40,30.0,401,INDEPENDENT_REALIZATIONS,,X,1e-05,f32,SCORED_DIRECTIONAL,PASS,b7be4b021aecb6584199249ce6cd361fd73f582f4c8e90a1c730e97ad357dac6,0.922460147321092,3.015499511111957,3.9534006313761096e-05,0.30590625,0.305875,0.305875,0.305875,0.69409375,0.129125,1.0,2.23606797749979,5.0,3,1.1258957770083067,0.581688871370541,0.33959780338721013,0.6155063023873538,0.748431021722586,0.0007518222892545544,2800,1.0,0.55,0,8,0.3,LINEAGE-749e3aeee3777660
DIR-DEP30-L40-S401-Y,DIR-DEP30-L40-S401,DIRECTIONAL,40,30.0,401,INDEPENDENT_REALIZATIONS,,Y,1e-05,f32,SCORED_DIRECTIONAL,PASS,b7be4b021aecb6584199249ce6cd361fd73f582f4c8e90a1c730e97ad357dac6,1.1514584864632433,3.7640894439497177,4.934822084842472e-05,0.30590625,0.305875,0.305875,0.305875,0.69409375,0.129125,1.0,2.23606797749979,5.0,3,1.3071824843537867,0.6400926998166101,0.44497098218372755,0.7044375938479381,0.7190905453828459,0.0009231614775158468,3000,1.0,0.55,0,8,0.3,LINEAGE-749e3aeee3777660
DIR-H2-L40-S101-X,DIR-H2-L40-S101,DIRECTIONAL,40,30.0,101,INDEPENDENT_REALIZATIONS,,X,1e-05,f32,SCORED_DIRECTIONAL,PASS,820efa037dee0d30a1201cdf34364d3fc78f9ef3a324f74cfc85d74612d95d89,1.1320159315330982,2.6616098316722367,4.8514968494275646e-05,0.4253125,0.4253125,0.4253125,0.4253125,0.5746875,0.17846875,1.0,2.23606797749979,4.123105625617661,1,0.813095439776965,0.4397589363748847,0.31826823383237823,0.5136001505350373,0.8738875034555589,0.0006547355150167913,4000,1.1,0.55,2,8,0.0,LINEAGE-5a0a09de25a0567c
DIR-H2-L40-S101-Y,DIR-H2-L40-S101,DIRECTIONAL,40,30.0,101,INDEPENDENT_REALIZATIONS,,Y,1e-05,f32,SCORED_DIRECTIONAL,PASS,820efa037dee0d30a1201cdf34364d3fc78f9ef3a324f74cfc85d74612d95d89,0.6678147309811866,1.5701742388977202,2.8620631327765145e-05,0.4253125,0.4253125,0.4253125,0.4253125,0.5746875,0.17846875,1.0,2.23606797749979,4.123105625617661,1,1.3220119323634898,0.5250821328956873,0.4753930724909028,0.637049205662358,0.8109332819764401,0.0008891785432190613,7800,1.5,0.55,2,8,0.0,LINEAGE-5a0a09de25a0567c
DIR-H2-L40-S101-Z,DIR-H2-L40-S101,DIRECTIONAL,40,30.0,101,INDEPENDENT_REALIZATIONS,,Z,1e-05,f32,SCORED_DIRECTIONAL,PASS,820efa037dee0d30a1201cdf34364d3fc78f9ef3a324f74cfc85d74612d95d89,1.3019592290368132,3.0611826105200604,5.5798252673006294e-05,0.4253125,0.4253125,0.4253125,0.4253125,0.5746875,0.17846875,1.0,2.23606797749979,4.123105625617661,1,1.1989310686852375,0.5509269159442518,0.4161478555717857,0.6308378676614643,0.804904916020182,0.000893617385688634,6800,1.4,0.55,2,8,0.0,LINEAGE-5a0a09de25a0567c
DIR-H2-L40-S211-X,DIR-H2-L40-S211,DIRECTIONAL,40,30.0,211,INDEPENDENT_REALIZATIONS,,X,1e-05,f32,SCORED_DIRECTIONAL,PASS,3073d04d127d6130de281f4a327412086577d547b838821bdd1dab3c1d8931ee,4.434929817692953,9.8567685905108,0.00019006842075826942,0.4499375,0.44990625,0.44990625,0.44990625,0.5500625,0.1311875,1.0,3.3166247903554,7.3484692283495345,-5,1.382050801070851,0.658577195319524,0.4879935770376983,0.738149619920089,0.7122287945168827,0.0025321430704823814,4600,1.1,0.55,2,8,0.0,LINEAGE-f11c687c71a588e6
DIR-H2-L40-S211-Z,DIR-H2-L40-S211,DIRECTIONAL,40,30.0,211,INDEPENDENT_REALIZATIONS,,Z,1e-05,f32,SCORED_DIRECTIONAL,PASS,3073d04d127d6130de281f4a327412086577d547b838821bdd1dab3c1d8931ee,2.551722400541449,5.671281901467313,0.00010935953145177642,0.4499375,0.44990625,0.44990625,0.44990625,0.5500625,0.1311875,1.0,3.3166247903554,7.3484692283495345,-5,1.3451624439428065,0.6156105961528966,0.5268142842435152,0.6921559966582331,0.7440509355562637,0.002009887867807103,6600,1.3,0.55,2,8,0.0,LINEAGE-f11c687c71a588e6
DIR-H2-L40-S307-X,DIR-H2-L40-S307,DIRECTIONAL,40,30.0,307,INDEPENDENT_REALIZATIONS,,X,1e-05,f32,SCORED_DIRECTIONAL,PASS,32a7e28e706dcc3100654299947b6d490ab1b1ba5ceb0abd97d364a1e41f9e29,2.5823441911233056,5.819367191263788,0.00011067189390528455,0.44375,0.443609375,0.443609375,0.443609375,0.55625,0.1399375,1.0,3.0,6.708203932499369,-5,1.4295695048864054,0.6470844268348858,0.5295837518095428,0.729801703997382,0.7181630771200098,0.0018102849338606515,5000,1.2,0.55,2,8,0.0,LINEAGE-61d1316c47331272
DIR-H2-L40-S307-Y,DIR-H2-L40-S307,DIRECTIONAL,40,30.0,307,INDEPENDENT_REALIZATIONS,,Y,1e-05,f32,SCORED_DIRECTIONAL,PASS,32a7e28e706dcc3100654299947b6d490ab1b1ba5ceb0abd97d364a1e41f9e29,3.829825500211841,8.630592676533727,0.0001641353785805075,0.44375,0.443609375,0.443609375,0.443609375,0.55625,0.1399375,1.0,3.0,6.708203932499369,-5,1.4953775619931573,0.6870240479878162,0.5408173567174959,0.7871999050125789,0.6838675088623136,0.0024250006968875287,8400,1.5,0.55,2,8,0.0,LINEAGE-61d1316c47331272
DIR-H2-L40-S307-Z,DIR-H2-L40-S307,DIRECTIONAL,40,30.0,307,INDEPENDENT_REALIZATIONS,,Z,1e-05,f32,SCORED_DIRECTIONAL,PASS,32a7e28e706dcc3100654299947b6d490ab1b1ba5ceb0abd97d364a1e41f9e29,0.33171941992367193,0.7475367209547537,1.421654656815737e-05,0.44375,0.443609375,0.443609375,0.443609375,0.55625,0.1399375,1.0,3.0,6.708203932499369,-5,1.585445014604198,0.6817479574712219,0.5963830412653547,0.775771128929273,0.6850027745991611,0.0007441697522596773,32400,3.8,0.55,2,8,0.0,LINEAGE-61d1316c47331272
DIR-H2-L40-S401-X,DIR-H2-L40-S401,DIRECTIONAL,40,30.0,401,INDEPENDENT_REALIZATIONS,,X,1e-05,f32,SCORED_DIRECTIONAL,PASS,0ae20b18fe5d88030aee00d38778872238b5075aef13ebe945f566bfa527d0a4,4.408272933391363,9.98617682773068,0.00018892598285962986,0.4414375,0.441390625,0.441390625,0.441390625,0.5585625,0.12328125,1.0,3.1622776601683795,6.4031242374328485,3,1.1725491390902372,0.6066092517038486,0.3793938711792295,0.6694756986916968,0.7416161754763843,0.002028297348931478,3400,1.0,0.55,2,8,0.0,LINEAGE-4540f9d0ef1f6d7d
DIR-H2-L40-S401-Z,DIR-H2-L40-S401,DIRECTIONAL,40,30.0,401,INDEPENDENT_REALIZATIONS,,Z,1e-05,f32,SCORED_DIRECTIONAL,PASS,0ae20b18fe5d88030aee00d38778872238b5075aef13ebe945f566bfa527d0a4,4.025852530357361,9.119869812504287,0.0001725365370153155,0.4414375,0.441390625,0.441390625,0.441390625,0.5585625,0.12328125,1.0,3.1622776601683795,6.4031242374328485,3,1.1845888562838773,0.6113376760441842,0.39182270415234055,0.6768642542704455,0.7420097773854875,0.0022499678670314213,2400,0.9,0.55,2,8,0.0,LINEAGE-4540f9d0ef1f6d7d
DIR-SF64-L40-S101-X,DIR-SF64-L40-S101,DIRECTIONAL,40,30.0,101,INDEPENDENT_REALIZATIONS,,X,1e-05,f32,SCORED_DIRECTIONAL,PASS,0171f0fca58d27d8a498e72b871fafe6983af2bbb464216fd301358914e4038f,0.5148882824511176,1.4684216423898904,2.2066640676476472e-05,0.350640625,0.35046875,0.35046875,0.35046875,0.649359375,0.172625,1.0,2.0,4.358898943540674,-15,0.8586327497142285,0.43663491936509174,0.356285594580689,0.5497452674857384,0.8805273112090015,0.0004336665816587378,14400,2.1,0.64,0,8,0.0,LINEAGE-6ca7820524bc75f9
DIR-SF64-L40-S101-Z,DIR-SF64-L40-S101,DIRECTIONAL,40,30.0,101,INDEPENDENT_REALIZATIONS,,Z,1e-05,f32,SCORED_DIRECTIONAL,PASS,0171f0fca58d27d8a498e72b871fafe6983af2bbb464216fd301358914e4038f,0.44210557172137416,1.260850968770017,1.8947381645201753e-05,0.350640625,0.35046875,0.35046875,0.35046875,0.649359375,0.172625,1.0,2.0,4.358898943540674,-15,0.6407394335826415,0.35434085766662804,0.24817617331966468,0.45261324979555,0.9173082780295568,0.00036353323862747437,39200,4.6,0.64,0,8,0.0,LINEAGE-6ca7820524bc75f9
DIR-SF64-L40-S211-X,DIR-SF64-L40-S211,DIRECTIONAL,40,30.0,211,INDEPENDENT_REALIZATIONS,,X,1e-05,f32,SCORED_DIRECTIONAL,PASS,c8bba183b7d8c0e41a43ce87d8f2b9995af1e786c404462e50c67c32668b4a3a,0.49281683681812544,1.4366528904236142,2.1120721577919667e-05,0.34303125,0.342890625,0.342890625,0.342890625,0.65696875,0.1760625,1.0,2.0,4.242640687119285,-8,0.906402510679738,0.47471279232579044,0.35458784357341144,0.5615499534586796,0.8590333068038694,0.0006108156952951393,1600,0.8,0.64,0,8,0.0,LINEAGE-da7edd8ce9b9b489
DIR-SF64-L40-S211-Y,DIR-SF64-L40-S211,DIRECTIONAL,40,30.0,211,INDEPENDENT_REALIZATIONS,,Y,1e-05,f32,SCORED_DIRECTIONAL,PASS,c8bba183b7d8c0e41a43ce87d8f2b9995af1e786c404462e50c67c32668b4a3a,0.5740731643304731,1.6735302230641467,2.4603135614163137e-05,0.34303125,0.342890625,0.342890625,0.342890625,0.65696875,0.1760625,1.0,2.0,4.242640687119285,-8,1.1176492686857245,0.5223573350234778,0.3926804077114563,0.590000633562698,0.8185056460621731,0.0006691608456752677,29000,3.6,0.64,0,8,0.0,LINEAGE-da7edd8ce9b9b489
DIR-SF64-L40-S211-Z,DIR-SF64-L40-S211,DIRECTIONAL,40,30.0,211,INDEPENDENT_REALIZATIONS,,Z,1e-05,f32,SCORED_DIRECTIONAL,PASS,c8bba183b7d8c0e41a43ce87d8f2b9995af1e786c404462e50c67c32668b4a3a,0.45879463782709806,1.3374718420758984,1.9662627335447064e-05,0.34303125,0.342890625,0.342890625,0.342890625,0.65696875,0.1760625,1.0,2.0,4.242640687119285,-8,0.862800943654338,0.46308679481646886,0.3092979498955454,0.5270131399345024,0.8629913002479489,0.0005129333612788852,35000,4.2,0.64,0,8,0.0,LINEAGE-da7edd8ce9b9b489
DIR-SF64-L40-S307-X,DIR-SF64-L40-S307,DIRECTIONAL,40,30.0,307,INDEPENDENT_REALIZATIONS,,X,1e-05,f32,SCORED_DIRECTIONAL,PASS,bab66cd035e12a8ed09afc64ccb11e75d93106c94d8089c2cc0e5737a0ab36d4,0.7235483651031293,2.2259816068163376,3.100921564727697e-05,0.325046875,0.324875,0.324875,0.324875,0.674953125,0.17375,1.0,2.0,4.123105625617661,-6,1.3267701128535696,0.644774095520395,0.468901221330748,0.7704973943901039,0.7269369712077364,0.0008195401440279393,6200,1.3,0.64,0,8,0.0,LINEAGE-843ab07fcc10c42f
DIR-SF64-L40-S307-Y,DIR-SF64-L40-S307,DIRECTIONAL,40,30.0,307,INDEPENDENT_REALIZATIONS,,Y,1e-05,f32,SCORED_DIRECTIONAL,PASS,bab66cd035e12a8ed09afc64ccb11e75d93106c94d8089c2cc0e5737a0ab36d4,0.7109214253325096,2.1871350873085906,3.046806108567899e-05,0.325046875,0.324875,0.324875,0.324875,0.674953125,0.17375,1.0,2.0,4.123105625617661,-6,1.677695356502302,0.6910012284746594,0.6018173480714104,0.7638670698045257,0.6656649555130535,0.0008729037956835557,5200,1.2,0.64,0,8,0.0,LINEAGE-843ab07fcc10c42f
DIR-SF64-L40-S307-Z,DIR-SF64-L40-S307,DIRECTIONAL,40,30.0,307,INDEPENDENT_REALIZATIONS,,Z,1e-05,f32,SCORED_DIRECTIONAL,PASS,bab66cd035e12a8ed09afc64ccb11e75d93106c94d8089c2cc0e5737a0ab36d4,0.21143686271249332,0.6504811427966914,9.06157983053543e-06,0.325046875,0.324875,0.324875,0.324875,0.674953125,0.17375,1.0,2.0,4.123105625617661,-6,2.044088675150427,0.754708734584996,0.761667712531704,0.8575273673939006,0.5679782258160405,0.0005990375088926439,33400,4.0,0.64,0,8,0.0,LINEAGE-843ab07fcc10c42f
DIR-SF64-L40-S401-X,DIR-SF64-L40-S401,DIRECTIONAL,40,30.0,401,INDEPENDENT_REALIZATIONS,,X,1e-05,f32,SCORED_DIRECTIONAL,PASS,6c9d030ff863d24b9ab4daa93e434aea8c9c84a9f8ffdf3e957f0c699e613270,1.3111450007260423,3.813200038465269,5.619192860254468e-05,0.34384375,0.34378125,0.34378125,0.34378125,0.65615625,0.1339375,1.0,2.23606797749979,5.0,2,1.3649682348524945,0.6484242190627715,0.4687894590532856,0.7289049856563347,0.7230735692392243,0.0011978148049113448,1800,0.9,0.64,0,8,0.0,LINEAGE-35ffbdf7c6010b57
DIR-SF64-L40-S401-Y,DIR-SF64-L40-S401,DIRECTIONAL,40,30.0,401,INDEPENDENT_REALIZATIONS,,Y,1e-05,f32,SCORED_DIRECTIONAL,PASS,6c9d030ff863d24b9ab4daa93e434aea8c9c84a9f8ffdf3e957f0c699e613270,1.2118846301526196,3.5245213273547056,5.193791272082656e-05,0.34384375,0.34378125,0.34378125,0.34378125,0.65615625,0.1339375,1.0,2.23606797749979,5.0,2,1.3972179524906527,0.6581731407513688,0.4847073353708552,0.7794031877692272,0.7116774148022449,0.0010972738333157352,44000,5.1,0.64,0,8,0.0,LINEAGE-35ffbdf7c6010b57
DIR-SF64-L40-S401-Z,DIR-SF64-L40-S401,DIRECTIONAL,40,30.0,401,INDEPENDENT_REALIZATIONS,,Z,1e-05,f32,SCORED_DIRECTIONAL,PASS,6c9d030ff863d24b9ab4daa93e434aea8c9c84a9f8ffdf3e957f0c699e613270,0.23519281375981416,0.6840107280118197,1.0079692018277752e-05,0.34384375,0.34378125,0.34378125,0.34378125,0.65615625,0.1339375,1.0,2.23606797749979,5.0,2,1.8645890652939232,0.691619212017327,0.6808802679605499,0.7949921059445122,0.6475653435198598,0.0007033004017076869,17800,2.4,0.64,0,8,0.0,LINEAGE-35ffbdf7c6010b57
H1-C4-L40-S101-X,H1-C4-L40-S101,HETEROGENEITY_FABRIC,40,30.0,101,INDEPENDENT_REALIZATIONS,,X,1e-05,f32,SCORED,PASS,55b08defdc32426a42a53fd4338e227bf84fe95be6a916032be9e26f09733370,1.0924808527568948,2.6904253723426685,4.6820607975295504e-05,0.4060625,0.40603125,0.40603125,0.40603125,0.5939375,0.1794375,1.0,2.23606797749979,4.358898943540674,-3,1.1492616565305194,0.5572908285779239,0.45405900491246876,0.6509538444955548,0.802424299220885,0.0008614244860981096,2800,1.0,0.55,1,4,0.0,LINEAGE-bdd98f3d697a5ce2
H1-C4-L40-S211-X,H1-C4-L40-S211,HETEROGENEITY_FABRIC,40,30.0,211,INDEPENDENT_REALIZATIONS,,X,1e-05,f32,SCORED,PASS,a9d52449cbc13aa527bcddad056c93d141d538e6507f01937f1c5c5c7bf3f214,2.3390674396498183,5.578131539948146,0.00010024574741356366,0.419328125,0.419328125,0.419328125,0.419328125,0.580671875,0.13596875,1.0,3.0,6.708203932499369,-3,1.70120369134452,0.7026492733157331,0.599410109739071,0.7840947228451436,0.6602112218230528,0.002112600875883236,2600,0.9,0.55,1,4,0.0,LINEAGE-5cfa315d4d35f085
H1-C4-L40-S307-X,H1-C4-L40-S307,HETEROGENEITY_FABRIC,40,30.0,307,INDEPENDENT_REALIZATIONS,,X,1e-05,f32,SCORED,PASS,66cf0a7d256ce413ba4da983b7dc767d6e8126d8b0727763770514ea13a4b42d,1.7263188942763916,3.880458318126196,7.398509546898823e-05,0.444875,0.444828125,0.444828125,0.444828125,0.555125,0.1705,1.0,2.23606797749979,5.0,-3,0.8199143704474002,0.45204245719270036,0.2922708733849345,0.5140763372849579,0.8641475912108633,0.0008696630817664586,2400,0.9,0.55,1,4,0.0,LINEAGE-b973110b7fbfe4e4
H1-C4-L40-S401-X,H1-C4-L40-S401,HETEROGENEITY_FABRIC,40,30.0,401,INDEPENDENT_REALIZATIONS,,X,1e-05,f32,SCORED,PASS,f914a3c99ba654b90bbebf511c3540cca65d4386c436a722fbbd7c1d336a6de1,2.5995036411601427,6.052394973597538,0.00011140729890686326,0.4295,0.429375,0.429375,0.429375,0.5705,0.16071875,1.0,2.449489742783178,5.656854249492381,-6,1.2307575951023826,0.6014737940019232,0.4249110679295621,0.74607451432034,0.7630401284922136,0.0014433573589345727,1600,0.9,0.55,1,4,0.0,LINEAGE-a848d14fb4ea84e1
H1-C4-L40-S503-X,H1-C4-L40-S503,HETEROGENEITY_FABRIC,40,30.0,503,INDEPENDENT_REALIZATIONS,,X,1e-05,f32,SCORED,PASS,6dfae51a6bb9dbfff2f86594a7d29e518ab8cdf7fd80f103ad57e00f75c57bda,3.014649277847908,6.784259424813324,0.00012919925476491037,0.444359375,0.444296875,0.444296875,0.444296875,0.555640625,0.141375,1.0,3.0,6.708203932499369,0,1.396286479342461,0.6480326807838437,0.48992777292825224,0.7366573564048172,0.7253933389034539,0.002049327711059737,4000,1.1,0.55,1,4,0.0,LINEAGE-00eca6a28eaf079e
H1-C4-L40-S601-X,H1-C4-L40-S601,HETEROGENEITY_FABRIC,40,30.0,601,INDEPENDENT_REALIZATIONS,,X,1e-05,f32,SCORED,PASS,c873af58199093d00a976259181b820f973f7bdbae9413786b889ba2be1363c6,0.9400877094292377,2.352884650716484,4.028947326125305e-05,0.399546875,0.399484375,0.399484375,0.399484375,0.600453125,0.16,1.0,2.23606797749979,5.0990195135927845,0,1.5128531044473603,0.6285878840836814,0.5532113352760236,0.7740515069130134,0.7299336034730416,0.001094365720046115,11600,1.8,0.55,1,4,0.0,LINEAGE-4f06bd7a0ece7eb2
H1-C4-L40-S701-X,H1-C4-L40-S701,HETEROGENEITY_FABRIC,40,30.0,701,INDEPENDENT_REALIZATIONS,,X,1e-05,f32,SCORED,PASS,cba0c3a12d8e710773ab3e38d1e388cf8e116a10904134bfa1f75ac922ce132b,1.3231898526779193,3.139473217594233,5.670813654333941e-05,0.42146875,0.421390625,0.421390625,0.421390625,0.57853125,0.15265625,1.0,2.8284271247461903,6.0,-1,1.6379345417139481,0.6857019008953782,0.5980398228616874,0.7989238600876276,0.6821015145250391,0.0014139058186061122,35800,4.2,0.55,1,4,0.0,LINEAGE-707ceef3e353c53c
H1-C4-L40-S809-X,H1-C4-L40-S809,HETEROGENEITY_FABRIC,40,30.0,809,INDEPENDENT_REALIZATIONS,,X,1e-05,f32,SCORED,PASS,9279aae47cd22a5a7d50f7bfa4ed862182491d7f46d57165b7da32d59a37b436,1.7730551426538457,4.051395234740481,7.598807754230769e-05,0.437640625,0.437625,0.437625,0.437625,0.562359375,0.155875,1.0,2.449489742783178,5.744562646538029,0,1.058956561286941,0.5290244219822783,0.3895347671422732,0.6170229142169757,0.8219594728347691,0.0010853332785159188,4400,1.1,0.55,1,4,0.0,LINEAGE-36db924b7ac01473
H1-C8-L40-S101-X,H1-C8-L40-S101,HETEROGENEITY_FABRIC,40,30.0,101,INDEPENDENT_REALIZATIONS,,X,1e-05,f32,SCORED,PASS,96a53c3896ed74ff34de987eb431a0966f3ea4c7ad911dffda7f0decf2a562ce,0.8983040625429763,2.128524990846001,3.849874553755614e-05,0.42203125,0.42196875,0.42196875,0.42196875,0.57796875,0.1811875,1.0,2.23606797749979,4.123105625617661,-7,0.683150754180783,0.3756621343829808,0.2747169557964397,0.46912299883931996,0.9141671684661007,0.0005352827839016172,4400,1.1,0.55,1,8,0.0,LINEAGE-b4f72e2934f82d76
H1-C8-L40-S211-X,H1-C8-L40-S211,HETEROGENEITY_FABRIC,40,30.0,211,INDEPENDENT_REALIZATIONS,,X,1e-05,f32,SCORED,PASS,7a08c626088d35a539722dd107df535537312997eb45916988c760299058bb33,4.3861383703767425,9.942721485641325,0.00018797735873043184,0.441140625,0.441109375,0.441109375,0.441109375,0.558859375,0.12625,1.0,3.3166247903554,7.3484692283495345,-5,1.387291126536157,0.6605054575598615,0.49010391230082523,0.7395706133942562,0.709927543270263,0.0024985515140920843,1600,0.8,0.55,1,8,0.0,LINEAGE-54f005a29b390872
H1-C8-L40-S307-X,H1-C8-L40-S307,HETEROGENEITY_FABRIC,40,30.0,307,INDEPENDENT_REALIZATIONS,,X,1e-05,f32,SCORED,PASS,ddf45d1c0e61bfd4055e5711eb9d809d28b111617fb5b91433b8050874fe4326,1.9897946861219329,4.536760239109501,8.527691511951142e-05,0.43859375,0.438453125,0.438453125,0.438453125,0.56140625,0.14471875,1.0,3.0,6.708203932499369,-9,1.3862257120694008,0.6121720172396322,0.4827411955778339,0.6910653324907116,0.7488467252416171,0.0015685724794426534,1800,0.9,0.55,1,8,0.0,LINEAGE-ff044b615f1bd86b
H1-C8-L40-S401-X,H1-C8-L40-S401,HETEROGENEITY_FABRIC,40,30.0,401,INDEPENDENT_REALIZATIONS,,X,1e-05,f32,SCORED,PASS,adb6a84d032566346a7d5b78f7b94cd3e55774904988f197c363421810442886,2.947753709469357,6.872221965832684,0.00012633230183440103,0.4289375,0.428890625,0.428890625,0.428890625,0.5710625,0.139,1.0,3.0,6.4031242374328485,-1,1.4367983629005159,0.6713324243939136,0.5064326147513302,0.8158907501193049,0.6988599436167127,0.0020275323371966927,3400,1.0,0.55,1,8,0.0,LINEAGE-db32b756749ce4ba
H1-C8-L40-S503-X,H1-C8-L40-S503,HETEROGENEITY_FABRIC,40,30.0,503,INDEPENDENT_REALIZATIONS,,X,1e-05,f32,SCORED,PASS,4dcb8fe7142645e2feb80eaead88463b84185a367ef03f91c58a3393bab0831e,2.219456507124067,4.99596287478687,9.511956459103146e-05,0.44425,0.4441875,0.4441875,0.4441875,0.55575,0.1595625,1.0,2.8284271247461903,6.082762530298219,-3,1.2974832658016688,0.6133950845334928,0.4584457544284428,0.7231638232799992,0.7599889543577416,0.0015590513700317898,8800,1.6,0.55,1,8,0.0,LINEAGE-155a01125d5635b1
H1-C8-L40-S601-X,H1-C8-L40-S601,HETEROGENEITY_FABRIC,40,30.0,601,INDEPENDENT_REALIZATIONS,,X,1e-05,f32,SCORED,PASS,95b12f956e4bc13551d4f0dd08430139f236ff9573cc37c8ac60b98dfc192cdd,1.328981227755964,3.134620718522212,5.695633833239847e-05,0.42396875,0.42390625,0.42390625,0.42390625,0.57603125,0.1585,1.0,2.449489742783178,5.196152422706632,0,1.46503214228366,0.5907847043232201,0.4962523600426806,0.6677988699866556,0.7592934340118422,0.001143465096683237,2400,0.9,0.55,1,8,0.0,LINEAGE-440983ec5180c8c5
H1-C8-L40-S701-X,H1-C8-L40-S701,HETEROGENEITY_FABRIC,40,30.0,701,INDEPENDENT_REALIZATIONS,,X,1e-05,f32,SCORED,PASS,615510096becc7b3188277436d69a7b618098ea8cafc84d12a9f4987a1014469,1.4765546583776827,3.362253545014292,6.328091393047213e-05,0.43915625,0.439125,0.439125,0.439125,0.56084375,0.14440625,1.0,2.8284271247461903,5.744562646538029,0,1.0607555882268267,0.5391313446695731,0.40217050650135744,0.6348526340253494,0.8203905452504345,0.0011129511296730204,9800,1.7,0.55,1,8,0.0,LINEAGE-8f07936e9082a9aa
H1-C8-L40-S809-X,H1-C8-L40-S809,HETEROGENEITY_FABRIC,40,30.0,809,INDEPENDENT_REALIZATIONS,,X,1e-05,f32,SCORED,PASS,f7833fa5fbeb668d4a7cb5d3ea03f426a6a2116695b18c3baffdbc9c03ea485f,2.6678050693936783,5.967409633761898,0.00011433450297401481,0.4470625,0.447,0.447,0.447,0.5529375,0.1345,1.0,3.0,7.0,-1,1.3834822973680232,0.637694968690641,0.5196187658622765,0.7303866701360768,0.7350048232308856,0.0018819941980410134,2200,0.9,0.55,1,8,0.0,LINEAGE-d3369105454bdabb
H2-C4-L40-S101-X,H2-C4-L40-S101,HETEROGENEITY_FABRIC,40,30.0,101,INDEPENDENT_REALIZATIONS,,X,1e-05,f32,SCORED,PASS,6a99f3922d211cc0eba4380465e1d5734bf4818846232f160134bd6ed8f734bc,1.219198429910366,2.9557445173780605,5.225136128187284e-05,0.412484375,0.412453125,0.412453125,0.412453125,0.587515625,0.1681875,1.0,2.23606797749979,5.0990195135927845,-3,1.326435151389785,0.6303617719418686,0.4622374100253405,0.7720034163337199,0.7434448886189327,0.001200165794453181,9000,1.6,0.55,2,4,0.0,LINEAGE-13269e841ec20e14
H2-C4-L40-S211-X,H2-C4-L40-S211,HETEROGENEITY_FABRIC,40,30.0,211,INDEPENDENT_REALIZATIONS,,X,1e-05,f32,SCORED,PASS,7d430c7bcae09e2d1a31369176c290adbd35f2263389db2b026e7c219d3da54b,2.673528106796458,6.208708546571839,0.0001145797760055625,0.430609375,0.430546875,0.430546875,0.430546875,0.569390625,0.1391875,1.0,3.0,6.708203932499369,-3,1.6161637436397673,0.6899498565974576,0.5573019753912725,0.7685670133526291,0.675579399208271,0.0021602300144960597,2000,0.9,0.55,2,4,0.0,LINEAGE-c82e7e7bd15bd7ac
H2-C4-L40-S307-X,H2-C4-L40-S307,HETEROGENEITY_FABRIC,40,30.0,307,INDEPENDENT_REALIZATIONS,,X,1e-05,f32,SCORED,PASS,edd4b08c03e08472bb584daba2d602d903cb545f84d1d75d3a1ed4f27497d3bb,1.2122897725047252,2.89264579227136,5.195527596448824e-05,0.41909375,0.418953125,0.418953125,0.418953125,0.58090625,0.15946875,1.0,2.449489742783178,5.0990195135927845,-6,1.062911332207337,0.5384036989064319,0.39458049750914204,0.6274573239611632,0.8189199469298076,0.0009231922271968048,26600,3.3,0.55,2,4,0.0,LINEAGE-b2bbe38a2b409071
H2-C4-L40-S401-X,H2-C4-L40-S401,HETEROGENEITY_FABRIC,40,30.0,401,INDEPENDENT_REALIZATIONS,,X,1e-05,f32,SCORED,PASS,ffb788c15abc13a99aa0a5ef78f24f3139ef77d99023b23c4d682d99a1514d0a,3.843357194335076,8.757293521697695,0.00016471530832864615,0.438875,0.438796875,0.438796875,0.438796875,0.561125,0.13253125,1.0,3.0,6.324555320336759,2,1.2304836646349355,0.6234883121915938,0.3931919014209723,0.6980719905659398,0.7305482519753622,0.00197123662784776,4600,1.1,0.55,2,4,0.0,LINEAGE-b3ac12e03871ca2c
H2-C4-L40-S503-X,H2-C4-L40-S503,HETEROGENEITY_FABRIC,40,30.0,503,INDEPENDENT_REALIZATIONS,,X,1e-05,f32,SCORED,PASS,10b4fdf2695543d429dc141743bc4d4a5084ffb53aac621a13b4d753e4bceb15,2.925843946784363,6.874481904409091,0.00012539331200504415,0.425609375,0.42553125,0.42553125,0.42553125,0.574390625,0.1518125,1.0,2.8284271247461903,6.4031242374328485,-2,1.540487504566326,0.6956820517734461,0.5472499325591611,0.8012492118514988,0.6765671227490831,0.00209252002357551,2200,0.9,0.55,2,4,0.0,LINEAGE-311f42acef591184
H2-C4-L40-S701-X,H2-C4-L40-S701,HETEROGENEITY_FABRIC,40,30.0,701,INDEPENDENT_REALIZATIONS,,X,1e-05,f32,SCORED,PASS,37117a34d2fa5a0f488d8459a7d6be738e4086d735a824b996cf711e5ce29eec,2.407216023762717,5.353086362780191,0.00010316640101840218,0.4496875,0.44959375,0.44959375,0.44959375,0.5503125,0.15225,1.0,2.8284271247461903,5.385164807134504,-2,1.134203040567115,0.5718142901049103,0.40939012307960754,0.6452804788235975,0.7902218595887724,0.0013595265705205594,2000,0.9,0.55,2,4,0.0,LINEAGE-1f5c5e05f3147a40
H2-C4-L40-S809-X,H2-C4-L40-S809,HETEROGENEITY_FABRIC,40,30.0,809,INDEPENDENT_REALIZATIONS,,X,1e-05,f32,SCORED,PASS,c077339a17825e4ed7ff2baed43117ec937a4ae589522d75581558d612a9d6f2,1.1302008341051548,2.588771102778351,4.843717860450665e-05,0.436578125,0.436578125,0.436578125,0.436578125,0.563421875,0.14846875,1.0,2.8284271247461903,5.477225575051661,1,1.0466067420218725,0.4988033412494944,0.3990995471400226,0.607317001331264,0.8446043554290438,0.0010928596914095549,24600,3.1,0.55,2,4,0.0,LINEAGE-0b40b29817854ef6
H2-C8-L40-S101-X,H2-C8-L40-S101,HETEROGENEITY_FABRIC,40,30.0,101,INDEPENDENT_REALIZATIONS,,X,1e-05,f32,SCORED,PASS,820efa037dee0d30a1201cdf34364d3fc78f9ef3a324f74cfc85d74612d95d89,1.1320159315330982,2.6616098316722367,4.8514968494275646e-05,0.4253125,0.4253125,0.4253125,0.4253125,0.5746875,0.17846875,1.0,2.23606797749979,4.123105625617661,1,0.813095439776965,0.4397589363748847,0.31826823383237823,0.5136001505350373,0.8738875034555589,0.0006547355150167913,4000,1.1,0.55,2,8,0.0,LINEAGE-5a0a09de25a0567c
H2-C8-L40-S211-X,H2-C8-L40-S211,HETEROGENEITY_FABRIC,40,30.0,211,INDEPENDENT_REALIZATIONS,,X,1e-05,f32,SCORED,PASS,3073d04d127d6130de281f4a327412086577d547b838821bdd1dab3c1d8931ee,4.434929817692953,9.8567685905108,0.00019006842075826942,0.4499375,0.44990625,0.44990625,0.44990625,0.5500625,0.1311875,1.0,3.3166247903554,7.3484692283495345,-5,1.382050801070851,0.658577195319524,0.4879935770376983,0.738149619920089,0.7122287945168827,0.0025321430704823814,4600,1.1,0.55,2,8,0.0,LINEAGE-f11c687c71a588e6
H2-C8-L40-S307-X,H2-C8-L40-S307,HETEROGENEITY_FABRIC,40,30.0,307,INDEPENDENT_REALIZATIONS,,X,1e-05,f32,SCORED,PASS,32a7e28e706dcc3100654299947b6d490ab1b1ba5ceb0abd97d364a1e41f9e29,2.5823441911233056,5.819367191263788,0.00011067189390528455,0.44375,0.443609375,0.443609375,0.443609375,0.55625,0.1399375,1.0,3.0,6.708203932499369,-5,1.4295695048864054,0.6470844268348858,0.5295837518095428,0.729801703997382,0.7181630771200098,0.0018102849338606515,5000,1.2,0.55,2,8,0.0,LINEAGE-61d1316c47331272
H2-C8-L40-S401-X,H2-C8-L40-S401,HETEROGENEITY_FABRIC,40,30.0,401,INDEPENDENT_REALIZATIONS,,X,1e-05,f32,SCORED,PASS,0ae20b18fe5d88030aee00d38778872238b5075aef13ebe945f566bfa527d0a4,4.408272933391363,9.98617682773068,0.00018892598285962986,0.4414375,0.441390625,0.441390625,0.441390625,0.5585625,0.12328125,1.0,3.1622776601683795,6.4031242374328485,3,1.1725491390902372,0.6066092517038486,0.3793938711792295,0.6694756986916968,0.7416161754763843,0.002028297348931478,3400,1.0,0.55,2,8,0.0,LINEAGE-4540f9d0ef1f6d7d
H2-C8-L40-S503-X,H2-C8-L40-S503,HETEROGENEITY_FABRIC,40,30.0,503,INDEPENDENT_REALIZATIONS,,X,1e-05,f32,SCORED,PASS,2d922bb20b49d4e5d4684c5a22e60996b7dc540bafc5b1714f6009c644499ef0,3.1988876371080948,7.4896216855649556,0.0001370951844474898,0.427109375,0.42709375,0.42709375,0.42709375,0.572890625,0.13121875,1.0,3.0,6.164414002968976,0,1.352106558955925,0.6280231487848968,0.48775856808851487,0.6947041581402922,0.7415151318607353,0.0018647574391753392,2200,0.9,0.55,2,8,0.0,LINEAGE-c3656bb1f36bd16b
H2-C8-L40-S601-X,H2-C8-L40-S601,HETEROGENEITY_FABRIC,40,30.0,601,INDEPENDENT_REALIZATIONS,,X,1e-05,f32,SCORED,PASS,f3395a97efd0d26d7173a928b242f9cc749b985c47239af627952b703e996bd0,1.9030430895758819,4.680453375330737,8.15589895532521e-05,0.40659375,0.406515625,0.406515625,0.406515625,0.59340625,0.157625,1.0,2.449489742783178,5.744562646538029,1,1.4170869903703394,0.6607816778948221,0.5284418168964287,0.7648153842795247,0.7131067672858016,0.0016603150095392258,1600,0.9,0.55,2,8,0.0,LINEAGE-b7c043af4f5cf55a
H2-C8-L40-S701-X,H2-C8-L40-S701,HETEROGENEITY_FABRIC,40,30.0,701,INDEPENDENT_REALIZATIONS,,X,1e-05,f32,SCORED,PASS,04d5ed7f5cbdd0c23e4e18b5164a7331671cbad53c79163bd8869af0794e44c9,2.259529709475742,5.3472083052228765,9.683698754896039e-05,0.4225625,0.4225,0.4225,0.4225,0.5774375,0.1420625,1.0,3.0,6.164414002968976,-1,1.4412500866271496,0.6589732785535963,0.5050767632014997,0.7568610362329445,0.7129272880207146,0.0016713089782586657,3600,1.1,0.55,2,8,0.0,LINEAGE-6ba8a9f3fb736dc9
H2-C8-L40-S809-X,H2-C8-L40-S809,HETEROGENEITY_FABRIC,40,30.0,809,INDEPENDENT_REALIZATIONS,,X,1e-05,f32,SCORED,PASS,d097ca0b9f967c5b65fd510dbce1a1eb119d316669c36c9e0e56a4bfc07c3cfc,2.2942392309941546,5.302109225566962,9.832453847117806e-05,0.432703125,0.432703125,0.432703125,0.432703125,0.567296875,0.1405625,1.0,3.0,6.928203230275509,-4,1.418038729028205,0.6434207907495061,0.5433824625467586,0.7427560334137967,0.7259700324797134,0.0017175487353853177,1600,0.9,0.55,2,8,0.0,LINEAGE-b9cb8e374defbe1f
SF50-L40-S101-X,SF50-L40-S101,SOLID_FRACTION,40,30.0,101,RELATED_NON_NESTED,,X,1e-05,f32,SCORED,PASS,009075e066f9b860f376c678cb2750c9215fe751213ac01416d8fb9e8c68652c,2.154183704692333,4.697528266731722,9.232215877252859e-05,0.458578125,0.458546875,0.458546875,0.458546875,0.541421875,0.1590625,1.0,2.8284271247461903,5.830951894845301,-4,1.3152601304521012,0.6015169725423646,0.47092781931765637,0.7033768570360315,0.7688732438711288,0.0014662832120519848,5800,1.3,0.5,0,8,0.0,LINEAGE-6ca7820524bc75f9
SF50-L40-S211-X,SF50-L40-S211,SOLID_FRACTION,40,30.0,211,RELATED_NON_NESTED,,X,1e-05,f32,SCORED,PASS,07aa78bf0ff4a46a361f4a8f27b00461175c02f6b6a6758e870680ca70ec3b0f,3.1153537306373122,6.650521639786123,0.00013351515988445627,0.4684375,0.468375,0.468375,0.468375,0.5315625,0.152125,1.0,3.0,6.4031242374328485,-9,1.4941978447212376,0.6421022952889288,0.58066664099872,0.7293396011426463,0.7215654915605146,0.0018972240613357029,5200,1.2,0.5,0,8,0.0,LINEAGE-da7edd8ce9b9b489
SF50-L40-S307-X,SF50-L40-S307,SOLID_FRACTION,40,30.0,307,RELATED_NON_NESTED,,X,1e-05,f32,SCORED,PASS,a51bdc451d33cdd788a8343fe2ce09cb47ec123ab509c125137c642c12403ff4,3.3512607715179676,7.042313152651364,0.00014362546163648436,0.475875,0.47575,0.47575,0.47575,0.524125,0.152125,1.0,3.0,6.324555320336759,-4,1.1863200907876632,0.5822720650086995,0.418061683540115,0.6605213409805234,0.7820563251694049,0.001773950304291647,2800,1.0,0.5,0,8,0.0,LINEAGE-843ab07fcc10c42f
SF50-L40-S401-X,SF50-L40-S401,SOLID_FRACTION,40,30.0,401,RELATED_NON_NESTED,,X,1e-05,f32,SCORED,PASS,10a09b0b5a0878d14db0ab0ae91a78a929050926b5b53dcf568ab2ae170a6e33,3.6868976925775576,7.679287021999014,0.0001580099011104668,0.480109375,0.480015625,0.480015625,0.480015625,0.519890625,0.1335,1.0,3.0,6.164414002968976,-1,0.9948935709920643,0.5317623936759406,0.32422662713168315,0.5862873049761219,0.8123633031326779,0.0015969071510312683,2800,1.0,0.5,0,8,0.0,LINEAGE-35ffbdf7c6010b57
SF50-L40-S503-X,SF50-L40-S503,SOLID_FRACTION,40,30.0,503,RELATED_NON_NESTED,,X,1e-05,f32,SCORED,PASS,fcf68303749620e1ec084a6c33f75cfdc42dc302fd17cafa9a1fe742f238b514,2.8658024583765473,5.7960863777050635,0.0001228201053589949,0.4944375,0.494359375,0.494359375,0.494359375,0.5055625,0.13903125,1.0,3.1622776601683795,7.874007874011811,-2,1.1659201397956798,0.5733912672959285,0.4366736803072136,0.6491658557481041,0.7934906065869555,0.00177960522102914,6200,1.3,0.5,0,8,0.0,LINEAGE-a156966db45222e2
SF50-L40-S601-X,SF50-L40-S601,SOLID_FRACTION,40,30.0,601,RELATED_NON_NESTED,,X,1e-05,f32,SCORED,PASS,cf8a378757a279de4dee4f9b479d6e9aeebc5cc82c11d3eba40797c3856e0453,3.058000486906612,6.610106429411752,0.0001310571637245691,0.462625,0.462546875,0.462546875,0.462546875,0.537375,0.15090625,1.0,3.0,6.4031242374328485,1,1.3901599990763227,0.6429113940090216,0.4930995451787319,0.7167126161866528,0.7266989771441442,0.0019791391950353446,1600,0.8,0.5,0,8,0.0,LINEAGE-b29014f14329deae
SF50-L40-S701-X,SF50-L40-S701,SOLID_FRACTION,40,30.0,701,RELATED_NON_NESTED,,X,1e-05,f32,SCORED,PASS,e343de9151d1e3b5959f958336f32115d1cf96e1c6b3a45e1239cdbd114c18c4,1.117616085549933,2.347624703794004,4.789783223785429e-05,0.4760625,0.4760625,0.4760625,0.4760625,0.5239375,0.15746875,1.0,2.8284271247461903,6.164414002968976,0,0.9222680450969628,0.49081152006259116,0.31594058779749323,0.5922937701910205,0.8476290932576441,0.0009878349122371356,7800,1.4,0.5,0,8,0.0,LINEAGE-10d3819d55720b7f
SF50-L40-S809-X,SF50-L40-S809,SOLID_FRACTION,40,30.0,809,RELATED_NON_NESTED,,X,1e-05,f32,SCORED,PASS,d55e6e1579fea7877903cae86a8a0ebfe67d0114d2e2d5acb72c296584b7d832,1.7964791354586545,3.65265637352206,7.699196294822805e-05,0.491828125,0.491796875,0.491796875,0.491796875,0.508171875,0.156,1.0,2.8284271247461903,6.324555320336759,-3,1.0965555045599142,0.5611201166839448,0.4063301800201514,0.6255717415975383,0.798094575583682,0.0012265370232986566,14400,2.1,0.5,0,8,0.0,LINEAGE-96b7bea488703442
SF55-L40-S101-X,SF55-L40-S101,SOLID_FRACTION,40,30.0,101,RELATED_NON_NESTED,,X,1e-05,f32,SCORED,PASS,6be3b870f9991cfd2f7759553944b8fc6a7b9a83187558558ec98970aaedccac,0.8201423407052879,2.0908663880313267,3.514895745879806e-05,0.39225,0.39215625,0.39215625,0.39215625,0.60775,0.17453125,1.0,2.23606797749979,4.898979485566356,-8,0.8872444439562771,0.44470631817738937,0.3440659955676682,0.5688169333184004,0.875529327674337,0.0006292507843505415,4000,1.1,0.55,0,8,0.0,LINEAGE-6ca7820524bc75f9
SF55-L40-S211-X,SF55-L40-S211,SOLID_FRACTION,40,30.0,211,RELATED_NON_NESTED,,X,1e-05,f32,SCORED,PASS,00ebf1abee9512445894480acf5438652b847791d98e272f51a52cf04b6cf96b,0.6234082587284342,1.487958848311322,2.6717496802647186e-05,0.41896875,0.418890625,0.418890625,0.418890625,0.58103125,0.1654375,1.0,2.449489742783178,5.385164807134504,-7,0.9357184583960273,0.4973641596502785,0.3416044494124775,0.592656405100093,0.8448651745095448,0.0007465411071639842,2600,0.9,0.55,0,8,0.0,LINEAGE-da7edd8ce9b9b489
SF55-L40-S307-X,SF55-L40-S307,SOLID_FRACTION,40,30.0,307,RELATED_NON_NESTED,,X,1e-05,f32,SCORED,PASS,07f33c34838031e5d682aec695d25a7a6d57e0ca1e2d46b128f5c66bf1822f29,2.6532356575802147,6.166954134197702,0.00011371009961058064,0.430234375,0.430109375,0.430109375,0.430109375,0.569765625,0.15815625,1.0,2.449489742783178,5.916079783099616,-4,1.4479323706400622,0.6512006705557938,0.5233249037166476,0.7436785987157789,0.7237028866357147,0.0017094421112985227,5000,1.2,0.55,0,8,0.0,LINEAGE-843ab07fcc10c42f
SF55-L40-S401-X,SF55-L40-S401,SOLID_FRACTION,40,30.0,401,RELATED_NON_NESTED,,X,1e-05,f32,SCORED,PASS,72db2abeb685dd9380d3d3996070eda11df5fa4956688eaaab2362cf5f024174,3.0731911713542965,7.032474076325621,0.0001317081930580413,0.437,0.436953125,0.436953125,0.436953125,0.563,0.12596875,1.0,3.0,6.082762530298219,2,1.0507146272724652,0.554479125803868,0.3219459873595395,0.6048079975117647,0.7848191732899084,0.0014508556434315292,6600,1.4,0.55,0,8,0.0,LINEAGE-35ffbdf7c6010b57
SF55-L40-S503-X,SF55-L40-S503,SOLID_FRACTION,40,30.0,503,RELATED_NON_NESTED,,X,1e-05,f32,SCORED,PASS,aabc25d1d2487ecdcfb50c7c91e005c19b1dd0036f551767947afdc65490fb55,0.9626428042767753,2.3466572512269983,4.1256120183290375e-05,0.41021875,0.410109375,0.410109375,0.410109375,0.58978125,0.15240625,1.0,2.449489742783178,6.0,-2,0.9232673945267751,0.47696145436043735,0.358430585678187,0.5879333093286347,0.8628030735230529,0.0008087961550918944,1600,0.8,0.55,0,8,0.0,LINEAGE-a156966db45222e2
SF55-L40-S601-X,SF55-L40-S601,SOLID_FRACTION,40,30.0,601,RELATED_NON_NESTED,,X,1e-05,f32,SCORED,PASS,0cb40b71d69f59426569ee0f2f346d9e00273ed30ee6fdd41dc640489eaac4ec,2.5141864828555467,6.0274173997136264,0.00010775084926523773,0.417125,0.417078125,0.417078125,0.417078125,0.582875,0.149375,1.0,2.8284271247461903,6.082762530298219,0,1.4458821527507275,0.6495639076619285,0.4965865722306304,0.7135146172516559,0.7150721141680189,0.0017773015154229407,9200,1.6,0.55,0,8,0.0,LINEAGE-b29014f14329deae
SF55-L40-S701-X,SF55-L40-S701,SOLID_FRACTION,40,30.0,701,RELATED_NON_NESTED,,X,1e-05,f32,SCORED,PASS,82aa4557ba6e0f9cca8a11f57148d2888fa4592638c13bea4928e3918f3eae17,0.5590387451503158,1.4088234245400935,2.395880336358497e-05,0.3968125,0.39675,0.39675,0.39675,0.6031875,0.16721875,1.0,2.23606797749979,5.0,-2,1.1391966233020907,0.5390095363051834,0.40505874113224094,0.66303161804358,0.8192182794119894,0.0008116207905391102,21800,2.8,0.55,0,8,0.0,LINEAGE-10d3819d55720b7f
SF55-L40-S809-X,SF55-L40-S809,SOLID_FRACTION,40,30.0,809,RELATED_NON_NESTED,,X,1e-05,f32,SCORED,PASS,3b87f9ad30892debce6f609408b39f6b7fc5e94b1952e449dfb1b74aaf98e918,0.9223871292584113,2.188831155822704,3.953087696821763e-05,0.42140625,0.421234375,0.421234375,0.421234375,0.57859375,0.16221875,1.0,2.23606797749979,5.0,-2,0.9805584053847395,0.523610287722099,0.31834473308133304,0.599864478510487,0.8210045447344791,0.000832580781266357,4400,1.1,0.55,0,8,0.0,LINEAGE-96b7bea488703442
SF60-L40-S101-X,SF60-L40-S101,SOLID_FRACTION,40,30.0,101,RELATED_NON_NESTED,,X,1e-05,f32,SCORED,PASS,6be3b870f9991cfd2f7759553944b8fc6a7b9a83187558558ec98970aaedccac,0.8201423407052879,2.0908663880313267,3.514895745879806e-05,0.39225,0.39215625,0.39215625,0.39215625,0.60775,0.17453125,1.0,2.23606797749979,4.898979485566356,-8,0.8872444439562771,0.44470631817738937,0.3440659955676682,0.5688169333184004,0.875529327674337,0.0006292507843505415,4000,1.1,0.6,0,8,0.0,LINEAGE-6ca7820524bc75f9
SF60-L40-S307-X,SF60-L40-S307,SOLID_FRACTION,40,30.0,307,RELATED_NON_NESTED,,X,1e-05,f32,SCORED,PASS,14d954fafdc9a5f75d570dc9851875994d8dd07fa13ff4e0e20a3403eb222484,1.0956089777134577,2.897837524224544,4.6954670473433905e-05,0.378078125,0.377953125,0.377953125,0.377953125,0.621921875,0.165125,1.0,2.23606797749979,5.0990195135927845,-4,1.4097682602696853,0.6279038744311014,0.49278181040137736,0.7003709047548305,0.7401482553069392,0.0011773891529023846,1600,0.8,0.6,0,8,0.0,LINEAGE-843ab07fcc10c42f
SF60-L40-S401-X,SF60-L40-S401,SOLID_FRACTION,40,30.0,401,RELATED_NON_NESTED,,X,1e-05,f32,SCORED,PASS,582e88cc4c9b8cff6f4b04b744a2ca25a3f921bfb717fa2a02791a03982dc36e,1.727445954377265,4.521924867280664,7.403339804473994e-05,0.382015625,0.38196875,0.38196875,0.38196875,0.617984375,0.13834375,1.0,2.449489742783178,5.0,2,1.1635217894991159,0.5894079482287455,0.3818010125317711,0.6446709764783161,0.7651195213226376,0.0012179528213800647,1800,0.9,0.6,0,8,0.0,LINEAGE-35ffbdf7c6010b57
SF60-L40-S503-X,SF60-L40-S503,SOLID_FRACTION,40,30.0,503,RELATED_NON_NESTED,,X,1e-05,f32,SCORED,PASS,99c4d3a46e702c529b24fdc6aff20dd1034870e1f4f6dd1638d89d8c192f0256,0.8809750967402781,2.206402371111286,3.775607557458335e-05,0.39928125,0.399171875,0.399171875,0.399171875,0.60071875,0.153,1.0,2.449489742783178,5.916079783099616,-2,1.01739759014814,0.512588979399196,0.38920086120529873,0.6268417919666541,0.8398131627288726,0.0007999857665856653,8000,1.5,0.6,0,8,0.0,LINEAGE-a156966db45222e2
SF60-L40-S601-X,SF60-L40-S601,SOLID_FRACTION,40,30.0,601,RELATED_NON_NESTED,,X,1e-05,f32,SCORED,PASS,b768acb3bf494e0f294a7b73e9d8673d4c666cfff4891ebff6a6b065c187ec2c,0.47577097746328045,1.361960126924451,2.039018474842631e-05,0.349328125,0.349296875,0.349296875,0.349296875,0.650671875,0.1513125,1.0,2.23606797749979,5.385164807134504,0,1.0916888894849552,0.5634487941657561,0.4022649928349218,0.6300224378320441,0.798277483764107,0.0007566990374265571,2200,0.9,0.6,0,8,0.0,LINEAGE-b29014f14329deae
SF60-L40-S701-X,SF60-L40-S701,SOLID_FRACTION,40,30.0,701,RELATED_NON_NESTED,,X,1e-05,f32,SCORED,PASS,82aa4557ba6e0f9cca8a11f57148d2888fa4592638c13bea4928e3918f3eae17,0.5590387451503158,1.4088234245400935,2.395880336358497e-05,0.3968125,0.39675,0.39675,0.39675,0.6031875,0.16721875,1.0,2.23606797749979,5.0,-2,1.1391966233020907,0.5390095363051834,0.40505874113224094,0.66303161804358,0.8192182794119894,0.0008116207905391102,21800,2.8,0.6,0,8,0.0,LINEAGE-10d3819d55720b7f
SF60-L40-S809-X,SF60-L40-S809,SOLID_FRACTION,40,30.0,809,RELATED_NON_NESTED,,X,1e-05,f32,SCORED,PASS,75329596971c2c12a141344bb9616af0648859d8237a51ebe4e3f60bf1348b9a,0.38422149102271236,1.0543315793617283,1.6466635329544817e-05,0.364421875,0.364265625,0.364265625,0.364265625,0.635578125,0.1648125,1.0,2.23606797749979,4.898979485566356,-3,1.072543005479201,0.5510349522615975,0.3784063152050717,0.6166231590698972,0.8068304668420757,0.0006294875568939182,7800,1.5,0.6,0,8,0.0,LINEAGE-96b7bea488703442
SF64-L40-S101-X,SF64-L40-S101,SOLID_FRACTION,40,30.0,101,RELATED_NON_NESTED,,X,1e-05,f32,SCORED,PASS,0171f0fca58d27d8a498e72b871fafe6983af2bbb464216fd301358914e4038f,0.5148882824511176,1.4684216423898904,2.2066640676476472e-05,0.350640625,0.35046875,0.35046875,0.35046875,0.649359375,0.172625,1.0,2.0,4.358898943540674,-15,0.8586327497142285,0.43663491936509174,0.356285594580689,0.5497452674857384,0.8805273112090015,0.0004336665816587378,14400,2.1,0.64,0,8,0.0,LINEAGE-6ca7820524bc75f9
SF64-L40-S211-X,SF64-L40-S211,SOLID_FRACTION,40,30.0,211,RELATED_NON_NESTED,,X,1e-05,f32,SCORED,PASS,c8bba183b7d8c0e41a43ce87d8f2b9995af1e786c404462e50c67c32668b4a3a,0.49281683681812544,1.4366528904236142,2.1120721577919667e-05,0.34303125,0.342890625,0.342890625,0.342890625,0.65696875,0.1760625,1.0,2.0,4.242640687119285,-8,0.906402510679738,0.47471279232579044,0.35458784357341144,0.5615499534586796,0.8590333068038694,0.0006108156952951393,1600,0.8,0.64,0,8,0.0,LINEAGE-da7edd8ce9b9b489
SF64-L40-S307-X,SF64-L40-S307,SOLID_FRACTION,40,30.0,307,RELATED_NON_NESTED,,X,1e-05,f32,SCORED,PASS,bab66cd035e12a8ed09afc64ccb11e75d93106c94d8089c2cc0e5737a0ab36d4,0.7235483651031293,2.2259816068163376,3.100921564727697e-05,0.325046875,0.324875,0.324875,0.324875,0.674953125,0.17375,1.0,2.0,4.123105625617661,-6,1.3267701128535696,0.644774095520395,0.468901221330748,0.7704973943901039,0.7269369712077364,0.0008195401440279393,6200,1.3,0.64,0,8,0.0,LINEAGE-843ab07fcc10c42f
SF64-L40-S401-X,SF64-L40-S401,SOLID_FRACTION,40,30.0,401,RELATED_NON_NESTED,,X,1e-05,f32,SCORED,PASS,6c9d030ff863d24b9ab4daa93e434aea8c9c84a9f8ffdf3e957f0c699e613270,1.3111450007260423,3.813200038465269,5.619192860254468e-05,0.34384375,0.34378125,0.34378125,0.34378125,0.65615625,0.1339375,1.0,2.23606797749979,5.0,2,1.3649682348524945,0.6484242190627715,0.4687894590532856,0.7289049856563347,0.7230735692392243,0.0011978148049113448,1800,0.9,0.64,0,8,0.0,LINEAGE-35ffbdf7c6010b57
SF64-L40-S503-X,SF64-L40-S503,SOLID_FRACTION,40,30.0,503,RELATED_NON_NESTED,,X,1e-05,f32,SCORED,PASS,beabd4bfcf31ed32da262e975b201672f98d5fe6ec293831275d8ea86aa1c246,0.7271724359981061,2.1125300001760685,3.116453297134741e-05,0.34421875,0.34390625,0.34390625,0.34390625,0.65578125,0.1509375,1.0,2.23606797749979,5.385164807134504,0,1.230616606909849,0.5987437348604547,0.43409284387537983,0.7283832917099714,0.7711481902976044,0.0006918074311984054,6000,1.3,0.64,0,8,0.0,LINEAGE-a156966db45222e2
SF64-L40-S601-X,SF64-L40-S601,SOLID_FRACTION,40,30.0,601,RELATED_NON_NESTED,,X,1e-05,f32,SCORED,PASS,b768acb3bf494e0f294a7b73e9d8673d4c666cfff4891ebff6a6b065c187ec2c,0.47577097746328045,1.361960126924451,2.039018474842631e-05,0.349328125,0.349296875,0.349296875,0.349296875,0.650671875,0.1513125,1.0,2.23606797749979,5.385164807134504,0,1.0916888894849552,0.5634487941657561,0.4022649928349218,0.6300224378320441,0.798277483764107,0.0007566990374265571,2200,0.9,0.64,0,8,0.0,LINEAGE-b29014f14329deae
SF64-L40-S701-X,SF64-L40-S701,SOLID_FRACTION,40,30.0,701,RELATED_NON_NESTED,,X,1e-05,f32,SCORED,PASS,2f46b0892fef544fa14924766692825fbe83d5b97a8cd5af909cad925cfb870a,0.5062139475499882,1.4183387025303933,2.169488346642807e-05,0.35690625,0.356890625,0.356890625,0.356890625,0.64309375,0.16775,1.0,2.23606797749979,4.58257569495584,-1,1.2581212872459264,0.5814856870401893,0.4421450409169668,0.7095058775995702,0.7861756726799303,0.000771315822655982,17000,2.4,0.64,0,8,0.0,LINEAGE-10d3819d55720b7f
SF64-L40-S809-X,SF64-L40-S809,SOLID_FRACTION,40,30.0,809,RELATED_NON_NESTED,,X,1e-05,f32,SCORED,PASS,eb43acc3ac5ece775a0e619aa903121ceef555e80128afd7d980a52189442dec,0.3142227900226291,0.945653087625706,1.346669100096982e-05,0.33228125,0.332125,0.332125,0.332125,0.66771875,0.17071875,1.0,2.0,4.123105625617661,-2,0.9337765637289447,0.4951360475520602,0.3413734805859626,0.5760475872267058,0.8465982648612352,0.0004084722338402891,25600,3.2,0.64,0,8,0.0,LINEAGE-96b7bea488703442
